id_procedura,publicat_in_TED,autoritate_contractanta,castigatori,valoare_ron,baza_valorii,valoare_atribuita_ron,sursa_valoare_atribuita,valoare_max_acord_ron,sursa_valoare_max,valoare_max_estimata_acord_ron,acord_cadru,titlu,cpv,data_atribuirii,durata_luni,data_expirarii,sursa_durata,expira_in_12_luni,avertisment,note,link
259994-2020,DA,Spitalul Judeţean de Urgență Tulcea,STERICYCLE ROMANIA S.R.L.,1540332,valoare atribuita (TED F03 (suma VAL_TOTAL pe contracte)),1540332,TED F03 (suma VAL_TOTAL pe contracte),1145376,TED F03 (valoare estimata totala),,,"Servicii de colectare, de transport, procesare și de eliminare a deșeurilor spitalicești",90524400,2018-05-07,47.3,2022-04-16,"SICAP/OpenTender (durata publicata, zile)",,,"data = prima incheiere de contract publicata in TED; cea mai mare valoare totala publicata dintre 11 anunturi de atribuire (din anuntul 601122-2021; valorile pe anunturi pot fi partiale sau cumulative); aceeasi procedura publicata si sub: 277274-2020, 614138-2020, 632441-2020, 100258-2021, 134186-2021, 192418-2021, 249708-2021, 315496-2021, 351714-2021, 601122-2021; valoarea atribuita publicata depaseste valoarea maxima publicata (asa apar in anunturi)",https://ted.europa.eu/en/notice/-/detail/259994-2020
380391-2019,DA,Spitalul Județean Satu Mare,STERICYCLE ROMANIA S.R.L.,1674000,valoare maxima a acordului-cadru (TED F03 (valoare estimata totala)),1866300,TED F03 (suma VAL_TOTAL pe contracte),1674000,TED F03 (valoare estimata totala),,DA,"„Servicii de colectare, transport și eliminare finală a deșeurilor spitalicești”",90524400,2019-01-31,36,2022-01-31,TED F02 (durata publicata),,,"data = prima incheiere de contract publicata in TED; cea mai mare valoare totala publicata dintre 5 anunturi de atribuire (din anuntul 12201-2022; valorile pe anunturi pot fi partiale sau cumulative); aceeasi procedura publicata si sub: 136512-2020, 147371-2021, 587551-2021, 12201-2022; valoarea atribuita publicata depaseste valoarea maxima publicata (asa apar in anunturi)",https://ted.europa.eu/en/notice/-/detail/380391-2019
559999-2019,DA,Spitalul Universitar de Urgență Militar Central „Dr. Carol Davila”,Eco Burn S.R.L. / Mediline Exim S.R.L.,1576608,valoare maxima a acordului-cadru (TED F02 (valoare estimata totala)),1630266,TED F03 (suma VAL_TOTAL pe contracte),1576608,TED F02 (valoare estimata totala),,DA,"Serviciul de colectare, transport și eliminare deșeuri medicale (spitalicești) și serviciul de colectare, transport și eliminare deșeuri chi",90524400,2019-03-18,48,2023-03-18,TED F02 (durata publicata),,,"unitate militara cu profil de spital; data = prima incheiere de contract publicata in TED; cea mai mare valoare totala publicata dintre 11 anunturi de atribuire (din anuntul 72190-2022; valorile pe anunturi pot fi partiale sau cumulative); aceeasi procedura publicata si sub: 579541-2019, 39877-2020, 296640-2020, 388682-2020, 572364-2020, 580768-2020, 9854-2021, 559700-2021, 72190-2022, 383558-2021; valoarea atribuita publicata depaseste valoarea maxima publicata (asa apar in anunturi)",https://ted.europa.eu/en/notice/-/detail/559999-2019
49137-2020,DA,Spitalul Universitar de Urgență Elias,Eco Burn S.R.L. / Servicii Salubritate București,2296656,valoare maxima a acordului-cadru (TED F03 (valoare estimata totala)),1328692,TED F03 (II.1.7 valoarea totala a achizitiei),2296656,TED F03 (valoare estimata totala),,DA,"Servicii de colectare, manipulare, transport, incinerare/neutralizare deșeuri medicale periculoase și servicii de colectare, manipulare, tra",90524400,2019-04-22,24,2021-04-22,TED F02 (durata publicata),,,"data = prima incheiere de contract publicata in TED; cea mai mare valoare totala publicata dintre 7 anunturi de atribuire (din anuntul 184160-2021; valorile pe anunturi pot fi partiale sau cumulative); aceeasi procedura publicata si sub: 270086-2020, 355126-2020, 508253-2020, 7263-2021, 14779-2021, 184160-2021",https://ted.europa.eu/en/notice/-/detail/49137-2020
49161-2020,DA,Spitalul Județean de Urgență Slatina,Xtreme Ecoenergy Group S.R.L.,1404000,valoare maxima a acordului-cadru (TED F03 (valoare estimata totala)),1358266,TED F03 (II.1.7 valoarea totala a achizitiei),1404000,TED F03 (valoare estimata totala),,DA,"Servicii de colectare, transport și eliminare finală a deșeurilor medicale",90524400,2019-04-22,24,2021-04-22,TED F02 (durata publicata),,,data = prima incheiere de contract publicata in TED,https://ted.europa.eu/en/notice/-/detail/49161-2020
527725-2020,DA,Spitalul Județean de Urgență Bacău,DEMECO S.R.L.,3278320,valoare maxima a acordului-cadru (TED F02 (valoare estimata totala)),1700170,TED F03 (suma VAL_TOTAL pe contracte),3278320,TED F02 (valoare estimata totala),,DA,"Servicii de colectare, transport și eliminare deșeuri spitalicești",90524400,2019-06-18,48,2023-06-18,TED F02 (durata publicata),,"acelasi spital a atribuit un contract nou aceluiasi castigator la 2023-06-06 (340982-2023), inainte de expirarea calculata => probabil inlocuit",data = prima incheiere de contract publicata in TED; cea mai mare valoare totala publicata dintre 2 anunturi de atribuire (din anuntul 259885-2023; valorile pe anunturi pot fi partiale sau cumulative); aceeasi procedura publicata si sub: 259885-2023,https://ted.europa.eu/en/notice/-/detail/527725-2020
367655-2019,DA,Spitalul Clinic Județean de Urgență „Sfântul Apostol Andrei”,Eco Fire Sistems S.R.L.,3360000,valoare maxima a acordului-cadru (TED F03 (valoare estimata totala)),2335000,TED F03 (suma VAL_TOTAL pe contracte),3360000,TED F03 (valoare estimata totala),,DA,"Servicii de colectare, transport și eliminare deșeuri medicale",90524400,2019-06-20,48,2023-06-20,TED F02 (durata publicata),,"acelasi spital a atribuit un contract nou aceluiasi castigator la 2020-07-24 (357518-2020), inainte de expirarea calculata => probabil inlocuit","data = prima incheiere de contract publicata in TED; cea mai mare valoare totala publicata dintre 3 anunturi de atribuire (din anuntul 404406-2022; valorile pe anunturi pot fi partiale sau cumulative); aceeasi procedura publicata si sub: 519109-2020, 404406-2022",https://ted.europa.eu/en/notice/-/detail/367655-2019
528009-2019,DA,Spitalul Clinic de Urgență „Sfântul Ioan”,Servicii Salubritate Bucureşti / Stericycle România S.R.L.,1530720,valoare maxima a acordului-cadru (TED F02 (valoare estimata totala)),745680,TED F03 (II.1.7 valoarea totala a achizitiei),1530720,TED F02 (valoare estimata totala),,DA,"Acord-cadru servicii de colectare, transport și eliminare deșeuri",90524400,2019-08-19,24,2021-08-19,TED F02 (durata publicata),,,data = prima incheiere de contract publicata in TED; valoare atribuita din anuntul 112768-2021; aceeasi procedura publicata si sub: 112768-2021,https://ted.europa.eu/en/notice/-/detail/528009-2019
466923-2019,DA,Spital Clinic Județean de Urgență „Pius Brînzeu” Timișoara,S.C. Pro Air Clean Ecologic S.A.,2856000,valoare maxima a acordului-cadru (TED F02 (valoare estimata totala)),,,2856000,TED F02 (valoare estimata totala),,DA,"Acord-cadru servicii de colectare, de transport și de eliminare a deșeurilor spitalicești",90524400,2019-09-11,24,2021-09-11,TED F02 (durata publicata),,"acelasi spital a atribuit un contract nou aceluiasi castigator la 2021-08-25 (438087-2021), inainte de expirarea calculata => probabil inlocuit",data = prima incheiere de contract publicata in TED,https://ted.europa.eu/en/notice/-/detail/466923-2019
443775-2019,DA,Spitalul Clinic Județean de Urgență Cluj,Stericycle România S.R.L.,3520000,valoare maxima a acordului-cadru (TED F02 (valoare estimata totala)),,,3520000,TED F02 (valoare estimata totala),,DA,"Servicii de colectare, transport și incinerare a deșeurilor medicale periculoase 2",90524400,2019-09-12,48,2023-09-12,TED F02 (durata publicata),,"acelasi spital a atribuit un contract nou aceluiasi castigator la 2020-03-09 (CAN1030139), inainte de expirarea calculata => probabil inlocuit",data = prima incheiere de contract publicata in TED,https://ted.europa.eu/en/notice/-/detail/443775-2019
448681-2019,DA,Spital Clinic Județean de Urgență Arad,Stericycle România S.R.L.,3121560,valoare maxima a acordului-cadru (TED F02 (valoare estimata totala)),726050,TED F03 (suma VAL_TOTAL pe contracte),3121560,TED F02 (valoare estimata totala),,DA,"Servicii de colectare, de transport și de eliminare finală a deșeurilor rezultate din activitatea medicală",90524400,2019-09-16,24,2021-09-16,TED F02 (durata publicata),,,"data = prima incheiere de contract publicata in TED; cea mai mare valoare totala publicata dintre 2 anunturi de atribuire (din anuntul 541721-2022; valorile pe anunturi pot fi partiale sau cumulative); aceeasi procedura publicata si sub: 241617-2020, 541721-2022",https://ted.europa.eu/en/notice/-/detail/448681-2019
457783-2019,DA,Institutul Oncologic „Prof. Dr. I. Chiricuta” Cluj-Napoca,Stericycle România S.R.L.,1944000,valoare maxima a acordului-cadru (TED F02 (valoare estimata totala)),10605000,TED F03 (suma VAL_TOTAL pe contracte),1944000,TED F02 (valoare estimata totala),,DA,"Servicii de colectare, de transport și de eliminare a deșeurilor spitalicești și a deșeurilor periculoase",90524400,2019-09-24,36,2022-09-24,TED F02 (durata publicata),,valoarea atribuita publicata depaseste de peste 2 ori valoarea maxima/estimata publicata; posibil eroare de publicare; contract publicat dupa data expirarii calculate (2022-12-30); durata este probabil subestimata,"data = prima incheiere de contract publicata in TED; cea mai mare valoare totala publicata dintre 9 anunturi de atribuire (din anuntul 250887-2023; valorile pe anunturi pot fi partiale sau cumulative); aceeasi procedura publicata si sub: 208082-2020, 350117-2020, 50599-2021, 181770-2021, 517032-2021, 237016-2022, 415023-2022, 581605-2022, 250887-2023; valoarea atribuita publicata depaseste valoarea maxima publicata (asa apar in anunturi)",https://ted.europa.eu/en/notice/-/detail/457783-2019
511079-2019,DA,Spitalul Clinic Județean Mureș,Stericycle România S.R.L.,845750,valoare maxima a acordului-cadru (TED F03 (valoare estimata totala)),906533,TED F03 (suma VAL_TOTAL pe contracte),845750,TED F03 (valoare estimata totala),,DA,"Acord cadru prestari SERVICII DE COLECTARE, DE TRANSPORT SI DE ELIMINARE A DESEURILOR",90524400,2019-10-01,24,2021-10-01,TED F02 (durata publicata),,,"data = prima incheiere de contract publicata in TED; cea mai mare valoare totala publicata dintre 11 anunturi de atribuire (din anuntul 559628-2021; valorile pe anunturi pot fi partiale sau cumulative); aceeasi procedura publicata si sub: 397727-2021, 17542-2020, 339878-2020, 490462-2020, 513755-2020, 524914-2020, 23057-2021, 33187-2021, 39653-2021, 209298-2021, 559628-2021; valoarea atribuita publicata depaseste valoarea maxima publicata (asa apar in anunturi)",https://ted.europa.eu/en/notice/-/detail/511079-2019
251753-2020,DA,Institutul de Pneumoftiziologie „Marius Nasta”,Ecogreen Construct S.R.L. / Mediline Exim S.R.L. / Stericycle Romania S.R.L.,344400,valoare maxima a acordului-cadru (TED F03 (valoare estimata totala)),175000,TED F03 (suma VAL_TOTAL pe contracte),344400,TED F03 (valoare estimata totala),,DA,"Servicii de colectare, transport și eliminare deșeuri",90524400,2019-10-09,24,2021-10-09,TED F02 (durata publicata),,,data = prima incheiere de contract publicata in TED; valoare atribuita din anuntul 560256-2022; aceeasi procedura publicata si sub: 560256-2022,https://ted.europa.eu/en/notice/-/detail/251753-2020
492520-2019,DA,Spitalul Clinic Județean de Urgență Sibiu,Stericycle România S.R.L.,1440000,valoare maxima a acordului-cadru (TED F02 (valoare estimata totala)),,,1440000,TED F02 (valoare estimata totala),,DA,"Prestări servicii de colectare, transport și eliminare finală a deșeurilor medicale",90524400,2019-10-09,24,2021-10-09,TED F02 (durata publicata),,,data = prima incheiere de contract publicata in TED,https://ted.europa.eu/en/notice/-/detail/492520-2019
523502-2019,DA,Spital Clinic Județean de Urgență Oradea,Stericycle Romania S.R.L.,6804000,valoare maxima a acordului-cadru (TED F02 (valoare estimata totala)),3400456,TED F03 (II.1.7 valoarea totala a achizitiei),6804000,TED F02 (valoare estimata totala),,DA,"Servicii de colectare, transport și eliminare finală a deșeurilor medicale",90524100,2019-10-31,48,2023-10-31,TED F02 (durata publicata),,,"data = prima incheiere de contract publicata in TED; cea mai mare valoare totala publicata dintre 8 anunturi de atribuire (din anuntul 14773-2021; valorile pe anunturi pot fi partiale sau cumulative); aceeasi procedura publicata si sub: 559977-2019, 2001-2020, 54266-2020, 176748-2020, 306637-2020, 485907-2020, 7235-2021, 14773-2021",https://ted.europa.eu/en/notice/-/detail/523502-2019
579556-2019,DA,Spitalul Clinic Județean de Urgență „Sfântu Spiridon” Iași,Demeco S.R.L. / Mondeco S.R.L. / S.C. Ac Rad Medical Consult&Service S.R.L.,1290780,valoare maxima a acordului-cadru (TED F02 (valoare estimata totala)),,,1290780,TED F02 (valoare estimata totala),,DA,Servicii de colectare deșeuri medicale,90524400,2019-11-07,24,2021-11-07,TED F02 (durata publicata),,,data = prima incheiere de contract publicata in TED; aceeasi procedura publicata si sub: 139345-2020,https://ted.europa.eu/en/notice/-/detail/579556-2019
CAN1027468,NU,SPITALUL UNIVERSITAR DE URGENTA ELIAS,STERICYCLE ROMANIA S.R.L.,522000,valoare atribuita (SICAP/OpenTender (valori pe atribuire)),522000,SICAP/OpenTender (valori pe atribuire),522000,SICAP/OpenTender (valoare procedura),,,"Servicii de colectare, manipulare, transport, cu neutralizare sau incinerare a deseurilor periculoase",90524400,2020-01-08,24,2022-01-08,"ESTIMAT (24 luni, durata nepublicata)",,"durata estimata; acelasi spital a atribuit un contract nou aceluiasi castigator la 2021-02-16 (116154-2021), inainte de expirarea calculata => probabil inlocuit",,SICAP anunt nr. CAN1027468
85484-2020,DA,"Spitalul de Boli Infecțioase și Tropicale „Dr. Victor Babeș""",Mediline Exim S.R.L. / Stericycle România S.R.L.,1497600,valoare maxima a acordului-cadru (TED F02 (valoare estimata totala)),,,1497600,TED F02 (valoare estimata totala),,DA,"Servicii de colectare, transport, procesare și eliminare finală a deșeurilor medicale periculoase",90524400,2020-01-22,36,2023-01-22,TED F02 (durata publicata),,,data = prima incheiere de contract publicata in TED,https://ted.europa.eu/en/notice/-/detail/85484-2020
CAN1030139,NU,SPITALUL CLINIC JUDETEAN DE URGENTA CLUJ,STERICYCLE ROMANIA S.R.L.,40000,valoare atribuita (SICAP/OpenTender (valori pe atribuire)),40000,SICAP/OpenTender (valori pe atribuire),40000,SICAP/OpenTender (valoare procedura),,,"Servicii de colectare, transport si incinerare a deseurilor medicale periculoase 4",90524400,2020-03-09,24,2022-03-09,"ESTIMAT (24 luni, durata nepublicata)",,,,SICAP anunt nr. CAN1030139
CAN1030140,NU,SPITALUL CLINIC JUDETEAN DE URGENTA CLUJ,Eco Burn S.R.L.,408000,valoare atribuita (SICAP/OpenTender (valori pe atribuire)),408000,SICAP/OpenTender (valori pe atribuire),408000,SICAP/OpenTender (valoare procedura),,,"Servicii de colectare, transport si incinerare a deseurilor medicale periculoase 5",90524400,2020-03-09,24,2022-03-09,"ESTIMAT (24 luni, durata nepublicata)",,,,SICAP anunt nr. CAN1030140
CAN1030143,NU,SPITALUL CLINIC JUDETEAN DE URGENTA CLUJ,STERICYCLE ROMANIA S.R.L.,205800,valoare atribuita (SICAP/OpenTender (valori pe atribuire)),205800,SICAP/OpenTender (valori pe atribuire),205800,SICAP/OpenTender (valoare procedura),,,"Servicii de colectare, transport si incinerare a deseurilor medicale periculoase 3",90524400,2020-03-09,24,2022-03-09,"ESTIMAT (24 luni, durata nepublicata)",,,,SICAP anunt nr. CAN1030143
157636-2020,DA,Institutul Național de Boli Infecțioase „Prof. Dr. Matei Balș”,Mediline Exim S.R.L. / Stericycle Romania S.R.L.,2781000,valoare maxima a acordului-cadru (TED F02 (valoare estimata totala)),1716390,TED F03 (suma VAL_TOTAL pe contracte),2781000,TED F02 (valoare estimata totala),,DA,"Servicii de colectare, transport și eliminare deșeuri spitalicești",90524400,2020-03-30,36,2023-03-30,TED F02 (durata publicata),,,"data = prima incheiere de contract publicata in TED; cea mai mare valoare totala publicata dintre 4 anunturi de atribuire (din anuntul 83221-2023; valorile pe anunturi pot fi partiale sau cumulative); aceeasi procedura publicata si sub: 522323-2020, 56291-2021, 402094-2021, 83221-2023",https://ted.europa.eu/en/notice/-/detail/157636-2020
231908-2020,DA,Ministerul Apararii - U.M 02175 Constanta,Eco Fire Sistems S.R.L.,3578400,valoare atribuita (TED F03 (II.1.7 valoarea totala a achizitiei)),3578400,TED F03 (II.1.7 valoarea totala a achizitiei),3904800,TED F03 (valoare estimata totala),,,"Servicii de colectare, transport și neutralizare/eliminare deșeuri medicale pentru SMMIT și spital CFR Constanța",90524400,2020-04-13,24,2022-04-13,"ESTIMAT (24 luni, durata nepublicata)",,"durata estimata; acelasi spital a atribuit un contract nou aceluiasi castigator la 2021-03-16 (147277-2021), inainte de expirarea calculata => probabil inlocuit",unitate militara cu profil de spital; data = prima incheiere de contract publicata in TED,https://ted.europa.eu/en/notice/-/detail/231908-2020
202288-2020,DA,Spitalul Județean de Urgență Alexandria,STERICYCLE ROMANIA S.R.L.,1429500,valoare maxima a acordului-cadru (TED F02 (valoare estimata totala)),1524538,TED eForms (valoarea totala a rezultatului),1429500,TED F02 (valoare estimata totala),1429500,DA,"Servicii de colectare, de transport și de eliminare a deseurilor spitalicești",90524400,2020-04-14,48,2024-04-14,TED eForms (durata publicata),,,"data = prima incheiere de contract publicata in TED; cea mai mare valoare totala publicata dintre 9 anunturi de atribuire (din anuntul 148483-2024; valorile pe anunturi pot fi partiale sau cumulative); aceeasi procedura publicata si sub: 181703-2021, 343481-2021, 89783-2022, 133454-2022, 171450-2022, 96783-2023, 142017-2023, 253848-2023, 109162-2024, 148483-2024; valoarea atribuita publicata depaseste valoarea maxima publicata (asa apar in anunturi)",https://ted.europa.eu/en/notice/-/detail/202288-2020
215071-2020,DA,Spitalul Județean de Urgență Zalău,AKSD ROMANIA SRL,1485000,valoare maxima a acordului-cadru (TED F02 (valoare estimata totala)),1323000,TED F03 (suma VAL_TOTAL pe contracte),1485000,TED F02 (valoare estimata totala),,DA,"Servicii de colectare, manipulare, transport și eliminare a deșeurilor spitalicești cu asigurare de recipienți pentru colectare",90524400,2020-05-05,36,2023-05-05,TED F02 (durata publicata),,"acelasi spital a atribuit un contract nou aceluiasi castigator la 2022-04-27 (260017-2022), inainte de expirarea calculata => probabil inlocuit","data = prima incheiere de contract publicata in TED; cea mai mare valoare totala publicata dintre 4 anunturi de atribuire (din anuntul 150004-2022; valorile pe anunturi pot fi partiale sau cumulative); aceeasi procedura publicata si sub: 217684-2020, 25795-2021, 8860-2022, 150004-2022",https://ted.europa.eu/en/notice/-/detail/215071-2020
CAN1033611,NU,Spitalul de Boli infectioase si Psihiatrie Baia Mare,STERICYCLE ROMANIA S.R.L.,11840,valoare atribuita (SICAP/OpenTender (valori pe atribuire)),11840,SICAP/OpenTender (valori pe atribuire),11840,SICAP/OpenTender (valoare procedura),,,"Contract de furnizare servicii de „Colectare, transport, procesare şi eliminare finală a deşeurilor medicale periculoase” - 1968 - S.C. Ster",90524000,2020-05-13,24,2022-05-13,"ESTIMAT (24 luni, durata nepublicata)",,"durata estimata; acelasi spital a atribuit un contract nou aceluiasi castigator la 2020-06-11 (CAN1035346), inainte de expirarea calculata => probabil inlocuit",,SICAP anunt nr. CAN1033611
270052-2020,DA,Institutul de Urgență pentru Boli Cardiovasculare și Transplant Târgu Mureș,Stericycle România S.R.L.,1152000,valoare maxima a acordului-cadru (TED F02 (valoare estimata totala)),,,1152000,TED F02 (valoare estimata totala),,DA,"Acord-cadru de prestări servicii de colectare, transport și eliminare a deșeurilor spitalicești",90524400,2020-06-02,36,2023-06-02,TED F02 (durata publicata),,,data = prima incheiere de contract publicata in TED; aceeasi procedura publicata si sub: 119405-2020,https://ted.europa.eu/en/notice/-/detail/270052-2020
CAN1035346,NU,Spitalul de Boli infectioase si Psihiatrie Baia Mare,STERICYCLE ROMANIA S.R.L.,19240,valoare atribuita (SICAP/OpenTender (valori pe atribuire)),19240,SICAP/OpenTender (valori pe atribuire),19240,SICAP/OpenTender (valoare procedura),,,"Achiziţie de servicii de „Colectare, transport şi eliminare a deşeurilor spitaliceşti” - 2670 - S.C. Stericycle România S.R.L. - 28.05.2020",90524400,2020-06-11,24,2022-06-11,"ESTIMAT (24 luni, durata nepublicata)",,"durata estimata; acelasi spital a atribuit un contract nou aceluiasi castigator la 2020-08-20 (CAN1039427), inainte de expirarea calculata => probabil inlocuit",,SICAP anunt nr. CAN1035346
330388-2020,DA,Institutul Oncologic „Prof. dr. Alexandru Trestioreanu”,Stericycle România S.R.L.,2664000,valoare maxima a acordului-cadru (TED F02 (valoare estimata totala)),2221200,TED F03 (suma VAL_TOTAL pe contracte),2664000,TED F02 (valoare estimata totala),,DA,"Acord-cadru servicii de colectare, transport și neutralizare/incinerare/eliminare a deșeurilor periculoare și nepericuloare, inclusiv medica",90524400,2020-06-26,36,2023-06-26,TED F02 (durata publicata),,,"titlul indica deseuri NEPERICULOASE (CPV 90524x publicat de autoritate); data = prima incheiere de contract publicata in TED; cea mai mare valoare totala publicata dintre 4 anunturi de atribuire (din anuntul 34834-2022; valorile pe anunturi pot fi partiale sau cumulative); aceeasi procedura publicata si sub: 34834-2022, 62973-2022, 435249-2022, 597397-2022",https://ted.europa.eu/en/notice/-/detail/330388-2020
SCN1070768,NU,SPITALUL MUNICIPAL ADJUD,ECO FIRE SISTEMS S.R.L.,450000,valoare atribuita (SICAP/OpenTender (valori pe atribuire)),450000,SICAP/OpenTender (valori pe atribuire),450000,SICAP/OpenTender (valoare procedura),,,"Servicii de colectare, transport si de eliminare a deseurilor spitalicesti",90524400,2020-06-30,24,2022-06-30,"ESTIMAT (24 luni, durata nepublicata)",,,,SICAP anunt nr. SCN1070768
324432-2020,DA,Spitalul Clinic de Urgență pentru Copii Cluj-Napoca,STERICYCLE ROMANIA S.R.L.,716130,valoare maxima a acordului-cadru (TED F02 (valoare estimata totala)),,,716130,TED F02 (valoare estimata totala),,DA,"Servicii de colectare, transport și eliminare a deșeurilor spitalicești",90524400,2020-07-08,36,2023-07-08,TED F02 (durata publicata),,,data = prima incheiere de contract publicata in TED; aceeasi procedura publicata si sub: CN1018397,https://ted.europa.eu/en/notice/-/detail/324432-2020
350226-2020,DA,Spitalul Clinic Municipal de Urgenţă Timişoara,S.C. Pro Air Clean Ecologic S.A. / Stericycle România S.R.L.,1045206,valoare maxima a acordului-cadru (TED F02 (valoare estimata totala)),689242,TED F03 (suma VAL_TOTAL pe contracte),1045206,TED F02 (valoare estimata totala),,DA,"Colectare, transport și eliminare finală prin incinerare deșeuri medicale",90524400,2020-07-21,36,2023-07-21,TED F02 (durata publicata),,,"data = prima incheiere de contract publicata in TED; cea mai mare valoare totala publicata dintre 2 anunturi de atribuire (din anuntul 585331-2022; valorile pe anunturi pot fi partiale sau cumulative); aceeasi procedura publicata si sub: 359960-2020, 585331-2022",https://ted.europa.eu/en/notice/-/detail/350226-2020
407700-2020,DA,Spitalul Județean de Urgență Pitești,Stericycle România S.R.L.,1152000,valoare maxima a acordului-cadru (TED F02 (valoare estimata totala)),,,1152000,TED F02 (valoare estimata totala),,DA,"Servicii de colectare, transport și eliminare finală a deșeurilor spitalicești cu asigurare de recipienți pentru colectare",90524400,2020-07-21,24,2022-07-21,TED F02 (durata publicata),,,data = prima incheiere de contract publicata in TED,https://ted.europa.eu/en/notice/-/detail/407700-2020
357518-2020,DA,Spitalul Clinic Judeţean de Urgenţă „Sfântul Apostol Andrei”,Eco Fire Sistems S.R.L.,924000,valoare maxima a acordului-cadru (TED F02 (valoare estimata totala)),,,924000,TED F02 (valoare estimata totala),,DA,"Servicii de colectare, neutralizare și distrugere deșeuri biologice periculoase de la sediul SCJU și de la secțiile exterioare",90524400,2020-07-24,24,2022-07-24,TED F02 (durata publicata),,,data = prima incheiere de contract publicata in TED; aceeasi procedura publicata si sub: 222445-2020,https://ted.europa.eu/en/notice/-/detail/357518-2020
CAN1039427,NU,Spitalul de Boli infectioase si Psihiatrie Baia Mare,STERICYCLE ROMANIA S.R.L.,19240,valoare atribuita (SICAP/OpenTender (valori pe atribuire)),19240,SICAP/OpenTender (valori pe atribuire),19240,SICAP/OpenTender (valoare procedura),,,"Achiziţie de servicii de „Colectare, transport şi eliminare a deşeurilor spitaliceşti” - 3185 - S.C. Stericycle România S.R.L. - 29.06.2020",90524400,2020-08-20,24,2022-08-20,"ESTIMAT (24 luni, durata nepublicata)",,,,SICAP anunt nr. CAN1039427
545553-2020,DA,Spitalul Județean de Urgență „Sfântul Ioan Cel Nou” Suceava,S.C. Demeco S.R.L.,2330400,valoare maxima a acordului-cadru (TED F02 (valoare estimata totala)),,,2330400,TED F02 (valoare estimata totala),,DA,"Acord-cadru de achiziție publică de servicii de preluare, transport și incinerare deșeuri periculoase",90524400,2020-08-27,24,2022-08-27,TED F02 (durata publicata),,,data = prima incheiere de contract publicata in TED; aceeasi procedura publicata si sub: 326745-2020,https://ted.europa.eu/en/notice/-/detail/545553-2020
CAN1040803,NU,Spitalul de Boli infectioase si Psihiatrie Baia Mare,AKSD ROMANIA SRL,88800,valoare atribuita (SICAP/OpenTender (valori pe atribuire)),88800,SICAP/OpenTender (valori pe atribuire),88800,SICAP/OpenTender (valoare procedura),,,"Achiziţie de servicii de „Colectare, transport şi eliminare a deşeurilor spitaliceşti” - 4093 - S.C. AKSD România S.R.L. - 19.08.2020",90524400,2020-09-11,24,2022-09-11,"ESTIMAT (24 luni, durata nepublicata)",,"durata estimata; acelasi spital a atribuit un contract nou aceluiasi castigator la 2021-01-13 (CAN1049062), inainte de expirarea calculata => probabil inlocuit",,SICAP anunt nr. CAN1040803
CN1024588,NU,Spitalul Clinic Judetean de Urgenta Craiova,DIVERS ECO TECH,,valoare nepublicata,,,,,,DA,"Acord- Cadru ""Servicii de colectare, de transport şi de eliminare a deşeurilor spitaliceşti inclusiv furnizare ambalaje de colectare""",90524400,2020-09-18,23.7,2022-09-09,"SICAP/OpenTender (durata publicata, zile)",,,,SICAP anunt nr. CN1024588
477283-2020,DA,Spitalul Județean de Urgență Buzău,Eco Burn S.R.L.,2632320,valoare maxima a acordului-cadru (TED F02 (valoare estimata totala)),,,2632320,TED F02 (valoare estimata totala),,DA,"Servicii de colectare, transport și eliminare finală a deșeurilor medicale",90524400,2020-09-25,48,2024-09-25,TED F02 (durata publicata),,,"data = prima incheiere de contract publicata in TED; aceeasi procedura publicata si sub: 276705-2020, CN1021796",https://ted.europa.eu/en/notice/-/detail/477283-2020
485840-2020,DA,Spitalul Clinic de Psihiatrie „Prof. Dr. Alexandru Obregia”,Rer Ecologic Service București Rebu / Servicii Salubritate București / Stericycle România S.R.L.,1147730,valoare maxima a acordului-cadru (TED F02 (valoare estimata totala)),,,1147730,TED F02 (valoare estimata totala),,DA,"Acord-cadru servicii de colectare, transport și neutralizare/incinerare/eliminare a deșeurilor periculoase și nepericuloase, inclusiv medica",90524000,2020-10-06,24,2022-10-06,TED F02 (durata publicata),,,titlul indica deseuri NEPERICULOASE (CPV 90524x publicat de autoritate); data = prima incheiere de contract publicata in TED; aceeasi procedura publicata si sub: 524965-2020,https://ted.europa.eu/en/notice/-/detail/485840-2020
CN1021011,NU,SPITALUL CLINIC JUDETEAN DE URGENTA SF. APOSTOL ANDREI,ECO FIRE SISTEMS S.R.L.,,valoare nepublicata,,,,,,,"SERVICII DE COLECTARE, NEUTRALIZARE SI DISTRUGERE DESEURI BIOLOGICE PERICULOASE DE LA SEDIUL SCJU SI DE LA SECTIILE EXTERIOARE",90524400,2020-10-09,23.7,2022-09-30,"SICAP/OpenTender (durata publicata, zile)",,"acelasi spital a atribuit un contract nou aceluiasi castigator la 2021-12-27 (CAN1069459), inainte de expirarea calculata => probabil inlocuit",,SICAP anunt nr. CN1021011
CN1025455,NU,"SPITAL CLINIC DE BOLI INFECTIOASE ""SF. PARASCHEVA"", IASI",STERICYCLE ROMANIA S.R.L.,330857,valoare atribuita (SICAP/OpenTender (valori pe atribuire)),330857,SICAP/OpenTender (valori pe atribuire),,,,DA,"Acord cadru de prestari servicii de colectare, transport, tratare si eliminare deseuri medicale periculoase in cadrul Spitalului Clinic de B",90524400,2020-10-21,23.7,2022-10-12,"SICAP/OpenTender (durata publicata, zile)",,,valoarea procedurii din SICAP/OpenTender (33.085.744 RON) ignorata: de peste 20 de ori valoarea atribuita (probabil eroare de unitate); inregistrarea SICAP contine un rand total si randuri pe loturi; totalul o singura data,SICAP anunt nr. CN1025455
CAN1043434,NU,SPITAL MUNICIPAL RAMNICU SARAT,DERATY MAX,56000,valoare atribuita (SICAP/OpenTender (valori pe atribuire)),56000,SICAP/OpenTender (valori pe atribuire),56000,SICAP/OpenTender (valoare procedura),,,"SERVICII DE COLECTARE , TRANSPORT SI ELIMINARE DESEURI MEDICALE",90524400,2020-10-22,24,2022-10-22,"ESTIMAT (24 luni, durata nepublicata)",,,,SICAP anunt nr. CAN1043434
SCN1072130,NU,SPITAL MUNICIPAL RAMNICU SARAT,Eco Burn S.R.L.,655305,valoare atribuita (SICAP/OpenTender (valori pe atribuire)),655305,SICAP/OpenTender (valori pe atribuire),655305,SICAP/OpenTender (valoare procedura),,,"Servicii de colectare,transport si eliminare finala a deseurilor medicale",90524400,2020-11-07,23.7,2022-10-29,"SICAP/OpenTender (durata publicata, zile)",,,inregistrarea SICAP contine un rand total si randuri pe loturi; totalul o singura data,SICAP anunt nr. SCN1072130
CAN1044438,NU,"Ministerul Apararii - Spitalul Militar de Urgenta ""Dr. Constantin Papilian""Cluj-Napoca (U.M 02454)",STERICYCLE ROMANIA S.R.L.,27250,valoare atribuita (SICAP/OpenTender (valori pe atribuire)),27250,SICAP/OpenTender (valori pe atribuire),27250,SICAP/OpenTender (valoare procedura),,,"Contract de servicii de colectare, transport şi eliminare deşeuri periculoase (rezultate din activitatea medicală și din alte activităţi)",90524400,2020-11-09,24,2022-11-09,"ESTIMAT (24 luni, durata nepublicata)",,,unitate militara cu profil de spital,SICAP anunt nr. CAN1044438
CAN1044448,NU,"Ministerul Apararii - Spitalul Militar de Urgenta ""Dr. Constantin Papilian""Cluj-Napoca (U.M 02454)",AKSD ROMANIA SRL,28980,valoare atribuita (SICAP/OpenTender (valori pe atribuire)),28980,SICAP/OpenTender (valori pe atribuire),28980,SICAP/OpenTender (valoare procedura),,,"Contract de servicii de colectare, transport şi eliminare deşeuri periculoase (rezultate din activitatea medicală și din alte activităţi)",90524400,2020-11-09,24,2022-11-09,"ESTIMAT (24 luni, durata nepublicata)",,,unitate militara cu profil de spital,SICAP anunt nr. CAN1044448
CN1026013,NU,"Institutul de Urgenta pentru Boli Cardiovasculare ""Prof. Dr. C.C. Iliescu""",STERICYCLE ROMANIA S.R.L.,,valoare nepublicata,,,,,,,"Servicii de colectare ,eliminare si transport a deseurilor spitalicesti si servicii de colectare, transport si eliminare a deseurilor lichid",90524400,2020-11-09,47.3,2024-10-19,"SICAP/OpenTender (durata publicata, zile)",,,,SICAP anunt nr. CN1026013
602246-2020,DA,Spitalul Județean de Urgență Piatra Neamț,Demeco S.R.L.,2226000,valoare maxima a acordului-cadru (TED F02 (valoare estimata totala)),,,2226000,TED F02 (valoare estimata totala),,DA,"Acord-cadru servicii de colectare, transport și eliminare finală a deșeurilor spitalicești",90524400,2020-12-08,24,2022-12-08,TED F02 (durata publicata),,,"data = prima incheiere de contract publicata in TED; aceeasi procedura publicata si sub: 471940-2020, CN1025052",https://ted.europa.eu/en/notice/-/detail/602246-2020
614158-2020,DA,Spitalul Clinic Județean de Urgență Târgu Mureș,Pro Green T.A.T,3816000,valoare maxima a acordului-cadru (TED F02 (valoare estimata totala)),,,3816000,TED F02 (valoare estimata totala),,DA,"Acord-cadru de furnizare „Servicii de colectare, de transport şi de eliminare a deşeurilor spitaliceşti”",90524400,2020-12-08,24,2022-12-08,TED F02 (durata publicata),,,"data = prima incheiere de contract publicata in TED; aceeasi procedura publicata si sub: 493739-2020, CN1025381",https://ted.europa.eu/en/notice/-/detail/614158-2020
CAN1046539,NU,"SPITAL CLINIC DE BOLI INFECTIOASE ""SF. PARASCHEVA"", IASI",S.C. DEMECO S.R.L. S.R.L.,77964,valoare atribuita (SICAP/OpenTender (valori pe atribuire)),77964,SICAP/OpenTender (valori pe atribuire),,,,,Achiziția de SERVICII DE GESTIUNE A DESEURILOR operationalizarea urgenta a SECTIEI EXTERIOARE A SPITALULUI CLINIC DE BOLI INFECTIOASE „SF. P,90524400,2020-12-11,24,2022-12-11,"ESTIMAT (24 luni, durata nepublicata)",,,valoarea procedurii din SICAP/OpenTender (7.796.442 RON) ignorata: de peste 20 de ori valoarea atribuita (probabil eroare de unitate),SICAP anunt nr. CAN1046539
CAN1046552,NU,SPITALUL MUNICIPAL DE URGENTA MOINESTI,DEMECO S.R.L.,225000,valoare atribuita (SICAP/OpenTender (valori pe atribuire)),225000,SICAP/OpenTender (valori pe atribuire),225000,SICAP/OpenTender (valoare procedura),,,"„SERVICII DE COLECTARE, DE TRANSPORT ȘI DE ELIMINARE A DEȘEURILOR SPITALICEȘTI” 1",90524400,2020-12-13,24,2022-12-13,"ESTIMAT (24 luni, durata nepublicata)",,"durata estimata; acelasi spital a atribuit un contract nou aceluiasi castigator la 2021-08-03 (CAN1060264), inainte de expirarea calculata => probabil inlocuit",,SICAP anunt nr. CAN1046552
CAN1047603,NU,SPITALUL JUDETEAN DE URGENTA SLATINA,STERICYCLE ROMANIA S.R.L.,221200,valoare maxima a acordului-cadru (SICAP/OpenTender (valoare procedura)),221200,SICAP/OpenTender (valori pe atribuire),221200,SICAP/OpenTender (valoare procedura),,DA,"Atribuire acord cadru cu o durata de 12 luni - servicii de colectare, transport si eliminare finala deseuri medicale",90524400,2020-12-24,24,2022-12-24,"ESTIMAT (24 luni, durata nepublicata)",,"durata estimata; acelasi spital a atribuit un contract nou aceluiasi castigator la 2020-12-30 (CAN1048090), inainte de expirarea calculata => probabil inlocuit",,SICAP anunt nr. CAN1047603
CAN1047891,NU,Spitalul Clinic Colentina,Eco Burn S.R.L.,225700,valoare atribuita (SICAP/OpenTender (valori pe atribuire)),225700,SICAP/OpenTender (valori pe atribuire),225700,SICAP/OpenTender (valoare procedura),,,"Servicii colectare, transport si eliminare finala deseuri medicale periculoase si deseuri chimice periculoase chimice",90524400,2020-12-29,24,2022-12-29,"ESTIMAT (24 luni, durata nepublicata)",,,,SICAP anunt nr. CAN1047891
CAN1048090,NU,SPITALUL JUDETEAN DE URGENTA SLATINA,STERICYCLE ROMANIA S.R.L.,46215,valoare atribuita (SICAP/OpenTender (valori pe atribuire)),46215,SICAP/OpenTender (valori pe atribuire),46215,SICAP/OpenTender (valoare procedura),,,"Colectare, transport si eliminare deseuri medicale",90524400,2020-12-30,24,2022-12-30,"ESTIMAT (24 luni, durata nepublicata)",,"durata estimata; acelasi spital a atribuit un contract nou aceluiasi castigator la 2021-01-05 (28488-2021), inainte de expirarea calculata => probabil inlocuit",,SICAP anunt nr. CAN1048090
74207-2021,DA,Spitalul Clinic de Boli Infecțioase și Pneumoftiziologie „Dr. Victor Babeș” Timişoara,Pro Air Clean Ecologic,1878600,valoare maxima a acordului-cadru (TED F02 (valoare estimata totala)),135000,TED F03 (II.1.7 valoarea totala a achizitiei),1878600,TED F02 (valoare estimata totala),,DA,"Servicii de colectare, transport și neutralizare/eliminare a deșeurilor medicale periculoase/infecțioase prin incinerare – acord-cadru",90524400,2020-12-31,48,2024-12-31,TED F02 (durata publicata),,,data = prima incheiere de contract publicata in TED; aceeasi procedura publicata si sub: CN1025911,https://ted.europa.eu/en/notice/-/detail/74207-2021
CAN1048302,NU,SPITALUL CLINIC DE PNEUMOFTIZIOLOGIE CONSTANTA,ECO FIRE SISTEMS S.R.L.,37500,valoare atribuita (SICAP/OpenTender (valori pe atribuire)),37500,SICAP/OpenTender (valori pe atribuire),37500,SICAP/OpenTender (valoare procedura),,,"Servicii privind colectarea, transportul si neutralizarea deseurilor rezultate din activitatea medicala",90524400,2021-01-04,24,2023-01-04,"ESTIMAT (24 luni, durata nepublicata)",,,,SICAP anunt nr. CAN1048302
CAN1048327,NU,Ministerul Apararii - U.M 02175 Constanta,ALMECO FURNITURE SRL,80412,valoare atribuita (SICAP/OpenTender (valori pe atribuire)),80412,SICAP/OpenTender (valori pe atribuire),,,,,"Obiectul contractului servicii de colectare, transport şi neutralizare/eliminare a deşeurilor periculoase rezultate din activităţile medical",90524400,2021-01-04,24,2023-01-04,"ESTIMAT (24 luni, durata nepublicata)",,,valoarea procedurii din SICAP/OpenTender (8.041.160 RON) ignorata: de peste 20 de ori valoarea atribuita (probabil eroare de unitate); unitate militara cu profil de spital,SICAP anunt nr. CAN1048327
28488-2021,DA,SPITALUL JUDETEAN DE URGENTA SLATINA,Stericycle Romania S.R.L.,1060180,valoare atribuita (TED F03 (II.1.7 valoarea totala a achizitiei)),1060180,TED F03 (II.1.7 valoarea totala a achizitiei),1327200,TED F03 (valoare estimata totala),,,"Servicii de colectare, transport și eliminare finală deșeuri medicale",90524400,2021-01-05,24,2023-01-05,"ESTIMAT (24 luni, durata nepublicata)",,,data = prima incheiere de contract publicata in TED,https://ted.europa.eu/en/notice/-/detail/28488-2021
CAN1048456,NU,UNITATEA MILITARA 0521 BUCURESTI,Perfect Curier S.R.L.,59740,valoare atribuita (SICAP/OpenTender (valori pe atribuire)),59740,SICAP/OpenTender (valori pe atribuire),59740,SICAP/OpenTender (valoare procedura),,,"Contract de prestari servicii de colectare, transport si eliminare a deseurilor medicale",90524000,2021-01-05,24,2023-01-05,"ESTIMAT (24 luni, durata nepublicata)",,"durata estimata; acelasi spital a atribuit un contract nou aceluiasi castigator la 2021-06-17 (367996-2021), inainte de expirarea calculata => probabil inlocuit",unitate militara cu profil de spital,SICAP anunt nr. CAN1048456
CAN1049062,NU,Spitalul de Boli infectioase si Psihiatrie Baia Mare,AKSD ROMANIA SRL,222000,valoare atribuita (SICAP/OpenTender (valori pe atribuire)),222000,SICAP/OpenTender (valori pe atribuire),222000,SICAP/OpenTender (valoare procedura),,,"Achiziţie de servicii de „Colectare, transport şi eliminare a deşeurilor spitaliceşti” - 6072 - S.C. AKSD România S.R.L. - 25.11.2020",90524400,2021-01-13,24,2023-01-13,"ESTIMAT (24 luni, durata nepublicata)",,"durata estimata; acelasi spital a atribuit un contract nou aceluiasi castigator la 2021-01-22 (CAN1049682), inainte de expirarea calculata => probabil inlocuit",,SICAP anunt nr. CAN1049062
CAN1049682,NU,Spitalul de Boli infectioase si Psihiatrie Baia Mare,AKSD ROMANIA SRL,222000,valoare atribuita (SICAP/OpenTender (valori pe atribuire)),222000,SICAP/OpenTender (valori pe atribuire),222000,SICAP/OpenTender (valoare procedura),,,"Achiziţie de servicii de „Colectare, transport şi eliminare a deşeurilor spitaliceşti” - 6611 - S.C. AKSD România S.R.L. - 17.12.2020",90524400,2021-01-22,24,2023-01-22,"ESTIMAT (24 luni, durata nepublicata)",,"durata estimata; acelasi spital a atribuit un contract nou aceluiasi castigator la 2021-05-07 (CAN1055600), inainte de expirarea calculata => probabil inlocuit",,SICAP anunt nr. CAN1049682
SCN1081343,NU,SPITALUL JUDETEAN DE URGENTA VASLUI,S.C. DEMECO S.R.L. S.R.L.,365360,valoare atribuita (SICAP/OpenTender (valori pe atribuire)),365360,SICAP/OpenTender (valori pe atribuire),365360,SICAP/OpenTender (valoare procedura),,,"Servicii de Colectare, Transport si Eliminare Deșeuri",90524400,2021-01-25,24,2023-01-25,"ESTIMAT (24 luni, durata nepublicata)",,"durata estimata; acelasi spital a atribuit un contract nou aceluiasi castigator la 2021-08-09 (SCN1090751), inainte de expirarea calculata => probabil inlocuit",,SICAP anunt nr. SCN1081343
440206-2021,DA,"Institutul de Pneumoftiziologie ""Marius Nasta""",STERICYCLE ROMANIA S.R.L.,942480,valoare maxima a acordului-cadru (TED F02 (valoare estimata totala)),563640,TED F03 (II.1.7 valoarea totala a achizitiei),942480,TED F02 (valoare estimata totala),,DA,"Acord cadru prestari servicii colectare, transport si eliminare deseuri spitalicesti",90524400,2021-02-01,24,2023-02-01,TED F02 (durata publicata),,"acelasi spital a atribuit un contract nou aceluiasi castigator la 2022-08-22 (492929-2022), inainte de expirarea calculata => probabil inlocuit",data = prima incheiere de contract publicata in TED; cea mai mare valoare totala publicata dintre 2 anunturi de atribuire (din anuntul 440206-2021; valorile pe anunturi pot fi partiale sau cumulative); aceeasi procedura publicata si sub: 560252-2022,https://ted.europa.eu/en/notice/-/detail/440206-2021
SCN1077581,NU,"Spitalul Clinic de Boli Infectioase ""Sf. Cuv. Parascheva"" Galati",ECO FIRE SISTEMS S.R.L.,,valoare nepublicata,,,,,,,"SERVICII DE COLECTARE, TRANSPORT SI ELIMINARE FINALA A DESEURILOR SPITALICESTI",90524400,2021-02-05,11.8,2022-01-30,"SICAP/OpenTender (durata publicata, zile)",,,,SICAP anunt nr. SCN1077581
SCN1081900,NU,SPITALUL MUNICIPAL CAREI,SC PRO AIR CLEAN ECOLOGIC SA,,valoare nepublicata,,,,,,DA,"Acord cadru de achiziție publică de servicii de colectare,de transport și eliminare a deșeurilor spitalicesti",90524400,2021-02-10,11.8,2022-02-04,"SICAP/OpenTender (durata publicata, zile)",,,,SICAP anunt nr. SCN1081900
CAN1050732,NU,SPITALUL JUDETEAN DE URGENTA TARGOVISTE,STERICYCLE ROMANIA S.R.L.,321750,valoare atribuita (SICAP/OpenTender (valori pe atribuire)),321750,SICAP/OpenTender (valori pe atribuire),321750,SICAP/OpenTender (valoare procedura),,,"CONTRACT SERVICII DE COLECTARE, DE TRANSPORT ȘI DE ELIMINARE A DEȘEURILOR SPITALICEȘTI INCLUSIV FURNIZARE AMBALAJE DE COLECTARE",90524400,2021-02-11,24,2023-02-11,"ESTIMAT (24 luni, durata nepublicata)",,"durata estimata; acelasi spital a atribuit un contract nou aceluiasi castigator la 2021-03-23 (CN1025447), inainte de expirarea calculata => probabil inlocuit",,SICAP anunt nr. CAN1050732
116154-2021,DA,Spitalul Universitar de Urgență Elias,Stericycle România S.R.L.,975036,valoare atribuita (TED F03 (II.1.7 valoarea totala a achizitiei)),975036,TED F03 (II.1.7 valoarea totala a achizitiei),1008720,TED F03 (valoare estimata totala),,,"Servicii de colectare, transport și eliminare finală a deșeurilor medicale periculoase",90524400,2021-02-16,24,2023-02-16,"ESTIMAT (24 luni, durata nepublicata)",,"durata estimata; acelasi spital a atribuit un contract nou aceluiasi castigator la 2021-03-11 (CN1029086), inainte de expirarea calculata => probabil inlocuit",data = prima incheiere de contract publicata in TED,https://ted.europa.eu/en/notice/-/detail/116154-2021
239324-2021,DA,Spitalul Clinic de Boli Infecțioase Constanța,Eco Fire Sistems S.R.L.,1632000,valoare maxima a acordului-cadru (TED F02 (valoare estimata totala)),1632000,TED F03 (II.1.7 valoarea totala a achizitiei),1632000,TED F02 (valoare estimata totala),,DA,"Servicii de colectare, transport si eliminare finala a deșeurilor spitalicești",90524400,2021-02-16,24,2023-02-16,TED F02 (durata publicata),,,data = prima incheiere de contract publicata in TED; aceeasi procedura publicata si sub: 553611-2020,https://ted.europa.eu/en/notice/-/detail/239324-2021
CAN1051145,NU,Spitalul Judetean de Urgenta Miercurea Ciuc,MX DRIVE AUTO SALES,71500,valoare atribuita (SICAP/OpenTender (valori pe atribuire)),71500,SICAP/OpenTender (valori pe atribuire),71500,SICAP/OpenTender (valoare procedura),,,"Servicii de colectare, de transport și de eliminare a deșeurilor spitalicești",90524100,2021-02-22,24,2023-02-22,"ESTIMAT (24 luni, durata nepublicata)",,,,SICAP anunt nr. CAN1051145
CAN1051161,NU,"Spitalul Judetan de Urgenta ""Mavromati"" Botosani",DEMECO S.R.L.,8400,valoare atribuita (SICAP/OpenTender (valori pe atribuire)),8400,SICAP/OpenTender (valori pe atribuire),8400,SICAP/OpenTender (valoare procedura),,,"Contract servicii de preluare,transport si eliminare finala a deseurilor rezultate din activitatea medicala",90524400,2021-02-23,24,2023-02-23,"ESTIMAT (24 luni, durata nepublicata)",,,,SICAP anunt nr. CAN1051161
112936-2021,DA,Spitalul Județean de Urgență Ploiești,Ekonational Distribution,2160000,valoare atribuita (TED F03 (II.1.7 valoarea totala a achizitiei)),2160000,TED F03 (II.1.7 valoarea totala a achizitiei),2160000,TED F03 (valoare estimata totala),,,Servicii de colectare și transport al deșeurilor spitalicești,90524400,2021-03-01,24,2023-03-01,"ESTIMAT (24 luni, durata nepublicata)",,,data = prima incheiere de contract publicata in TED,https://ted.europa.eu/en/notice/-/detail/112936-2021
CN1029086,NU,SPITALUL UNIVERSITAR DE URGENTA ELIAS,STERICYCLE ROMANIA S.R.L.,593280,valoare atribuita (SICAP/OpenTender (valori pe atribuire)),593280,SICAP/OpenTender (valori pe atribuire),593280,SICAP/OpenTender (valoare procedura),,,"Servicii de colectare, transport si eliminare finala a deseurilor medicale periculoase si servicii de colectare, manipulare, transport si de",90524400,2021-03-11,23.7,2023-03-02,"SICAP/OpenTender (durata publicata, zile)",,"acelasi spital a atribuit un contract nou aceluiasi castigator la 2021-08-23 (438069-2021), inainte de expirarea calculata => probabil inlocuit",2 randuri SICAP cu valoare identica (posibil loturi egale sau acord cu mai multi castigatori); valoarea numarata o singura data,SICAP anunt nr. CN1029086
147277-2021,DA,Ministerul Apărării – UM 02175 Constanța,Eco Fire Sistems S.R.L.,1881450,valoare maxima a acordului-cadru (TED F02 (valoare estimata totala)),327656,TED F03 (suma VAL_TOTAL pe contracte),1881450,TED F02 (valoare estimata totala),,DA,Achiziţionarea serviciilor de colectare din activitatea medicală conform caietului de sarcini,90524400,2021-03-16,12,2022-03-16,TED F02 (durata publicata),,,"valoarea procedurii din SICAP/OpenTender (32.765.570 RON) ignorata: de peste 20 de ori valoarea atribuita (probabil eroare de unitate); unitate militara cu profil de spital; data = prima incheiere de contract publicata in TED; cea mai mare valoare totala publicata dintre 5 anunturi de atribuire (din anuntul 174976-2022; valorile pe anunturi pot fi partiale sau cumulative); aceeasi procedura publicata si sub: 614430-2020, 189250-2021, 321062-2021, 354579-2021, 519887-2021, 8198-2022, 174976-2022, CN1026682",https://ted.europa.eu/en/notice/-/detail/147277-2021
151799-2021,DA,"Spitalul Clinic de Boli Infecțioase „Sf. Parascheva”, Iași",Stericycle România S.R.L.,2328252,valoare maxima a acordului-cadru (TED F02 (valoare estimata totala)),330857,TED F03 (suma VAL_TOTAL pe contracte),2328252,TED F02 (valoare estimata totala),,DA,"Acord-cadru de prestari servicii de colectare, transport, tratare și eliminare deșeuri medicale periculoase în cadrul Spitalului Clinic de B",90524400,2021-03-22,24,2023-03-22,TED F02 (durata publicata),,,data = prima incheiere de contract publicata in TED; valoare atribuita din anuntul 659708-2022; aceeasi procedura publicata si sub: 659708-2022,https://ted.europa.eu/en/notice/-/detail/151799-2021
CN1025447,NU,SPITALUL JUDETEAN DE URGENTA TARGOVISTE,STERICYCLE ROMANIA S.R.L.,,valoare nepublicata,,,,,,DA,"ACORD CADRU PRESTARE SERVICII DE COLECTARE, DE TRANSPORT ȘI DE ELIMINARE A DEȘEURILOR SPITALICEȘTI INCLUSIV FURNIZARE AMBALAJE DE COLECTARE",90524400,2021-03-23,35.5,2024-03-08,"SICAP/OpenTender (durata publicata, zile)",,"acelasi spital a atribuit un contract nou aceluiasi castigator la 2021-04-14 (CAN1054041), inainte de expirarea calculata => probabil inlocuit",,SICAP anunt nr. CN1025447
212264-2021,DA,Spitalul Județean de Urgență Deva,Ecologmed S.R.L. / Stericycle România S.R.L.,1440000,valoare maxima a acordului-cadru (TED F02 (valoare estimata totala)),331200,TED F03 (suma VAL_TOTAL pe contracte),1440000,TED F02 (valoare estimata totala),,DA,"Acord-cadru de furnizare servicii de colectare, de transport și de eliminare a deșeurilor spitalicești",90524400,2021-04-06,24,2023-04-06,TED F02 (durata publicata),,,"data = prima incheiere de contract publicata in TED; valoare atribuita din anuntul 257438-2021; aceeasi procedura publicata si sub: 41806-2021, 257438-2021, CN1027899",https://ted.europa.eu/en/notice/-/detail/212264-2021
CAN1053618,NU,SPITALUL MUNICIPAL MEDIAS,AKSD ROMANIA SRL,28803,valoare atribuita (SICAP/OpenTender (valori pe atribuire)),28803,SICAP/OpenTender (valori pe atribuire),,,,,"Contract prestari servicii de colectare, manipulare, transport si eliminare finala a deseurilor spitalicesti cu asigurare de recipienti pent",90524400,2021-04-07,24,2023-04-07,"ESTIMAT (24 luni, durata nepublicata)",,,valoarea procedurii din SICAP/OpenTender (2.880.276 RON) ignorata: de peste 20 de ori valoarea atribuita (probabil eroare de unitate),SICAP anunt nr. CAN1053618
CAN1053922,NU,SPITALUL JUDETEAN TG-JIU,STERICYCLE ROMANIA S.R.L.,100000,valoare atribuita (SICAP/OpenTender (valori pe atribuire)),100000,SICAP/OpenTender (valori pe atribuire),100000,SICAP/OpenTender (valoare procedura),,,"Servicii de colectare, transport si eliminare finala deseuri spitalicesti",90524000,2021-04-13,24,2023-04-13,"ESTIMAT (24 luni, durata nepublicata)",,,,SICAP anunt nr. CAN1053922
CAN1054041,NU,SPITALUL JUDETEAN DE URGENTA TARGOVISTE,STERICYCLE ROMANIA S.R.L.,214500,valoare atribuita (SICAP/OpenTender (valori pe atribuire)),214500,SICAP/OpenTender (valori pe atribuire),214500,SICAP/OpenTender (valoare procedura),,,"CONTRACT SERVICII DE COLECTARE, DE TRANSPORT ȘI DE ELIMINARE A DEȘEURILOR SPITALICEȘTI INCLUSIV FURNIZARE AMBALAJE DE COLECTARE.",90524400,2021-04-14,24,2023-04-14,"ESTIMAT (24 luni, durata nepublicata)",,"durata estimata; acelasi spital a atribuit un contract nou aceluiasi castigator la 2021-06-09 (337560-2021), inainte de expirarea calculata => probabil inlocuit",,SICAP anunt nr. CAN1054041
CN1026797,NU,"SPITALUL JUDETEAN DE URGENTA ""SF. PANTELIMON"" FOCSANI",ECO FIRE SISTEMS S.R.L.,,valoare nepublicata,,,,,,,"Servicii de Colectare , Transport si Eliminare Deseuri Spitalicesti",90524400,2021-04-18,47.3,2025-03-28,"SICAP/OpenTender (durata publicata, zile)",,,,SICAP anunt nr. CN1026797
251543-2021,DA,Spitalul Județean Târgu-Jiu,Stericycle România S.R.L.,2692800,valoare maxima a acordului-cadru (TED F02 (valoare estimata totala)),2349600,TED F03 (II.1.7 valoarea totala a achizitiei),2692800,TED F02 (valoare estimata totala),,DA,"Servicii de colectare, transport și eliminare finală a deșeurilor spitalicești",90524000,2021-04-22,48,2025-04-22,TED F02 (durata publicata),,,data = prima incheiere de contract publicata in TED; cea mai mare valoare totala publicata dintre 2 anunturi de atribuire (din anuntul 251543-2021; valorile pe anunturi pot fi partiale sau cumulative); aceeasi procedura publicata si sub: 530798-2021,https://ted.europa.eu/en/notice/-/detail/251543-2021
258164-2021,DA,Administrația Spitalelor și Serviciilor Medicale București,Best TDM Network,1751040,valoare maxima a acordului-cadru (TED F02 (valoare estimata totala)),1400832,TED F03 (II.1.7 valoarea totala a achizitiei),1751040,TED F02 (valoare estimata totala),,DA,"Servicii de colectare, transport, procesare și eliminare finală a deșeurilor medicale",90524400,2021-04-27,24,2023-04-27,TED F02 (durata publicata),,,"data = prima incheiere de contract publicata in TED; cea mai mare valoare totala publicata dintre 6 anunturi de atribuire (din anuntul 258164-2021; valorile pe anunturi pot fi partiale sau cumulative); aceeasi procedura publicata si sub: 82519-2021, 271824-2021, 315431-2021, 41390-2022, 312646-2022, 284292-2023",https://ted.europa.eu/en/notice/-/detail/258164-2021
285429-2021,DA,Spitalul Județean Giurgiu,Stericycle România S.R.L.,1260000,valoare maxima a acordului-cadru (TED F02 (valoare estimata totala)),1224000,TED F03 (II.1.7 valoarea totala a achizitiei),1260000,TED F02 (valoare estimata totala),,DA,"Servicii de colectare, de transport și de eliminare a deșeurilor spitalicești",90524400,2021-04-30,24,2023-04-30,TED F02 (durata publicata),,,data = prima incheiere de contract publicata in TED; aceeasi procedura publicata si sub: CN1029341,https://ted.europa.eu/en/notice/-/detail/285429-2021
233871-2021,DA,Spitalul Județean de Urgență Vâlcea,Stericycle Romania S.R.L.,2089044,valoare maxima a acordului-cadru (TED F02 (valoare estimata totala)),2060230,TED F03 (II.1.7 valoarea totala a achizitiei),2089044,TED F02 (valoare estimata totala),,DA,"Servicii de colectare, manipulare, transport şi eliminare a deşeurilor spitaliceşti",90524400,2021-05-04,24,2023-05-04,TED F02 (durata publicata),,contract publicat dupa data expirarii calculate (2023-08-11); durata este probabil subestimata,"data = prima incheiere de contract publicata in TED; cea mai mare valoare totala publicata dintre 6 anunturi de atribuire (din anuntul 233871-2021; valorile pe anunturi pot fi partiale sau cumulative); aceeasi procedura publicata si sub: 413827-2021, 595441-2021, 236989-2022, 435341-2022, 714974-2023",https://ted.europa.eu/en/notice/-/detail/233871-2021
CAN1055600,NU,Spitalul de Boli infectioase si Psihiatrie Baia Mare,AKSD ROMANIA SRL,74000,valoare atribuita (SICAP/OpenTender (valori pe atribuire)),74000,SICAP/OpenTender (valori pe atribuire),74000,SICAP/OpenTender (valoare procedura),,,"Achiziţie de servicii de „Colectare, transport şi eliminare a deşeurilor spitaliceşti” - 1984 - S.C. AKSD România S.R.L. - 23.03.2021",90524400,2021-05-07,24,2023-05-07,"ESTIMAT (24 luni, durata nepublicata)",,"durata estimata; acelasi spital a atribuit un contract nou aceluiasi castigator la 2021-08-24 (CAN1061521), inainte de expirarea calculata => probabil inlocuit",,SICAP anunt nr. CAN1055600
SCN1082487,NU,"SPITALUL MUNICIPAL ""SFINTII DOCTORI COSMA SI DAMIAN"" RADAUTI",DEMECO S.R.L.,618224,valoare atribuita (SICAP/OpenTender (valori pe atribuire)),618224,SICAP/OpenTender (valori pe atribuire),,,,,ACHIZITIE SERVICII ELIMINARE DESEURI SPITALICESTI,90524400,2021-05-08,35.5,2024-04-23,"SICAP/OpenTender (durata publicata, zile)",,,valoarea procedurii din SICAP/OpenTender (61.822.403 RON) ignorata: de peste 20 de ori valoarea atribuita (probabil eroare de unitate); inregistrarea SICAP contine un rand total si randuri pe loturi; totalul o singura data,SICAP anunt nr. SCN1082487
285574-2021,DA,Spitalul Județean de Urgență Slatina,Xtreme Ecoenergy Group S.R.L.,3792000,valoare maxima a acordului-cadru (TED F02 (valoare estimata totala)),3600000,TED F03 (II.1.7 valoarea totala a achizitiei),3792000,TED F02 (valoare estimata totala),,DA,"Servicii de colectare, transport și eliminare finală a deșeurilor spitalicești rezultate din activitatea medicală în perioada pandemiei de C",90524400,2021-05-31,24,2023-05-31,TED F02 (durata publicata),,,"data = prima incheiere de contract publicata in TED; cea mai mare valoare totala publicata dintre 6 anunturi de atribuire (din anuntul 285574-2021; valorile pe anunturi pot fi partiale sau cumulative); aceeasi procedura publicata si sub: 293858-2021, 69425-2022, 622301-2022, 42554-2023, 353221-2023",https://ted.europa.eu/en/notice/-/detail/285574-2021
315102-2021,DA,Institutul National de Gerontologie si Geriatrie ANA ASLAN,RER Ecologic Service București REBU / Stericycle România S.R.L.,1350000,valoare maxima a acordului-cadru (TED F02 (valoare estimata totala)),877440,TED F03 (II.1.7 valoarea totala a achizitiei),1350000,TED F02 (valoare estimata totala),,DA,"Servicii de colectare, manipulare, transport și depozitare deșeuri menajere; servicii de colectare, manipulare, transport și neutralizare de",90524400,2021-06-04,24,2023-06-04,TED F02 (durata publicata),,,data = prima incheiere de contract publicata in TED,https://ted.europa.eu/en/notice/-/detail/315102-2021
337560-2021,DA,Spitalul Județean de Urgență Târgoviște,Stericycle România S.R.L.,4773600,valoare maxima a acordului-cadru (TED F02 (valoare estimata totala)),4492800,TED F03 (II.1.7 valoarea totala a achizitiei),4773600,TED F02 (valoare estimata totala),,DA,"Acord-cadru prestare servicii de colectare, de transport și de eliminare a deșeurilor spitalicești, inclusiv furnizare ambalaje de colectare",90524400,2021-06-09,36,2024-06-09,TED F02 (durata publicata),,,data = prima incheiere de contract publicata in TED; aceeasi procedura publicata si sub: 499134-2020,https://ted.europa.eu/en/notice/-/detail/337560-2021
334323-2021,DA,Spitalul Clinic Colțea,Eco Burn S.R.L.,870264,valoare maxima a acordului-cadru (TED F02 (valoare estimata totala)),827064,TED F03 (II.1.7 valoarea totala a achizitiei),870264,TED F02 (valoare estimata totala),,DA,"Servicii de colectare, transport şi eliminare a deşeurilor periculoase medicale, lichide, ambalaje substanțe periculoase",90524400,2021-06-14,36,2024-06-14,TED F02 (durata publicata),,,data = prima incheiere de contract publicata in TED; cea mai mare valoare totala publicata dintre 2 anunturi de atribuire (din anuntul 334323-2021; valorile pe anunturi pot fi partiale sau cumulative); aceeasi procedura publicata si sub: 358197-2021,https://ted.europa.eu/en/notice/-/detail/334323-2021
337663-2021,DA,Institutul Regional de Oncologie Iași,Stericycle România S.R.L.,722125,valoare maxima a acordului-cadru (TED F02 (valoare estimata totala)),552962,TED F03 (II.1.7 valoarea totala a achizitiei),722125,TED F02 (valoare estimata totala),,DA,"Achiziție servicii de colectare, transport, neutralizare și eliminare finală a deșeurilor rezultate din activitatea IRO",90524400,2021-06-15,48,2025-06-15,TED F02 (durata publicata),,"acelasi spital a atribuit un contract nou aceluiasi castigator la 2021-07-11 (CN1028158), inainte de expirarea calculata => probabil inlocuit",data = prima incheiere de contract publicata in TED; cea mai mare valoare totala publicata dintre 2 anunturi de atribuire (din anuntul 337663-2021; valorile pe anunturi pot fi partiale sau cumulative); aceeasi procedura publicata si sub: 730099-2022,https://ted.europa.eu/en/notice/-/detail/337663-2021
367996-2021,DA,Unitatea Militară 0521 București,Perfect Curier S.R.L.,1314873,valoare maxima a acordului-cadru (TED F02 (valoare estimata totala)),1300263,TED F03 (II.1.7 valoarea totala a achizitiei),1314873,TED F02 (valoare estimata totala),,DA,"Prestarea serviciilor de colectare, transport și eliminare finală a deșeurilor periculoase",90524000,2021-06-17,36,2024-06-17,TED F02 (durata publicata),,,unitate militara cu profil de spital; data = prima incheiere de contract publicata in TED,https://ted.europa.eu/en/notice/-/detail/367996-2021
324343-2023,DA,Spitalul Clinic Judetean de Urgenta Craiova,DIVERS ECO TECH / Eco Burn,2365200,valoare maxima a acordului-cadru (TED F02 (valoare estimata totala)),2106000,TED F03 (II.1.7 valoarea totala a achizitiei),2365200,TED F02 (valoare estimata totala),,DA,"Acord- Cadru ""Servicii de colectare, de transport şi de eliminare a deşeurilor spitaliceşti inclusiv furnizare ambalaje de colectare""",90524400,2021-06-22,24,2023-06-22,TED F02 (durata publicata),,,data = prima incheiere de contract publicata in TED,https://ted.europa.eu/en/notice/-/detail/324343-2023
SCN1081811,NU,SPITALUL MUNICIPAL MEDIAS,STERICYCLE ROMANIA S.R.L.,,valoare nepublicata,,,,,,,"Servicii de colectare, manipulare, transport si eliminare finala a deseurilor spitalicesti cu asigurare de recipienti pentru colectare",90524400,2021-06-22,23.7,2023-06-13,"SICAP/OpenTender (durata publicata, zile)",,,,SICAP anunt nr. SCN1081811
SCNA1019130,NU,SPITALUL CLINIC DE RECUPERARE IASI,MONDECO S.R.L.,522788,valoare atribuita (SICAP/OpenTender (valori pe atribuire)),522788,SICAP/OpenTender (valori pe atribuire),,,,,"Servicii de colectare, transport si eliminare a deseurilor medicale periculoase",90524400,2021-06-25,23.7,2023-06-16,"SICAP/OpenTender (durata publicata, zile)",,,valoarea procedurii din SICAP/OpenTender (52.278.750 RON) ignorata: de peste 20 de ori valoarea atribuita (probabil eroare de unitate); inregistrarea SICAP contine un rand total si randuri pe loturi; totalul o singura data,SICAP anunt nr. SCNA1019130
334189-2021,DA,Spitalul Judeţean de Urgență Brăila,Eco Fire Sistems S.R.L.,8640000,valoare maxima a acordului-cadru (TED F02 (valoare estimata totala)),5976000,TED F03 (II.1.7 valoarea totala a achizitiei),8640000,TED F02 (valoare estimata totala),,DA,"Servicii de colectare, transport și eliminare finală a deșeurilor spitalicești",90524400,2021-06-28,48,2025-06-28,TED F02 (durata publicata),,,"data = prima incheiere de contract publicata in TED; aceeasi procedura publicata si sub: 131077-2021, CN1029187",https://ted.europa.eu/en/notice/-/detail/334189-2021
340475-2021,DA,Spitalul Universitar de Urgență Militar Central „Dr. Carol Davila”,Eco Burn S.R.L.,3082320,valoare maxima a acordului-cadru (TED F02 (valoare estimata totala)),2898000,TED F03 (II.1.7 valoarea totala a achizitiei),3082320,TED F02 (valoare estimata totala),,DA,"Serviciul de colectare, transport si eliminare deșeuri medicale (spitalicești) și serviciul de colectare, transport si eliminare deșeuri chi",90524400,2021-06-29,36,2024-06-29,TED F02 (durata publicata),,,unitate militara cu profil de spital; data = prima incheiere de contract publicata in TED; cea mai mare valoare totala publicata dintre 2 anunturi de atribuire (din anuntul 340475-2021; valorile pe anunturi pot fi partiale sau cumulative); aceeasi procedura publicata si sub: 72156-2022,https://ted.europa.eu/en/notice/-/detail/340475-2021
388619-2021,DA,Spitalul Municipal Câmpina,Eco Burn S.R.L.,650466,valoare maxima a acordului-cadru (TED F02 (valoare estimata totala)),613524,TED F03 (II.1.7 valoarea totala a achizitiei),650466,TED F02 (valoare estimata totala),,DA,"Servicii de colectare, transport și eliminare finală a deșeurilor medicale periculoase 2021-2023",90524400,2021-06-29,24,2023-06-29,TED F02 (durata publicata),,,data = prima incheiere de contract publicata in TED; aceeasi procedura publicata si sub: CN1030357,https://ted.europa.eu/en/notice/-/detail/388619-2021
CAN1058706,NU,Spitalul Judetean de Urgenta Miercurea Ciuc,VERTISA ENVIROMENTAL,52000,valoare atribuita (SICAP/OpenTender (valori pe atribuire)),52000,SICAP/OpenTender (valori pe atribuire),52000,SICAP/OpenTender (valoare procedura),,,"Servicii de colectare, de transport și de eliminare a deșeurilor spitalicești",90524100,2021-07-05,24,2023-07-05,"ESTIMAT (24 luni, durata nepublicata)",,,,SICAP anunt nr. CAN1058706
CN1028158,NU,Institutul Regional de Oncologie Iasi,STERICYCLE ROMANIA S.R.L.,192055,valoare atribuita (SICAP/OpenTender (valori pe atribuire)),192055,SICAP/OpenTender (valori pe atribuire),,,,,"ACHIZITIE SERVICII DE COLECTARE, TRANSPORT, NEUTRALIZARE SI ELIMINARE FINALA A DESEURILOR REZULTATE DIN ACTIVITATEA IRO",90524400,2021-07-11,47.3,2025-06-20,"SICAP/OpenTender (durata publicata, zile)",,,valoarea procedurii din SICAP/OpenTender (19.205.521 RON) ignorata: de peste 20 de ori valoarea atribuita (probabil eroare de unitate); 2 randuri SICAP cu valoare identica (posibil loturi egale sau acord cu mai multi castigatori); valoarea numarata o singura data,SICAP anunt nr. CN1028158
CAN1060264,NU,SPITALUL MUNICIPAL DE URGENTA MOINESTI,DEMECO S.R.L.,196000,valoare atribuita (SICAP/OpenTender (valori pe atribuire)),196000,SICAP/OpenTender (valori pe atribuire),196000,SICAP/OpenTender (valoare procedura),,,"SERVICII DE COLECTARE, DE TRANSPORT ȘI DE ELIMINARE A DEȘEURILOR SPITALICEȘTI",90524400,2021-08-03,24,2023-08-03,"ESTIMAT (24 luni, durata nepublicata)",,"durata estimata; acelasi spital a atribuit un contract nou aceluiasi castigator la 2022-04-11 (CAN1076794), inainte de expirarea calculata => probabil inlocuit",,SICAP anunt nr. CAN1060264
CAN1060269,NU,SPITALUL MUNICIPAL DE URGENTA MOINESTI,DEMECO S.R.L.,255000,valoare atribuita (SICAP/OpenTender (valori pe atribuire)),255000,SICAP/OpenTender (valori pe atribuire),255000,SICAP/OpenTender (valoare procedura),,,"SERVICII DE COLECTARE, DE TRANSPORT ȘI DE ELIMINARE A DEȘEURILOR SPITALICEȘTI 1",90524400,2021-08-03,24,2023-08-03,"ESTIMAT (24 luni, durata nepublicata)",,"durata estimata; acelasi spital a atribuit un contract nou aceluiasi castigator la 2022-04-11 (CAN1076794), inainte de expirarea calculata => probabil inlocuit",,SICAP anunt nr. CAN1060269
CAN1060273,NU,SPITALUL MUNICIPAL DE URGENTA MOINESTI,DEMECO S.R.L.,178500,valoare atribuita (SICAP/OpenTender (valori pe atribuire)),178500,SICAP/OpenTender (valori pe atribuire),178500,SICAP/OpenTender (valoare procedura),,,"Servicii de colectare, de transport si de eliminare a deșeurilor spitalicești 2",90524400,2021-08-03,24,2023-08-03,"ESTIMAT (24 luni, durata nepublicata)",,"durata estimata; acelasi spital a atribuit un contract nou aceluiasi castigator la 2022-04-11 (CAN1076794), inainte de expirarea calculata => probabil inlocuit",,SICAP anunt nr. CAN1060273
SCN1090751,NU,SPITALUL JUDETEAN DE URGENTA VASLUI,S.C. DEMECO S.R.L. S.R.L.,40500,valoare atribuita (SICAP/OpenTender (valori pe atribuire)),40500,SICAP/OpenTender (valori pe atribuire),40500,SICAP/OpenTender (valoare procedura),,,"Servicii de Colectare, Transport si Eliminare Deșeuri",90524400,2021-08-09,24,2023-08-09,"ESTIMAT (24 luni, durata nepublicata)",,,,SICAP anunt nr. SCN1090751
SCN1083765,NU,SPITALUL CLINIC DE BOLI INFECTIOASE BRASOV,AKSD ROMANIA SRL,53004,valoare atribuita (SICAP/OpenTender (valori pe atribuire)),53004,SICAP/OpenTender (valori pe atribuire),,,,,"Servicii de colectare, transport, eliminare finala a deseurilor medicale periculoase din activitatea medicala si eliminarea/neutralizarea su",90524400,2021-08-12,23.7,2023-08-03,"SICAP/OpenTender (durata publicata, zile)",,,valoarea procedurii din SICAP/OpenTender (5.300.355 RON) ignorata: de peste 20 de ori valoarea atribuita (probabil eroare de unitate); 2 randuri SICAP cu valoare identica (posibil loturi egale sau acord cu mai multi castigatori); valoarea numarata o singura data,SICAP anunt nr. SCN1083765
SCN1085096,NU,"Spitalul MUnicipal ""Anton Cincu"" Tecuci",ECO FIRE SISTEMS S.R.L.,,valoare nepublicata,,,,,,,"SERVICII DE COLECTARE ,TRANSPORT SI ELIMINARE FINALA A DESEURILOR SPITALICESTI",90524400,2021-08-17,23.7,2023-08-08,"SICAP/OpenTender (durata publicata, zile)",,,,SICAP anunt nr. SCN1085096
SCN1085582,NU,MINISTERUL APARARII - U.M 02460,STERICYCLE ROMANIA S.R.L.,325600,valoare atribuita (SICAP/OpenTender (valori pe atribuire)),325600,SICAP/OpenTender (valori pe atribuire),325600,SICAP/OpenTender (valoare procedura),,,"Servicii de colectare, transport, procesare si eliminare finala a deseurilor medicale cu livrare gratuita recipiente polipropilena/cutii car",90524400,2021-08-18,23.7,2023-08-09,"SICAP/OpenTender (durata publicata, zile)",,,unitate militara cu profil de spital; 2 randuri SICAP cu valoare identica (posibil loturi egale sau acord cu mai multi castigatori); valoarea numarata o singura data,SICAP anunt nr. SCN1085582
435315-2021,DA,SPITALUL MUNICIPAL DE URGENTA CARANSEBES,ECOLOGMED S.R.L.,928800,valoare maxima a acordului-cadru (TED F02 (valoare estimata totala)),883392,TED F03 (II.1.7 valoarea totala a achizitiei),928800,TED F02 (valoare estimata totala),,DA,"Acord-cadru de furnizare servicii de colectare, de transport și de eliminare finală a deșeurilor spitalicești",90524400,2021-08-20,24,2023-08-20,TED F02 (durata publicata),,,data = prima incheiere de contract publicata in TED; aceeasi procedura publicata si sub: 285066-2021,https://ted.europa.eu/en/notice/-/detail/435315-2021
438069-2021,DA,SPITALUL UNIVERSITAR DE URGENTA ELIAS,STERICYCLE ROMANIA S.R.L.,4670640,valoare maxima a acordului-cadru (TED F02 (valoare estimata totala)),3741696,TED F03 (II.1.7 valoarea totala a achizitiei),4670640,TED F02 (valoare estimata totala),,DA,"Servicii de colectare, transport si eliminare finala a deseurilor medicale periculoase si servicii de colectare, manipulare, transport si de",90524400,2021-08-23,24,2023-08-23,TED F02 (durata publicata),,,data = prima incheiere de contract publicata in TED; cea mai mare valoare totala publicata dintre 2 anunturi de atribuire (din anuntul 438069-2021; valorile pe anunturi pot fi partiale sau cumulative); aceeasi procedura publicata si sub: 544945-2021,https://ted.europa.eu/en/notice/-/detail/438069-2021
CAN1061521,NU,Spitalul de Boli infectioase si Psihiatrie Baia Mare,AKSD ROMANIA SRL,51800,valoare atribuita (SICAP/OpenTender (valori pe atribuire)),51800,SICAP/OpenTender (valori pe atribuire),51800,SICAP/OpenTender (valoare procedura),,,"Achiziţie de servicii de „Colectare, transport şi eliminare a deşeurilor spitaliceşti” - 2787- S.C. AKSD România S.R.L. - 29.04.2021",90524400,2021-08-24,24,2023-08-24,"ESTIMAT (24 luni, durata nepublicata)",,"durata estimata; acelasi spital a atribuit un contract nou aceluiasi castigator la 2021-08-25 (CAN1061599), inainte de expirarea calculata => probabil inlocuit",,SICAP anunt nr. CAN1061521
438087-2021,DA,"Spital Clinic Judetean de Urgenta ""Pius Brinzeu"" Timisoara",PRO AIR CLEAN ECOLOGIC,6528000,valoare maxima a acordului-cadru (TED F02 (valoare estimata totala)),6124800,TED F03 (II.1.7 valoarea totala a achizitiei),6528000,TED F02 (valoare estimata totala),,DA,"Acord-cadru de prestări servicii de colectare, de transport și de eliminare a deșeurilor periculoase",90524400,2021-08-25,48,2025-08-25,TED F02 (durata publicata),,"acelasi spital a atribuit un contract nou aceluiasi castigator la 2024-12-17 (CAN1138998), inainte de expirarea calculata => probabil inlocuit",data = prima incheiere de contract publicata in TED; aceeasi procedura publicata si sub: 306712-2021,https://ted.europa.eu/en/notice/-/detail/438087-2021
497277-2021,DA,SPITALUL MUNICIPAL MANGALIA,ECO FIRE SISTEMS S.R.L.,2052000,valoare maxima a acordului-cadru (TED F02 (valoare estimata totala)),2041200,TED F03 (II.1.7 valoarea totala a achizitiei),2052000,TED F02 (valoare estimata totala),,DA,"Servicii de colectare, transport și eliminare finală a deșeurilor spitalicești",90524400,2021-08-25,24,2023-08-25,TED F02 (durata publicata),,,data = prima incheiere de contract publicata in TED; aceeasi procedura publicata si sub: 183743-2021,https://ted.europa.eu/en/notice/-/detail/497277-2021
CAN1061599,NU,Spitalul de Boli infectioase si Psihiatrie Baia Mare,AKSD ROMANIA SRL,51800,valoare atribuita (SICAP/OpenTender (valori pe atribuire)),51800,SICAP/OpenTender (valori pe atribuire),51800,SICAP/OpenTender (valoare procedura),,,"Achiziţie de servicii de „Colectare, transport şi eliminare a deşeurilor spitaliceşti” - 3277 - S.C. AKSD România S.R.L. - 27.05.2021",90524400,2021-08-25,24,2023-08-25,"ESTIMAT (24 luni, durata nepublicata)",,,,SICAP anunt nr. CAN1061599
CAN1061907,NU,Spitalul Clinic Colentina,STERICYCLE ROMANIA S.R.L.,619500,valoare atribuita (SICAP/OpenTender (valori pe atribuire)),619500,SICAP/OpenTender (valori pe atribuire),619500,SICAP/OpenTender (valoare procedura),,,"Servicii de colectare, de transport, neutralizare si de eliminare a deseurilor spitalicesti cu furnizare de ambalaje",90524400,2021-08-30,24,2023-08-30,"ESTIMAT (24 luni, durata nepublicata)",,"durata estimata; acelasi spital a atribuit un contract nou aceluiasi castigator la 2021-12-30 (9300-2022), inainte de expirarea calculata => probabil inlocuit",,SICAP anunt nr. CAN1061907
483876-2021,DA,SPITALUL MUNICIPAL DR. ALEXANDRU SIMIONESCU HUNEDOARA,ECOLOGMED S.R.L.,2635776,valoare maxima a acordului-cadru (TED F02 (valoare estimata totala)),2174515,TED F03 (II.1.7 valoarea totala a achizitiei),2635776,TED F02 (valoare estimata totala),,DA,"Servicii de colectare, transport, procesare, neutralizare și eliminare finală a deșeurilor medicale periculoase",90524400,2021-09-01,48,2025-09-01,TED F02 (durata publicata),,,"data = prima incheiere de contract publicata in TED; aceeasi procedura publicata si sub: 320011-2021, CN1032038",https://ted.europa.eu/en/notice/-/detail/483876-2021
497405-2021,DA,SPITALUL CLINIC DE RECUPERARE IASI,DEMECO S.R.L. / STERICYCLE ROMANIA S.R.L.,8144328,valoare maxima a acordului-cadru (TED F02 (valoare estimata totala)),7619288,TED F03 (II.1.7 valoarea totala a achizitiei),8144328,TED F02 (valoare estimata totala),,DA,"Servicii de colectare, transport şi eliminare a deşeurilor rezultate din activitatile spitaliceşti.",90524400,2021-09-16,24,2023-09-16,TED F02 (durata publicata),,"acelasi spital a atribuit un contract nou aceluiasi castigator la 2023-09-12 (564268-2023), inainte de expirarea calculata => probabil inlocuit","data = prima incheiere de contract publicata in TED; cea mai mare valoare totala publicata dintre 6 anunturi de atribuire (din anuntul 125485-2023; valorile pe anunturi pot fi partiale sau cumulative); aceeasi procedura publicata si sub: 135866-2022, 327270-2022, 34806-2023, 125485-2023, 393176-2023, CN1054811",https://ted.europa.eu/en/notice/-/detail/497405-2021
542321-2021,DA,"SPITALUL JUDETEAN DE URGENTA""DR. CONSTANTIN OPRIS"" BAIA MARE",AKSD ROMANIA SRL,2184000,valoare maxima a acordului-cadru (TED F02 (valoare estimata totala)),2184000,TED F03 (II.1.7 valoarea totala a achizitiei),2184000,TED F02 (valoare estimata totala),,DA,"SERVICII DE COLECTARE, TRANSPORT, SI ELIMINARE FINALA A DESEURILOR PERICULOASE REZULTATE DIN ACTIVITATEA MEDICALA - 2021",90524400,2021-09-23,24,2023-09-23,TED F02 (durata publicata),,,data = prima incheiere de contract publicata in TED; aceeasi procedura publicata si sub: 401365-2021,https://ted.europa.eu/en/notice/-/detail/542321-2021
CAN1063148,NU,Spital Clinic Judetean de Urgenta Arad,STERICYCLE ROMANIA S.R.L.,233600,valoare atribuita (SICAP/OpenTender (valori pe atribuire)),233600,SICAP/OpenTender (valori pe atribuire),233600,SICAP/OpenTender (valoare procedura),,,"Achizitia de servicii colectare,transport si eliminare finala a deseurilor spitalicesti,",90524400,2021-09-23,24,2023-09-23,"ESTIMAT (24 luni, durata nepublicata)",,,,SICAP anunt nr. CAN1063148
CAN1063427,NU,"INSTITUTUL INIMII DE URGENTA PENTRU BOLI CARDIOVASCULARE""Niculae Stancioiu"" Cluj-Napoca",AKSD ROMANIA SRL,112500,valoare atribuita (SICAP/OpenTender (valori pe atribuire)),112500,SICAP/OpenTender (valori pe atribuire),112500,SICAP/OpenTender (valoare procedura),,,"Servicii integrate de colectare, transport şi eliminare finală a deşeurilor spitaliceşti",90524400,2021-09-28,24,2023-09-28,"ESTIMAT (24 luni, durata nepublicata)",,,,SICAP anunt nr. CAN1063427
524853-2021,DA,SPITALUL DE URGENTA TG-CARBUNESTI,STERICYCLE ROMANIA S.R.L.,1879200,valoare maxima a acordului-cadru (TED F02 (valoare estimata totala)),1628640,TED F03 (II.1.7 valoarea totala a achizitiei),1879200,TED F02 (valoare estimata totala),,DA,"Servicii de colectare, transport și eliminare deșeuri medicale",90524400,2021-10-07,36,2024-10-07,TED F02 (durata publicata),,,data = prima incheiere de contract publicata in TED; aceeasi procedura publicata si sub: 316912-2021,https://ted.europa.eu/en/notice/-/detail/524853-2021
CAN1064029,NU,"Spitalul Clinic de Urgenta pentru Copii ""Grigore Alexandrescu""",STERICYCLE ROMANIA S.R.L.,30000,valoare atribuita (SICAP/OpenTender (valori pe atribuire)),30000,SICAP/OpenTender (valori pe atribuire),30000,SICAP/OpenTender (valoare procedura),,,"Servicii de colectare, transport si eliminare finala a deseurilor medicale",90524400,2021-10-07,24,2023-10-07,"ESTIMAT (24 luni, durata nepublicata)",,"durata estimata; acelasi spital a atribuit un contract nou aceluiasi castigator la 2021-11-08 (CAN1066077), inainte de expirarea calculata => probabil inlocuit",,SICAP anunt nr. CAN1064029
CAN1064946,NU,SPITALUL CLINIC JUDETEAN MURES,AKSD ROMANIA SRL,172598,valoare atribuita (SICAP/OpenTender (valori pe atribuire)),172598,SICAP/OpenTender (valori pe atribuire),,,,,"Contract prestări servicii de colectare, de transport şi de eliminare a deşeurilor spitaliceşti",90524400,2021-10-25,24,2023-10-25,"ESTIMAT (24 luni, durata nepublicata)",,"durata estimata; acelasi spital a atribuit un contract nou aceluiasi castigator la 2021-12-22 (20643-2022), inainte de expirarea calculata => probabil inlocuit",valoarea procedurii din SICAP/OpenTender (17.259.840 RON) ignorata: de peste 20 de ori valoarea atribuita (probabil eroare de unitate),SICAP anunt nr. CAN1064946
CAN1066020,NU,Spital Clinic Judetean de Urgenta Arad,DEMECO S.R.L.,392000,valoare atribuita (SICAP/OpenTender (valori pe atribuire)),392000,SICAP/OpenTender (valori pe atribuire),392000,SICAP/OpenTender (valoare procedura),,,"Achizitia servicii de colectare, transport,si eliminare a deseurilor spitalicesti.",90524400,2021-11-08,24,2023-11-08,"ESTIMAT (24 luni, durata nepublicata)",,"durata estimata; acelasi spital a atribuit un contract nou aceluiasi castigator la 2022-01-20 (CAN1071642), inainte de expirarea calculata => probabil inlocuit",,SICAP anunt nr. CAN1066020
CAN1066077,NU,"Spitalul Clinic de Urgenta pentru Copii ""Grigore Alexandrescu""",STERICYCLE ROMANIA S.R.L.,32370,valoare atribuita (SICAP/OpenTender (valori pe atribuire)),32370,SICAP/OpenTender (valori pe atribuire),32370,SICAP/OpenTender (valoare procedura),,,"Servicii de colectare, transport si eliminare finala a deseurilor medicale",90524400,2021-11-08,24,2023-11-08,"ESTIMAT (24 luni, durata nepublicata)",,"durata estimata; acelasi spital a atribuit un contract nou aceluiasi castigator la 2021-12-07 (CAN1067908), inainte de expirarea calculata => probabil inlocuit",,SICAP anunt nr. CAN1066077
671068-2021,DA,Spitalul Judetean de Urgenta Slobozia,PRO AIR CLEAN / PRO AIR CLEAN ECOLOGIC,1267200,valoare maxima a acordului-cadru (TED F02 (valoare estimata totala)),921360,TED F03 (II.1.7 valoarea totala a achizitiei),1267200,TED F02 (valoare estimata totala),,DA,"Servicii de colectare, transport și eliminare a deșeurilor medicale periculoase și a deșeurilor chimice periculoase",90524400,2021-11-23,24,2023-11-23,TED F02 (durata publicata),,,data = prima incheiere de contract publicata in TED; aceeasi procedura publicata si sub: 124733-2021,https://ted.europa.eu/en/notice/-/detail/671068-2021
CAN1067908,NU,"Spitalul Clinic de Urgenta pentru Copii ""Grigore Alexandrescu""",STERICYCLE ROMANIA S.R.L.,32370,valoare atribuita (SICAP/OpenTender (valori pe atribuire)),32370,SICAP/OpenTender (valori pe atribuire),32370,SICAP/OpenTender (valoare procedura),,,"Servicii de colectare, transport si eliminare finala a deseurilor medicale",90524400,2021-12-07,24,2023-12-07,"ESTIMAT (24 luni, durata nepublicata)",,"durata estimata; acelasi spital a atribuit un contract nou aceluiasi castigator la 2022-01-14 (SCN1094175), inainte de expirarea calculata => probabil inlocuit",,SICAP anunt nr. CAN1067908
SCN1090211,NU,Spitalul Judetean de Urgenta Miercurea Ciuc,AKSD ROMANIA SRL,,valoare nepublicata,,,,,,DA,"Acord Cadru - Servicii de colectare, de transport și de eliminare a deșeurilor spitalicești",90524100,2021-12-09,23.7,2023-11-30,"SICAP/OpenTender (durata publicata, zile)",,,,SICAP anunt nr. SCN1090211
667640-2021,DA,"INSTITUTUL INIMII DE URGENTA PENTRU BOLI CARDIOVASCULARE""Niculae Stancioiu"" Cluj-Napoca",DEMECO S.R.L.,732960,valoare maxima a acordului-cadru (TED F02 (valoare estimata totala)),514080,TED F03 (II.1.7 valoarea totala a achizitiei),732960,TED F02 (valoare estimata totala),,DA,"Servicii integrate de colectare, transport ADR si eliminare prin incinerare a deseurilor medicale periculoase",90524400,2021-12-21,24,2023-12-21,TED F02 (durata publicata),,,data = prima incheiere de contract publicata in TED,https://ted.europa.eu/en/notice/-/detail/667640-2021
20643-2022,DA,SPITALUL CLINIC JUDETEAN MURES,AKSD ROMANIA SRL,2641080,valoare maxima a acordului-cadru (TED eForms BT-118 (valoarea maxima a acordului)),2641080,TED F03 (II.1.7 valoarea totala a achizitiei),2641080,TED eForms BT-118 (valoarea maxima a acordului),2641080,DA,"Acord cadru prestari SERVICII DE COLECTARE, DE TRANSPORT SI DE ELIMINARE A DESEURILOR",90524400,2021-12-22,36,2024-12-22,TED eForms (durata publicata),,,"data = prima incheiere de contract publicata in TED; cea mai mare valoare totala publicata dintre 16 anunturi de atribuire (din anuntul 20643-2022; valorile pe anunturi pot fi partiale sau cumulative); aceeasi procedura publicata si sub: 52543-2022, 233637-2022, 418580-2022, 608431-2022, 51052-2023, 247711-2023, 250433-2023, 443176-2023, 642264-2023, 658748-2023, 38334-2024, 29922-2024, 419469-2024, 209107-2024, 228444-2024, 621430-2024, 12570-2025",https://ted.europa.eu/en/notice/-/detail/20643-2022
CAN1069459,NU,SPITALUL CLINIC JUDETEAN DE URGENTA SF. APOSTOL ANDREI,ECO FIRE SISTEMS S.R.L.,258750,valoare atribuita (SICAP/OpenTender (valori pe atribuire)),258750,SICAP/OpenTender (valori pe atribuire),258750,SICAP/OpenTender (valoare procedura),,,"SERVICII DE COLECTARE,TRANSPORT, NEUTRALIZARE SI DISTRUGERE DESEURI BIOLOGICE PERICULOASE DE LA SEDIUL SCJU SI DE LA SECTIILE EXTERIOARE PEN",90524400,2021-12-27,24,2023-12-27,"ESTIMAT (24 luni, durata nepublicata)",,"durata estimata; acelasi spital a atribuit un contract nou aceluiasi castigator la 2022-02-07 (76628-2022), inainte de expirarea calculata => probabil inlocuit",,SICAP anunt nr. CAN1069459
14024-2022,DA,SPITALUL CLINIC JUDETEAN DE URGENTA SIBIU,STERICYCLE ROMANIA S.R.L.,2736000,valoare maxima a acordului-cadru (TED F02 (valoare estimata totala)),2079360,TED F03 (II.1.7 valoarea totala a achizitiei),2736000,TED F02 (valoare estimata totala),,DA,"Acord-cadru prestari servicii de colectare, transport si eliminare finala a deseurilor medicale",90524400,2021-12-30,24,2023-12-30,TED F02 (durata publicata),,,data = prima incheiere de contract publicata in TED; aceeasi procedura publicata si sub: 463875-2021,https://ted.europa.eu/en/notice/-/detail/14024-2022
9300-2022,DA,Spitalul Clinic Colentina,STERICYCLE ROMANIA S.R.L.,3360000,valoare maxima a acordului-cadru (TED F03 (valoare estimata totala)),2133600,TED F03 (II.1.7 valoarea totala a achizitiei),3360000,TED F03 (valoare estimata totala),,DA,"SERVICII DE COLECTARE, TRANSPORT SI ELIMINARE/NEUTRALIZARE DESEURI SPITALICESTI CU FURNIZARE DE AMBALAJE",90524400,2021-12-30,48,2025-12-30,TED F02 (durata publicata),,,data = prima incheiere de contract publicata in TED,https://ted.europa.eu/en/notice/-/detail/9300-2022
CN1038341,NU,Spitalul Clinic de Urgenta Bucuresti,STERICYCLE ROMANIA S.R.L.,,valoare nepublicata,,,,,,,"Servicii de colectare, transport, procesare si eliminare finala a deseurilor spitalicesti si a deseurilor lichide chimice",90524400,2022-01-07,47.3,2025-12-17,"SICAP/OpenTender (durata publicata, zile)",,"acelasi spital a atribuit un contract nou aceluiasi castigator la 2022-03-28 (640680-2022), inainte de expirarea calculata => probabil inlocuit",,SICAP anunt nr. CN1038341
SCN1093581,NU,SPITALUL CLINIC DE PEDIATRIE SIBIU,STERICYCLE ROMANIA S.R.L.,187793,valoare atribuita (SICAP/OpenTender (valori pe atribuire)),187793,SICAP/OpenTender (valori pe atribuire),,,,,"PRESTARI SERVICII DE COLECTARE, TRANSPORT SI ELIMINARE FINALA A DESEURILOR MEDICALEPRESTARI SERVICII DE COLECTARE, TRANSPORT SI ELIMINARE FI",90524400,2022-01-07,23.7,2023-12-29,"SICAP/OpenTender (durata publicata, zile)",,,valoarea procedurii din SICAP/OpenTender (18.779.280 RON) ignorata: de peste 20 de ori valoarea atribuita (probabil eroare de unitate); inregistrarea SICAP contine un rand total si randuri pe loturi; totalul o singura data,SICAP anunt nr. SCN1093581
SCN1094175,NU,"Spitalul Clinic de Urgenta pentru Copii ""Grigore Alexandrescu""",STERICYCLE ROMANIA S.R.L.,,valoare nepublicata,,,,,,DA,"Acord cadru de servicii de colectare, transport si eliminare finala a deseurilor medicale",90524400,2022-01-14,11.8,2023-01-08,"SICAP/OpenTender (durata publicata, zile)",,,,SICAP anunt nr. SCN1094175
52568-2022,DA,SPITALUL JUDETEAN SATU MARE,AKSD ROMANIA SRL / STERICYCLE ROMANIA S.R.L.,2534400,valoare maxima a acordului-cadru (TED F02 (valoare estimata totala)),1432200,TED F03 (suma VAL_TOTAL pe contracte),2534400,TED F02 (valoare estimata totala),2534400,DA,"SERVICII DE COLECTARE, TRANSPORT SI ELIMINARE FINALA A DESEURILOR SPITALICESTI",90524400,2022-01-18,36,2025-01-18,TED eForms (durata publicata),,,"data = prima incheiere de contract publicata in TED; cea mai mare valoare totala publicata dintre 2 anunturi de atribuire (din anuntul 94835-2023; valorile pe anunturi pot fi partiale sau cumulative); aceeasi procedura publicata si sub: 71898-2024, 78845-2024, 163898-2022, 94835-2023",https://ted.europa.eu/en/notice/-/detail/52568-2022
CAN1071642,NU,Spital Clinic Judetean de Urgenta Arad,DEMECO S.R.L.,640232,valoare atribuita (SICAP/OpenTender (valori pe atribuire)),640232,SICAP/OpenTender (valori pe atribuire),640232,SICAP/OpenTender (valoare procedura),,,"Servicii de colectare ,transport si eliminare a deseurilor spitalicesti.",90524400,2022-01-20,24,2024-01-20,"ESTIMAT (24 luni, durata nepublicata)",,,,SICAP anunt nr. CAN1071642
SCN1100086,NU,SPITALUL MUNICIPAL ADJUD,ECO FIRE SISTEMS S.R.L.,,valoare nepublicata,,,,,,,"Servicii de colectare, transport si eliminare finala a deseurilor spitalicesti",90524400,2022-01-20,23.7,2024-01-11,"SICAP/OpenTender (durata publicata, zile)",,,,SICAP anunt nr. SCN1100086
107209-2022,DA,Spitalul Judetean de Urgenta Alba Iulia,AKSD ROMANIA SRL,1780800,valoare maxima a acordului-cadru (TED F02 (valoare estimata totala)),1501920,TED F03 (II.1.7 valoarea totala a achizitiei),1780800,TED F02 (valoare estimata totala),,DA,"SERVICII DE COLECTARE, TRANSPORT ȘI ELIMINARE FINALĂ A DEȘEURILOR MEDICALE",90524400,2022-01-26,24,2024-01-26,TED F02 (durata publicata),,,data = prima incheiere de contract publicata in TED; aceeasi procedura publicata si sub: CN1034175,https://ted.europa.eu/en/notice/-/detail/107209-2022
69305-2022,DA,SPITALUL JUDETEAN DE URGENTA BISTRITA,DEMECO S.R.L.,6753600,valoare maxima a acordului-cadru (TED F02 (valoare estimata totala)),5947200,TED F03 (II.1.7 valoarea totala a achizitiei),6753600,TED F02 (valoare estimata totala),,DA,"Servicii de colectare, transport, procesare si eliminare finala a deseurilor spitalicesti",90524400,2022-01-31,48,2026-01-31,TED F02 (durata publicata),,,data = prima incheiere de contract publicata in TED; aceeasi procedura publicata si sub: 544731-2021,https://ted.europa.eu/en/notice/-/detail/69305-2022
CAN1072311,NU,Spitalul Clinic Colentina,Chemical Company S.A.,187000,valoare atribuita (SICAP/OpenTender (valori pe atribuire)),187000,SICAP/OpenTender (valori pe atribuire),187000,SICAP/OpenTender (valoare procedura),,,"CONTRACT DE PRESTARI SERVICII DE COLECTARE, TRANSPORT SI NEUTRALIZARE DESEURI CHIMICE PERICULOASE, TOXICE SI PRECURSOR CU FURNIZARE DE AMBAL",90524400,2022-02-02,24,2024-02-02,"ESTIMAT (24 luni, durata nepublicata)",,,,SICAP anunt nr. CAN1072311
76628-2022,DA,SPITALUL CLINIC JUDETEAN DE URGENTA SF. APOSTOL ANDREI,ECO FIRE SISTEMS S.R.L.,1872000,valoare maxima a acordului-cadru (TED F02 (valoare estimata totala)),1872000,TED F03 (II.1.7 valoarea totala a achizitiei),1872000,TED F02 (valoare estimata totala),,DA,"SERVICII DE COLECTARE,TRANSPORT, NEUTRALIZARE SI DISTRUGERE DESEURI BIOLOGICE PERICULOASE DE LA SEDIUL SCJU SI DE LA SECTIILE EXTERIOARE",90524400,2022-02-07,24,2024-02-07,TED F02 (durata publicata),,,data = prima incheiere de contract publicata in TED; cea mai mare valoare totala publicata dintre 2 anunturi de atribuire (din anuntul 274898-2023; valorile pe anunturi pot fi partiale sau cumulative); aceeasi procedura publicata si sub: 274898-2023,https://ted.europa.eu/en/notice/-/detail/76628-2022
147175-2022,DA,SPITALUL JUDETEAN DE URGENTA DROBETA TURNU SEVERIN,BIO HAZARD S.R.L. / COMPACT ECO SRL,3348000,valoare maxima a acordului-cadru (TED F02 (valoare estimata totala)),3672000,TED F03 (II.1.7 valoarea totala a achizitiei),3348000,TED F02 (valoare estimata totala),,DA,"Acord Cadru de prestari servicii de colectare, transport si eliminare finala a deseurilor periculoase (taietoare intepatoare infectioase; ch",90524400,2022-02-10,24,2024-02-10,TED F02 (durata publicata),,,titlul indica medicamente (CPV 33x publicat de autoritate); data = prima incheiere de contract publicata in TED; valoarea atribuita publicata depaseste valoarea maxima publicata (asa apar in anunturi),https://ted.europa.eu/en/notice/-/detail/147175-2022
106921-2022,DA,"Spitalul Universitar de Urgenta Militar Central ""Dr. Carol Davila""",DEMECO S.R.L. / STERICYCLE ROMANIA S.R.L.,2700000,valoare maxima a acordului-cadru (TED eForms BT-118 (valoarea maxima a acordului)),2411530,TED eForms (valoarea totala a rezultatului),2700000,TED eForms BT-118 (valoarea maxima a acordului),2736000,DA,"Serviciul de colectare, transport si eliminare deseuri medicale (spitalicesti)",90524400,2022-02-14,24,2024-02-14,TED eForms (durata publicata),,,"unitate militara cu profil de spital; data = prima incheiere de contract publicata in TED; cea mai mare valoare totala publicata dintre 6 anunturi de atribuire (din anuntul 793364-2024; valorile pe anunturi pot fi partiale sau cumulative); aceeasi procedura publicata si sub: 662342-2021, 404197-2022, 485277-2022, 277088-2023, 561644-2023, 784201-2024, 793364-2024",https://ted.europa.eu/en/notice/-/detail/106921-2022
CAN1073441,NU,Spitalul Judetean de Urgenta Tulcea,LUXURY ESTETIQ,269910,valoare atribuita (SICAP/OpenTender (valori pe atribuire)),269910,SICAP/OpenTender (valori pe atribuire),269910,SICAP/OpenTender (valoare procedura),,,"Servicii de colectare, de transport, procesare si de eliminare a deseurilor periculoare",90524400,2022-02-21,24,2024-02-21,"ESTIMAT (24 luni, durata nepublicata)",,,,SICAP anunt nr. CAN1073441
SCN1096879,NU,Spitalul de Pediatrie Pitesti,STERICYCLE ROMANIA S.R.L.,205200,valoare atribuita (SICAP/OpenTender (valori pe atribuire)),205200,SICAP/OpenTender (valori pe atribuire),205200,SICAP/OpenTender (valoare procedura),,,"SERVICII DE COLECTARE, TRANSPORT SI ELIMINARE FINALA A DESEURILOR MEDICALE",90524100,2022-03-01,23.7,2024-02-20,"SICAP/OpenTender (durata publicata, zile)",,,inregistrarea SICAP contine un rand total si randuri pe loturi; totalul o singura data,SICAP anunt nr. SCN1096879
130020-2022,DA,Spitalul Clinic de Urgenta Bagdasar-Arseni,STERICYCLE ROMANIA S.R.L.,2505600,valoare maxima a acordului-cadru (TED F02 (valoare estimata totala)),2304000,TED F03 (II.1.7 valoarea totala a achizitiei),2505600,TED F02 (valoare estimata totala),,DA,"SERVICII DE COLECTARE, TRANSPORT ȘI ELIMINARE DEȘEURI SPITALICEȘTI, CU FURNIZARE DE AMBALAJE",90524400,2022-03-07,24,2024-03-07,TED F02 (durata publicata),,,data = prima incheiere de contract publicata in TED; aceeasi procedura publicata si sub: 624706-2021,https://ted.europa.eu/en/notice/-/detail/130020-2022
SCN1098938,NU,SPITALUL MUNICIPAL LUPENI,STERICYCLE ROMANIA S.R.L.,602713,valoare atribuita (SICAP/OpenTender (valori pe atribuire)),602713,SICAP/OpenTender (valori pe atribuire),,,,,"SERVICII DE COLECTARE, DE TRANSPORT SI DE ELIMINARE A DESEURILOR MEDICALE",90524000,2022-03-10,23.7,2024-02-29,"SICAP/OpenTender (durata publicata, zile)",,,valoarea procedurii din SICAP/OpenTender (60.271.265 RON) ignorata: de peste 20 de ori valoarea atribuita (probabil eroare de unitate); inregistrarea SICAP contine un rand total si randuri pe loturi; totalul o singura data,SICAP anunt nr. SCN1098938
171118-2022,DA,SPITALUL CLINIC DE URGENTA SF.IOAN,SERVICII SALUBRITATE BUCURESTI / STERICYCLE ROMANIA S.R.L.,2400000,valoare maxima a acordului-cadru (TED F02 (valoare estimata totala)),2122464,TED F03 (II.1.7 valoarea totala a achizitiei),2400000,TED F02 (valoare estimata totala),,DA,"ACORD CADRU SERVICII DE COLECTARE, TRANSPORT SI ELIMINARE DESEURI",90524400,2022-03-28,24,2024-03-28,TED F02 (durata publicata),,,data = prima incheiere de contract publicata in TED,https://ted.europa.eu/en/notice/-/detail/171118-2022
640680-2022,DA,Spitalul Clinic de Urgenta Bucuresti,STERICYCLE ROMANIA S.R.L.,10101120,valoare maxima a acordului-cadru (TED F02 (valoare estimata totala)),7439808,TED F03 (II.1.7 valoarea totala a achizitiei),10101120,TED F02 (valoare estimata totala),,DA,"Servicii de colectare, transport, procesare si eliminare finala a deseurilor spitalicesti si a deseurilor lichide chimice",90524400,2022-03-28,48,2026-03-28,TED F02 (durata publicata),,,data = prima incheiere de contract publicata in TED,https://ted.europa.eu/en/notice/-/detail/640680-2022
CAN1076794,NU,SPITALUL MUNICIPAL DE URGENTA MOINESTI,DEMECO S.R.L.,280800,valoare atribuita (SICAP/OpenTender (valori pe atribuire)),280800,SICAP/OpenTender (valori pe atribuire),280800,SICAP/OpenTender (valoare procedura),,,"Servicii de colectare, de transport si de eliminare a deșeurilor spitalicești I",90524400,2022-04-11,24,2024-04-11,"ESTIMAT (24 luni, durata nepublicata)",,"durata estimata; acelasi spital a atribuit un contract nou aceluiasi castigator la 2022-08-03 (CAN1084416), inainte de expirarea calculata => probabil inlocuit",,SICAP anunt nr. CAN1076794
270851-2022,DA,Spital Clinic Judetean de Urgenta Arad,ALVI SERV / ECOLOGMED S.R.L. / STERICYCLE ROMANIA S.R.L.,10056446,valoare maxima a acordului-cadru (TED eForms BT-118 (valoarea maxima a acordului)),10056446,TED F03 (II.1.7 valoarea totala a achizitiei),10056446,TED eForms BT-118 (valoarea maxima a acordului),10930920,DA,"Servicii de colectare, de transport si de eliminare finala a deseurilor rezultate din activitatea medicala",90524400,2022-04-21,48,2026-04-21,TED eForms (durata publicata),,contract publicat dupa data expirarii calculate (2026-05-28); durata este probabil subestimata,"data = prima incheiere de contract publicata in TED; cea mai mare valoare totala publicata dintre 15 anunturi de atribuire (din anuntul 16849-2023; valorile pe anunturi pot fi partiale sau cumulative); aceeasi procedura publicata si sub: 315594-2024, 27430-2025, 312644-2024, 521584-2024, 113377-2025, 518411-2025, 92508-2026, 84903-2026, 160477-2026, 399272-2026, 285965-2022, 541724-2022, 16849-2023, 597861-2023",https://ted.europa.eu/en/notice/-/detail/270851-2022
260017-2022,DA,SPITALUL JUDETEAN DE URGENTA ZALAU,AKSD ROMANIA SRL,3358080,valoare maxima a acordului-cadru (TED F02 (valoare estimata totala)),3060000,TED F03 (II.1.7 valoarea totala a achizitiei),3358080,TED F02 (valoare estimata totala),,DA,"Servicii de colectare, manipulare, transport şi eliminare a deşeurilor spitaliceşti cu asigurare de recipienţi pentru colectare - 2022",90524400,2022-04-27,36,2025-04-27,TED F02 (durata publicata),,,"data = prima incheiere de contract publicata in TED; cea mai mare valoare totala publicata dintre 3 anunturi de atribuire (din anuntul 260017-2022; valorile pe anunturi pot fi partiale sau cumulative); aceeasi procedura publicata si sub: 277533-2022, 39146-2023",https://ted.europa.eu/en/notice/-/detail/260017-2022
316372-2022,DA,SPITALUL CLINIC JUDETEAN DE URGENTA SF.SPIRIDON IASI,DEMECO S.R.L.,1710780,valoare maxima a acordului-cadru (TED F02 (valoare estimata totala)),1538580,TED F03 (II.1.7 valoarea totala a achizitiei),1710780,TED F02 (valoare estimata totala),,DA,"Acord cadru ""Servicii de colectare, transport si eliminare finala a deseurilor provenite din activitatea spitalului""",90524400,2022-05-12,24,2024-05-12,TED F02 (durata publicata),,,data = prima incheiere de contract publicata in TED,https://ted.europa.eu/en/notice/-/detail/316372-2022
CN1037895,NU,"Institutul Național de Boli Infecțioase ""Prof. Dr. Matei Balș""",DEMECO S.R.L.,225000,valoare atribuita (SICAP/OpenTender (valori pe atribuire)),225000,SICAP/OpenTender (valori pe atribuire),225000,SICAP/OpenTender (valoare procedura),,,"Servicii de colectare, transport și eliminare deșeuri periculoase spitalicești",90524400,2022-05-26,35.5,2025-05-11,"SICAP/OpenTender (durata publicata, zile)",,"acelasi spital a atribuit un contract nou aceluiasi castigator la 2022-07-05 (376952-2022), inainte de expirarea calculata => probabil inlocuit",2 randuri SICAP cu valoare identica (posibil loturi egale sau acord cu mai multi castigatori); valoarea numarata o singura data,SICAP anunt nr. CN1037895
312569-2022,DA,Ministerul Apararii - U.M 02175 Constanta,ECO FIRE SISTEMS S.R.L.,1766300,valoare maxima a acordului-cadru (TED F02 (valoare estimata totala)),1761180,TED F03 (II.1.7 valoarea totala a achizitiei),1766300,TED F02 (valoare estimata totala),,DA,Achiziţionarea serviciilor de colectare din activitatea medicala conform caietului de sarcini( ACORD CADRU 12 LUNI),90524400,2022-06-06,12,2023-06-06,TED F02 (durata publicata),,,"unitate militara cu profil de spital; data = prima incheiere de contract publicata in TED; cea mai mare valoare totala publicata dintre 6 anunturi de atribuire (din anuntul 11268-2023; valorile pe anunturi pot fi partiale sau cumulative); aceeasi procedura publicata si sub: 152420-2022, 466594-2022, 11268-2023, 330913-2023, 542997-2023, 624529-2023, CN1040466",https://ted.europa.eu/en/notice/-/detail/312569-2022
687024-2022,DA,"Institutul Regional de Gastroenterologie-Hepatologie ""Prof. Dr. Octavian Fodor"" Cluj",AKSD ROMANIA SRL / STERICYCLE ROMANIA S.R.L. / VERTISA ENVIROMENTAL,1871136,valoare maxima a acordului-cadru (TED F02 (valoare estimata totala)),,,1871136,TED F02 (valoare estimata totala),,DA,"Servicii de colectare, transport și de eliminare deșeuri spitalicești inclusiv furnizare ambalaje de colectare",90524400,2022-06-06,24,2024-06-06,TED F02 (durata publicata),,,"data = prima incheiere de contract publicata in TED; aceeasi procedura publicata si sub: 667350-2021, CN1037945",https://ted.europa.eu/en/notice/-/detail/687024-2022
SCN1109127,NU,Spitalul Județean de Urgență Dr.Constantin Andreoiu Ploiești,EKONATIONAL DISTRIBUTION,243165,valoare atribuita (SICAP/OpenTender (valori pe atribuire)),243165,SICAP/OpenTender (valori pe atribuire),243165,SICAP/OpenTender (valoare procedura),,,"SERVICII DE COLECTARE, TRANSPORT SI ELIMNARE FINALA A DESEURILOR MEDICALE SI FURNIZARE AMBALAJE",90524400,2022-06-17,24,2024-06-17,"ESTIMAT (24 luni, durata nepublicata)",,,,SICAP anunt nr. SCN1109127
376952-2022,DA,"Institutul National de Boli Infectioase ""Prof. Dr. Matei Bals""",DEMECO S.R.L.,6480000,valoare maxima a acordului-cadru (TED F02 (valoare estimata totala)),4860000,TED F03 (II.1.7 valoarea totala a achizitiei),6480000,TED F02 (valoare estimata totala),,DA,"Servicii de colectare, transport și eliminare deșeuri periculoase spitalicești",90524400,2022-07-05,36,2025-07-05,TED F02 (durata publicata),,,data = prima incheiere de contract publicata in TED; cea mai mare valoare totala publicata dintre 2 anunturi de atribuire (din anuntul 376952-2022; valorile pe anunturi pot fi partiale sau cumulative); aceeasi procedura publicata si sub: 83556-2023,https://ted.europa.eu/en/notice/-/detail/376952-2022
CAN1082587,NU,Spitalul Clinic de Urgenta Bagdasar-Arseni,Perfect Curier S.R.L.,108000,valoare atribuita (SICAP/OpenTender (valori pe atribuire)),108000,SICAP/OpenTender (valori pe atribuire),108000,SICAP/OpenTender (valoare procedura),,,"Servicii de colectare,transport si eliminare deseuri spitalicesti cu furnizare de ambalaje pt.colectarea deseurilor medicale periculoase",90524400,2022-07-08,24,2024-07-08,"ESTIMAT (24 luni, durata nepublicata)",,,cea mai mare valoare totala publicata dintre 2 anunturi de atribuire (din anuntul CAN1082587; valorile pe anunturi pot fi partiale sau cumulative); aceeasi procedura publicata si sub: CAN1082611,SICAP anunt nr. CAN1082587
432853-2022,DA,Spitalul Judetean de Urgenta Tulcea,ECO FIRE SISTEMS S.R.L. / LUXURY ESTETIQ,4660800,valoare maxima a acordului-cadru (TED eForms (valoare estimata)),2499365,TED eForms (valoarea totala a rezultatului),4660800,TED eForms (valoare estimata),4660800,DA,"Servicii de colectare, de transport, procesare si de eliminare a deseurilor spitalicesti",90524400,2022-07-29,48,2026-07-29,TED eForms (durata publicata),,,"data = prima incheiere de contract publicata in TED; cea mai mare valoare totala publicata dintre 22 anunturi de atribuire (din anuntul 547294-2026; valorile pe anunturi pot fi partiale sau cumulative); aceeasi procedura publicata si sub: 506445-2022, 527325-2022, 615119-2022, 654954-2022, 12412-2023, 94491-2023, 159807-2023, 375285-2023, 534412-2023, 65808-2024, 81202-2024, 331330-2024, 232718-2024, 588711-2024, 106026-2025, 163662-2025, 292596-2025, 45251-2025, 58213-2025, 150424-2026, 823423-2025, 133184-2026, 211424-2026, 547294-2026",https://ted.europa.eu/en/notice/-/detail/432853-2022
CAN1084416,NU,SPITALUL MUNICIPAL DE URGENTA MOINESTI,DEMECO S.R.L.,308160,valoare atribuita (SICAP/OpenTender (valori pe atribuire)),308160,SICAP/OpenTender (valori pe atribuire),308160,SICAP/OpenTender (valoare procedura),,,"SERVICII DE COLECTARE, DE TRANSPORT ȘI DE ELIMINARE A DEȘEURILOR SPITALICEȘTI II",90524400,2022-08-03,24,2024-08-03,"ESTIMAT (24 luni, durata nepublicata)",,"durata estimata; acelasi spital a atribuit un contract nou aceluiasi castigator la 2022-11-16 (CAN1091990), inainte de expirarea calculata => probabil inlocuit",,SICAP anunt nr. CAN1084416
CAN1084419,NU,SPITALUL MUNICIPAL DE URGENTA MOINESTI,DEMECO S.R.L.,288000,valoare atribuita (SICAP/OpenTender (valori pe atribuire)),288000,SICAP/OpenTender (valori pe atribuire),288000,SICAP/OpenTender (valoare procedura),,,"SERVICII DE COLECTARE, DE TRANSPORT ȘI DE ELIMINARE A DEȘEURILOR SPITALICEȘTI III",90524400,2022-08-03,24,2024-08-03,"ESTIMAT (24 luni, durata nepublicata)",,"durata estimata; acelasi spital a atribuit un contract nou aceluiasi castigator la 2022-11-16 (CAN1091990), inainte de expirarea calculata => probabil inlocuit",,SICAP anunt nr. CAN1084419
492929-2022,DA,"Institutul de Pneumoftiziologie ""Marius Nasta""",STERICYCLE ROMANIA S.R.L.,966240,valoare maxima a acordului-cadru (TED eForms (suma valorilor maxime pe loturi)),9323360,TED eForms (valoarea totala a rezultatului),966240,TED eForms (suma valorilor maxime pe loturi),988200,DA,"Acord cadru prestari servicii colectare, transport si eliminare deseuri medicale periculoase si oncologice",90524400,2022-08-22,24,2024-08-22,TED eForms (durata publicata),,valoarea atribuita publicata depaseste de peste 2 ori valoarea maxima/estimata publicata; posibil eroare de publicare,"data = prima incheiere de contract publicata in TED; cea mai mare valoare totala publicata dintre 4 anunturi de atribuire (din anuntul 416968-2024; valorile pe anunturi pot fi partiale sau cumulative); aceeasi procedura publicata si sub: 23632-2024, 416968-2024, 686754-2022, 640476-2023; valoarea atribuita publicata depaseste valoarea maxima publicata (asa apar in anunturi)",https://ted.europa.eu/en/notice/-/detail/492929-2022
SCN1107376,NU,SPITALUL MUNICIPAL CAREI,STERICYCLE ROMANIA S.R.L.,62118,valoare maxima a acordului-cadru (SICAP/OpenTender (valoare procedura)),62118,SICAP/OpenTender (valori pe atribuire),62118,SICAP/OpenTender (valoare procedura),,DA,"Acord cadru de achiziție publică de servicii de colectare,de transport și eliminare a deșeurilor spitalicesti",90524400,2022-09-02,11.8,2023-08-27,"SICAP/OpenTender (durata publicata, zile)",,,2 randuri SICAP cu valoare identica (posibil loturi egale sau acord cu mai multi castigatori); valoarea numarata o singura data,SICAP anunt nr. SCN1107376
SCN1105785,NU,SPITALUL MUNICIPAL MEDGIDIA,VIVANI SALUBRITATE S.A.,,valoare nepublicata,,,,,,,"Servicii de colectare, transport si eliminare deseuri spitalicesti -24 luni",90524400,2022-09-06,23.7,2024-08-27,"SICAP/OpenTender (durata publicata, zile)",,,,SICAP anunt nr. SCN1105785
534936-2022,DA,Spitalul Clinic de Psihiatrie Prof. Dr. Alexandru Obregia,RER ECOLOGIC SERVICE BUCURESTI REBU S.A. / SERVICII SALUBRITATE BUCURESTI / STERICYCLE ROMANIA S.R.L.,1837151,valoare maxima a acordului-cadru (TED F02 (valoare estimata totala)),,,1837151,TED F02 (valoare estimata totala),,DA,"Servicii de colectare, transport si neutralizare/eliminare deseuri generate de Spitalul Clinic de Psihiatrie “Prof. Dr. Alexandru Obregia” s",90524000,2022-09-13,24,2024-09-13,TED F02 (durata publicata),,,data = prima incheiere de contract publicata in TED,https://ted.europa.eu/en/notice/-/detail/534936-2022
581400-2022,DA,"Spitalul Clinic Judetean de Urgenta""Sfantul Apostol Andrei""",ECO FIRE SISTEMS S.R.L.,2136000,valoare maxima a acordului-cadru (TED eForms (suma valorilor maxime pe loturi)),13083000,TED eForms (valoarea totala a rezultatului),2136000,TED eForms (suma valorilor maxime pe loturi),2880000,DA,"SERVICII DE COLECTARE,TRANSPORT SI ELIMINARE DESEURI MEDICALE",90524400,2022-09-27,24,2024-09-27,TED eForms (durata publicata),,valoarea atribuita publicata depaseste de peste 2 ori valoarea maxima/estimata publicata; posibil eroare de publicare,"data = prima incheiere de contract publicata in TED; cea mai mare valoare totala publicata dintre 5 anunturi de atribuire (din anuntul 389041-2024; valorile pe anunturi pot fi partiale sau cumulative); aceeasi procedura publicata si sub: 187412-2024, 389041-2024, 612038-2022, 18045-2023; valoarea atribuita publicata depaseste valoarea maxima publicata (asa apar in anunturi)",https://ted.europa.eu/en/notice/-/detail/581400-2022
SCN1110833,NU,SPITALUL CLINIC DR. C. I. PARHON,DEMECO S.R.L.,,valoare nepublicata,,,,,,,"SERVICII DE COLECTARE, TRANSPORT SI ELIMINARE DESEURI MEDICALE",90524400,2022-10-01,11.8,2023-09-25,"SICAP/OpenTender (durata publicata, zile)",,,,SICAP anunt nr. SCN1110833
CAN1034553,NU,"Institutul de Pneumoftiziologie ""Marius Nasta""",STERICYCLE ROMANIA S.R.L. / MEDILINE EXIM S.R.L. / ECOGREEN CONSTRUCT SRL,700000,valoare atribuita (SICAP/OpenTender (valori pe atribuire)),700000,SICAP/OpenTender (valori pe atribuire),175000,SICAP/OpenTender (valoare procedura),,,"Servicii de colectare, transport si eliminare deseuri",90524400,2022-10-09,23.7,2024-09-29,"SICAP/OpenTender (durata publicata, zile)",,valoarea atribuita publicata depaseste de peste 2 ori valoarea maxima/estimata publicata; posibil eroare de publicare,suma loturi; valoarea atribuita publicata depaseste valoarea maxima publicata (asa apar in anunturi),SICAP anunt nr. CAN1034553
SCN1107550,NU,SPITAL MUNICIPAL RAMNICU SARAT,STERICYCLE ROMANIA S.R.L.,535050,valoare atribuita (SICAP/OpenTender (valori pe atribuire)),535050,SICAP/OpenTender (valori pe atribuire),535050,SICAP/OpenTender (valoare procedura),,,"Servicii de colectare,transport si eliminare finala a deseurilor medicale",90524400,2022-10-09,23.7,2024-09-29,"SICAP/OpenTender (durata publicata, zile)",,,inregistrarea SICAP contine un rand total si randuri pe loturi; totalul o singura data,SICAP anunt nr. SCN1107550
687286-2023,DA,SPITALUL CLINIC DE URGENTA SF. PANTELIMON,DEMECO S.R.L. / SERVICII SALUBRITATE BUCURESTI,12303000,valoare maxima a acordului-cadru (TED F02 (valoare estimata totala)),8110206,TED F03 (II.1.7 valoarea totala a achizitiei),12303000,TED F02 (valoare estimata totala),,DA,"SERVICII COLECTARE, TRANSPORT SI ELIMINARE FINALA A DESEURILOR",90524400,2022-11-01,36,2025-11-01,TED F02 (durata publicata),,,"data = prima incheiere de contract publicata in TED; aceeasi procedura publicata si sub: 265523-2022, CN1042641",https://ted.europa.eu/en/notice/-/detail/687286-2023
CAN1091990,NU,SPITALUL MUNICIPAL DE URGENTA MOINESTI,DEMECO S.R.L.,280440,valoare atribuita (SICAP/OpenTender (valori pe atribuire)),280440,SICAP/OpenTender (valori pe atribuire),280440,SICAP/OpenTender (valoare procedura),,,"SERVICII DE COLECTARE, DE TRANSPORT ȘI DE ELIMINARE A DEȘEURILOR SPITALICEȘTI IV",90524400,2022-11-16,24,2024-11-16,"ESTIMAT (24 luni, durata nepublicata)",,"durata estimata; acelasi spital a atribuit un contract nou aceluiasi castigator la 2023-03-06 (CAN1099072), inainte de expirarea calculata => probabil inlocuit",,SICAP anunt nr. CAN1091990
329146-2023,DA,Spitalul Clinic Judetean de Urgenta Craiova,DIVERS ECO TECH,1305600,valoare maxima a acordului-cadru (TED F02 (valoare estimata totala)),862080,TED F03 (II.1.7 valoarea totala a achizitiei),1305600,TED F02 (valoare estimata totala),,DA,"Servicii de colectare, de transport şi de eliminare a deşeurilor spitaliceşti inclusiv furnizare ambalaje de colectare(deseuri nepericuloase",90524400,2022-12-28,24,2024-12-28,TED F02 (durata publicata),,"acelasi spital a atribuit un contract nou aceluiasi castigator la 2024-12-17 (563533-2025), inainte de expirarea calculata => probabil inlocuit","titlul indica deseuri NEPERICULOASE (CPV 90524x publicat de autoritate); data = prima incheiere de contract publicata in TED; aceeasi procedura publicata si sub: 544199-2022, CN1047778",https://ted.europa.eu/en/notice/-/detail/329146-2023
CAN1095596,NU,"Spitalul Clinic de Urgenta pentru Copii ""Grigore Alexandrescu""",STERICYCLE ROMANIA S.R.L.,47600,valoare atribuita (SICAP/OpenTender (valori pe atribuire)),47600,SICAP/OpenTender (valori pe atribuire),,,,,,90524400,2023-01-09,24,2025-01-09,"ESTIMAT (24 luni, durata nepublicata)",,"durata estimata; acelasi spital a atribuit un contract nou aceluiasi castigator la 2023-02-20 (CAN1098044), inainte de expirarea calculata => probabil inlocuit",,SICAP anunt nr. CAN1095596
SCN1120114,NU,SPITALUL JUDETEAN DE URGENTA VASLUI,S.C. DEMECO S.R.L. S.R.L. / ECO FIRE SISTEMS S.R.L.,378412,valoare atribuita (SICAP/OpenTender (valori pe atribuire)),378412,SICAP/OpenTender (valori pe atribuire),378412,SICAP/OpenTender (valoare procedura),,,"Servicii de Colectare, Preluare, Transport și Eliminare a Deșeurilor Medicale",90524400,2023-02-07,24,2025-02-07,"ESTIMAT (24 luni, durata nepublicata)",,,suma loturi,SICAP anunt nr. SCN1120114
CN1051782,NU,Institutul National de Neurologie si Boli Neurovasculare,STERICYCLE ROMANIA S.R.L.,,valoare nepublicata,,,,,,,,90524400,2023-02-09,24,2025-02-09,"ESTIMAT (24 luni, durata nepublicata)",,"durata estimata; acelasi spital a atribuit un contract nou aceluiasi castigator la 2023-03-31 (253252-2023), inainte de expirarea calculata => probabil inlocuit",,SICAP anunt nr. CN1051782
601624-2023,DA,SPITALUL JUDETEAN DE URGENTA PITESTI,STERICYCLE ROMANIA S.R.L.,1254000,valoare maxima a acordului-cadru (TED F02 (valoare estimata totala)),1209000,TED F03 (II.1.7 valoarea totala a achizitiei),1254000,TED F02 (valoare estimata totala),,DA,"Servicii de colectare , manipulare , transport si eliminare deseuri spitalicesti",90524400,2023-02-20,24,2025-02-20,TED F02 (durata publicata),,,data = prima incheiere de contract publicata in TED; aceeasi procedura publicata si sub: CN1050586,https://ted.europa.eu/en/notice/-/detail/601624-2023
CAN1098044,NU,"Spitalul Clinic de Urgenta pentru Copii ""Grigore Alexandrescu""",STERICYCLE ROMANIA S.R.L.,47600,valoare atribuita (SICAP/OpenTender (valori pe atribuire)),47600,SICAP/OpenTender (valori pe atribuire),,,,,,90524400,2023-02-20,24,2025-02-20,"ESTIMAT (24 luni, durata nepublicata)",,"durata estimata; acelasi spital a atribuit un contract nou aceluiasi castigator la 2023-03-07 (CAN1099209), inainte de expirarea calculata => probabil inlocuit",,SICAP anunt nr. CAN1098044
115195-2023,DA,"Institutul National de Boli Infectioase ""Prof. Dr. Matei Bals""",DEMECO S.R.L. / ECO FIRE SISTEMS S.R.L. / STERICYCLE ROMANIA S.R.L.,316872,valoare maxima a acordului-cadru (TED eForms BT-118 (valoarea maxima a acordului)),316872,TED F03 (II.1.7 valoarea totala a achizitiei),316872,TED eForms BT-118 (valoarea maxima a acordului),388800,DA,"Servicii de colectare, transport și eliminare deșeuri chimice lichide",90524400,2023-02-21,36,2026-02-21,TED eForms (durata publicata),,contract publicat dupa data expirarii calculate (2026-03-31); durata este probabil subestimata,"titlul indica deseuri CHIMICE (CPV 90524x publicat de autoritate); data = prima incheiere de contract publicata in TED; cea mai mare valoare totala publicata dintre 3 anunturi de atribuire (din anuntul 115195-2023; valorile pe anunturi pot fi partiale sau cumulative); aceeasi procedura publicata si sub: 19719-2026, 565971-2025, 236296-2026, CN1050028",https://ted.europa.eu/en/notice/-/detail/115195-2023
CAN1099072,NU,SPITALUL MUNICIPAL DE URGENTA MOINESTI,DEMECO S.R.L.,244800,valoare atribuita (SICAP/OpenTender (valori pe atribuire)),244800,SICAP/OpenTender (valori pe atribuire),244800,SICAP/OpenTender (valoare procedura),,,"Serviciile de colectare, transport si eliminare finala a deșeurilor medicale periculoase I",90524400,2023-03-06,24,2025-03-06,"ESTIMAT (24 luni, durata nepublicata)",,"durata estimata; acelasi spital a atribuit un contract nou aceluiasi castigator la 2023-08-02 (CAN1109035), inainte de expirarea calculata => probabil inlocuit",,SICAP anunt nr. CAN1099072
CAN1099209,NU,"Spitalul Clinic de Urgenta pentru Copii ""Grigore Alexandrescu""",STERICYCLE ROMANIA S.R.L.,47600,valoare atribuita (SICAP/OpenTender (valori pe atribuire)),47600,SICAP/OpenTender (valori pe atribuire),,,,,,90524400,2023-03-07,24,2025-03-07,"ESTIMAT (24 luni, durata nepublicata)",,"durata estimata; acelasi spital a atribuit un contract nou aceluiasi castigator la 2024-06-06 (CAN1127844), inainte de expirarea calculata => probabil inlocuit",,SICAP anunt nr. CAN1099209
175215-2023,DA,"SPITALUL JUDETEAN ""DR.FOGOLYAN KRISTOF""SFANTU GHEORGHE",AKSD ROMANIA SRL,1890000,valoare maxima a acordului-cadru (TED F02 (valoare estimata totala)),1209600,TED F03 (II.1.7 valoarea totala a achizitiei),1890000,TED F02 (valoare estimata totala),,DA,"Servicii de colectare, de transport si de eliminare a deseurilor spitalicesti ...",90524400,2023-03-10,24,2025-03-10,TED F02 (durata publicata),,,data = prima incheiere de contract publicata in TED,https://ted.europa.eu/en/notice/-/detail/175215-2023
292090-2023,DA,"SPITALUL JUDETEAN DE URGENTA""SFANTUL IOAN CEL NOU""SUCEAVA",DEMECO S.R.L.,2016000,valoare maxima a acordului-cadru (TED F02 (valoare estimata totala)),1920000,TED F03 (II.1.7 valoarea totala a achizitiei),2016000,TED F02 (valoare estimata totala),,DA,"Acord-cadru de achizitie publica de servicii avand ca obiect prestarea de servicii de preluare, transport si incinerare deşeuri periculoase",90524400,2023-03-22,24,2025-03-22,TED F02 (durata publicata),,,data = prima incheiere de contract publicata in TED; aceeasi procedura publicata si sub: 653258-2022,https://ted.europa.eu/en/notice/-/detail/292090-2023
253252-2023,DA,Institutul National de Neurologie si Boli Neurovasculare,STERICYCLE ROMANIA S.R.L.,954000,valoare maxima a acordului-cadru (TED F02 (valoare estimata totala)),534528,TED F03 (II.1.7 valoarea totala a achizitiei),954000,TED F02 (valoare estimata totala),,DA,"SERVICII DE COLECTARE, DE TRANSPORT SI DE ELIMINARE A DESEURILOR SPITALICESTI",90524400,2023-03-31,24,2025-03-31,TED F02 (durata publicata),,,data = prima incheiere de contract publicata in TED,https://ted.europa.eu/en/notice/-/detail/253252-2023
261454-2023,DA,Institutul Oncologic Prof. Dr. I. Chiricuta Cluj-Napoca,AKSD ROMANIA SRL,2106000,valoare maxima a acordului-cadru (TED eForms BT-118 (valoarea maxima a acordului)),2531295,TED eForms (valoarea totala a rezultatului),2106000,TED eForms BT-118 (valoarea maxima a acordului),2880000,DA,"Servicii de colectare, transport si distrugere deseuri medicale, toxice si periculoase",90524400,2023-04-10,36,2026-04-10,TED eForms (durata publicata),,,"data = prima incheiere de contract publicata in TED; cea mai mare valoare totala publicata dintre 11 anunturi de atribuire (din anuntul 530253-2026; valorile pe anunturi pot fi partiale sau cumulative); aceeasi procedura publicata si sub: 227549-2024, 427224-2024, 232016-2024, 603224-2024, 62028-2025, 257672-2025, 295523-2026, 530253-2026, 443958-2023, 605250-2023; valoarea atribuita publicata depaseste valoarea maxima publicata (asa apar in anunturi)",https://ted.europa.eu/en/notice/-/detail/261454-2023
CAN1102807,NU,SPITALUL JUDETEAN DE URGENTA BUZAU,STERICYCLE ROMANIA S.R.L.,278250,valoare atribuita (SICAP/OpenTender (valori pe atribuire)),278250,SICAP/OpenTender (valori pe atribuire),278250,SICAP/OpenTender (valoare procedura),,,"Servicii de colectare,transport si eliminare deseuri spitalicesti",90524400,2023-05-03,24,2025-05-03,"ESTIMAT (24 luni, durata nepublicata)",,,,SICAP anunt nr. CAN1102807
CN1055066,NU,Institutul de Boli Cardiovasculare Prof. Dr. I. M. Georgescu,DEMECO S.R.L.,,valoare nepublicata,,,,,,,,90524400,2023-05-12,24,2025-05-12,"ESTIMAT (24 luni, durata nepublicata)",,"durata estimata; acelasi spital a atribuit un contract nou aceluiasi castigator la 2023-08-04 (577078-2023), inainte de expirarea calculata => probabil inlocuit",,SICAP anunt nr. CN1055066
CN1050577,NU,Spitalul Clinic Judetean de Urgenta Targu.Mures,PROGREEN T.A.T,,valoare nepublicata,,,,,,DA,"Acord cadru de servicii de colectare, transport si de eliminare a deseurilor spitalicesti",90524400,2023-05-16,23.7,2025-05-06,"SICAP/OpenTender (durata publicata, zile)",,"acelasi spital a atribuit un contract nou aceluiasi castigator la 2023-12-22 (47579-2024), inainte de expirarea calculata => probabil inlocuit",,SICAP anunt nr. CN1050577
340982-2023,DA,SPITALUL JUDETEAN DE URGENTA BACAU,DEMECO S.R.L.,773603,valoare atribuita (TED F03 (II.1.7 valoarea totala a achizitiei)),773603,TED F03 (II.1.7 valoarea totala a achizitiei),773603,TED F03 (valoare estimata totala),,,"Servicii de colectare, transport și eliminare finală a deșeurilor rezultate din activitatea medicală",90524400,2023-06-06,24,2025-06-06,"ESTIMAT (24 luni, durata nepublicata)",,"durata estimata; acelasi spital a atribuit un contract nou aceluiasi castigator la 2023-08-02 (477828-2023), inainte de expirarea calculata => probabil inlocuit",data = prima incheiere de contract publicata in TED,https://ted.europa.eu/en/notice/-/detail/340982-2023
394899-2023,DA,SPITALUL JUDETEAN DE URGENTA BUZAU,PRO AIR CLEAN ECOLOGIC / VIVANI SALUBRITATE,5012657,valoare maxima a acordului-cadru (TED eForms BT-118 (valoarea maxima a acordului)),4694400,TED F03 (II.1.7 valoarea totala a achizitiei),5012657,TED eForms BT-118 (valoarea maxima a acordului),5913600,DA,"Servicii de colectare,transport ,decontaminare si eliminare finala a deseurilor spitalicesti",90524400,2023-06-12,48,2027-06-12,TED eForms (durata publicata),DA,,"data = prima incheiere de contract publicata in TED; aceeasi procedura publicata si sub: 541212-2022, 48812-2026",https://ted.europa.eu/en/notice/-/detail/394899-2023
482241-2023,DA,ADMINISTRATIA SPITALELOR SI SERVICIILOR MEDICALE BUCURESTI,BEST TDM NETWORK,2089920,valoare maxima a acordului-cadru (TED eForms BT-118 (valoarea maxima a acordului)),2089920,TED F03 (II.1.7 valoarea totala a achizitiei),2089920,TED eForms BT-118 (valoarea maxima a acordului),2612400,DA,"SERVICII DE COLECTARE, TRANSPORT, PROCESARE SI ELIMINARE FINALA A DESEURILOR REZULTATE DIN ACTIVITATI MEDICALE",90524400,2023-07-10,24,2025-07-10,TED eForms (durata publicata),,,"data = prima incheiere de contract publicata in TED; cea mai mare valoare totala publicata dintre 8 anunturi de atribuire (din anuntul 482241-2023; valorile pe anunturi pot fi partiale sau cumulative); aceeasi procedura publicata si sub: 177886-2023, 559990-2023, 643999-2023, 701720-2023, 635073-2024, 648645-2024, 715383-2024, 761688-2024",https://ted.europa.eu/en/notice/-/detail/482241-2023
CAN1108009,NU,Spitalul Clinic Municipal de Urgenta Timisoara,SC PRO AIR CLEAN ECOLOGIC SA,194220,valoare atribuita (SICAP/OpenTender (valori pe atribuire)),194220,SICAP/OpenTender (valori pe atribuire),194220,SICAP/OpenTender (valoare procedura),,,"COLECTARE ,TRANSPORT SI ELIMINARE FINALA PRIN INCINERARE DESEURI MEDICALE",90524400,2023-07-21,24,2025-07-21,"ESTIMAT (24 luni, durata nepublicata)",,"durata estimata; acelasi spital a atribuit un contract nou aceluiasi castigator la 2023-10-20 (654702-2023), inainte de expirarea calculata => probabil inlocuit",,SICAP anunt nr. CAN1108009
477828-2023,DA,SPITALUL JUDETEAN DE URGENTA BACAU,DEMECO S.R.L.,1380535,valoare maxima a acordului-cadru (TED eForms (suma valorilor maxime pe loturi)),1380535,TED F03 (II.1.7 valoarea totala a achizitiei),1380535,TED eForms (suma valorilor maxime pe loturi),,DA,"Servicii de colectare, transport și eliminare finală a deșeurilor rezultate din activitatea medicală",90524400,2023-08-02,12,2024-08-02,TED eForms (durata publicata),,,"data = prima incheiere de contract publicata in TED; cea mai mare valoare totala publicata dintre 2 anunturi de atribuire (din anuntul 477828-2023; valorile pe anunturi pot fi partiale sau cumulative); aceeasi procedura publicata si sub: 76025-2024, 81194-2024, 486801-2023",https://ted.europa.eu/en/notice/-/detail/477828-2023
CAN1109035,NU,SPITALUL MUNICIPAL DE URGENTA MOINESTI,DEMECO S.R.L.,150840,valoare atribuita (SICAP/OpenTender (valori pe atribuire)),150840,SICAP/OpenTender (valori pe atribuire),150840,SICAP/OpenTender (valoare procedura),,,"SERVICII DE COLECTARE, DE TRANSPORT ȘI DE ELIMINARE A DEȘEURILOR SPITALICEȘTI",90524400,2023-08-02,24,2025-08-02,"ESTIMAT (24 luni, durata nepublicata)",,"durata estimata; acelasi spital a atribuit un contract nou aceluiasi castigator la 2023-09-12 (CAN1111333), inainte de expirarea calculata => probabil inlocuit",,SICAP anunt nr. CAN1109035
577078-2023,DA,Institutul de Boli Cardiovasculare Prof. Dr. I. M. Georgescu,DEMECO S.R.L.,946575,valoare maxima a acordului-cadru (TED F02 (valoare estimata totala)),417475,TED F03 (II.1.7 valoarea totala a achizitiei),946575,TED F02 (valoare estimata totala),,DA,"Servicii de colectare, transport si eliminare finala a deseurilor medicale.",90524400,2023-08-04,24,2025-08-04,TED F02 (durata publicata),,,data = prima incheiere de contract publicata in TED,https://ted.europa.eu/en/notice/-/detail/577078-2023
CN1054086,NU,SPITALUL JUDETEAN DE URGENTA DEVA,STERICYCLE ROMANIA S.R.L.,,valoare nepublicata,,,,,,,,90524400,2023-08-11,24,2025-08-11,"ESTIMAT (24 luni, durata nepublicata)",,,,SICAP anunt nr. CN1054086
542575-2023,DA,"SPITALUL CLINIC DE URGENTA PENTRU COPII ,,Maria Sklodowska Curie""",STERICYCLE ROMANIA S.R.L.,800820,valoare maxima a acordului-cadru (TED F02 (valoare estimata totala)),781244,TED F03 (II.1.7 valoarea totala a achizitiei),800820,TED F02 (valoare estimata totala),,DA,"Servicii de colectare, transport si de eliminare finala a deseurilor spitalicesti",90524400,2023-08-17,24,2025-08-17,TED F02 (durata publicata),,,"data = prima incheiere de contract publicata in TED; cea mai mare valoare totala publicata dintre 2 anunturi de atribuire (din anuntul 542575-2023; valorile pe anunturi pot fi partiale sau cumulative); aceeasi procedura publicata si sub: 184492-2023, 551918-2023",https://ted.europa.eu/en/notice/-/detail/542575-2023
512864-2023,DA,SPITALUL JUDETEAN RESITA,ECOLOGMED S.R.L. / PRO AIR CLEAN ECOLOGIC,2232900,valoare maxima a acordului-cadru (TED F02 (valoare estimata totala)),1531674,TED eForms (valoarea totala a rezultatului),2232900,TED F02 (valoare estimata totala),2232900,DA,"ACORD-CADRU Servicii de colectare, transport si eliminare a deseurilor spitalicesti inclusiv furnizare ambalaje de colectare",90524400,2023-08-18,24,2025-08-18,TED eForms (durata publicata),,,"data = prima incheiere de contract publicata in TED; cea mai mare valoare totala publicata dintre 3 anunturi de atribuire (din anuntul 44022-2025; valorile pe anunturi pot fi partiale sau cumulative); aceeasi procedura publicata si sub: 89115-2024, 90765-2024, 33170-2025, 44022-2025, 590765-2023",https://ted.europa.eu/en/notice/-/detail/512864-2023
CAN1110011,NU,Spitalul de Boli infectioase si Psihiatrie Baia Mare,AKSD ROMANIA SRL,168000,valoare atribuita (SICAP/OpenTender (valori pe atribuire)),168000,SICAP/OpenTender (valori pe atribuire),168000,SICAP/OpenTender (valoare procedura),,,"Achiziţie de servicii de „Colectare, transport şi eliminare a deşeurilor spitaliceşti” - 1545 - S.C. AKSD România S.R.L. - 25.07.2023",90524400,2023-08-21,24,2025-08-21,"ESTIMAT (24 luni, durata nepublicata)",,"durata estimata; acelasi spital a atribuit un contract nou aceluiasi castigator la 2024-12-30 (CAN1139675), inainte de expirarea calculata => probabil inlocuit",,SICAP anunt nr. CAN1110011
CN1054780,NU,SPITALUL JUDETEAN DE URGENTA SLATINA,XTREME ECOENERGY GROUP SRL,300000,valoare atribuita (SICAP/OpenTender (valori pe atribuire)),300000,SICAP/OpenTender (valori pe atribuire),300000,SICAP/OpenTender (valoare procedura),,,"Servicii de colectare, transport si eliminare finala a deseurilor spitalicesti rezultate din activitatea medicala",90524400,2023-09-06,23.7,2025-08-27,"SICAP/OpenTender (durata publicata, zile)",,"acelasi spital a atribuit un contract nou aceluiasi castigator la 2023-10-20 (CAN1114154), inainte de expirarea calculata => probabil inlocuit",2 randuri SICAP cu valoare identica (posibil loturi egale sau acord cu mai multi castigatori); valoarea numarata o singura data,SICAP anunt nr. CN1054780
564268-2023,DA,SPITALUL CLINIC DE RECUPERARE IASI,DEMECO S.R.L. / STERICYCLE ROMANIA S.R.L.,2847288,valoare maxima a acordului-cadru (TED eForms BT-118 (valoarea maxima a acordului)),2847288,TED F03 (II.1.7 valoarea totala a achizitiei),2847288,TED eForms BT-118 (valoarea maxima a acordului),1881626,DA,"Servicii de colectare, transport şi eliminare a deşeurilor periculoase rezultate din activitatile medicale",90524400,2023-09-12,24,2025-09-12,TED eForms (durata publicata),,,"data = prima incheiere de contract publicata in TED; cea mai mare valoare totala publicata dintre 7 anunturi de atribuire (din anuntul 564268-2023; valorile pe anunturi pot fi partiale sau cumulative); aceeasi procedura publicata si sub: 144930-2024, 159800-2024, 289464-2024, 386626-2024, 116955-2025, 264883-2025, 342667-2025",https://ted.europa.eu/en/notice/-/detail/564268-2023
CAN1111333,NU,SPITALUL MUNICIPAL DE URGENTA MOINESTI,DEMECO S.R.L.,306000,valoare atribuita (SICAP/OpenTender (valori pe atribuire)),306000,SICAP/OpenTender (valori pe atribuire),306000,SICAP/OpenTender (valoare procedura),,,"SERVICII DE COLECTARE, DE TRANSPORT ȘI DE ELIMINARE A DEȘEURILOR SPITALICEȘTI II",90524400,2023-09-12,24,2025-09-12,"ESTIMAT (24 luni, durata nepublicata)",,"durata estimata; acelasi spital a atribuit un contract nou aceluiasi castigator la 2023-11-06 (CAN1115232), inainte de expirarea calculata => probabil inlocuit",,SICAP anunt nr. CAN1111333
CN1055639,NU,SPITALUL JUDETEAN DE URGENTA VALCEA,STERICYCLE ROMANIA S.R.L.,460694,valoare atribuita (SICAP/OpenTender (valori pe atribuire)),460694,SICAP/OpenTender (valori pe atribuire),,,,,,90524400,2023-09-29,24,2025-09-29,"ESTIMAT (24 luni, durata nepublicata)",,,2 randuri SICAP cu valoare identica (posibil loturi egale sau acord cu mai multi castigatori); valoarea numarata o singura data,SICAP anunt nr. CN1055639
672156-2023,DA,"SPITALUL JUDETEAN DE URGENTA CALARASI ""Dr. POMPEI SAMARIAN""",STERILECO,3152477,valoare maxima a acordului-cadru (TED eForms BT-118 (valoarea maxima a acordului)),3152477,TED F03 (II.1.7 valoarea totala a achizitiei),3152477,TED eForms BT-118 (valoarea maxima a acordului),4067712,DA,"Acord cadru de Servicii de colectare, transport, procesare si eliminare finala a deseurilor spitalicesti conform caiet de sarcini atasat in ",90524400,2023-10-10,48,2027-10-10,TED eForms (durata publicata),,,"data = prima incheiere de contract publicata in TED; cea mai mare valoare totala publicata dintre 5 anunturi de atribuire (din anuntul 672156-2023; valorile pe anunturi pot fi partiale sau cumulative); aceeasi procedura publicata si sub: 262748-2022, 689764-2023, 202737-2026, 208615-2026, 362310-2026",https://ted.europa.eu/en/notice/-/detail/672156-2023
654702-2023,DA,Spitalul Clinic Municipal de Urgenta Timisoara,PRO AIR CLEAN ECOLOGIC,2781120,valoare maxima a acordului-cadru (TED F02 (valoare estimata totala)),1426272,TED F03 (II.1.7 valoarea totala a achizitiei),2781120,TED F02 (valoare estimata totala),,DA,"COLECTARE ,TRANSPORT SI ELIMINARE FINALA PRIN INCINERARE DESEURI MEDICALE",90524400,2023-10-20,24,2025-10-20,TED F02 (durata publicata),,,"data = prima incheiere de contract publicata in TED; cea mai mare valoare totala publicata dintre 3 anunturi de atribuire (din anuntul 654702-2023; valorile pe anunturi pot fi partiale sau cumulative); aceeasi procedura publicata si sub: 305954-2023, 662969-2023, 697285-2023",https://ted.europa.eu/en/notice/-/detail/654702-2023
CAN1114154,NU,SPITALUL JUDETEAN DE URGENTA SLATINA,XTREME ECOENERGY GROUP SRL,375000,valoare atribuita (SICAP/OpenTender (valori pe atribuire)),375000,SICAP/OpenTender (valori pe atribuire),375000,SICAP/OpenTender (valoare procedura),,,"Achizitie servicii de coletare, transport si eliminare deseuri spitalicesti rezultate din activitatea medicala",90524400,2023-10-20,24,2025-10-20,"ESTIMAT (24 luni, durata nepublicata)",,"durata estimata; acelasi spital a atribuit un contract nou aceluiasi castigator la 2023-11-13 (706411-2023), inainte de expirarea calculata => probabil inlocuit",,SICAP anunt nr. CAN1114154
CN1060953,NU,"Spitalul de Boli Infectioase si Tropicale ""Dr. Victor Babes""",STERICYCLE ROMANIA S.R.L.,,valoare nepublicata,,,,,,,,90524400,2023-10-21,24,2025-10-21,"ESTIMAT (24 luni, durata nepublicata)",,,,SICAP anunt nr. CN1060953
CAN1115232,NU,SPITALUL MUNICIPAL DE URGENTA MOINESTI,DEMECO S.R.L.,232200,valoare atribuita (SICAP/OpenTender (valori pe atribuire)),232200,SICAP/OpenTender (valori pe atribuire),232200,SICAP/OpenTender (valoare procedura),,,"SERVICII DE COLECTARE, DE TRANSPORT, NEUTRALIZARE ȘI DE ELIMINARE A DEȘEURILOR SPITALICEȘTI IV",90524400,2023-11-06,24,2025-11-06,"ESTIMAT (24 luni, durata nepublicata)",,"durata estimata; acelasi spital a atribuit un contract nou aceluiasi castigator la 2024-03-07 (CAN1122247), inainte de expirarea calculata => probabil inlocuit",,SICAP anunt nr. CAN1115232
706411-2023,DA,SPITALUL JUDETEAN DE URGENTA SLATINA,XTREME ECOENERGY GROUP SRL,3600000,valoare maxima a acordului-cadru (TED eForms BT-118 (valoarea maxima a acordului)),3900000,TED eForms (valoarea totala a rezultatului),3600000,TED eForms BT-118 (valoarea maxima a acordului),3600000,DA,"servicii de colectare, transport si eliminare finala a deseurilor spitalicesti rezultate din activitatea medicala",90524400,2023-11-13,24,2025-11-13,TED eForms (durata publicata),,,"data = prima incheiere de contract publicata in TED; cea mai mare valoare totala publicata dintre 5 anunturi de atribuire (din anuntul 735858-2025; valorile pe anunturi pot fi partiale sau cumulative); aceeasi procedura publicata si sub: 265253-2023, 714517-2023, 68480-2025, 77050-2025, 735858-2025; valoarea atribuita publicata depaseste valoarea maxima publicata (asa apar in anunturi)",https://ted.europa.eu/en/notice/-/detail/706411-2023
334893-2024,DA,SPITALUL JUDETEAN DE URGENTA DEVA,Eco Burn / STERILECO,1349996,valoare maxima a acordului-cadru (TED eForms (suma valorilor maxime pe loturi)),,,1349996,TED eForms (suma valorilor maxime pe loturi),1670400,DA,"ACORD CADRU DE FURNIZARE SERVICII DE COLECTARE, DE TRANSPORT SI DE ELIMINARE A DESEURILOR SPITALICESTI",90524400,2023-11-22,24,2025-11-22,TED eForms (durata publicata),,,data = prima incheiere de contract publicata in TED,https://ted.europa.eu/en/notice/-/detail/334893-2024
112711-2024,DA,Spitalul Clinic Judetean de Urgenta Craiova,DIVERS ECO TECH,3040020,valoare maxima a acordului-cadru (TED eForms (suma valorilor maxime pe loturi)),,,3040020,TED eForms (suma valorilor maxime pe loturi),4389504,DA,"Servicii de colectare, de transport şi de eliminare a deşeurilor spitaliceşti inclusiv furnizare ambalaje de colectare",90524400,2023-12-13,24,2025-12-13,TED eForms (durata publicata),,"acelasi spital a atribuit un contract nou aceluiasi castigator la 2025-12-10 (636844-2026), inainte de expirarea calculata => probabil inlocuit",data = prima incheiere de contract publicata in TED,https://ted.europa.eu/en/notice/-/detail/112711-2024
26669-2024,DA,Spitalul Clinic de Boli Infectioase Constanta,ECO FIRE SISTEMS S.R.L.,1896000,valoare maxima a acordului-cadru (TED eForms (suma valorilor maxime pe loturi)),,,1896000,TED eForms (suma valorilor maxime pe loturi),1920000,DA,"SERVICII DE COLECTARE ,TRANSPORT SI ELIMINARE FINALA A DESEURILOR SPITALICESTI",90524400,2023-12-18,24,2025-12-18,TED eForms (durata publicata),,,data = prima incheiere de contract publicata in TED,https://ted.europa.eu/en/notice/-/detail/26669-2024
47579-2024,DA,Spitalul Clinic Judetean de Urgenta Targu.Mures,PROGREEN T.A.T,3238512,valoare maxima a acordului-cadru (TED eForms (suma valorilor maxime pe loturi)),,,3238512,TED eForms (suma valorilor maxime pe loturi),5113440,DA,"Acord cadru de servicii de colectare, transport si de eliminare a deseurilor spitalicesti",90524400,2023-12-22,24,2025-12-22,TED eForms (durata publicata),,,data = prima incheiere de contract publicata in TED,https://ted.europa.eu/en/notice/-/detail/47579-2024
CN1058748,NU,"SPITALUL JUDETEAN DE URGENTA""DR. CONSTANTIN OPRIS"" BAIA MARE",STERICYCLE ROMANIA S.R.L.,,valoare nepublicata,,,,,,,,90524400,2023-12-25,24,2025-12-25,"ESTIMAT (24 luni, durata nepublicata)",,,,SICAP anunt nr. CN1058748
35371-2024,DA,SPITALUL MUNICIPAL MANGALIA,ECO FIRE SISTEMS S.R.L.,1134000,valoare maxima a acordului-cadru (TED eForms (suma valorilor maxime pe loturi)),,,1134000,TED eForms (suma valorilor maxime pe loturi),2052000,DA,"Servicii de colectare, transport și eliminare finală a deșeurilor spitalicești",90524400,2023-12-27,24,2025-12-27,TED eForms (durata publicata),,,data = prima incheiere de contract publicata in TED,https://ted.europa.eu/en/notice/-/detail/35371-2024
7697-2024,DA,SPITALUL CLINIC JUDETEAN DE URGENTA SIBIU,STERILECO,2290032,valoare maxima a acordului-cadru (TED eForms (suma valorilor maxime pe loturi)),,,2290032,TED eForms (suma valorilor maxime pe loturi),2610144,DA,"Acord-cadru prestari servicii de colectare, transport si eliminare finala a deseurilor medicale",90524400,2023-12-27,24,2025-12-27,TED eForms (durata publicata),,,data = prima incheiere de contract publicata in TED,https://ted.europa.eu/en/notice/-/detail/7697-2024
SCN1131536,NU,Spitalulul Clinic de Ortopedie Traumatologie si TBC Osteoarticular Foisor,STERICYCLE ROMANIA S.R.L.,,valoare nepublicata,,,,,,,,90524400,2024-01-09,24,2026-01-09,"ESTIMAT (24 luni, durata nepublicata)",,,,SICAP anunt nr. SCN1131536
CAN1119995,NU,SPITALUL UNIVERSITAR DE URGENTA ELIAS,STERICYCLE ROMANIA S.R.L.,528000,valoare atribuita (SICAP/OpenTender (valori pe atribuire)),528000,SICAP/OpenTender (valori pe atribuire),528000,SICAP/OpenTender (valoare procedura),,,"Servicii de colectare, transport si eliminare finala a deseurilor medicale periculoase",90524400,2024-01-25,24,2026-01-25,"ESTIMAT (24 luni, durata nepublicata)",,,,SICAP anunt nr. CAN1119995
SCN1130912,NU,Ministerul Apararii - U.M 02175 Constanta,ECO FIRE SISTEMS S.R.L.,159775,valoare atribuita (SICAP/OpenTender (valori pe atribuire)),159775,SICAP/OpenTender (valori pe atribuire),159775,SICAP/OpenTender (valoare procedura),,,Colectare deseuri rezultate din activitatea medicala,90524400,2024-01-26,11.8,2025-01-19,"SICAP/OpenTender (durata publicata, zile)",,,unitate militara cu profil de spital; inregistrarea SICAP contine un rand total si randuri pe loturi; totalul o singura data,SICAP anunt nr. SCN1130912
CAN1120661,NU,Spitalul Judetean de Urgenta Miercurea Ciuc,VERTISA ENVIROMENTAL,167797,valoare atribuita (SICAP/OpenTender (valori pe atribuire)),167797,SICAP/OpenTender (valori pe atribuire),,,,DA,"Acord cadru de servicii de colectare, de transport și de eliminare a deșeurilor spitalicești",90524100,2024-02-06,24,2026-02-06,"ESTIMAT (24 luni, durata nepublicata)",,,valoarea procedurii din SICAP/OpenTender (16.779.677 RON) ignorata: de peste 20 de ori valoarea atribuita (probabil eroare de unitate),SICAP anunt nr. CAN1120661
SCN1133195,NU,MINISTERUL APARARII UM 02534 IASI,STERICYCLE ROMANIA S.R.L.,,valoare nepublicata,,,,,,,,90524400,2024-02-06,24,2026-02-06,"ESTIMAT (24 luni, durata nepublicata)",,,unitate militara cu profil de spital,SICAP anunt nr. SCN1133195
CN1059992,NU,Spitalul Clinic de Urgenta pentru Copii Cluj-Napoca,AKSD ROMANIA SRL,,valoare nepublicata,,,,,,,,90524400,2024-02-27,24,2026-02-27,"ESTIMAT (24 luni, durata nepublicata)",,"durata estimata; acelasi spital a atribuit un contract nou aceluiasi castigator la 2024-04-22 (247641-2024), inainte de expirarea calculata => probabil inlocuit",,SICAP anunt nr. CN1059992
151142-2024,DA,"SPITALUL JUDETEAN DE URGENTA""DR. CONSTANTIN OPRIS"" BAIA MARE",STERILECO,1999200,valoare maxima a acordului-cadru (TED eForms (suma valorilor maxime pe loturi)),,,1999200,TED eForms (suma valorilor maxime pe loturi),2184000,DA,"SERVICII DE COLECTARE, TRANSPORT, SI ELIMINARE FINALA A DESEURILOR PERICULOASE REZULTATE DIN ACTIVITATEA MEDICALA - 2023",90524400,2024-03-04,24,2026-03-04,TED eForms (durata publicata),,,data = prima incheiere de contract publicata in TED,https://ted.europa.eu/en/notice/-/detail/151142-2024
CAN1122203,NU,SPITALUL CLINIC JUDETEAN DE URGENTA CLUJ,STERICYCLE ROMANIA S.R.L.,300000,valoare atribuita (SICAP/OpenTender (valori pe atribuire)),300000,SICAP/OpenTender (valori pe atribuire),300000,SICAP/OpenTender (valoare procedura),,,"Servicii de colectare, transport si eliminare a deseurilor medicale (2)",90524400,2024-03-06,24,2026-03-06,"ESTIMAT (24 luni, durata nepublicata)",,"durata estimata; acelasi spital a atribuit un contract nou aceluiasi castigator la 2024-07-03 (CAN1129377), inainte de expirarea calculata => probabil inlocuit",,SICAP anunt nr. CAN1122203
CAN1122247,NU,SPITALUL MUNICIPAL DE URGENTA MOINESTI,DEMECO S.R.L.,286560,valoare atribuita (SICAP/OpenTender (valori pe atribuire)),286560,SICAP/OpenTender (valori pe atribuire),286560,SICAP/OpenTender (valoare procedura),,,"Serviciile de colectare, transport si eliminare finala a deșeurilor medicale periculoase",90524400,2024-03-07,24,2026-03-07,"ESTIMAT (24 luni, durata nepublicata)",,"durata estimata; acelasi spital a atribuit un contract nou aceluiasi castigator la 2024-07-10 (CAN1129814), inainte de expirarea calculata => probabil inlocuit",,SICAP anunt nr. CAN1122247
SCN1135341,NU,"Spitalul Clinic de Boli Infectioase ""Sf. Cuv. Parascheva"" Galati",ECO FIRE SISTEMS S.R.L.,,valoare nepublicata,,,,,,,,90524400,2024-03-14,24,2026-03-14,"ESTIMAT (24 luni, durata nepublicata)",,,,SICAP anunt nr. SCN1135341
173022-2024,DA,SPITALUL JUDETEAN DE URGENTA VALCEA,STERILECO,1368583,valoare maxima a acordului-cadru (TED eForms BT-118 (valoarea maxima a acordului)),1530755,TED eForms (valoarea totala a rezultatului),1368583,TED eForms BT-118 (valoarea maxima a acordului),1741200,DA,"Servicii de colectare, manipulare, transport şi eliminare a deşeurilor spitaliceşti-Acord cadru -24 luni",90524400,2024-03-15,24,2026-03-15,TED eForms (durata publicata),,,"data = prima incheiere de contract publicata in TED; cea mai mare valoare totala publicata dintre 4 anunturi de atribuire (din anuntul 277632-2026; valorile pe anunturi pot fi partiale sau cumulative); aceeasi procedura publicata si sub: 233718-2024, 86392-2025, 277632-2026, 92604-2026; valoarea atribuita publicata depaseste valoarea maxima publicata (asa apar in anunturi)",https://ted.europa.eu/en/notice/-/detail/173022-2024
184237-2024,DA,SPITALUL UNIVERSITAR DE URGENTA ELIAS,RER ECOLOGIC SERVICE BUCURESTI REBU / STERILECO,4064890,valoare maxima a acordului-cadru (TED eForms (suma valorilor maxime pe loturi)),,,4064890,TED eForms (suma valorilor maxime pe loturi),6467830,DA,"Servicii de colectare, transport si eliminare finala a deseurilor medicale periculoase (lot 1) si servicii de colectare, manipulare, transpo",90524400,2024-03-20,24,2026-03-20,TED eForms (durata publicata),,,data = prima incheiere de contract publicata in TED,https://ted.europa.eu/en/notice/-/detail/184237-2024
227729-2024,DA,SPITAL CLINIC JUDETEAN DE URGENTA BIHOR,STERILECO,5920000,valoare maxima a acordului-cadru (TED eForms BT-118 (valoarea maxima a acordului)),5033203,TED eForms (valoarea totala a rezultatului),5920000,TED eForms BT-118 (valoarea maxima a acordului),6480000,DA,Servicii de colectare transport si eliminare finala a deseurilor medicale,90524100,2024-03-22,48,2028-03-22,TED eForms (durata publicata),,,"data = prima incheiere de contract publicata in TED; cea mai mare valoare totala publicata dintre 2 anunturi de atribuire (din anuntul 267211-2026; valorile pe anunturi pot fi partiale sau cumulative); aceeasi procedura publicata si sub: 361979-2025, 267211-2026, 374010-2025",https://ted.europa.eu/en/notice/-/detail/227729-2024
CAN1124278,NU,SPITALUL CLINIC DE URGENTA SF. PANTELIMON,STERICYCLE ROMANIA S.R.L.,127950,valoare atribuita (SICAP/OpenTender (valori pe atribuire)),127950,SICAP/OpenTender (valori pe atribuire),127950,SICAP/OpenTender (valoare procedura),,,"COLECTARE, TRANSPORT SI ELIMINARE FINALA A DESEURILOR GENERATE DE SPITAL",90524400,2024-04-04,24,2026-04-04,"ESTIMAT (24 luni, durata nepublicata)",,,,SICAP anunt nr. CAN1124278
282937-2024,DA,SPITALUL JUDETEAN DE URGENTA DROBETA TURNU SEVERIN,STERILECO,3060000,valoare maxima a acordului-cadru (TED eForms (suma valorilor maxime pe loturi)),,,3060000,TED eForms (suma valorilor maxime pe loturi),3060000,DA,"Acord Cadru de prestari servicii de colectare, transport si eliminare finala a deseurilor periculoase (taietoare intepatoare infectioase; ch",90524400,2024-04-08,24,2026-04-08,TED eForms (durata publicata),,,titlul indica medicamente (CPV 33x publicat de autoritate); data = prima incheiere de contract publicata in TED,https://ted.europa.eu/en/notice/-/detail/282937-2024
CN1059329,NU,SPITAL CLINIC JUDETEAN DE URGENTA BIHOR,STERICYCLE ROMANIA S.R.L.,,valoare nepublicata,,,,,,,,90524100,2024-04-16,24,2026-04-16,"ESTIMAT (24 luni, durata nepublicata)",,,,SICAP anunt nr. CN1059329
247641-2024,DA,Spitalul Clinic de Urgenta pentru Copii Cluj-Napoca,AKSD ROMANIA SRL,944100,valoare maxima a acordului-cadru (TED eForms (suma valorilor maxime pe loturi)),,,944100,TED eForms (suma valorilor maxime pe loturi),1298700,DA,"Servicii de colectare, transport si eliminare a deseurilor spitalicesti",90524400,2024-04-22,36,2027-04-22,TED eForms (durata publicata),DA,,data = prima incheiere de contract publicata in TED,https://ted.europa.eu/en/notice/-/detail/247641-2024
SCN1135870,NU,"Institutul de Pneumoftiziologie ""Marius Nasta""",ECO FIRE SISTEMS S.R.L.,73728,valoare atribuita (SICAP/OpenTender (valori pe atribuire)),73728,SICAP/OpenTender (valori pe atribuire),73728,SICAP/OpenTender (valoare procedura),,,"Servicii de colectare, transport si neutralizare deseuri medicale",90524400,2024-04-26,24,2026-04-26,"ESTIMAT (24 luni, durata nepublicata)",,,,SICAP anunt nr. SCN1135870
301305-2024,DA,INSTITUTUL DE URGENTA PENTRU BOLI CARDIOVASCULARE SI TRANSPLANT TARGU MURES,PRO AIR CLEAN ECOLOGIC / VERTISA ENVIROMENTAL,1056000,valoare maxima a acordului-cadru (TED eForms (suma valorilor maxime pe loturi)),,,1056000,TED eForms (suma valorilor maxime pe loturi),1320000,DA,"Servicii de colectare, transport şi eliminarea deşeurilor spitaliceşti",90524400,2024-04-30,24,2026-04-30,TED eForms (durata publicata),,,data = prima incheiere de contract publicata in TED,https://ted.europa.eu/en/notice/-/detail/301305-2024
280027-2024,DA,Spitalul Clinic de Urgenta Bagdasar-Arseni,ECO FIRE SISTEMS S.R.L. / STERILECO / VIVANI SALUBRITATE,2260800,valoare maxima a acordului-cadru (TED eForms BT-118 (valoarea maxima a acordului)),538000,TED eForms (valoarea totala a rezultatului),2260800,TED eForms BT-118 (valoarea maxima a acordului),2304000,DA,"SERVICII DE COLECTARE, TRANSPORT SI ELIMINARE FINALĂ A DEȘEURILOR MEDICALE PERICULOASE, CU FURNIZARE DE AMBALAJE",90524400,2024-05-08,24,2026-05-08,TED eForms (durata publicata),,,data = prima incheiere de contract publicata in TED; valoare atribuita din anuntul 226450-2025; aceeasi procedura publicata si sub: 226450-2025,https://ted.europa.eu/en/notice/-/detail/280027-2024
CAN1126214,NU,SPITALUL JUDETEAN DE URGENTA VASLUI,DEMECO S.R.L.,173664,valoare atribuita (SICAP/OpenTender (valori pe atribuire)),173664,SICAP/OpenTender (valori pe atribuire),173664,SICAP/OpenTender (valoare procedura),,,"Servicii de colectare, de transport si de eliminare deseuri spitalicesti, Servicii de colectare, de trasport si eliminare deseuri menajere, ",90524400,2024-05-13,24,2026-05-13,"ESTIMAT (24 luni, durata nepublicata)",,,,SICAP anunt nr. CAN1126214
326863-2024,DA,"SPITALUL MUNICIPAL""SF.IERARH DR.LUCA"" ONESTI",DEMECO S.R.L.,492480,valoare atribuita (TED eForms (valoarea totala a rezultatului)),492480,TED eForms (valoarea totala a rezultatului),,,,,"Servicii de colectare, transport si eliminare finala a deseurilor medicale cu furnizare de ambalaje",90524400,2024-05-29,24,2026-05-29,TED eForms (durata publicata),,,data = prima incheiere de contract publicata in TED,https://ted.europa.eu/en/notice/-/detail/326863-2024
CAN1127844,NU,"Spitalul Clinic de Urgenta pentru Copii ""Grigore Alexandrescu""",STERICYCLE ROMANIA S.R.L.,43820,valoare atribuita (SICAP/OpenTender (valori pe atribuire)),43820,SICAP/OpenTender (valori pe atribuire),,,,,,90524400,2024-06-06,24,2026-06-06,"ESTIMAT (24 luni, durata nepublicata)",,"durata estimata; acelasi spital a atribuit un contract nou aceluiasi castigator la 2024-07-02 (CAN1129334), inainte de expirarea calculata => probabil inlocuit",,SICAP anunt nr. CAN1127844
427001-2024,DA,Spitalul Clinic de Pneumoftiziologie Victor Babes Craiova,STERILECO / VIVANI SALUBRITATE,1782277,valoare maxima a acordului-cadru (TED eForms BT-118 (valoarea maxima a acordului)),1442892,TED eForms (valoarea totala a rezultatului),1782277,TED eForms BT-118 (valoarea maxima a acordului),2315444,DA,"Acord - cadru de servicii de colectare, transport si eliminare a deseurilor spitalicesti",90524400,2024-06-17,24,2026-06-17,TED eForms (durata publicata),,,"data = prima incheiere de contract publicata in TED; cea mai mare valoare totala publicata dintre 4 anunturi de atribuire (din anuntul 524378-2026; valorile pe anunturi pot fi partiale sau cumulative); aceeasi procedura publicata si sub: 187328-2025, 431677-2024, 67185-2025, 524378-2026",https://ted.europa.eu/en/notice/-/detail/427001-2024
409378-2024,DA,SPITALUL CLINIC JUDETEAN DE URGENTA SF.SPIRIDON IASI,S.C. DEMECO S.R.L. S.R.L. / STERILECO,1955448,valoare maxima a acordului-cadru (TED eForms BT-118 (valoarea maxima a acordului)),460633,TED eForms (valoarea totala a rezultatului),1955448,TED eForms BT-118 (valoarea maxima a acordului),2102895,DA,"Acord cadru ""Servicii de colectare, transport si eliminare finala a deseurilor provenite din activitatea medicala""",90524400,2024-07-02,36,2027-07-02,TED eForms (durata publicata),DA,,"data = prima incheiere de contract publicata in TED; cea mai mare valoare totala publicata dintre 3 anunturi de atribuire (din anuntul 131163-2026; valorile pe anunturi pot fi partiale sau cumulative); aceeasi procedura publicata si sub: 364163-2025, 451135-2025, 131163-2026, CAN1129607",https://ted.europa.eu/en/notice/-/detail/409378-2024
CAN1129334,NU,"Spitalul Clinic de Urgenta pentru Copii ""Grigore Alexandrescu""",STERICYCLE ROMANIA S.R.L.,25200,valoare atribuita (SICAP/OpenTender (valori pe atribuire)),25200,SICAP/OpenTender (valori pe atribuire),,,,,,90524400,2024-07-02,24,2026-07-02,"ESTIMAT (24 luni, durata nepublicata)",,"durata estimata; acelasi spital a atribuit un contract nou aceluiasi castigator la 2024-10-16 (CAN1135152), inainte de expirarea calculata => probabil inlocuit",,SICAP anunt nr. CAN1129334
CAN1129377,NU,SPITALUL CLINIC JUDETEAN DE URGENTA CLUJ,STERICYCLE ROMANIA S.R.L.,150000,valoare atribuita (SICAP/OpenTender (valori pe atribuire)),150000,SICAP/OpenTender (valori pe atribuire),150000,SICAP/OpenTender (valoare procedura),,,"Servicii de colectare, transport si eliminare a deseurilor medicale (3)",90524400,2024-07-03,24,2026-07-03,"ESTIMAT (24 luni, durata nepublicata)",,"durata estimata; acelasi spital a atribuit un contract nou aceluiasi castigator la 2024-11-06 (CAN1136511), inainte de expirarea calculata => probabil inlocuit",,SICAP anunt nr. CAN1129377
SCN1109502,NU,"SPITALUL DE URGENTA AL MAI ""PROF. DR. DIMITRIE GEROTA""BUCURESTI",STERICYCLE ROMANIA S.R.L.,,valoare nepublicata,,,,,,,"Servicii de colectare, transport și eliminare deșeuri provenite din activități medicale",90524400,2024-07-04,23.7,2026-06-25,"SICAP/OpenTender (durata publicata, zile)",,,,SICAP anunt nr. SCN1109502
437866-2024,DA,"Spitalul de Boli Infectioase si Tropicale ""Dr. Victor Babes""",STERILECO,3789000,valoare maxima a acordului-cadru (TED eForms BT-118 (valoarea maxima a acordului)),,,3789000,TED eForms BT-118 (valoarea maxima a acordului),12576000,DA,"SERVICII DE COLECTARE, TRANSPORT, PROCESARE SI ELIMINARE FINALA DESEURILOR MEDICALE PERICULOASE, DESEURILOR CHIMICE (REZULTATE DIN ACTIVITAT",90524400,2024-07-08,36,2027-07-08,TED eForms (durata publicata),DA,,data = prima incheiere de contract publicata in TED,https://ted.europa.eu/en/notice/-/detail/437866-2024
CAN1129814,NU,SPITALUL MUNICIPAL DE URGENTA MOINESTI,DEMECO S.R.L.,310440,valoare atribuita (SICAP/OpenTender (valori pe atribuire)),310440,SICAP/OpenTender (valori pe atribuire),310440,SICAP/OpenTender (valoare procedura),,,"Serviciile de colectare, transport si eliminare finala a deșeurilor medicale periculoase I",90524400,2024-07-10,24,2026-07-10,"ESTIMAT (24 luni, durata nepublicata)",,"durata estimata; acelasi spital a atribuit un contract nou aceluiasi castigator la 2024-10-03 (CAN1134469), inainte de expirarea calculata => probabil inlocuit",,SICAP anunt nr. CAN1129814
444464-2024,DA,SPITALUL CLINIC JUDETEAN DE URGENTA CLUJ,AKSD ROMANIA SRL / PRO AIR CLEAN ECOLOGIC / STERILECO / VERTISA ENVIROMENTAL,7200000,valoare maxima a acordului-cadru (TED eForms BT-118 (valoarea maxima a acordului)),,,7200000,TED eForms BT-118 (valoarea maxima a acordului),7200000,DA,"Servicii de colectare, transport si eliminare a deseurilor medicale periculoase",90524400,2024-07-12,48,2028-07-12,TED eForms (durata publicata),,,data = prima incheiere de contract publicata in TED; aceeasi procedura publicata si sub: 566190-2025,https://ted.europa.eu/en/notice/-/detail/444464-2024
SCN1150795,NU,Spitalul Clinic de Psihiatrie Prof. Dr. Alexandru Obregia,STERICYCLE ROMANIA S.R.L. / ECO FIRE SISTEMS S.R.L.,144730,valoare atribuita (SICAP/OpenTender (valori pe atribuire)),144730,SICAP/OpenTender (valori pe atribuire),,,,,"Servicii de colectare, transport si neutralizare/incinerare/eliminare deseuri medicale periculoase si nepericuloase",90524000,2024-07-30,23.7,2026-07-21,"SICAP/OpenTender (durata publicata, zile)",,,titlul indica deseuri NEPERICULOASE (CPV 90524x publicat de autoritate); valoarea procedurii din SICAP/OpenTender (17.932.862 RON) ignorata: de peste 20 de ori valoarea atribuita (probabil eroare de unitate); 3 randuri SICAP cu valoare identica (posibil loturi egale sau acord cu mai multi castigatori); valoarea numarata o singura data,SICAP anunt nr. SCN1150795
CN1066408,NU,SPITALUL JUDETEAN DE URGENTA PIATRA NEAMT,VIVANI SALUBRITATE S.A.,,valoare nepublicata,,,,,,,,90524400,2024-08-16,24,2026-08-16,"ESTIMAT (24 luni, durata nepublicata)",,,,SICAP anunt nr. CN1066408
CAN1134469,NU,SPITALUL MUNICIPAL DE URGENTA MOINESTI,DEMECO S.R.L.,310440,valoare atribuita (SICAP/OpenTender (valori pe atribuire)),310440,SICAP/OpenTender (valori pe atribuire),310440,SICAP/OpenTender (valoare procedura),,,"Serviciile de colectare, transport si eliminare finala a deșeurilor medicale periculoase III",90524400,2024-10-03,24,2026-10-03,"ESTIMAT (24 luni, durata nepublicata)",DA,"durata estimata; acelasi spital a atribuit un contract nou aceluiasi castigator la 2024-11-13 (CAN1137044), inainte de expirarea calculata => probabil inlocuit",,SICAP anunt nr. CAN1134469
CAN1135152,NU,"Spitalul Clinic de Urgenta pentru Copii ""Grigore Alexandrescu""",STERICYCLE ROMANIA S.R.L.,43400,valoare atribuita (SICAP/OpenTender (valori pe atribuire)),43400,SICAP/OpenTender (valori pe atribuire),,,,,,90524400,2024-10-16,24,2026-10-16,"ESTIMAT (24 luni, durata nepublicata)",DA,,,SICAP anunt nr. CAN1135152
661084-2024,DA,"INSTITUTUL INIMII DE URGENTA PENTRU BOLI CARDIOVASCULARE""Niculae Stancioiu"" Cluj-Napoca",AKSD ROMANIA SRL,804000,valoare maxima a acordului-cadru (TED eForms BT-118 (valoarea maxima a acordului)),,,804000,TED eForms BT-118 (valoarea maxima a acordului),1255680,DA,"Servicii integrate de colectare, transport ADR si eliminare prin incinerare a deseurilor medicale periculoase",90524400,2024-10-29,48,2028-10-29,TED eForms (durata publicata),,,data = prima incheiere de contract publicata in TED,https://ted.europa.eu/en/notice/-/detail/661084-2024
SCNA1112859,NU,Spitalul Clinic de Obstetrica-Ginecologie Dr. I.A. Sbarcea Brasov,AKSD ROMANIA SRL,161043,valoare atribuita (SICAP/OpenTender (valori pe atribuire)),161043,SICAP/OpenTender (valori pe atribuire),,,,,,90524400,2024-11-04,24,2026-11-04,"ESTIMAT (24 luni, durata nepublicata)",DA,,2 randuri SICAP cu valoare identica (posibil loturi egale sau acord cu mai multi castigatori); valoarea numarata o singura data,SICAP anunt nr. SCNA1112859
CAN1136511,NU,SPITALUL CLINIC JUDETEAN DE URGENTA CLUJ,STERICYCLE ROMANIA S.R.L.,367000,valoare atribuita (SICAP/OpenTender (valori pe atribuire)),367000,SICAP/OpenTender (valori pe atribuire),367000,SICAP/OpenTender (valoare procedura),,,"Servicii de colectare, transport si eliminare a deseurilor medicale (4)",90524400,2024-11-06,24,2026-11-06,"ESTIMAT (24 luni, durata nepublicata)",DA,,,SICAP anunt nr. CAN1136511
CAN1137044,NU,SPITALUL MUNICIPAL DE URGENTA MOINESTI,DEMECO S.R.L.,334320,valoare atribuita (SICAP/OpenTender (valori pe atribuire)),334320,SICAP/OpenTender (valori pe atribuire),334320,SICAP/OpenTender (valoare procedura),,,"Serviciile de colectare, transport si eliminare finala a deșeurilor medicale periculoase IV",90524400,2024-11-13,24,2026-11-13,"ESTIMAT (24 luni, durata nepublicata)",DA,,,SICAP anunt nr. CAN1137044
733557-2024,DA,SPITALUL CLINIC DE URGENTA SF.IOAN,ECO FIRE SISTEMS S.R.L.,1730160,valoare maxima a acordului-cadru (TED eForms BT-118 (valoarea maxima a acordului)),,,1730160,TED eForms BT-118 (valoarea maxima a acordului),5382000,DA,"ACORD CADRU SERVICII DE COLECTARE, TRANSPORT SI ELIMINARE DESEURI",90524400,2024-11-29,36,2027-11-29,TED eForms (durata publicata),,,data = prima incheiere de contract publicata in TED; aceeasi procedura publicata si sub: 107566-2024,https://ted.europa.eu/en/notice/-/detail/733557-2024
563533-2025,DA,Spitalul Clinic Judetean de Urgenta Craiova,DIVERS ECO TECH,1872000,valoare maxima a acordului-cadru (TED eForms BT-118 (valoarea maxima a acordului)),,,1872000,TED eForms BT-118 (valoarea maxima a acordului),1872000,DA,"""Servicii de colectare, de transport şi de eliminare a deşeurilor spitaliceşti inclusiv furnizare ambalaje de colectare(deseuri nepericulase",90524400,2024-12-17,24,2026-12-17,TED eForms (durata publicata),DA,,titlul indica deseuri NEPERICULOASE (CPV 90524x publicat de autoritate); data = prima incheiere de contract publicata in TED,https://ted.europa.eu/en/notice/-/detail/563533-2025
CAN1138998,NU,"Spital Clinic Judetean de Urgenta ""Pius Brinzeu"" Timisoara",SC PRO AIR CLEAN ECOLOGIC SA,261000,valoare atribuita (SICAP/OpenTender (valori pe atribuire)),261000,SICAP/OpenTender (valori pe atribuire),,,,,,90524400,2024-12-17,24,2026-12-17,"ESTIMAT (24 luni, durata nepublicata)",DA,,,SICAP anunt nr. CAN1138998
301-2025,DA,SPITALUL JUDETEAN DE URGENTA PIATRA NEAMT,DEMECO S.R.L. / VIVANI SALUBRITATE,2151360,valoare maxima a acordului-cadru (TED eForms BT-118 (valoarea maxima a acordului)),,,2151360,TED eForms BT-118 (valoarea maxima a acordului),2380320,DA,"ACORD CADRU SERVICII DE COLECTARE, TRANSPORT SI ELIMINARE FINALA A DESEURILOR SPITALICESTI",90524400,2024-12-20,24,2026-12-20,TED eForms (durata publicata),DA,,data = prima incheiere de contract publicata in TED,https://ted.europa.eu/en/notice/-/detail/301-2025
CAN1139675,NU,Spitalul de Boli infectioase si Psihiatrie Baia Mare,AKSD ROMANIA SRL,48000,valoare atribuita (SICAP/OpenTender (valori pe atribuire)),48000,SICAP/OpenTender (valori pe atribuire),,,,,,90524400,2024-12-30,24,2026-12-30,"ESTIMAT (24 luni, durata nepublicata)",DA,,,SICAP anunt nr. CAN1139675
64999-2025,DA,SPITALUL CLINIC COLTEA,ECO FIRE SISTEMS S.R.L. / STERILECO S.R.L. / VIVANI SALUBRITATE S.A.,1034532,valoare maxima a acordului-cadru (TED eForms BT-118 (valoarea maxima a acordului)),3818700,TED eForms (valoarea totala a rezultatului),1034532,TED eForms BT-118 (valoarea maxima a acordului),1972980,DA,"SERVICII DE COLECTARE, TRANSPORT SI ELIMINARE FINALA DESEURI MEDICALE PERICULOASE CU FURNIZARE AMBALAJE",90524400,2025-01-29,36,2028-01-29,TED eForms (durata publicata),,valoarea atribuita publicata depaseste de peste 2 ori valoarea maxima/estimata publicata; posibil eroare de publicare,"data = prima incheiere de contract publicata in TED; cea mai mare valoare totala publicata dintre 7 anunturi de atribuire (din anuntul 76963-2026; valorile pe anunturi pot fi partiale sau cumulative); aceeasi procedura publicata si sub: 325779-2024, 115911-2025, 246101-2025, 435349-2025, 477538-2025, 55357-2026, 723356-2025, 76963-2026, CN1069532; valoarea atribuita publicata depaseste valoarea maxima publicata (asa apar in anunturi)",https://ted.europa.eu/en/notice/-/detail/64999-2025
165313-2025,DA,Spitalul Judetean de Urgenta Alba Iulia,PRO AIR CLEAN ECOLOGIC / VERTISA ENVIROMENTAL,2073600,valoare maxima a acordului-cadru (TED eForms BT-118 (valoarea maxima a acordului)),,,2073600,TED eForms BT-118 (valoarea maxima a acordului),2073600,DA,"SERVICII DE COLECTARE, TRANSPORT ȘI ELIMINARE FINALĂ A DEȘEURILOR MEDICALE",90524400,2025-03-12,24,2027-03-12,TED eForms (durata publicata),DA,,data = prima incheiere de contract publicata in TED,https://ted.europa.eu/en/notice/-/detail/165313-2025
77277-2026,DA,"Spital Clinic Judetean de Urgenta ""Pius Brinzeu"" Timisoara",STERILECO,9648000,valoare maxima a acordului-cadru (TED eForms BT-118 (valoarea maxima a acordului)),,,9648000,TED eForms BT-118 (valoarea maxima a acordului),11520000,DA,"Acord cadru de prestari servicii de colectare, transport si eliminare a deseurilor periculoase",90524400,2025-03-21,48,2029-03-21,TED eForms (durata publicata),,,data = prima incheiere de contract publicata in TED,https://ted.europa.eu/en/notice/-/detail/77277-2026
312097-2025,DA,"SPITALUL JUDETEAN ""DR.FOGOLYAN KRISTOF""SFANTU GHEORGHE",AKSD ROMANIA SRL / STERILECO,772200,valoare maxima a acordului-cadru (TED eForms BT-118 (valoarea maxima a acordului)),,,772200,TED eForms BT-118 (valoarea maxima a acordului),1918800,DA,"Servicii de colectare, de transport si de eliminare a deseurilor spitalicesti 2025",90524400,2025-04-22,24,2027-04-22,TED eForms (durata publicata),DA,,data = prima incheiere de contract publicata in TED,https://ted.europa.eu/en/notice/-/detail/312097-2025
404729-2025,DA,"Spitalul Universitar de Urgenta Militar Central ""Dr. Carol Davila""",ECO FIRE SISTEMS S.R.L.,2232000,valoare maxima a acordului-cadru (TED eForms BT-118 (valoarea maxima a acordului)),1844500,TED eForms (valoarea totala a rezultatului),2232000,TED eForms BT-118 (valoarea maxima a acordului),2628000,DA,"Serviciul de colectare, transport si eliminare deseuri medicale (spitalicesti)",90524400,2025-06-03,24,2027-06-03,TED eForms (durata publicata),DA,,"unitate militara cu profil de spital; data = prima incheiere de contract publicata in TED; cea mai mare valoare totala publicata dintre 4 anunturi de atribuire (din anuntul 562244-2026; valorile pe anunturi pot fi partiale sau cumulative); aceeasi procedura publicata si sub: 754552-2025, 14962-2026, 333383-2026, 562244-2026",https://ted.europa.eu/en/notice/-/detail/404729-2025
419712-2025,DA,UM 0929 Bucuresti,STERILECO / DEMECO S.R.L.,1263786,valoare maxima a acordului-cadru (TED eForms BT-118 (valoarea maxima a acordului)),,,1263786,TED eForms BT-118 (valoarea maxima a acordului),2094120,DA,"Prestare servicii de colectare, transport și eliminare finală a deșeurilor periculoase rezultate din activitatea medicală",90524100,2025-06-17,36,2028-06-17,TED eForms (durata publicata),,,unitate militara cu profil de spital; data = prima incheiere de contract publicata in TED; aceeasi procedura publicata si sub: 595063-2025,https://ted.europa.eu/en/notice/-/detail/419712-2025
445507-2025,DA,SPITALUL CLINIC JUDETEAN MURES,PRO AIR CLEAN ECOLOGIC / VERTISA ENVIROMENTAL,2216755,valoare maxima a acordului-cadru (TED eForms BT-118 (valoarea maxima a acordului)),421413,TED eForms (valoarea totala a rezultatului),2216755,TED eForms BT-118 (valoarea maxima a acordului),4067440,DA,"Acord cadru prestari Servicii de colectare, de transport şi de eliminare a deşeurilor spitaliceşti",90524400,2025-06-23,36,2028-06-23,TED eForms (durata publicata),,,"data = prima incheiere de contract publicata in TED; cea mai mare valoare totala publicata dintre 5 anunturi de atribuire (din anuntul 465909-2026; valorile pe anunturi pot fi partiale sau cumulative); aceeasi procedura publicata si sub: 275417-2026, 32525-2026, 653754-2025, 465909-2026, 471547-2026",https://ted.europa.eu/en/notice/-/detail/445507-2025
618947-2025,DA,Institutul National de Neurologie si Boli Neurovasculare,ECO FIRE SISTEMS S.R.L. / STERILECO,966912,valoare maxima a acordului-cadru (TED eForms BT-118 (valoarea maxima a acordului)),,,966912,TED eForms BT-118 (valoarea maxima a acordului),2960832,DA,"SERVICII COLECTARE, TRANSPORT SI ELIMINARE DESEURI",90524100,2025-07-22,48,2029-07-22,TED eForms (durata publicata),,,data = prima incheiere de contract publicata in TED; aceeasi procedura publicata si sub: 828587-2025,https://ted.europa.eu/en/notice/-/detail/618947-2025
571310-2025,DA,"Institutul de Pneumoftiziologie ""Marius Nasta""",ECO FIRE SISTEMS S.R.L. / VIVANI SALUBRITATE,712008,valoare maxima a acordului-cadru (TED eForms BT-118 (valoarea maxima a acordului)),,,712008,TED eForms BT-118 (valoarea maxima a acordului),1116000,DA,"Acord cadru Prestari Servicii de colectare, manipulare, transport, si eliminare finala deseuri medicale periculoase, deseuri oncologice si m",90524400,2025-07-23,24,2027-07-23,TED eForms (durata publicata),DA,,titlul indica medicamente (CPV 33x publicat de autoritate); data = prima incheiere de contract publicata in TED,https://ted.europa.eu/en/notice/-/detail/571310-2025
573014-2025,DA,ADMINISTRATIA SPITALELOR SI SERVICIILOR MEDICALE BUCURESTI,STERILECO,1917600,valoare maxima a acordului-cadru (TED eForms BT-118 (valoarea maxima a acordului)),319600,TED eForms (valoarea totala a rezultatului),1917600,TED eForms BT-118 (valoarea maxima a acordului),2856000,DA,"Servicii de colectare, transport, procesare și eliminare finală a deșeurilor medicale",90524400,2025-08-27,24,2027-08-27,TED eForms (durata publicata),DA,,data = prima incheiere de contract publicata in TED; valoare atribuita din anuntul 642277-2025; aceeasi procedura publicata si sub: 642277-2025,https://ted.europa.eu/en/notice/-/detail/573014-2025
658056-2025,DA,"Spitalul Clinic Judetean de Urgenta""Sfantul Apostol Andrei""",ECO FIRE SISTEMS S.R.L.,2030400,valoare maxima a acordului-cadru (TED eForms BT-118 (valoarea maxima a acordului)),676800,TED eForms (valoarea totala a rezultatului),2030400,TED eForms BT-118 (valoarea maxima a acordului),4392000,DA,"SERVICII DE COLECTARE, TRANSPORT SI ELIMINARE DESEURI MEDICALE",90524400,2025-09-25,36,2028-09-25,TED eForms (durata publicata),,,"data = prima incheiere de contract publicata in TED; cea mai mare valoare totala publicata dintre 3 anunturi de atribuire (din anuntul 489733-2026; valorile pe anunturi pot fi partiale sau cumulative); aceeasi procedura publicata si sub: 15864-2026, 489733-2026, 671108-2025",https://ted.europa.eu/en/notice/-/detail/658056-2025
663597-2025,DA,"Institutul Regional de Gastroenterologie-Hepatologie ""Prof. Dr. Octavian Fodor"" Cluj",AKSD ROMANIA SRL / SC PRO AIR CLEAN ECOLOGIC SA / STERILECO S.R.L. / VERTISA ENVIROMENTAL,3133152,valoare maxima a acordului-cadru (TED eForms BT-118 (valoarea maxima a acordului)),,,3133152,TED eForms BT-118 (valoarea maxima a acordului),3133152,DA,"Servicii de colectare, transport și eliminare deșeuri spitalicești inclusiv furnizare ambalaje de colectare",90524400,2025-09-29,36,2028-09-29,TED eForms (durata publicata),,,data = prima incheiere de contract publicata in TED,https://ted.europa.eu/en/notice/-/detail/663597-2025
782825-2025,DA,"SPITALUL JUDETEAN DE URGENTA ""SF. PANTELIMON"" FOCSANI",ECO FIRE SISTEMS S.R.L.,1343698,valoare maxima a acordului-cadru (TED eForms BT-118 (valoarea maxima a acordului)),,,1343698,TED eForms BT-118 (valoarea maxima a acordului),4433520,DA,"Servicii de Colectare , Transport si Eliminare Deseuri Spitalicesti",90524400,2025-09-30,48,2029-09-30,TED eForms (durata publicata),,,data = prima incheiere de contract publicata in TED,https://ted.europa.eu/en/notice/-/detail/782825-2025
746807-2025,DA,Institutul de Boli Cardiovasculare Prof. Dr. I. M. Georgescu,S.C. DEMECO S.R.L. S.R.L. / STERILECO S.R.L.,483462,valoare maxima a acordului-cadru (TED eForms BT-118 (valoarea maxima a acordului)),,,483462,TED eForms BT-118 (valoarea maxima a acordului),1275562,DA,"Servicii de colectare, transport si eliminare finala a deseurilor medicale",90524400,2025-10-15,36,2028-10-15,TED eForms (durata publicata),,,data = prima incheiere de contract publicata in TED,https://ted.europa.eu/en/notice/-/detail/746807-2025
838071-2025,DA,SPITALUL CLINIC JUDETEAN DE URGENTA SF. APOSTOL ANDREI,ECO FIRE SISTEMS S.R.L.,1385280,valoare maxima a acordului-cadru (TED eForms BT-118 (valoarea maxima a acordului)),,,1385280,TED eForms BT-118 (valoarea maxima a acordului),3744000,DA,"SERVICII DE COLECTARE,TRANSPORT, NEUTRALIZARE SI DISTRUGERE DESEURI BIOLOGICE PERICULOASE - ACORD CADRU/48 DE LUNI",90524400,2025-11-17,48,2029-11-17,TED eForms (durata publicata),,,data = prima incheiere de contract publicata in TED,https://ted.europa.eu/en/notice/-/detail/838071-2025
839779-2025,DA,SPITALUL CLINIC DE RECUPERARE IASI,DEMECO S.R.L. / STERILECO / ECO FIRE SISTEMS S.R.L.,1104216,valoare maxima a acordului-cadru (TED eForms BT-118 (valoarea maxima a acordului)),1306982,TED eForms (valoarea totala a rezultatului),1104216,TED eForms BT-118 (valoarea maxima a acordului),2504880,DA,"Servicii de colectare, transport şi eliminare a deşeurilor periculoase rezultate din activitatile medicale 2025-2027",90524400,2025-11-27,24,2027-11-27,TED eForms (durata publicata),,,"data = prima incheiere de contract publicata in TED; cea mai mare valoare totala publicata dintre 6 anunturi de atribuire (din anuntul 467104-2026; valorile pe anunturi pot fi partiale sau cumulative); aceeasi procedura publicata si sub: 195312-2026, 215331-2026, 417367-2026, 457249-2026, 467104-2026, 609991-2026; valoarea atribuita publicata depaseste valoarea maxima publicata (asa apar in anunturi)",https://ted.europa.eu/en/notice/-/detail/839779-2025
636844-2026,DA,Spitalul Clinic Judetean de Urgenta Craiova,DIVERS ECO TECH,4234224,valoare maxima a acordului-cadru (TED eForms BT-118 (valoarea maxima a acordului)),,,4234224,TED eForms BT-118 (valoarea maxima a acordului),4234944,DA,"Servicii de colectare, de transport şi de eliminare a deşeurilor spitaliceşti inclusiv furnizare ambalaje de colectare(deseuri periculoase)",90524400,2025-12-10,24,2027-12-10,TED eForms (durata publicata),,,data = prima incheiere de contract publicata in TED,https://ted.europa.eu/en/notice/-/detail/636844-2026
38160-2026,DA,SPITALUL JUDETEAN DE URGENTA BACAU,DEMECO S.R.L. / STERILECO,2548245,valoare maxima a acordului-cadru (TED eForms BT-118 (valoarea maxima a acordului)),,,2548245,TED eForms BT-118 (valoarea maxima a acordului),4177994,DA,"Servicii de colectare, transport și eliminare finală deșeurilor rezultate din activitatea medicală",90524400,2025-12-11,48,2029-12-11,TED eForms (durata publicata),,,data = prima incheiere de contract publicata in TED,https://ted.europa.eu/en/notice/-/detail/38160-2026
110768-2026,DA,SPITALUL JUDETEAN DE URGENTA SLATINA,XTREME ECOENERGY GROUP SRL,2700000,valoare maxima a acordului-cadru (TED eForms BT-118 (valoarea maxima a acordului)),1350000,TED eForms (valoarea totala a rezultatului),2700000,TED eForms BT-118 (valoarea maxima a acordului),2700000,DA,"SERVICII DE COLECTARE, TRANSPORT SI ELIMINARE FINALA A DESEURILOR REZULTATE DIN ACTIVITATI DE PREVENIRE, DIAGNOSTIC SI TRATAMENT DESFASURATE",90524400,2025-12-24,24,2027-12-24,TED eForms (durata publicata),,,titlul indica medicamente (CPV 33x publicat de autoritate); data = prima incheiere de contract publicata in TED; valoare atribuita din anuntul 119773-2026; aceeasi procedura publicata si sub: 119773-2026,https://ted.europa.eu/en/notice/-/detail/110768-2026
55588-2026,DA,SPITALUL CLINIC JUDETEAN DE URGENTA BRAILA,ECO FIRE SISTEMS S.R.L. / STERILECO / VIVANI SALUBRITATE,2054400,valoare maxima a acordului-cadru (TED eForms BT-118 (valoarea maxima a acordului)),,,2054400,TED eForms BT-118 (valoarea maxima a acordului),4617600,DA,"SERVICII DE COLECTARE, TRANSPORT SI ELIMINARE FINALA A DESEURILOR SPITALICESTI",90524400,2025-12-29,48,2029-12-29,TED eForms (durata publicata),,,data = prima incheiere de contract publicata in TED,https://ted.europa.eu/en/notice/-/detail/55588-2026
50713-2026,DA,"SPITALUL CLINIC JUDETEAN DE URGENTA""SFANTUL IOAN CEL NOU""SUCEAVA",DEMECO S.R.L.,1622400,valoare maxima a acordului-cadru (TED eForms BT-118 (valoarea maxima a acordului)),,,1622400,TED eForms BT-118 (valoarea maxima a acordului),2112000,DA,"Acord-cadru de achizitie publică de servicii avand ca obiect prestarea de servicii de preluare, transport si incinerare deşeuri periculoase",90524400,2026-01-05,24,2028-01-05,TED eForms (durata publicata),,,data = prima incheiere de contract publicata in TED,https://ted.europa.eu/en/notice/-/detail/50713-2026
360662-2026,DA,SPITALUL JUDETEAN TG-JIU,STERILECO / VIVANI SALUBRITATE,2692800,valoare maxima a acordului-cadru (TED eForms BT-118 (valoarea maxima a acordului)),,,2692800,TED eForms BT-118 (valoarea maxima a acordului),3924000,DA,"SERVICII DE COLECTARE,TRANSPORT SI ELIMINARE FINALA A DESEURILOR SPITALICESTI",90524000,2026-01-23,48,2030-01-23,TED eForms (durata publicata),,,data = prima incheiere de contract publicata in TED,https://ted.europa.eu/en/notice/-/detail/360662-2026
121858-2026,DA,Spitalul Judetean de Urgenta Slobozia,VIVANI SALUBRITATE,864900,valoare maxima a acordului-cadru (TED eForms BT-118 (valoarea maxima a acordului)),,,864900,TED eForms BT-118 (valoarea maxima a acordului),1705000,DA,"ACORD CADRU „Servicii de colectare, de transport şi de eliminare a deşeurilor spitaliceşti „",90524400,2026-02-16,24,2028-02-16,TED eForms (durata publicata),,,data = prima incheiere de contract publicata in TED,https://ted.europa.eu/en/notice/-/detail/121858-2026
163975-2026,DA,SPITALUL JUDETEAN SATU MARE,BIO PAK,3229200,valoare maxima a acordului-cadru (TED eForms BT-118 (valoarea maxima a acordului)),786600,TED eForms (valoarea totala a rezultatului),3229200,TED eForms BT-118 (valoarea maxima a acordului),3229200,DA,"SERVICII DE COLECTARE, TRANSPORT SI ELIMINARE FINALA A DESEURILOR SPITALICESTI",90524400,2026-02-24,36,2029-02-24,TED eForms (durata publicata),,,data = prima incheiere de contract publicata in TED; valoare atribuita din anuntul 221044-2026; aceeasi procedura publicata si sub: 221044-2026,https://ted.europa.eu/en/notice/-/detail/163975-2026
304886-2026,DA,Spitalul Județean de Urgență Dr.Constantin Andreoiu Ploiești,ECO FIRE SISTEMS S.R.L. / STERILECO,3704400,valoare maxima a acordului-cadru (TED eForms BT-118 (valoarea maxima a acordului)),,,3704400,TED eForms BT-118 (valoarea maxima a acordului),8640000,DA,"Servicii de colectare, transport si eliminare finala a deseurilor medicale",90524400,2026-04-14,24,2028-04-14,TED eForms (durata publicata),,,data = prima incheiere de contract publicata in TED,https://ted.europa.eu/en/notice/-/detail/304886-2026
426893-2026,DA,SPITALUL JUDETEAN DE URGENTA DROBETA TURNU SEVERIN,STERILECO S.R.L.,3276000,valoare maxima a acordului-cadru (TED eForms BT-118 (valoarea maxima a acordului)),,,3276000,TED eForms BT-118 (valoarea maxima a acordului),3276000,DA,"Acord Cadru de achizitie publica de prestari servicii de colectare, transport si eliminare finala a deseurilor periculoase cu ambalajele pre",90524400,2026-04-24,24,2028-04-24,TED eForms (durata publicata),,,data = prima incheiere de contract publicata in TED,https://ted.europa.eu/en/notice/-/detail/426893-2026
429590-2026,DA,Spitalul Municipal Odorheiu Secuiesc,AKSD ROMANIA SRL,751515,valoare maxima a acordului-cadru (TED eForms BT-118 (valoarea maxima a acordului)),,,751515,TED eForms BT-118 (valoarea maxima a acordului),1509527,DA,"Acord-Cadru de prestări servicii de colectare, transport și neutralizare/eliminare a deșeurilor rezultate din activițăți medicale și a deșeu",90524400,2026-05-27,36,2029-05-27,TED eForms (durata publicata),,,titlul indica medicamente (CPV 33x publicat de autoritate); data = prima incheiere de contract publicata in TED,https://ted.europa.eu/en/notice/-/detail/429590-2026
541782-2026,DA,SPITALUL JUDETEAN DE URGENTA VALCEA,STERILECO,2090880,valoare maxima a acordului-cadru (TED eForms BT-118 (valoarea maxima a acordului)),,,2090880,TED eForms BT-118 (valoarea maxima a acordului),2090880,DA,"Servicii de colectare, manipulare, transport şi eliminare a deşeurilor spitaliceşti -Acord cadru -36 luni",90524400,2026-07-15,36,2029-07-15,TED eForms (durata publicata),,,data = prima incheiere de contract publicata in TED,https://ted.europa.eu/en/notice/-/detail/541782-2026
537766-2026,DA,SPITALUL JUDETEAN DE URGENTA RESITA,PRO AIR CLEAN ECOLOGIC / VIVANI SALUBRITATE,1596378,valoare maxima a acordului-cadru (TED eForms BT-118 (valoarea maxima a acordului)),,,1596378,TED eForms BT-118 (valoarea maxima a acordului),2004524,DA,ACORD-CADRU Servicii de colectare si eliminare a deseurilor spitalicesti inclusiv furnizare ambalaje de colectare,90524400,2026-07-16,24,2028-07-16,TED eForms (durata publicata),,,data = prima incheiere de contract publicata in TED,https://ted.europa.eu/en/notice/-/detail/537766-2026
630102-2026,DA,SPITALUL DE URGENTA PETROSANI,ECOLOGMED S.R.L. / STERILECO,1624000,valoare maxima a acordului-cadru (TED eForms BT-118 (valoarea maxima a acordului)),,,1624000,TED eForms BT-118 (valoarea maxima a acordului),2016000,DA,"Acord-cadru de prestari servicii – Servicii de colectare, de transport, procesare si eliminare a deşeurilor rezultate din activităţile medic",90524400,2026-09-09,41,2030-02-09,TED eForms (durata publicata),,,data = prima incheiere de contract publicata in TED,https://ted.europa.eu/en/notice/-/detail/630102-2026
