id_procedura,publicat_in_TED,autoritate_contractanta,castigatori,valoare_ron,baza_valorii,valoare_atribuita_ron,sursa_valoare_atribuita,valoare_max_acord_ron,sursa_valoare_max,valoare_max_estimata_acord_ron,acord_cadru,titlu,cpv,data_atribuirii,durata_luni,data_expirarii,sursa_durata,expira_in_12_luni,avertisment,note,link
70658-2023,DA,SPITALUL DE URGENTA PETROSANI,BIOMATRIX SYSTEM / MEDICAL ORTOVIT / VALDOMEDICA TRADING,403200,valoare maxima a acordului-cadru (TED F02 (valoare estimata totala)),202400,TED F03 (II.1.7 valoarea totala a achizitiei),403200,TED F02 (valoare estimata totala),,DA,Material de osteosinteza II (2022-2025),33183100,2023-01-25,44,2026-09-25,TED F02 (durata publicata),DA,,data = prima incheiere de contract publicata in TED,https://ted.europa.eu/en/notice/-/detail/70658-2023
CAN1133887,NU,SPITALUL MUNICIPAL DE URGENTA MOINESTI,B.BRAUN MEDICAL,12695,valoare atribuita (SICAP/OpenTender (valori pe atribuire)),12695,SICAP/OpenTender (valori pe atribuire),,,,,,33140000,2024-09-25,24,2026-09-25,"ESTIMAT (24 luni, durata nepublicata)",DA,"durata estimata; acelasi spital a atribuit un contract nou aceluiasi castigator la 2024-12-04 (CAN1138209), inainte de expirarea calculata => probabil inlocuit",,SICAP anunt nr. CAN1133887
CAN1133890,NU,SPITALUL MUNICIPAL DE URGENTA MOINESTI,Balton Med,23720,valoare atribuita (SICAP/OpenTender (valori pe atribuire)),23720,SICAP/OpenTender (valori pe atribuire),,,,,,33140000,2024-09-25,24,2026-09-25,"ESTIMAT (24 luni, durata nepublicata)",DA,"durata estimata; acelasi spital a atribuit un contract nou aceluiasi castigator la 2024-12-06 (CAN1138210), inainte de expirarea calculata => probabil inlocuit",,SICAP anunt nr. CAN1133890
CAN1133891,NU,SPITALUL MUNICIPAL DE URGENTA MOINESTI,EFARM TOP,6500,valoare atribuita (SICAP/OpenTender (valori pe atribuire)),6500,SICAP/OpenTender (valori pe atribuire),,,,,,33140000,2024-09-25,24,2026-09-25,"ESTIMAT (24 luni, durata nepublicata)",DA,"durata estimata; acelasi spital a atribuit un contract nou aceluiasi castigator la 2024-12-04 (CAN1138211), inainte de expirarea calculata => probabil inlocuit",,SICAP anunt nr. CAN1133891
CAN1133894,NU,SPITALUL MUNICIPAL DE URGENTA MOINESTI,ROSALVAMED PLUS,70495,valoare atribuita (SICAP/OpenTender (valori pe atribuire)),70495,SICAP/OpenTender (valori pe atribuire),70495,SICAP/OpenTender (valoare procedura),,,MATERIALE SANITARE 8-4,33140000,2024-09-25,24,2026-09-25,"ESTIMAT (24 luni, durata nepublicata)",DA,"durata estimata; acelasi spital a atribuit un contract nou aceluiasi castigator la 2024-12-04 (CAN1138271), inainte de expirarea calculata => probabil inlocuit",,SICAP anunt nr. CAN1133894
CAN1133895,NU,SPITALUL MUNICIPAL DE URGENTA MOINESTI,SMART MEDICAL SOLUTIONS S.R.L.,5000,valoare atribuita (SICAP/OpenTender (valori pe atribuire)),5000,SICAP/OpenTender (valori pe atribuire),,,,,,33140000,2024-09-25,24,2026-09-25,"ESTIMAT (24 luni, durata nepublicata)",DA,,,SICAP anunt nr. CAN1133895
CAN1133898,NU,Institutul Regional de Oncologie Iasi,B.BRAUN MEDICAL,149600,valoare maxima a acordului-cadru (SICAP/OpenTender (valoare procedura)),149600,SICAP/OpenTender (valori pe atribuire),149600,SICAP/OpenTender (valoare procedura),,DA,Acord cadru furnizare materiale sanitare 4 luni,33194120,2024-09-25,24,2026-09-25,"ESTIMAT (24 luni, durata nepublicata)",DA,,,SICAP anunt nr. CAN1133898
CAN1133901,NU,Institutul Regional de Oncologie Iasi,NOVITRADE S.R.L.,160000,valoare maxima a acordului-cadru (SICAP/OpenTender (valoare procedura)),160000,SICAP/OpenTender (valori pe atribuire),160000,SICAP/OpenTender (valoare procedura),,DA,Acord cadru furnizare materiale sanitare 4 luni,33194120,2024-09-25,24,2026-09-25,"ESTIMAT (24 luni, durata nepublicata)",DA,,,SICAP anunt nr. CAN1133901
CAN1133907,NU,Institutul Regional de Oncologie Iasi,AXIOMED SOLUTIONS SRL,51178,valoare atribuita (SICAP/OpenTender (valori pe atribuire)),51178,SICAP/OpenTender (valori pe atribuire),,,,DA,Acord cadru furnizare materiale sanitare 4 luni,33198200,2024-09-25,24,2026-09-25,"ESTIMAT (24 luni, durata nepublicata)",DA,,valoarea procedurii din SICAP/OpenTender (5.117.840 RON) ignorata: de peste 20 de ori valoarea atribuita (probabil eroare de unitate),SICAP anunt nr. CAN1133907
CAN1133910,NU,Institutul Regional de Oncologie Iasi,Steril Romania S.R.L.,56973,valoare atribuita (SICAP/OpenTender (valori pe atribuire)),56973,SICAP/OpenTender (valori pe atribuire),,,,DA,Acord cadru furnizare materiale sanitare 4 luni,33198200,2024-09-25,24,2026-09-25,"ESTIMAT (24 luni, durata nepublicata)",DA,,valoarea procedurii din SICAP/OpenTender (5.697.320 RON) ignorata: de peste 20 de ori valoarea atribuita (probabil eroare de unitate),SICAP anunt nr. CAN1133910
CAN1133926,NU,SPITALUL MUNICIPAL DE URGENTA MOINESTI,TEHNO ELECTRO MEDICAL COMPANY S.R.L.,9525,valoare atribuita (SICAP/OpenTender (valori pe atribuire)),9525,SICAP/OpenTender (valori pe atribuire),,,,,,33140000,2024-09-25,24,2026-09-25,"ESTIMAT (24 luni, durata nepublicata)",DA,"durata estimata; acelasi spital a atribuit un contract nou aceluiasi castigator la 2024-12-04 (CAN1138272), inainte de expirarea calculata => probabil inlocuit",,SICAP anunt nr. CAN1133926
604695-2024,DA,SPITALUL UNIVERSITAR DE URGENTA ELIAS,ANGIOSPECTRU MED S.R.L. / COMPLEX SERVICE XXI / DIRECT PHARMA LOGISTICS S.R.L. / EXIMIA MEDICAL / INNOVOTECH S.R.L. / INSIGHT TRADING SRL / LIFETECH CONSULTING / MEDI -TECH BUSINESS / MEDICAL DEVICES & DIAGNOSTICS / MEDTRONIC ROMANIA / NEURO MED THERAPY / ONE MED LOGISTIC / QUANTUSMED / SC JUSTIR DESIGN SRL / TECMED / THREE PHARM,146758139,valoare maxima a acordului-cadru (TED eForms BT-118 (valoarea maxima a acordului)),,,146758139,TED eForms BT-118 (valoarea maxima a acordului),158092165,DA,Materiale sanitare angiografie biplana,33140000,2024-09-27,24,2026-09-27,TED eForms (durata publicata),DA,,data = prima incheiere de contract publicata in TED,https://ted.europa.eu/en/notice/-/detail/604695-2024
650081-2024,DA,MINISTERUL APARARII NATIONALE- U.M. 02587 (INSTITUTUL NATIONAL DE MEDICINA AERONAUTICA SI SPATIALA),BTL ROMANIA APARATURA MEDICALA S.R.L. / MEDIST IMAGING & P.O.C. S.R.L. / PHYSIOMED APARATURA MEDICALA / SC CARTO PLAST SRL,808000,valoare maxima a acordului-cadru (TED eForms BT-118 (valoarea maxima a acordului)),494000,TED eForms (valoarea totala a rezultatului),808000,TED eForms BT-118 (valoarea maxima a acordului),933660,DA,Echipamente medicale 6,33100000,2024-09-27,24,2026-09-27,TED eForms (durata publicata),DA,,unitate militara cu profil de spital; data = prima incheiere de contract publicata in TED; valoare atribuita din anuntul 130482-2025; aceeasi procedura publicata si sub: 130482-2025,https://ted.europa.eu/en/notice/-/detail/650081-2024
366535-2026,DA,"Institutul National pentru Sanatatea Mamei si Copilului ""Alessandrescu-Rusescu Bucuresti""",ALMED INVESTMENTS / BIOSCAN / Integra Medical Business / TEHNOPLUS MEDICAL,9114858,valoare atribuita (TED eForms (valoarea totala a rezultatului)),9114858,TED eForms (valoarea totala a rezultatului),9114858,TED eForms (valoare estimata),,,Echipamente Medicale in cadrul proiectului ”Actualizarea activitatii medicale si de instruire profesionala in domeniul Terapiei Intensive Ne,33100000,2026-05-27,4,2026-09-27,TED eForms (durata publicata),DA,,data = prima incheiere de contract publicata in TED,https://ted.europa.eu/en/notice/-/detail/366535-2026
601648-2026,DA,SPITALUL CLINIC JUDETEAN DE URGENTA CLUJ,ALPHA MEDICAL / BIO HYGIENE / Carl Zeiss Instruments / DUTCHMED S.R.L. / DYNAMIC MEDICAL SOLUTIONS SRL / KAPAMED INTERNATIONAL / KARL STORZ ENDOSCOPIA ROMANIA / MEDIST IMAGING & P.O.C. / MEDTRONIC ROMANIA / Med Tech Distributions / Medical Logistic Mall / NEOMED / NICONSULTING TECHNICS SRL / NITECH / PHILIPS ROMANIA / PROTON IMPEX 2000 / RAFI MEDICAL / SMART MEDICAL SOLUTIONS / STRYKER ROMANIA,22508925,valoare atribuita (TED eForms (valoarea totala a rezultatului)),22508925,TED eForms (valoarea totala a rezultatului),26645696,TED eForms (valoare estimata),,,Achizitie echipamente medicale bloc operator neurochirurgie- finantat prin PNRR/2022/C12/MS-0212 Infrastructura spitaliceasca noua,33100000,2026-07-27,2,2026-09-27,TED eForms (durata publicata),DA,,data = prima incheiere de contract publicata in TED,https://ted.europa.eu/en/notice/-/detail/601648-2026
553948-2026,DA,SPITAL CLINIC JUDETEAN DE URGENTA BIHOR,ALPHA MEDICAL S.R.L. / DACORUM GRUP / S.C. NEOMED S..R.L.,2081368,valoare atribuita (TED eForms (valoarea totala a rezultatului)),2081368,TED eForms (valoarea totala a rezultatului),2117100,TED eForms (valoare estimata),,,"Furnizare, instalare, punere in functiune, instruire personal si service in perioada de garantie - echipamente medicale in cadrul PROGRAMULU",33100000,2026-07-29,2.0,2026-09-29,TED eForms (durata publicata),DA,,data = prima incheiere de contract publicata in TED,https://ted.europa.eu/en/notice/-/detail/553948-2026
589897-2024,DA,"Spital Clinic Judetean de Urgenta ""Pius Brinzeu"" Timisoara",BIO TECHNIC ROMANIA S.R.L. / HS MEDICAL SRL / MEDICAL ORTOVIT / SPORTMED SYSTEMS / STRYKER ROMANIA / ZIMMER BIOMET ROMANIA / RUBICON PHARMACEUTICALS SRL / MEDTRONIC ROMANIA,13597798,valoare maxima a acordului-cadru (TED eForms BT-118 (valoarea maxima a acordului)),,,13597798,TED eForms BT-118 (valoarea maxima a acordului),15301110,DA,Acord cadru de furnizare materiale osteosinteza ortopedie,33140000,2024-09-30,24,2026-09-30,TED eForms (durata publicata),DA,,"data = prima incheiere de contract publicata in TED; aceeasi procedura publicata si sub: 344885-2024, CN1068537",https://ted.europa.eu/en/notice/-/detail/589897-2024
606681-2024,DA,UM 0929 Bucuresti,ANGIOSPECTRU MED S.R.L. / B.BRAUN MEDICAL SRL / BOSTON SCIENTIFIC ROMANIA / CARDIOTECH SRL / CORAMED MEDIZINISCHE PRODUKTE / CREATIVE MED SRL / DELUXE MEDICRAFTS SRL / EXIMIA MEDICAL / HELLIMED SRL / INNOVOTECH S.R.L. / INSIGHT TRADING SRL / L&P MEDICAL / LIFETECH CONSULTING / MEDI -TECH BUSINESS SRL / MEDICAL DEVICES & DIAGNOSTICS / MEDICAL TECHNOLOGIES WORLD SRL / MEDTRONIC ROMANIA SRL / NEURO MED THERAPY / NOVENTIS International / QUANTUSMED / SC JUSTIR DESIGN SRL / SH MEDICAL SRL / Sante International S.A. / TECMED / THREE PHARM / TRANS-MENTOR S.R.L. / VALDOMEDICA TRADING SRL,317052030,valoare maxima a acordului-cadru (TED eForms BT-118 (valoarea maxima a acordului)),,,317052030,TED eForms BT-118 (valoarea maxima a acordului),190062500,DA,Furnizare materiale sanitare specifice Secției de Angiografie,33111710,2024-09-30,24,2026-09-30,TED eForms (durata publicata),DA,,"unitate militara cu profil de spital; data = prima incheiere de contract publicata in TED; aceeasi procedura publicata si sub: 85397-2024, 432786-2025",https://ted.europa.eu/en/notice/-/detail/606681-2024
CAN1134085,NU,SPITALUL UNIVERSITAR DE URGENTA ELIAS,EXIMIA MEDICAL,93000,valoare atribuita (SICAP/OpenTender (valori pe atribuire)),93000,SICAP/OpenTender (valori pe atribuire),93000,SICAP/OpenTender (valoare procedura),,,CONSUMABILE MEDICALE,33140000,2024-09-30,24,2026-09-30,"ESTIMAT (24 luni, durata nepublicata)",DA,,,SICAP anunt nr. CAN1134085
CAN1134087,NU,SPITALUL UNIVERSITAR DE URGENTA ELIAS,THREE PHARM,375000,valoare atribuita (SICAP/OpenTender (valori pe atribuire)),375000,SICAP/OpenTender (valori pe atribuire),375000,SICAP/OpenTender (valoare procedura),,,CONSUMABILE MEDICALE,33140000,2024-09-30,24,2026-09-30,"ESTIMAT (24 luni, durata nepublicata)",DA,,,SICAP anunt nr. CAN1134087
CAN1134088,NU,SPITALUL UNIVERSITAR DE URGENTA ELIAS,CHRONOS TRADE MEDICAL,448250,valoare atribuita (SICAP/OpenTender (valori pe atribuire)),448250,SICAP/OpenTender (valori pe atribuire),448250,SICAP/OpenTender (valoare procedura),,,CONSUMABILE MEDICALE,33140000,2024-09-30,24,2026-09-30,"ESTIMAT (24 luni, durata nepublicata)",DA,"durata estimata; acelasi spital a atribuit un contract nou aceluiasi castigator la 2024-11-06 (CAN1136563), inainte de expirarea calculata => probabil inlocuit",,SICAP anunt nr. CAN1134088
CAN1134090,NU,SPITALUL UNIVERSITAR DE URGENTA ELIAS,MLM MEDICAL S.R.L.,31500,valoare atribuita (SICAP/OpenTender (valori pe atribuire)),31500,SICAP/OpenTender (valori pe atribuire),,,,,,33140000,2024-09-30,24,2026-09-30,"ESTIMAT (24 luni, durata nepublicata)",DA,,,SICAP anunt nr. CAN1134090
CAN1134091,NU,SPITALUL UNIVERSITAR DE URGENTA ELIAS,Pharma Telnet,31350,valoare atribuita (SICAP/OpenTender (valori pe atribuire)),31350,SICAP/OpenTender (valori pe atribuire),,,,,,33140000,2024-09-30,24,2026-09-30,"ESTIMAT (24 luni, durata nepublicata)",DA,,,SICAP anunt nr. CAN1134091
CAN1134094,NU,SPITALUL UNIVERSITAR DE URGENTA ELIAS,TEHNOPLUS MEDICAL,125550,valoare atribuita (SICAP/OpenTender (valori pe atribuire)),125550,SICAP/OpenTender (valori pe atribuire),125550,SICAP/OpenTender (valoare procedura),,,CONSUMABILE MEDICALE,33140000,2024-09-30,24,2026-09-30,"ESTIMAT (24 luni, durata nepublicata)",DA,"durata estimata; acelasi spital a atribuit un contract nou aceluiasi castigator la 2025-07-28 (528845-2025), inainte de expirarea calculata => probabil inlocuit",,SICAP anunt nr. CAN1134094
CAN1134113,NU,SPITALUL UNIVERSITAR DE URGENTA ELIAS,TEHNO ELECTRO MEDICAL COMPANY S.R.L.,107825,valoare atribuita (SICAP/OpenTender (valori pe atribuire)),107825,SICAP/OpenTender (valori pe atribuire),107825,SICAP/OpenTender (valoare procedura),,,CONSUMABILE MEDICALE,33140000,2024-09-30,24,2026-09-30,"ESTIMAT (24 luni, durata nepublicata)",DA,,,SICAP anunt nr. CAN1134113
CAN1134127,NU,SPITALUL UNIVERSITAR DE URGENTA ELIAS,MEDICA ADVANCED SOLUTIONS (M.A.S.),23505,valoare atribuita (SICAP/OpenTender (valori pe atribuire)),23505,SICAP/OpenTender (valori pe atribuire),,,,,,33140000,2024-09-30,24,2026-09-30,"ESTIMAT (24 luni, durata nepublicata)",DA,,,SICAP anunt nr. CAN1134127
CAN1134132,NU,SPITALUL UNIVERSITAR DE URGENTA ELIAS,MEDTRONIC ROMANIA,42915,valoare atribuita (SICAP/OpenTender (valori pe atribuire)),42915,SICAP/OpenTender (valori pe atribuire),,,,,,33140000,2024-09-30,24,2026-09-30,"ESTIMAT (24 luni, durata nepublicata)",DA,"durata estimata; acelasi spital a atribuit un contract nou aceluiasi castigator la 2024-10-30 (CAN1136032), inainte de expirarea calculata => probabil inlocuit",,SICAP anunt nr. CAN1134132
CAN1134133,NU,SPITALUL UNIVERSITAR DE URGENTA ELIAS,Ac Rad Medical Consult&Service,27750,valoare atribuita (SICAP/OpenTender (valori pe atribuire)),27750,SICAP/OpenTender (valori pe atribuire),,,,,,33140000,2024-09-30,24,2026-09-30,"ESTIMAT (24 luni, durata nepublicata)",DA,,,SICAP anunt nr. CAN1134133
CAN1134147,NU,SPITALUL UNIVERSITAR DE URGENTA ELIAS,FRESENIUS KABI ROMANIA S.R.L.,22400,valoare atribuita (SICAP/OpenTender (valori pe atribuire)),22400,SICAP/OpenTender (valori pe atribuire),,,,,,33140000,2024-09-30,24,2026-09-30,"ESTIMAT (24 luni, durata nepublicata)",DA,,,SICAP anunt nr. CAN1134147
CAN1134151,NU,Spitalul Judetean de Urgenta Tulcea,VETRO DESIGN,1600,valoare atribuita (SICAP/OpenTender (valori pe atribuire)),1600,SICAP/OpenTender (valori pe atribuire),,,,,,33140000,2024-09-30,24,2026-09-30,"ESTIMAT (24 luni, durata nepublicata)",DA,,,SICAP anunt nr. CAN1134151
CAN1134154,NU,SPITALUL UNIVERSITAR DE URGENTA ELIAS,PRIME HEALTHCARE S.R.L.,515650,valoare atribuita (SICAP/OpenTender (valori pe atribuire)),515650,SICAP/OpenTender (valori pe atribuire),515650,SICAP/OpenTender (valoare procedura),,,CONSUMABILE MEDICALE,33140000,2024-09-30,24,2026-09-30,"ESTIMAT (24 luni, durata nepublicata)",DA,"durata estimata; acelasi spital a atribuit un contract nou aceluiasi castigator la 2024-12-20 (CAN1139359), inainte de expirarea calculata => probabil inlocuit",,SICAP anunt nr. CAN1134154
CAN1134159,NU,SPITALUL UNIVERSITAR DE URGENTA ELIAS,NEXT STEP INVESTMENTS,11160,valoare atribuita (SICAP/OpenTender (valori pe atribuire)),11160,SICAP/OpenTender (valori pe atribuire),,,,,,33140000,2024-09-30,24,2026-09-30,"ESTIMAT (24 luni, durata nepublicata)",DA,,,SICAP anunt nr. CAN1134159
SCNA1109637,NU,MINISTERUL APARARII NATIONALE- U.M. 02587 (INSTITUTUL NATIONAL DE MEDICINA AERONAUTICA SI SPATIALA),AXIOMED SOLUTIONS SRL / DR.MAX / HELLIMED S.R.L. / S.C. ADAR UNIC SOLUTIONS S.R.L. / VETRO DESIGN / S.C. Natural Es-medical S.R.L S.R.L. / S.C. IOANA N & M SRL S.R.L. / Nova Fit 2000 S.R.L.,34195,valoare atribuita (SICAP/OpenTender (valori pe atribuire)),34195,SICAP/OpenTender (valori pe atribuire),,,,,,33140000,2024-09-30,24,2026-09-30,"ESTIMAT (24 luni, durata nepublicata)",DA,,unitate militara cu profil de spital; suma loturi,SICAP anunt nr. SCNA1109637
244745-2026,DA,SPITALUL MUNICIPAL SIGHISOARA,FIRST MEDICAL DEVICES / PRIMERA MED TECHNOLOGY,818300,valoare atribuita (TED eForms (valoarea totala a rezultatului)),818300,TED eForms (valoarea totala a rezultatului),882520,TED eForms (valoare estimata),,,ECHIPAMENTE MEDICALE PENTRU DOTAREA SPITALULUI MUNICIPAL SIGHIȘOARA în cadrul PROIECTULUI “Investiții în infrastructura publică a ambulatori,33100000,2026-03-31,6,2026-09-30,TED eForms (durata publicata),DA,,data = prima incheiere de contract publicata in TED,https://ted.europa.eu/en/notice/-/detail/244745-2026
SCN1108478,NU,SPITALUL JUDETEAN DE URGENTA BACAU,DIAMEDIX IMPEX,146400,valoare atribuita (SICAP/OpenTender (valori pe atribuire)),146400,SICAP/OpenTender (valori pe atribuire),146400,SICAP/OpenTender (valoare procedura),,,Teste rapide autocontrol prin tehnica bioluminoscenței (ATP),33124130,2022-10-22,47.3,2026-10-01,"SICAP/OpenTender (durata publicata, zile)",DA,"acelasi spital a atribuit un contract nou aceluiasi castigator la 2024-07-04 (CN1064666), inainte de expirarea calculata => probabil inlocuit",inregistrarea SICAP contine un rand total si randuri pe loturi; totalul o singura data,SICAP anunt nr. SCN1108478
603232-2024,DA,Spitalul Clinic Judetean de Urgenta Targu.Mures,DYNAMIC MEDICAL SOLUTIONS SRL,1500000,valoare maxima a acordului-cadru (TED eForms BT-118 (valoarea maxima a acordului)),,,1500000,TED eForms BT-118 (valoarea maxima a acordului),1500000,DA,Acord cadru de furnizare Aparate de criochirurgie şi crioterapie,33165000,2024-10-01,24,2026-10-01,TED eForms (durata publicata),DA,"acelasi spital a atribuit un contract nou aceluiasi castigator la 2025-07-25 (493129-2025), inainte de expirarea calculata => probabil inlocuit","data = prima incheiere de contract publicata in TED; aceeasi procedura publicata si sub: 376390-2024, CN1070349",https://ted.europa.eu/en/notice/-/detail/603232-2024
665567-2024,DA,SPITALUL UNIVERSITAR DE URGENTA ELIAS,DRUGON INTERNATIONAL / MEDIZIN TECHNOLOGIES / MLM MEDICAL S.R.L. / NEOMED,10162330,valoare maxima a acordului-cadru (TED eForms BT-118 (valoarea maxima a acordului)),,,10162330,TED eForms BT-118 (valoarea maxima a acordului),12114255,DA,Achizita de Echipamente Medicale,33100000,2024-10-01,24,2026-10-01,TED eForms (durata publicata),DA,,data = prima incheiere de contract publicata in TED,https://ted.europa.eu/en/notice/-/detail/665567-2024
644155-2025,DA,"Spital Clinic Judetean de Urgenta ""Pius Brinzeu"" Timisoara",Danson S.R.L.,42950,valoare atribuita (TED eForms (valoarea totala a rezultatului)),42950,TED eForms (valoarea totala a rezultatului),,,,,Contract de furnizare EKG 12 canale,33100000,2025-10-01,12,2026-10-01,TED eForms (durata publicata),DA,,data = prima incheiere de contract publicata in TED,https://ted.europa.eu/en/notice/-/detail/644155-2025
475227-2026,DA,SPITALUL CLINIC JUDETEAN DE URGENTA BISTRITA,BOSTON SCIENTIFIC ROMANIA,865830,valoare atribuita (TED eForms (valoarea totala a rezultatului)),865830,TED eForms (valoarea totala a rezultatului),1399320,TED eForms (valoare estimata),,,"Furnizare echipamente medicale în cadrul Programului național de investiții în infrastructura de sănătate, aferent țintei 377 componenta 12 ",33100000,2026-07-01,3,2026-10-01,TED eForms (durata publicata),DA,,data = prima incheiere de contract publicata in TED,https://ted.europa.eu/en/notice/-/detail/475227-2026
602697-2023,DA,Spitalul Clinic Judetean de Urgenta Targu.Mures,TEHNO ELECTRO MEDICAL COMPANY S.R.L.,3121665,valoare maxima a acordului-cadru (TED F02 (valoare estimata totala)),3121305,TED F03 (II.1.7 valoarea totala a achizitiei),3121665,TED F02 (valoare estimata totala),,DA,Acord cadru de furnizare Instrumente chirurgicale,33169000,2023-10-02,36,2026-10-02,TED F02 (durata publicata),DA,"acelasi spital a atribuit un contract nou aceluiasi castigator la 2024-11-15 (702303-2024), inainte de expirarea calculata => probabil inlocuit","data = prima incheiere de contract publicata in TED; aceeasi procedura publicata si sub: 444140-2023, CN1057464",https://ted.europa.eu/en/notice/-/detail/602697-2023
636594-2023,DA,SPITALUL CLINIC JUDETEAN DE URGENTA SF.SPIRIDON IASI,ANGIOSPECTRU MED S.R.L. / MEDTRONIC ROMANIA,3843000,valoare maxima a acordului-cadru (TED F02 (valoare estimata totala)),390000,TED eForms (valoarea totala a rezultatului),3843000,TED F02 (valoare estimata totala),3843000,DA,acord cadru furnizare Pachet stent graft autoexpandabil pentru tratamentul anevrismelor aortei abdominale,33184500,2023-10-02,36,2026-10-02,TED eForms (durata publicata),DA,,"data = prima incheiere de contract publicata in TED; valoare atribuita din anuntul 249703-2024; aceeasi procedura publicata si sub: 238769-2024, 249703-2024",https://ted.europa.eu/en/notice/-/detail/636594-2023
641655-2023,DA,"Institutul de Boli Infectioase ""Prof. Dr. Matei Bals""",B.BRAUN MEDICAL / MEGACONS-BRILLAGO / PRIME HEALTHCARE S.R.L. / S.C. DRAEGER ROMANIA S.R.L. / THREE PHARM,2064024,valoare maxima a acordului-cadru (TED eForms BT-118 (valoarea maxima a acordului)),2064024,TED F03 (II.1.7 valoarea totala a achizitiei),2064024,TED eForms BT-118 (valoarea maxima a acordului),29111975,DA,Materiale sanitare 3,33140000,2023-10-02,36,2026-10-02,TED eForms (durata publicata),DA,valorile totale atribuite publicate pentru aceeasi procedura difera de peste 50 de ori intre anunturi (11400 - 2064024 RON); posibil eroare de publicare - verificati anunturile,"data = prima incheiere de contract publicata in TED; cea mai mare valoare totala publicata dintre 14 anunturi de atribuire (din anuntul 641655-2023; valorile pe anunturi pot fi partiale sau cumulative); aceeasi procedura publicata si sub: 158995-2024, 151529-2024, 178996-2024, 227421-2024, 425357-2024, 230702-2025, 233680-2024, 439801-2025, 460913-2026, 661169-2025, 22714-2026, 235090-2026, 697289-2023",https://ted.europa.eu/en/notice/-/detail/641655-2023
SCN1148867,NU,SPITALUL DE RECUPERARE BRADET,NICONSULTING TECHNICS SRL,583948,valoare atribuita (SICAP/OpenTender (valori pe atribuire)),583948,SICAP/OpenTender (valori pe atribuire),583948,SICAP/OpenTender (valoare procedura),,,ACHIZITIE PATURI CU SALTEA PENTRU PACIENTI,33192120,2024-10-02,24,2026-10-02,"ESTIMAT (24 luni, durata nepublicata)",DA,,,SICAP anunt nr. SCN1148867
587448-2022,DA,SPITALUL CLINIC JUDETEAN DE URGENTA BRASOV,DUCOS TRADING SRL / THREE PHARM,6816000,valoare maxima a acordului-cadru (TED F02 (valoare estimata totala)),6339840,TED F03 (II.1.7 valoarea totala a achizitiei),6816000,TED F02 (valoare estimata totala),,DA,CONSUMABILE HEMODIAFILTRARE PRISMAFLEX,33181520,2022-10-03,48,2026-10-03,TED F02 (durata publicata),DA,,data = prima incheiere de contract publicata in TED,https://ted.europa.eu/en/notice/-/detail/587448-2022
619152-2022,DA,Spitalul Clinic de Urgenta Bucuresti,KAPAMED INTERNATIONAL / SMART MEDICAL SOLUTIONS S.R.L. / TRANSMEDIC IMPEX,1066464,valoare maxima a acordului-cadru (TED F02 (valoare estimata totala)),,,1066464,TED F02 (valoare estimata totala),,DA,Consumabile pentru dializa renala 4 loturi,33181520,2022-10-03,48,2026-10-03,TED F02 (durata publicata),DA,,data = prima incheiere de contract publicata in TED,https://ted.europa.eu/en/notice/-/detail/619152-2022
655869-2024,DA,Spitalul Municipal Campina,ALCA DUO MEDICAL S.R.L. / ALPHA MEDICAL S.R.L. / B.BRAUN MEDICAL SRL / BIZMED SRL / CLINI-LAB / CRAD RO SRL / DELUXE MEDICRAFTS SRL / DEMOPHORIUS HEALTHCARE SRL / DIALAB SOLUTIONS / GENODYNAMIC SRL / GRAZY PRICE MEDICAL IMPORT EXPORT S.R.L. / HDL Union / MEGACONS-BRILLAGO SRL / MLM MEDICAL S.R.L. / Novaintermed S.R.L. / PARTNERS MEDICAL SOLUTION S.R.L. / RUBICON EDITECH 89 S.R.L. / S.C. CERTINVEST S.R.L. / S.C. Filtre Aer Curat S.R.L. S.R.L. / S.C. TODAY SOLUTION S.R.L. / S.C. TODY LABORATORIES MED S.R.L. S.R.L. / S.C.MEDICAL GRUP S.R.L. / SC JUSTIR DESIGN SRL / SH MEDICAL SRL / STERIL ROMANIA SRL / TRANS-MENTOR S.R.L. / TRANSCOM VIDELE SRL / TUNIC PROD S.R.L. / TZMO ROMANIA SRL / Top Diagnostics S.R.L. / VETRO DESIGN S.R.L. / ZARYS INTERNATIONAL GROUP MEDICAL EQUIPMENT S.R.L.,1991874,valoare maxima a acordului-cadru (TED eForms BT-118 (valoarea maxima a acordului)),,,1991874,TED eForms BT-118 (valoarea maxima a acordului),3414869,DA,FURNIZARE CONSUMABILE MEDICALE - ACORD CADRU 24 LUNI,33140000,2024-10-03,24,2026-10-03,TED eForms (durata publicata),DA,,"data = prima incheiere de contract publicata in TED; aceeasi procedura publicata si sub: 303882-2024, CN1069172",https://ted.europa.eu/en/notice/-/detail/655869-2024
CAN1134420,NU,SPITALUL MUNICIPAL DE URGENTA MOINESTI,Lumamed Health&Care SRL,17250,valoare atribuita (SICAP/OpenTender (valori pe atribuire)),17250,SICAP/OpenTender (valori pe atribuire),,,,,,33140000,2024-10-03,24,2026-10-03,"ESTIMAT (24 luni, durata nepublicata)",DA,,,SICAP anunt nr. CAN1134420
CAN1134425,NU,SPITALUL MUNICIPAL DE URGENTA MOINESTI,ROMBIOMEDICA S.R.L.,33800,valoare atribuita (SICAP/OpenTender (valori pe atribuire)),33800,SICAP/OpenTender (valori pe atribuire),,,,,,33140000,2024-10-03,24,2026-10-03,"ESTIMAT (24 luni, durata nepublicata)",DA,"durata estimata; acelasi spital a atribuit un contract nou aceluiasi castigator la 2024-12-04 (CAN1138270), inainte de expirarea calculata => probabil inlocuit",,SICAP anunt nr. CAN1134425
CAN1134427,NU,SPITALUL MUNICIPAL DE URGENTA MOINESTI,SRM Medical,10350,valoare atribuita (SICAP/OpenTender (valori pe atribuire)),10350,SICAP/OpenTender (valori pe atribuire),,,,,,33140000,2024-10-03,24,2026-10-03,"ESTIMAT (24 luni, durata nepublicata)",DA,,,SICAP anunt nr. CAN1134427
CAN1134428,NU,SPITALUL CLINIC COLTEA,ALPHA MEDICAL S.R.L.,15816,valoare atribuita (SICAP/OpenTender (valori pe atribuire)),15816,SICAP/OpenTender (valori pe atribuire),,,,,,33140000,2024-10-03,24,2026-10-03,"ESTIMAT (24 luni, durata nepublicata)",DA,,,SICAP anunt nr. CAN1134428
CAN1134429,NU,SPITALUL CLINIC COLTEA,TZMO ROMANIA,46072,valoare atribuita (SICAP/OpenTender (valori pe atribuire)),46072,SICAP/OpenTender (valori pe atribuire),,,,,,33140000,2024-10-03,24,2026-10-03,"ESTIMAT (24 luni, durata nepublicata)",DA,"durata estimata; acelasi spital a atribuit un contract nou aceluiasi castigator la 2024-10-28 (670014-2024), inainte de expirarea calculata => probabil inlocuit",,SICAP anunt nr. CAN1134429
SCN1153952,NU,SPITALUL ORASENESC CISNADIE,MEDFARM TRADING,335000,valoare atribuita (SICAP/OpenTender (valori pe atribuire)),335000,SICAP/OpenTender (valori pe atribuire),335000,SICAP/OpenTender (valoare procedura),,,FURNIZARE ECHIPAMENTE MEDICALE: SISTEM COMPLET ENDOSCOPIE DIGESTIVA SI ACCESORII,33100000,2024-10-03,24,2026-10-03,"ESTIMAT (24 luni, durata nepublicata)",DA,,,SICAP anunt nr. SCN1153952
SCN1153953,NU,SPITALUL MUNICIPAL PROF DR IRINEL POPESCU BAILESTI,MED TEHNICA / MEDICAL GRUP / HISTRIA INTERNATIONAL S.R.L.,41423,valoare atribuita (SICAP/OpenTender (valori pe atribuire)),41423,SICAP/OpenTender (valori pe atribuire),,,,,,33100000,2024-10-03,24,2026-10-03,"ESTIMAT (24 luni, durata nepublicata)",DA,,suma loturi,SICAP anunt nr. SCN1153953
618918-2023,DA,Spitalul Judetean de Urgenta Miercurea Ciuc,MEDICAL ORTOVIT / RAFI MEDICAL / STRYKER ROMANIA S.R.L. / VALDOMEDICA TRADING,1841854,valoare maxima a acordului-cadru (TED F02 (valoare estimata totala)),1836454,TED F03 (II.1.7 valoarea totala a achizitiei),1841854,TED F02 (valoare estimata totala),,DA,Consumabile pentru osteosinteză neurochirurgicale și chirurgie orală si maxilo-facială,33162000,2023-10-04,36,2026-10-04,TED F02 (durata publicata),DA,,data = prima incheiere de contract publicata in TED,https://ted.europa.eu/en/notice/-/detail/618918-2023
CAN1134575,NU,SPITALUL CLINIC DE BOLI INFECTIOASE SI PNEUMOFTIZIOLOGIE DR VICTOR BABES TIMISOARA,CREATIVE & INNOVATIVE MANAGEMENT,8730,valoare atribuita (SICAP/OpenTender (valori pe atribuire)),8730,SICAP/OpenTender (valori pe atribuire),,,,,,33170000,2024-10-04,24,2026-10-04,"ESTIMAT (24 luni, durata nepublicata)",DA,,,SICAP anunt nr. CAN1134575
CAN1134577,NU,SPITALUL CLINIC DE BOLI INFECTIOASE SI PNEUMOFTIZIOLOGIE DR VICTOR BABES TIMISOARA,Ac Rad Medical Consult&Service,47700,valoare atribuita (SICAP/OpenTender (valori pe atribuire)),47700,SICAP/OpenTender (valori pe atribuire),,,,,,33194110,2024-10-04,24,2026-10-04,"ESTIMAT (24 luni, durata nepublicata)",DA,,,SICAP anunt nr. CAN1134577
SCNA1111582,NU,SPITALUL UNIVERSITAR DE URGENTA BUCURESTI,RAFI MEDICAL,237665,valoare atribuita (SICAP/OpenTender (valori pe atribuire)),237665,SICAP/OpenTender (valori pe atribuire),237665,SICAP/OpenTender (valoare procedura),,,Furnizarea Intrumentar chirurgical necesar sectiilor de Urologie si Chirurgie Toracica.,33169000,2024-10-04,24,2026-10-04,"ESTIMAT (24 luni, durata nepublicata)",DA,,,SICAP anunt nr. SCNA1111582
125144-2025,DA,SPITALUL CLINIC JUDETEAN MURES,NOVITRADE,27750,valoare maxima a acordului-cadru (TED eForms BT-118 (valoarea maxima a acordului)),22200,TED eForms (valoarea totala a rezultatului),27750,TED eForms BT-118 (valoarea maxima a acordului),30000,DA,Acord cadru de furnizare materiale sanitare - ” Truse de administrare paclitaxel CU 2 FILTRE ”,33141200,2025-02-04,20,2026-10-04,TED eForms (durata publicata),DA,,"data = prima incheiere de contract publicata in TED; cea mai mare valoare totala publicata dintre 6 anunturi de atribuire (din anuntul 459199-2026; valorile pe anunturi pot fi partiale sau cumulative); aceeasi procedura publicata si sub: 252368-2025, 32025-2026, 425818-2025, 654333-2025, 236754-2026, 459199-2026",https://ted.europa.eu/en/notice/-/detail/125144-2025
437838-2026,DA,SPITALUL MUNICIPAL SIGHETU MARMATIEI,SIEMENS HEALTHCARE SRL,836550,valoare atribuita (TED eForms (valoarea totala a rezultatului)),836550,TED eForms (valoarea totala a rezultatului),836550,TED eForms (valoare estimata),,,Furnizarea de produse – Aparat radiologic de tip C-Arm,33100000,2026-06-05,4,2026-10-05,TED eForms (durata publicata),DA,,data = prima incheiere de contract publicata in TED,https://ted.europa.eu/en/notice/-/detail/437838-2026
280626-2023,DA,SPITALUL JUDETEAN DE URGENTA BRAILA,A.M.S. 2000 TRADING IMPEX / BIVARIA GRUP S.R.L. / DACORUM GRUP / HELLIMED / KARL STORZ ENDOSCOPIA ROMANIA / LIAMED / LUAN VISION / MEDTRONIC ROMANIA / Medist / NOVA TECH MED / OVAVINCI,10319328,valoare maxima a acordului-cadru (TED F02 (valoare estimata totala)),8366897,TED F03 (II.1.7 valoarea totala a achizitiei),10319328,TED F02 (valoare estimata totala),,DA,Achizitie aparatura medicala,33100000,2022-10-06,48,2026-10-06,TED F02 (durata publicata),DA,,"data = prima incheiere de contract publicata in TED; aceeasi procedura publicata si sub: 264513-2022, CN1042638",https://ted.europa.eu/en/notice/-/detail/280626-2023
641082-2023,DA,"Spitalul Clinic Judetean de Urgenta""Sfantul Apostol Andrei""",AXIOMED SOLUTIONS SRL / DELUXE MEDICRAFTS / Limas Group S.R.L. / STERIL ROMANIA / STERISACO / TZMO ROMANIA / VETRO DESIGN S.R.L.,1921950,valoare maxima a acordului-cadru (TED F02 (valoare estimata totala)),,,1921950,TED F02 (valoare estimata totala),,DA,Materiale sanitare si reactivi pentru sterilizare,33198200,2023-10-06,36,2026-10-06,TED F02 (durata publicata),DA,,data = prima incheiere de contract publicata in TED,https://ted.europa.eu/en/notice/-/detail/641082-2023
661057-2025,DA,SANATORIUL BALNEAR SI DE RECUPERARE TECHIRGHIOL,UNIVERSAL MEDICAL S.R.L.,6231000,valoare maxima a acordului-cadru (TED eForms BT-118 (valoarea maxima a acordului)),,,6231000,TED eForms BT-118 (valoarea maxima a acordului),6274790,DA,Achizitie echipamente de recuperare medicala - Sanatoriul Balnear si de Recuperare Techirghiol,33100000,2025-10-06,12,2026-10-06,TED eForms (durata publicata),DA,,data = prima incheiere de contract publicata in TED,https://ted.europa.eu/en/notice/-/detail/661057-2025
278845-2026,DA,SPITALUL CLINIC JUDETEAN DE URGENTA SF. APOSTOL ANDREI,LIAMED / TEHNO ELECTRO MEDICAL COMPANY S.R.L.,1258156,valoare atribuita (TED eForms (valoarea totala a rezultatului)),1258156,TED eForms (valoarea totala a rezultatului),1258837,TED eForms (valoare estimata),,,"Echipamente Medicale pentru Ginecologie,Bronhoscopie,Urologie,Ortopedie si Chirurgie / 5 loturi– cod MySMIS 330738",33100000,2026-04-06,6,2026-10-06,TED eForms (durata publicata),DA,,data = prima incheiere de contract publicata in TED,https://ted.europa.eu/en/notice/-/detail/278845-2026
607921-2024,DA,"Spitalul Universitar de Urgenta Militar Central ""Dr. Carol Davila""",FRESENIUS MEDICAL CARE ROMANIA S.R.L.,1278342,valoare maxima a acordului-cadru (TED eForms BT-118 (valoarea maxima a acordului)),,,1278342,TED eForms BT-118 (valoarea maxima a acordului),1259777,DA,MATERIALE SANITARE ATI (consumabile pentru terapii de substitutie),33141000,2024-10-07,24,2026-10-07,TED eForms (durata publicata),DA,,unitate militara cu profil de spital; data = prima incheiere de contract publicata in TED,https://ted.europa.eu/en/notice/-/detail/607921-2024
628550-2024,DA,SPITALUL CLINIC DE RECUPERARE IASI,MEDICAL ORTOVIT / Neos Europe / VALDOMEDICA TRADING SRL / ZIMMER BIOMET ROMANIA,2789194,valoare maxima a acordului-cadru (TED eForms BT-118 (valoarea maxima a acordului)),,,2789194,TED eForms BT-118 (valoarea maxima a acordului),2895000,DA,Implanturi chirurgicale,33184100,2024-10-07,24,2026-10-07,TED eForms (durata publicata),DA,,data = prima incheiere de contract publicata in TED; aceeasi procedura publicata si sub: 369267-2024,https://ted.europa.eu/en/notice/-/detail/628550-2024
CAN1134628,NU,SPITALUL UNIVERSITAR DE URGENTA BUCURESTI,Medico International,91672,valoare atribuita (SICAP/OpenTender (valori pe atribuire)),91672,SICAP/OpenTender (valori pe atribuire),,,,,Consumabile medicale pentru sterilizare,33198200,2024-10-07,24,2026-10-07,"ESTIMAT (24 luni, durata nepublicata)",DA,,valoarea procedurii din SICAP/OpenTender (9.167.250 RON) ignorata: de peste 20 de ori valoarea atribuita (probabil eroare de unitate),SICAP anunt nr. CAN1134628
CAN1134644,NU,"SPITALUL CLINIC JUDETEAN DE URGENTA""SFANTUL IOAN CEL NOU""SUCEAVA",GENERAL ELECTRIC MEDICAL SYSTEMS ROMANIA,38676,valoare atribuita (SICAP/OpenTender (valori pe atribuire)),38676,SICAP/OpenTender (valori pe atribuire),,,,,,33111610,2024-10-07,24,2026-10-07,"ESTIMAT (24 luni, durata nepublicata)",DA,,,SICAP anunt nr. CAN1134644
CAN1134656,NU,Spitalul Clinic Judetean de Urgenta Targu.Mures,SC BIOPHARM INTERNATIONAL SRL,2040,valoare atribuita (SICAP/OpenTender (valori pe atribuire)),2040,SICAP/OpenTender (valori pe atribuire),,,,,,33140000,2024-10-07,24,2026-10-07,"ESTIMAT (24 luni, durata nepublicata)",DA,,,SICAP anunt nr. CAN1134656
CAN1134660,NU,SPITALUL UNIVERSITAR DE URGENTA BUCURESTI,DEXTER COM S.R.L.,841,valoare atribuita (SICAP/OpenTender (valori pe atribuire)),841,SICAP/OpenTender (valori pe atribuire),,,,,,33141500,2024-10-07,24,2026-10-07,"ESTIMAT (24 luni, durata nepublicata)",DA,,,SICAP anunt nr. CAN1134660
CAN1134674,NU,Spitalul Clinic Judetean de Urgenta Targu.Mures,MARENTOP EXIM S.R.L.,51100,valoare atribuita (SICAP/OpenTender (valori pe atribuire)),51100,SICAP/OpenTender (valori pe atribuire),51100,SICAP/OpenTender (valoare procedura),,,Contract de furnizare consumabile medicale,33140000,2024-10-07,24,2026-10-07,"ESTIMAT (24 luni, durata nepublicata)",DA,,,SICAP anunt nr. CAN1134674
CAN1134682,NU,Spitalul Clinic Judetean de Urgenta Targu.Mures,Soran Med Distrib Srl,38900,valoare atribuita (SICAP/OpenTender (valori pe atribuire)),38900,SICAP/OpenTender (valori pe atribuire),,,,,,33140000,2024-10-07,24,2026-10-07,"ESTIMAT (24 luni, durata nepublicata)",DA,,,SICAP anunt nr. CAN1134682
CAN1134688,NU,Spitalul Clinic Judetean de Urgenta Targu.Mures,NAFKA GRUP S.R.L.,2572,valoare atribuita (SICAP/OpenTender (valori pe atribuire)),2572,SICAP/OpenTender (valori pe atribuire),,,,,,33140000,2024-10-07,24,2026-10-07,"ESTIMAT (24 luni, durata nepublicata)",DA,"durata estimata; acelasi spital a atribuit un contract nou aceluiasi castigator la 2024-11-06 (CAN1136499), inainte de expirarea calculata => probabil inlocuit",,SICAP anunt nr. CAN1134688
485911-2024,DA,"Spitalul Municipal "" DR. AUREL TULBURE"" Fagaras",CORTECH MED S.R.L.,2600000,valoare atribuita (TED eForms (valoarea totala a rezultatului)),2600000,TED eForms (valoarea totala a rezultatului),,,,,CONTRACT DE FURNIZARE COMPUTER TOMOGRAF,33115000,2024-08-08,26,2026-10-08,TED eForms (durata publicata),DA,,data = prima incheiere de contract publicata in TED; aceeasi procedura publicata si sub: 152657-2024,https://ted.europa.eu/en/notice/-/detail/485911-2024
395725-2026,DA,"SPITALUL JUDETEAN DE URGENTA""DR. CONSTANTIN OPRIS"" BAIA MARE",ALTEX ROMANIA / CREATIVE & INNOVATIVE MANAGEMENT / DACORUM GRUP / DRAEGER ROMANIA / DTL Medical SRL / HEXTECHINDUSTRIAL S.R.L. / Hojima Software Technologies S.R.L / IRYO SYSTEMS / LIAMED / MEDIXFARM TEHNOPLUS / REO MEDICAL APARATURA MEDICALA / SC REGIO MED SRL,17411498,valoare atribuita (TED eForms (valoarea totala a rezultatului)),17411498,TED eForms (valoarea totala a rezultatului),17703102,TED eForms (valoare estimata),,,"Furnizare Echipamente pentru dotarea infrastructurii Spitalului Județean de Urgență ”Dr. Constantin Opriș”, Baia Mare, din cadrul proiectulu",33100000,2026-06-08,4,2026-10-08,TED eForms (durata publicata),DA,,data = prima incheiere de contract publicata in TED; cea mai mare valoare totala publicata dintre 2 anunturi de atribuire (din anuntul 395725-2026; valorile pe anunturi pot fi partiale sau cumulative); aceeasi procedura publicata si sub: 397209-2026,https://ted.europa.eu/en/notice/-/detail/395725-2026
635631-2023,DA,Spitalul Clinic Judetean de Urgenta Targu.Mures,Flexi Pro SRL,8788400,valoare maxima a acordului-cadru (TED F02 (valoare estimata totala)),8406600,TED F03 (II.1.7 valoarea totala a achizitiei),8788400,TED F02 (valoare estimata totala),,DA,Acord cadru de furnizare Comprese,33141119,2023-10-09,36,2026-10-09,TED F02 (durata publicata),DA,,data = prima incheiere de contract publicata in TED,https://ted.europa.eu/en/notice/-/detail/635631-2023
CAN1134777,NU,SPITALUL CLINIC JUDETEAN DE URGENTA SIBIU,DUTCHMED S.R.L.,92100,valoare atribuita (SICAP/OpenTender (valori pe atribuire)),92100,SICAP/OpenTender (valori pe atribuire),92100,SICAP/OpenTender (valoare procedura),,,FURNIZARE CONSUMABILE MEDICALE,33140000,2024-10-09,24,2026-10-09,"ESTIMAT (24 luni, durata nepublicata)",DA,,,SICAP anunt nr. CAN1134777
CAN1134780,NU,SPITALUL CLINIC JUDETEAN DE URGENTA SIBIU,GISCO MED,37140,valoare atribuita (SICAP/OpenTender (valori pe atribuire)),37140,SICAP/OpenTender (valori pe atribuire),,,,,,33140000,2024-10-09,24,2026-10-09,"ESTIMAT (24 luni, durata nepublicata)",DA,,,SICAP anunt nr. CAN1134780
CAN1134781,NU,SPITALUL CLINIC JUDETEAN DE URGENTA SIBIU,GISCO MED,25950,valoare atribuita (SICAP/OpenTender (valori pe atribuire)),25950,SICAP/OpenTender (valori pe atribuire),,,,,,33140000,2024-10-09,24,2026-10-09,"ESTIMAT (24 luni, durata nepublicata)",DA,,,SICAP anunt nr. CAN1134781
CAN1134783,NU,"INSTITUTUL INIMII DE URGENTA PENTRU BOLI CARDIOVASCULARE""Niculae Stancioiu"" Cluj-Napoca",CARDIOTECH,105000,valoare atribuita (SICAP/OpenTender (valori pe atribuire)),105000,SICAP/OpenTender (valori pe atribuire),105000,SICAP/OpenTender (valoare procedura),,,"Furnizare ""KIT OXIGENATOR CU POMPĂ CENTRIFUGĂ ȘI SET TRATAT (ECMO) COMPATIBIL CU APARATUL CARDIOHELP–I""",33140000,2024-10-09,24,2026-10-09,"ESTIMAT (24 luni, durata nepublicata)",DA,"durata estimata; acelasi spital a atribuit un contract nou aceluiasi castigator la 2024-11-15 (703545-2024), inainte de expirarea calculata => probabil inlocuit",,SICAP anunt nr. CAN1134783
SCN1154266,NU,"SPITALUL CLINIC DE NEFROLOGIE ""DR. CAROL DAVILA""",PROMED SOLUTION MD SRL,35640,valoare atribuita (SICAP/OpenTender (valori pe atribuire)),35640,SICAP/OpenTender (valori pe atribuire),,,,,,33192000,2024-10-09,24,2026-10-09,"ESTIMAT (24 luni, durata nepublicata)",DA,,,SICAP anunt nr. SCN1154266
SCN1154275,NU,SPITALUL JUDETEAN DE URGENTA PIATRA NEAMT,MEDICAL ORTOVIT,83800,valoare atribuita (SICAP/OpenTender (valori pe atribuire)),83800,SICAP/OpenTender (valori pe atribuire),84034,SICAP/OpenTender (valoare procedura),,,FURNIZARE ECHIPAMENTE MEDICALE,33100000,2024-10-09,24,2026-10-09,"ESTIMAT (24 luni, durata nepublicata)",DA,,,SICAP anunt nr. SCN1154275
621842-2023,DA,SPITALUL CLINIC JUDETEAN DE URGENTA SF. APOSTOL ANDREI,FRESENIUS MEDICAL CARE ROMANIA S.R.L.,6540600,valoare maxima a acordului-cadru (TED F02 (valoare estimata totala)),6375262,TED F03 (II.1.7 valoarea totala a achizitiei),6540600,TED F02 (valoare estimata totala),,DA,PACHET CONSUMABILE COMPATIBILE CU APARATELE PENTRU TERAPII DE SUPLEERE RENALA FRESENIUS MULTIFILTRATE AFLATE IN DOTAREA SECTIEI DE CHIRURGIE,33190000,2023-10-10,36,2026-10-10,TED F02 (durata publicata),DA,,data = prima incheiere de contract publicata in TED,https://ted.europa.eu/en/notice/-/detail/621842-2023
353092-2025,DA,Spitalul Clinic de Urgenta Bucuresti,TEHNO ELECTRO MEDICAL COMPANY S.R.L.,10764410,valoare maxima a acordului-cadru (TED eForms BT-118 (valoarea maxima a acordului)),,,10764410,TED eForms BT-118 (valoarea maxima a acordului),10767270,DA,ENDOSCOAPE COMPATIBILE CU SISTEMELE ACTUALE EXIXTENTE IN PROPRIETATEA SPITALULUI,33100000,2024-10-10,24,2026-10-10,TED eForms (durata publicata),DA,,data = prima incheiere de contract publicata in TED,https://ted.europa.eu/en/notice/-/detail/353092-2025
615556-2024,DA,SPITALUL CLINIC DE URGENTA SF.IOAN,VAVIAN TRADING,4452000,valoare atribuita (TED eForms (valoarea totala a rezultatului)),4452000,TED eForms (valoarea totala a rezultatului),4293212,TED eForms (valoare estimata),,,CONTRACT FURNIZARE APARATURA MEDICALA - TRUSA LAPAROSCOPIE 4 K UROLOGIE,33100000,2024-10-10,24,2026-10-10,TED eForms (durata publicata),DA,"acelasi spital a atribuit un contract nou aceluiasi castigator la 2025-10-10 (698098-2025), inainte de expirarea calculata => probabil inlocuit",data = prima incheiere de contract publicata in TED; aceeasi procedura publicata si sub: 490063-2024; valoarea atribuita publicata depaseste valoarea maxima publicata (asa apar in anunturi),https://ted.europa.eu/en/notice/-/detail/615556-2024
SCN1147511,NU,SPITAL CLINIC JUDETEAN DE URGENTA BIHOR,N&B,9980,valoare atribuita (SICAP/OpenTender (valori pe atribuire)),9980,SICAP/OpenTender (valori pe atribuire),,,,,,33125000,2024-10-10,24,2026-10-10,"ESTIMAT (24 luni, durata nepublicata)",DA,,,SICAP anunt nr. SCN1147511
SCN1154361,NU,SPITAL CLINIC JUDETEAN DE URGENTA BIHOR,DACORUM GRUP,154000,valoare atribuita (SICAP/OpenTender (valori pe atribuire)),154000,SICAP/OpenTender (valori pe atribuire),154000,SICAP/OpenTender (valoare procedura),,,Injectomat - 22 bucati,33194100,2024-10-10,24,2026-10-10,"ESTIMAT (24 luni, durata nepublicata)",DA,"durata estimata; acelasi spital a atribuit un contract nou aceluiasi castigator la 2024-10-17 (SCN1154694), inainte de expirarea calculata => probabil inlocuit",,SICAP anunt nr. SCN1154361
SCN1154362,NU,SPITAL CLINIC JUDETEAN DE URGENTA BIHOR,HELLIMED,176340,valoare atribuita (SICAP/OpenTender (valori pe atribuire)),176340,SICAP/OpenTender (valori pe atribuire),,,,,Sistem de testare la efort cu banda - 1 bucata,33123000,2024-10-10,24,2026-10-10,"ESTIMAT (24 luni, durata nepublicata)",DA,,valoarea procedurii din SICAP/OpenTender (17.634.026 RON) ignorata: de peste 20 de ori valoarea atribuita (probabil eroare de unitate),SICAP anunt nr. SCN1154362
671417-2025,DA,Spitalul Clinic Municipal de Urgenta Timisoara,ANTISEL RO / DRAEGER ROMANIA / HYPO TECH & CONSULTING / MEDIST IMAGING & P.O.C. / MEDIST LIFE SCIENCE S.R.L.,5274579,valoare atribuita (TED eForms (valoarea totala a rezultatului)),5274579,TED eForms (valoarea totala a rezultatului),,,,,ECHIPAMENTE MEDICALE PROIECT RORS 00009,33100000,2025-10-10,12,2026-10-10,TED eForms (durata publicata),DA,,data = prima incheiere de contract publicata in TED,https://ted.europa.eu/en/notice/-/detail/671417-2025
672448-2023,DA,Spitalul Judetean de Urgenta Miercurea Ciuc,CONTROL LINE 21 / CRAD RO / KAPAMED INTERNATIONAL SRL / LIAMED / M-G EXIM ROMITALIA S.R.L. / MEDTRONIC ROMANIA SRL / MLM MEDICAL S.R.L. / PREMIUM SURGICAL / RS Medical Line / Rosalvamed Plus S.R.L. / S.C.MEDICAL GRUP S.R.L. / STRYKER ROMANIA S.R.L. / Sante International S.A. / TRANS-MENTOR S.R.L. / VETRO DESIGN S.R.L. / VODIMEDICOR S.R.L.,4961610,valoare maxima a acordului-cadru (TED F02 (valoare estimata totala)),3798218,TED F03 (II.1.7 valoarea totala a achizitiei),4961610,TED F02 (valoare estimata totala),,DA,Furnizare Dispozitive Medicale,33190000,2023-10-11,36,2026-10-11,TED F02 (durata publicata),DA,,data = prima incheiere de contract publicata in TED,https://ted.europa.eu/en/notice/-/detail/672448-2023
669898-2024,DA,"Spitalul Universitar de Urgenta Militar Central ""Dr. Carol Davila""",ALPHA MEDICAL S.R.L. / CARDIOTECH SRL / DREAVIA PHARMA / EURO PHARMAMED / FRESENIUS KABI ROMANIA SRL / Johnson & Johnson Romania SRL / Medical Express S.R.L. / RUBICON EDITECH 89 S.R.L. / S.C. BIOTECHNICS IMPLANT S.R.L. / RONTIS ROMANIA PHARMA SRL,18363600,valoare maxima a acordului-cadru (TED eForms BT-118 (valoarea maxima a acordului)),1161280,TED eForms (valoarea totala a rezultatului),18363600,TED eForms BT-118 (valoarea maxima a acordului),21418550,DA,MATERIALE SANITARE CHIRURGIE I și ATI I,33169000,2024-10-11,24,2026-10-11,TED eForms (durata publicata),DA,,"unitate militara cu profil de spital; data = prima incheiere de contract publicata in TED; cea mai mare valoare totala publicata dintre 3 anunturi de atribuire (din anuntul 660830-2026; valorile pe anunturi pot fi partiale sau cumulative); aceeasi procedura publicata si sub: 179329-2026, 585232-2026, 660830-2026",https://ted.europa.eu/en/notice/-/detail/669898-2024
693074-2024,DA,Spitalul Clinic Municipal de Urgenta Timisoara,ALCON ROMANIA,227070,valoare maxima a acordului-cadru (TED eForms BT-118 (valoarea maxima a acordului)),12138,TED eForms (valoarea totala a rezultatului),227070,TED eForms BT-118 (valoarea maxima a acordului),252000,DA,CONSUMABILE OFTALMOLOGIE 3,33122000,2024-10-11,24,2026-10-11,TED eForms (durata publicata),DA,,"data = prima incheiere de contract publicata in TED; valoare atribuita din anuntul 249107-2025; aceeasi procedura publicata si sub: 506293-2024, 249107-2025",https://ted.europa.eu/en/notice/-/detail/693074-2024
CN1069945,NU,MINISTERUL APARARII UM 02534 IASI,Karimed Partener,22689,valoare atribuita (SICAP/OpenTender (valori pe atribuire)),22689,SICAP/OpenTender (valori pe atribuire),,,,,,33191000,2024-10-11,24,2026-10-11,"ESTIMAT (24 luni, durata nepublicata)",DA,,unitate militara cu profil de spital,SICAP anunt nr. CN1069945
CN1074296,NU,MINISTERUL APARARII - UNITATEA MILITARA 02497 PITESTI,ESMED GROUP,419500,valoare atribuita (SICAP/OpenTender (valori pe atribuire)),419500,SICAP/OpenTender (valori pe atribuire),419500,SICAP/OpenTender (valoare procedura),,,Achizitie - Sistem de monitorizare funcții vitale,33195000,2024-10-11,24,2026-10-11,"ESTIMAT (24 luni, durata nepublicata)",DA,,unitate militara cu profil de spital,SICAP anunt nr. CN1074296
180573-2026,DA,"SPITALUL JUDETEAN DE URGENTA""DR. CONSTANTIN OPRIS"" BAIA MARE",KARL STORZ ENDOSCOPIA ROMANIA / MEDIST IMAGING & P.O.C. S.R.L.,2298988,valoare atribuita (TED eForms (valoarea totala a rezultatului)),2298988,TED eForms (valoarea totala a rezultatului),,,,,CONTRACT DE FURNIZARE ECHIPAMENTE MEDICALE PRIN PROIECT “MEDICUNITY – COERENȚA PENTRU ÎMBUNĂTĂȚIREA ACTIVITĂȚILOR DE TRATARE ȘI RECUPERARE M,33100000,2026-02-11,8,2026-10-11,TED eForms (durata publicata),DA,,data = prima incheiere de contract publicata in TED,https://ted.europa.eu/en/notice/-/detail/180573-2026
590641-2022,DA,"SPITALUL JUDETEAN DE URGENTA ""SF. PANTELIMON"" FOCSANI",Sof Medica,1493952,valoare maxima a acordului-cadru (TED F02 (valoare estimata totala)),1489696,TED F03 (II.1.7 valoarea totala a achizitiei),1493952,TED F02 (valoare estimata totala),,DA,Acord cadru furnizare consumabile HEMODIALIZA,33181520,2022-10-12,48,2026-10-12,TED F02 (durata publicata),DA,"acelasi spital a atribuit un contract nou aceluiasi castigator la 2023-03-14 (CN1045855), inainte de expirarea calculata => probabil inlocuit",data = prima incheiere de contract publicata in TED; cea mai mare valoare totala publicata dintre 2 anunturi de atribuire (din anuntul 590641-2022; valorile pe anunturi pot fi partiale sau cumulative); aceeasi procedura publicata si sub: 610617-2022,https://ted.europa.eu/en/notice/-/detail/590641-2022
687567-2022,DA,"Institutul Regional de Gastroenterologie-Hepatologie ""Prof. Dr. Octavian Fodor"" Cluj",MEDTRONIC ROMANIA SRL / PHARMICS S.R.L.,2797384,valoare maxima a acordului-cadru (TED F02 (valoare estimata totala)),2746720,TED F03 (II.1.7 valoarea totala a achizitiei),2797384,TED F02 (valoare estimata totala),,DA,Achizitie echipamente medicale bloc operator,33100000,2022-10-12,48,2026-10-12,TED F02 (durata publicata),DA,,data = prima incheiere de contract publicata in TED; aceeasi procedura publicata si sub: 405533-2022,https://ted.europa.eu/en/notice/-/detail/687567-2022
629800-2026,DA,SPITALUL JUDETEAN DE URGENTA PIATRA NEAMT,GISCO MED / LABORATORIUM LIFE SCIENCE SRL / LIAMED / MEDI -TECH BUSINESS SRL / MEDICARE SOLUTIONS / MEDIST IMAGING & P.O.C. S.R.L. / MEDIZIN TECHNOLOGIES / MLM MEDICAL S.R.L. / PHILIPS ROMANIA / S.C. Medical Gazplus S.R.L. / SYNTTERGY CONSULT S.R.L.,3359764,valoare atribuita (TED eForms (valoarea totala a rezultatului)),3359764,TED eForms (valoarea totala a rezultatului),4112300,TED eForms (valoare estimata),,,INVESTITII DE TIP DOTARI IN CADRUL SPITALULUI JUDETEAN DE URGENTA PIATRA NEAMT PENTRU TRATAREA PACIENTILOR CARDIACI CRITICI” program finanța,33100000,2026-06-12,4,2026-10-12,TED eForms (durata publicata),DA,,data = prima incheiere de contract publicata in TED,https://ted.europa.eu/en/notice/-/detail/629800-2026
617351-2026,DA,INSTITUTUL NATIONAL DE ENDOCRINOLOGIE C.I. PARHON,ANTISEL RO SRL / B.BRAUN MEDICAL SRL / EAST CORP / EVO HEALTHCARE CONSULTING S.R.L / FRESENIUS KABI ROMANIA SRL / Jensen Pharma SRL / LUAN VISION SRL / MEDIKA H & S IMPEX S.R.L. / MEDIST LIFE SCIENCE S.R.L. / S.C. DRAEGER ROMANIA S.R.L. / S.C. NEOMED S..R.L. / SC CARTO PLAST SRL / TEHNO ELECTRO MEDICAL COMPANY S.R.L. / TUNIC PROD S.R.L.,1201406,valoare atribuita (TED eForms (valoarea totala a rezultatului)),1201406,TED eForms (valoarea totala a rezultatului),2816849,TED eForms (valoare estimata),,,ACHIZIȚIA DE APARATURĂ MEDICALĂ LISTA INVESTITII DIN CADRUL INSTITUTULUI NATIONAL DE ENDOCRINOLOGIE C.I. PARHON,33100000,2026-08-13,2,2026-10-13,TED eForms (durata publicata),DA,,data = prima incheiere de contract publicata in TED,https://ted.europa.eu/en/notice/-/detail/617351-2026
579411-2022,DA,"Spitalul Clinic de Urgenta pentru Copii ""Sf. Ioan"" Galati",B. BRAUN AVITUM S.R.L.,1108666,valoare maxima a acordului-cadru (TED F02 (valoare estimata totala)),1108645,TED F03 (II.1.7 valoarea totala a achizitiei),1108666,TED F02 (valoare estimata totala),,DA,"ACORD CADRU FURNIZARE CONSUMABILE PENTRU DIALIZA RENALA,",33181520,2022-10-14,48,2026-10-14,TED F02 (durata publicata),DA,,data = prima incheiere de contract publicata in TED,https://ted.europa.eu/en/notice/-/detail/579411-2022
624320-2024,DA,Spitalul Clinic Judetean de Urgenta Targu.Mures,PHARMICS,2104600,valoare maxima a acordului-cadru (TED eForms BT-118 (valoarea maxima a acordului)),,,2104600,TED eForms BT-118 (valoarea maxima a acordului),3298000,DA,Acord cadru de furnizare targi,33192160,2024-10-14,24,2026-10-14,TED eForms (durata publicata),DA,"acelasi spital a atribuit un contract nou aceluiasi castigator la 2025-04-25 (280083-2025), inainte de expirarea calculata => probabil inlocuit","data = prima incheiere de contract publicata in TED; aceeasi procedura publicata si sub: 456908-2024, CN1071541",https://ted.europa.eu/en/notice/-/detail/624320-2024
624536-2024,DA,SPITALUL CLINIC DE RECUPERARE IASI,SONOROM,4216229,valoare maxima a acordului-cadru (TED eForms BT-118 (valoarea maxima a acordului)),601089,TED eForms (valoarea totala a rezultatului),4216229,TED eForms BT-118 (valoarea maxima a acordului),4491628,DA,Furnizare echipamente medicale de audiologie (12 loturi),33100000,2024-10-14,24,2026-10-14,TED eForms (durata publicata),DA,,"data = prima incheiere de contract publicata in TED; cea mai mare valoare totala publicata dintre 2 anunturi de atribuire (din anuntul 346028-2025; valorile pe anunturi pot fi partiale sau cumulative); aceeasi procedura publicata si sub: 346028-2025, 64157-2025",https://ted.europa.eu/en/notice/-/detail/624536-2024
690446-2024,DA,"Spitalul Clinic Judetean de Urgenta""Sfantul Apostol Andrei""",B. BRAUN AVITUM / KAPAMED INTERNATIONAL / RENAMED FARMA S.R.L.,763800,valoare maxima a acordului-cadru (TED eForms BT-118 (valoarea maxima a acordului)),186958,TED eForms (valoarea totala a rezultatului),763800,TED eForms BT-118 (valoarea maxima a acordului),1214138,DA,consumabile dializa,33181520,2024-10-14,24,2026-10-14,TED eForms (durata publicata),DA,,"data = prima incheiere de contract publicata in TED; cea mai mare valoare totala publicata dintre 2 anunturi de atribuire (din anuntul 412034-2026; valorile pe anunturi pot fi partiale sau cumulative); aceeasi procedura publicata si sub: 856550-2025, 412034-2026",https://ted.europa.eu/en/notice/-/detail/690446-2024
CAN1135008,NU,"SPITALUL CLINIC JUDETEAN DE URGENTA""SFANTUL IOAN CEL NOU""SUCEAVA",TECMED,48000,valoare atribuita (SICAP/OpenTender (valori pe atribuire)),48000,SICAP/OpenTender (valori pe atribuire),,,,,,33111710,2024-10-14,24,2026-10-14,"ESTIMAT (24 luni, durata nepublicata)",DA,,,SICAP anunt nr. CAN1135008
SCN1154493,NU,SPITALUL CLINIC COLTEA,MEDIST IMAGING & P.O.C. S.R.L.,309000,valoare atribuita (SICAP/OpenTender (valori pe atribuire)),309000,SICAP/OpenTender (valori pe atribuire),309000,SICAP/OpenTender (valoare procedura),,,ECOGRAF MULTIFUNCTIONAL,33112200,2024-10-14,24,2026-10-14,"ESTIMAT (24 luni, durata nepublicata)",DA,,,SICAP anunt nr. SCN1154493
469767-2025,DA,Spitalul Clinic Municipal de Urgenta Timisoara,HYPO TECH & CONSULTING / MEDIST LIFE SCIENCE S.R.L.,473000,valoare atribuita (TED eForms (valoarea totala a rezultatului)),473000,TED eForms (valoarea totala a rezultatului),,,,,ECHIPAMENTE MEDICALE ANATOMIE PATOLOGICA-RORS 00009,33100000,2025-07-14,15,2026-10-14,TED eForms (durata publicata),DA,,data = prima incheiere de contract publicata in TED,https://ted.europa.eu/en/notice/-/detail/469767-2025
665433-2024,DA,SPITALUL JUDETEAN SATU MARE,BIOMATRIX SYSTEM / MEDICAL ORTOVIT / Ortholife Systems / SANATMETAL RO SRL / SPORTMED SYSTEMS / STRYKER ROMANIA SRL / VALDOMEDICA TRADING / ZIMMER BIOMET ROMANIA,50879616,valoare maxima a acordului-cadru (TED eForms BT-118 (valoarea maxima a acordului)),14271141,TED eForms (valoarea totala a rezultatului),50879616,TED eForms BT-118 (valoarea maxima a acordului),52468800,DA,MATERIALE OSTEOSINTEZA SI COMPLETARE DE PROTEZE,33183100,2024-10-15,24,2026-10-15,TED eForms (durata publicata),DA,valorile totale atribuite publicate pentru aceeasi procedura difera de peste 50 de ori intre anunturi (99847 - 14271141 RON); posibil eroare de publicare - verificati anunturile,"data = prima incheiere de contract publicata in TED; cea mai mare valoare totala publicata dintre 44 anunturi de atribuire (din anuntul 661556-2026; valorile pe anunturi pot fi partiale sau cumulative); aceeasi procedura publicata si sub: 111666-2026, 173205-2025, 27439-2025, 32476-2025, 428546-2026, 527878-2025, 141252-2025, 67286-2025, 188221-2025, 328079-2025, 333561-2025, 359090-2025, 417796-2025, 399046-2025, 485483-2025, 549345-2025, 211017-2026, 567906-2025, 595414-2025, 640717-2025, 655382-2025, 843766-2025, 520868-2026, 759996-2025, 790470-2025, 24598-2026, 110252-2026, 119784-2026, 173191-2026, 243191-2026, 285771-2026, 294834-2026, 301428-2026, 317437-2026, 339989-2026, 661556-2026, 455914-2026, 470542-2026, 459133-2026, 448487-2026, 529936-2026, 572913-2026, 538794-2026, 545108-2026",https://ted.europa.eu/en/notice/-/detail/665433-2024
703767-2024,DA,"Spital Clinic Judetean de Urgenta ""Pius Brinzeu"" Timisoara",CRIO - 2 S.R.L. / Med Tech Distributions SRL,16853281,valoare maxima a acordului-cadru (TED eForms BT-118 (valoarea maxima a acordului)),,,16853281,TED eForms BT-118 (valoarea maxima a acordului),20667132,DA,Acord cadru de furnizare - fire de sutura,33140000,2024-10-15,24,2026-10-15,TED eForms (durata publicata),DA,,data = prima incheiere de contract publicata in TED,https://ted.europa.eu/en/notice/-/detail/703767-2024
CAN1135059,NU,SPITALUL UNIVERSITAR DE URGENTA BUCURESTI,ROMBIOMEDICA S.R.L.,66150,valoare atribuita (SICAP/OpenTender (valori pe atribuire)),66150,SICAP/OpenTender (valori pe atribuire),66150,SICAP/OpenTender (valoare procedura),,,FURNIZARE MATERIALE SANITARE,33162000,2024-10-15,24,2026-10-15,"ESTIMAT (24 luni, durata nepublicata)",DA,"durata estimata; acelasi spital a atribuit un contract nou aceluiasi castigator la 2024-11-11 (CAN1136807), inainte de expirarea calculata => probabil inlocuit",,SICAP anunt nr. CAN1135059
CAN1135062,NU,SPITALUL CLINIC DE RECUPERARE CLUJ-NAPOCA,B.BRAUN MEDICAL,12675,valoare atribuita (SICAP/OpenTender (valori pe atribuire)),12675,SICAP/OpenTender (valori pe atribuire),,,,,,33140000,2024-10-15,24,2026-10-15,"ESTIMAT (24 luni, durata nepublicata)",DA,,,SICAP anunt nr. CAN1135062
CAN1135064,NU,SPITALUL CLINIC DE RECUPERARE CLUJ-NAPOCA,ESMED GROUP,32865,valoare atribuita (SICAP/OpenTender (valori pe atribuire)),32865,SICAP/OpenTender (valori pe atribuire),,,,,,33140000,2024-10-15,24,2026-10-15,"ESTIMAT (24 luni, durata nepublicata)",DA,,,SICAP anunt nr. CAN1135064
CAN1135069,NU,SPITALUL CLINIC DE RECUPERARE CLUJ-NAPOCA,MEDICAL ORTOVIT,6807,valoare atribuita (SICAP/OpenTender (valori pe atribuire)),6807,SICAP/OpenTender (valori pe atribuire),,,,,,33140000,2024-10-15,24,2026-10-15,"ESTIMAT (24 luni, durata nepublicata)",DA,,,SICAP anunt nr. CAN1135069
CAN1135074,NU,SPITALUL CLINIC DE RECUPERARE CLUJ-NAPOCA,MLM MEDICAL S.R.L.,23430,valoare atribuita (SICAP/OpenTender (valori pe atribuire)),23430,SICAP/OpenTender (valori pe atribuire),,,,,,33140000,2024-10-15,24,2026-10-15,"ESTIMAT (24 luni, durata nepublicata)",DA,,,SICAP anunt nr. CAN1135074
CAN1135077,NU,SPITALUL CLINIC DE RECUPERARE CLUJ-NAPOCA,ROVAL MED,52935,valoare atribuita (SICAP/OpenTender (valori pe atribuire)),52935,SICAP/OpenTender (valori pe atribuire),52935,SICAP/OpenTender (valoare procedura),,,MATERIALE SANITARE 3 LUNI,33140000,2024-10-15,24,2026-10-15,"ESTIMAT (24 luni, durata nepublicata)",DA,,,SICAP anunt nr. CAN1135077
CAN1135080,NU,SPITALUL CLINIC DE RECUPERARE CLUJ-NAPOCA,SORIMED & DENTAL SRL,57740,valoare atribuita (SICAP/OpenTender (valori pe atribuire)),57740,SICAP/OpenTender (valori pe atribuire),57740,SICAP/OpenTender (valoare procedura),,,MATERIALE SANITARE 3 LUNI,33140000,2024-10-15,24,2026-10-15,"ESTIMAT (24 luni, durata nepublicata)",DA,,,SICAP anunt nr. CAN1135080
CAN1135087,NU,SPITALUL CLINIC DE RECUPERARE CLUJ-NAPOCA,STRYKER ROMANIA,12000,valoare atribuita (SICAP/OpenTender (valori pe atribuire)),12000,SICAP/OpenTender (valori pe atribuire),,,,,,33140000,2024-10-15,24,2026-10-15,"ESTIMAT (24 luni, durata nepublicata)",DA,,,SICAP anunt nr. CAN1135087
CAN1135088,NU,"Institutul Național de Boli Infecțioase ""Prof. Dr. Matei Balș""",HELLIMED,660,valoare atribuita (SICAP/OpenTender (valori pe atribuire)),660,SICAP/OpenTender (valori pe atribuire),,,,,,33140000,2024-10-15,24,2026-10-15,"ESTIMAT (24 luni, durata nepublicata)",DA,"durata estimata; acelasi spital a atribuit un contract nou aceluiasi castigator la 2024-12-03 (CAN1138189), inainte de expirarea calculata => probabil inlocuit",,SICAP anunt nr. CAN1135088
CAN1135118,NU,Spital Clinic Judetean de Urgenta Arad,MEDTRONIC ROMANIA,71235,valoare atribuita (SICAP/OpenTender (valori pe atribuire)),71235,SICAP/OpenTender (valori pe atribuire),71235,SICAP/OpenTender (valoare procedura),,,Negociere consumabile medicale 2 loturi,33140000,2024-10-15,24,2026-10-15,"ESTIMAT (24 luni, durata nepublicata)",DA,"durata estimata; acelasi spital a atribuit un contract nou aceluiasi castigator la 2024-12-04 (CAN1138229), inainte de expirarea calculata => probabil inlocuit",,SICAP anunt nr. CAN1135118
SCNA1112093,NU,"SPITALUL CLINIC JUDETEAN DE URGENTA""SFANTUL IOAN CEL NOU""SUCEAVA",SIEMENS HEALTHCARE SRL / Dental Vladmed V&M SRL / TEHNOPLUS MEDICAL / OVAVINCI / HELLIMED S.R.L.,239180,valoare atribuita (SICAP/OpenTender (valori pe atribuire)),239180,SICAP/OpenTender (valori pe atribuire),239180,SICAP/OpenTender (valoare procedura),,,"Contract de achizitie publica de furnizare aparatura medicala divizat pe 5 loturi, valabil pana la data de 31.12.2024.",33123200,2024-10-15,24,2026-10-15,"ESTIMAT (24 luni, durata nepublicata)",DA,,suma loturi,SICAP anunt nr. SCNA1112093
681814-2023,DA,"Spitalul Clinic ""Prof.Dr.Th.Burghele""",HYPO TECH & CONSULTING SRL / MLM MEDICAL S.R.L. / Novaintermed S.R.L. / PRION POCT / RETCO S.R.L. / TEHNO ELECTRO MEDICAL COMPANY S.R.L. / TUNIC PROD S.R.L.,3397360,valoare maxima a acordului-cadru (TED F02 (valoare estimata totala)),2707942,TED F03 (II.1.7 valoarea totala a achizitiei),3397360,TED F02 (valoare estimata totala),,DA,Furnizare echipamente medicale pentru Laboratorul de Anatomie Patologica,33100000,2023-10-16,36,2026-10-16,TED F02 (durata publicata),DA,,data = prima incheiere de contract publicata in TED,https://ted.europa.eu/en/notice/-/detail/681814-2023
CAN1135138,NU,SPITALUL UNIVERSITAR DE URGENTA BUCURESTI,EVOREVO,13565,valoare atribuita (SICAP/OpenTender (valori pe atribuire)),13565,SICAP/OpenTender (valori pe atribuire),,,,,,33124130,2024-10-16,24,2026-10-16,"ESTIMAT (24 luni, durata nepublicata)",DA,"durata estimata; acelasi spital a atribuit un contract nou aceluiasi castigator la 2024-10-22 (CAN1135562), inainte de expirarea calculata => probabil inlocuit",,SICAP anunt nr. CAN1135138
CAN1135142,NU,SPITALUL UNIVERSITAR DE URGENTA BUCURESTI,ARTISANA MEDICAL S.R.L.,60000,valoare atribuita (SICAP/OpenTender (valori pe atribuire)),60000,SICAP/OpenTender (valori pe atribuire),60000,SICAP/OpenTender (valoare procedura),,,Furnizare consumabile si materiale sanitare,33157110,2024-10-16,24,2026-10-16,"ESTIMAT (24 luni, durata nepublicata)",DA,"durata estimata; acelasi spital a atribuit un contract nou aceluiasi castigator la 2024-10-21 (CAN1135520), inainte de expirarea calculata => probabil inlocuit",,SICAP anunt nr. CAN1135142
CAN1135158,NU,"Spitalul Clinic de Urgenta pentru Copii ""Grigore Alexandrescu""",HS MEDICAL SRL,94964,valoare atribuita (SICAP/OpenTender (valori pe atribuire)),94964,SICAP/OpenTender (valori pe atribuire),,,,,FIRE SUTURA,33141121,2024-10-16,24,2026-10-16,"ESTIMAT (24 luni, durata nepublicata)",DA,"durata estimata; acelasi spital a atribuit un contract nou aceluiasi castigator la 2024-10-28 (CAN1135874), inainte de expirarea calculata => probabil inlocuit",valoarea procedurii din SICAP/OpenTender (9.496.360 RON) ignorata: de peste 20 de ori valoarea atribuita (probabil eroare de unitate),SICAP anunt nr. CAN1135158
CAN1135182,NU,Spitalul Judetean de Urgenta Tulcea,BOSTON SCIENTIFIC ROMANIA,256400,valoare atribuita (SICAP/OpenTender (valori pe atribuire)),256400,SICAP/OpenTender (valori pe atribuire),256400,SICAP/OpenTender (valoare procedura),,,Achizitie de Consumabile medicale pentru Gastroenterologie,33140000,2024-10-16,24,2026-10-16,"ESTIMAT (24 luni, durata nepublicata)",DA,,,SICAP anunt nr. CAN1135182
CAN1135189,NU,SPITAL CLINIC JUDETEAN DE URGENTA BIHOR,MEDCLAS TRADING S.R.L.,15498,valoare atribuita (SICAP/OpenTender (valori pe atribuire)),15498,SICAP/OpenTender (valori pe atribuire),,,,,,33140000,2024-10-16,24,2026-10-16,"ESTIMAT (24 luni, durata nepublicata)",DA,,,SICAP anunt nr. CAN1135189
CAN1135192,NU,SPITAL CLINIC JUDETEAN DE URGENTA BIHOR,Carl Zeiss Instruments,3750,valoare atribuita (SICAP/OpenTender (valori pe atribuire)),3750,SICAP/OpenTender (valori pe atribuire),,,,,,33162200,2024-10-16,24,2026-10-16,"ESTIMAT (24 luni, durata nepublicata)",DA,,,SICAP anunt nr. CAN1135192
CAN1135193,NU,SPITAL CLINIC JUDETEAN DE URGENTA BIHOR,MACRO INTERNATIONAL DISTRIBUTION,67200,valoare atribuita (SICAP/OpenTender (valori pe atribuire)),67200,SICAP/OpenTender (valori pe atribuire),67200,SICAP/OpenTender (valoare procedura),,,Contract mat.sanitare,33181500,2024-10-16,24,2026-10-16,"ESTIMAT (24 luni, durata nepublicata)",DA,"durata estimata; acelasi spital a atribuit un contract nou aceluiasi castigator la 2024-10-29 (662729-2024), inainte de expirarea calculata => probabil inlocuit",,SICAP anunt nr. CAN1135193
CAN1135196,NU,SPITAL CLINIC JUDETEAN DE URGENTA BIHOR,MEDICA ADVANCED SOLUTIONS (M.A.S.),10150,valoare atribuita (SICAP/OpenTender (valori pe atribuire)),10150,SICAP/OpenTender (valori pe atribuire),,,,,,33140000,2024-10-16,24,2026-10-16,"ESTIMAT (24 luni, durata nepublicata)",DA,,,SICAP anunt nr. CAN1135196
CAN1135208,NU,SPITAL CLINIC JUDETEAN DE URGENTA BIHOR,LUAN VISION,27374,valoare atribuita (SICAP/OpenTender (valori pe atribuire)),27374,SICAP/OpenTender (valori pe atribuire),,,,,,33141115,2024-10-16,24,2026-10-16,"ESTIMAT (24 luni, durata nepublicata)",DA,,,SICAP anunt nr. CAN1135208
CAN1135211,NU,SPITAL CLINIC JUDETEAN DE URGENTA BIHOR,Lumamed Health&Care SRL,36000,valoare atribuita (SICAP/OpenTender (valori pe atribuire)),36000,SICAP/OpenTender (valori pe atribuire),,,,,,33140000,2024-10-16,24,2026-10-16,"ESTIMAT (24 luni, durata nepublicata)",DA,,,SICAP anunt nr. CAN1135211
CAN1135215,NU,SPITAL CLINIC JUDETEAN DE URGENTA BIHOR,CRIO - 2 S.R.L.,18596,valoare atribuita (SICAP/OpenTender (valori pe atribuire)),18596,SICAP/OpenTender (valori pe atribuire),,,,,,33140000,2024-10-16,24,2026-10-16,"ESTIMAT (24 luni, durata nepublicata)",DA,,,SICAP anunt nr. CAN1135215
CAN1135222,NU,SPITAL CLINIC JUDETEAN DE URGENTA BIHOR,MEDIMPACT,700,valoare atribuita (SICAP/OpenTender (valori pe atribuire)),700,SICAP/OpenTender (valori pe atribuire),,,,,,33171110,2024-10-16,24,2026-10-16,"ESTIMAT (24 luni, durata nepublicata)",DA,,,SICAP anunt nr. CAN1135222
CAN1135223,NU,SPITAL CLINIC JUDETEAN DE URGENTA BIHOR,FRESENIUS KABI ROMANIA S.R.L.,4125,valoare atribuita (SICAP/OpenTender (valori pe atribuire)),4125,SICAP/OpenTender (valori pe atribuire),,,,,,33194120,2024-10-16,24,2026-10-16,"ESTIMAT (24 luni, durata nepublicata)",DA,,,SICAP anunt nr. CAN1135223
CAN1135225,NU,SPITAL CLINIC JUDETEAN DE URGENTA BIHOR,MEDICAL GRUP,45270,valoare atribuita (SICAP/OpenTender (valori pe atribuire)),45270,SICAP/OpenTender (valori pe atribuire),,,,,,33157000,2024-10-16,24,2026-10-16,"ESTIMAT (24 luni, durata nepublicata)",DA,,,SICAP anunt nr. CAN1135225
CAN1135226,NU,SPITAL CLINIC JUDETEAN DE URGENTA BIHOR,B.BRAUN MEDICAL,61320,valoare atribuita (SICAP/OpenTender (valori pe atribuire)),61320,SICAP/OpenTender (valori pe atribuire),61320,SICAP/OpenTender (valoare procedura),,,Contract mat.sanitare,33141624,2024-10-16,24,2026-10-16,"ESTIMAT (24 luni, durata nepublicata)",DA,,,SICAP anunt nr. CAN1135226
SCN1154620,NU,Spitalul Judetean de Urgenta Alba Iulia,KRAL MEDICAL SOLUTIONS SRL / NOVOMED INTERNATIONAL SRL / S.C. MEDITECH S.R.L. S.R.L.,434457,valoare atribuita (SICAP/OpenTender (valori pe atribuire)),434457,SICAP/OpenTender (valori pe atribuire),434457,SICAP/OpenTender (valoare procedura),,,ECHIPAMENTE MEDICALE SECTIE INTERNE,33195000,2024-10-16,24,2026-10-16,"ESTIMAT (24 luni, durata nepublicata)",DA,,suma loturi,SICAP anunt nr. SCN1154620
475373-2026,DA,ADMINISTRATIA SPITALELOR SI SERVICIILOR MEDICALE BUCURESTI,ANTISEL RO SRL / CORTECH MED S.R.L. / DIAMEDIX IMPEX / Sof Medica,7106324,valoare atribuita (TED eForms (valoarea totala a rezultatului)),7106324,TED eForms (valoarea totala a rezultatului),7115701,TED eForms (valoare estimata),,,Furnizare echipamente medicale necesare Spitalului Clinic Nicolae Malaxa,33100000,2026-06-16,4,2026-10-16,TED eForms (durata publicata),DA,,data = prima incheiere de contract publicata in TED,https://ted.europa.eu/en/notice/-/detail/475373-2026
606012-2026,DA,SPITALUL CLINIC JUDETEAN DE URGENTA CLUJ,EAST CORP / Medical Logistic Mall / NEOMED,864980,valoare atribuita (TED eForms (valoarea totala a rezultatului)),864980,TED eForms (valoarea totala a rezultatului),1920600,TED eForms (valoare estimata),,,Echipamente medicale spitalizare continua necesare în cadrul proiectului „Recompartimentare clădire existentă și extindere cu un corp nou - ,33100000,2026-08-31,1.5,2026-10-16,TED eForms (durata publicata),DA,,data = prima incheiere de contract publicata in TED,https://ted.europa.eu/en/notice/-/detail/606012-2026
611875-2026,DA,SPITALUL DE PSIHIATRIE SI INGRIJIRI PALIATIVE CAPALNAS,B.N.BUSINESS S.R.L.,5714,valoare atribuita (TED eForms (valoarea totala a rezultatului)),5714,TED eForms (valoarea totala a rezultatului),269136,TED eForms (valoare estimata),,,"Dotarea cu mobilier medical, echipamente medicale si pentru terapie si recuperare medicala si echipamente IT conexe pentru sectia de ingriji",33100000,2026-08-31,1.5,2026-10-16,TED eForms (durata publicata),DA,,data = prima incheiere de contract publicata in TED,https://ted.europa.eu/en/notice/-/detail/611875-2026
680850-2023,DA,SPITALUL JUDETEAN DE URGENTA ZALAU,CO&CO Consumer 2002 S.R.L. / CRIO - 2 S.R.L. / DELUXE MEDICRAFTS / EMED MEDICAL FULFILLMENT S.R.L. / MEDTRONIC ROMANIA SRL / STERIL ROMANIA / TOP TRADE MEDICAL / SANROTEX TRADING SRL,980956,valoare maxima a acordului-cadru (TED F02 (valoare estimata totala)),614130,TED F03 (II.1.7 valoarea totala a achizitiei),980956,TED F02 (valoare estimata totala),,DA,FIRE SUTURA SPITAL,33141121,2023-10-17,36,2026-10-17,TED F02 (durata publicata),DA,,"data = prima incheiere de contract publicata in TED; cea mai mare valoare totala publicata dintre 2 anunturi de atribuire (din anuntul 680850-2023; valorile pe anunturi pot fi partiale sau cumulative); aceeasi procedura publicata si sub: 697194-2023, CN1060702",https://ted.europa.eu/en/notice/-/detail/680850-2023
655613-2024,DA,UM 0929 Bucuresti,HYPO TECH & CONSULTING SRL / LABORATORIUM LIFE SCIENCE SRL / MEDIST LIFE SCIENCE S.R.L. / PARTNERS MEDICAL SOLUTION S.R.L. / S.C. TODY LABORATORIES MED S.R.L. S.R.L. / TUNIC PROD S.R.L.,1563168,valoare maxima a acordului-cadru (TED eForms BT-118 (valoarea maxima a acordului)),,,1563168,TED eForms BT-118 (valoarea maxima a acordului),5928730,DA,Furnizare materiale și reactivi pentru Laboratorul de anatomie patologică,33140000,2024-10-17,24,2026-10-17,TED eForms (durata publicata),DA,,unitate militara cu profil de spital; data = prima incheiere de contract publicata in TED,https://ted.europa.eu/en/notice/-/detail/655613-2024
661809-2024,DA,Institutul Clinic de Urologie si Transplant Renal Cluj,GREENBERG & COHEN CONSULT / HELLIMED SRL / HISTRIA INTERNATIONAL S.R.L. / KRAL MEDICAL SOLUTIONS SRL / PRIMERA MED TECHNOLOGY / ROMBIOMEDICA / S.C. GENERAL ELECTRIC MEDICAL SYSTEMS ROMANIA S.R.L. / Sof Medica,4613890,valoare atribuita (TED eForms (valoarea totala a rezultatului)),4613890,TED eForms (valoarea totala a rezultatului),5552200,SICAP/OpenTender (valoare procedura),,,"Furnizare,instalare si punere in functiune echipamente medicale",33100000,2024-10-17,24,2026-10-17,TED eForms (durata publicata),DA,,data = prima incheiere de contract publicata in TED,https://ted.europa.eu/en/notice/-/detail/661809-2024
CAN1135243,NU,SPITAL CLINIC JUDETEAN DE URGENTA BIHOR,MLM MEDICAL S.R.L.,5557,valoare atribuita (SICAP/OpenTender (valori pe atribuire)),5557,SICAP/OpenTender (valori pe atribuire),,,,,,33141110,2024-10-17,24,2026-10-17,"ESTIMAT (24 luni, durata nepublicata)",DA,,,SICAP anunt nr. CAN1135243
CAN1135248,NU,SPITAL CLINIC JUDETEAN DE URGENTA BIHOR,TZMO ROMANIA,40000,valoare atribuita (SICAP/OpenTender (valori pe atribuire)),40000,SICAP/OpenTender (valori pe atribuire),,,,,,33140000,2024-10-17,24,2026-10-17,"ESTIMAT (24 luni, durata nepublicata)",DA,,,SICAP anunt nr. CAN1135248
CAN1135263,NU,SPITALUL CLINIC JUDETEAN DE URGENTA BISTRITA,Sante International S.A.,6000,valoare atribuita (SICAP/OpenTender (valori pe atribuire)),6000,SICAP/OpenTender (valori pe atribuire),,,,,,33140000,2024-10-17,24,2026-10-17,"ESTIMAT (24 luni, durata nepublicata)",DA,,,SICAP anunt nr. CAN1135263
CAN1135265,NU,SPITALUL CLINIC JUDETEAN DE URGENTA BISTRITA,Novaintermed S.R.L.,542150,valoare atribuita (SICAP/OpenTender (valori pe atribuire)),542150,SICAP/OpenTender (valori pe atribuire),542150,SICAP/OpenTender (valoare procedura),,,CONSUMABILE MEDICALE,33140000,2024-10-17,24,2026-10-17,"ESTIMAT (24 luni, durata nepublicata)",DA,,,SICAP anunt nr. CAN1135265
CAN1135270,NU,SPITALUL CLINIC JUDETEAN DE URGENTA BISTRITA,LIAMED,25066,valoare atribuita (SICAP/OpenTender (valori pe atribuire)),25066,SICAP/OpenTender (valori pe atribuire),,,,,,33140000,2024-10-17,24,2026-10-17,"ESTIMAT (24 luni, durata nepublicata)",DA,,,SICAP anunt nr. CAN1135270
CAN1135271,NU,SPITALUL CLINIC JUDETEAN DE URGENTA BISTRITA,Carl Zeiss Instruments,13500,valoare atribuita (SICAP/OpenTender (valori pe atribuire)),13500,SICAP/OpenTender (valori pe atribuire),,,,,,33140000,2024-10-17,24,2026-10-17,"ESTIMAT (24 luni, durata nepublicata)",DA,,,SICAP anunt nr. CAN1135271
CAN1135274,NU,SPITALUL CLINIC JUDETEAN DE URGENTA BISTRITA,MEDITECH S.R.L.,10115,valoare atribuita (SICAP/OpenTender (valori pe atribuire)),10115,SICAP/OpenTender (valori pe atribuire),,,,,,33140000,2024-10-17,24,2026-10-17,"ESTIMAT (24 luni, durata nepublicata)",DA,,,SICAP anunt nr. CAN1135274
CAN1135279,NU,SPITALUL CLINIC JUDETEAN DE URGENTA BISTRITA,TEHNO ELECTRO MEDICAL COMPANY S.R.L.,18000,valoare atribuita (SICAP/OpenTender (valori pe atribuire)),18000,SICAP/OpenTender (valori pe atribuire),,,,,,33140000,2024-10-17,24,2026-10-17,"ESTIMAT (24 luni, durata nepublicata)",DA,,,SICAP anunt nr. CAN1135279
CAN1135281,NU,SPITALUL CLINIC JUDETEAN DE URGENTA BISTRITA,ALBENA TOURS SRL,119600,valoare atribuita (SICAP/OpenTender (valori pe atribuire)),119600,SICAP/OpenTender (valori pe atribuire),119600,SICAP/OpenTender (valoare procedura),,,CONSUMABILE MEDICALE,33140000,2024-10-17,24,2026-10-17,"ESTIMAT (24 luni, durata nepublicata)",DA,,,SICAP anunt nr. CAN1135281
CAN1135283,NU,SPITALUL CLINIC JUDETEAN DE URGENTA BISTRITA,B.BRAUN MEDICAL,129393,valoare atribuita (SICAP/OpenTender (valori pe atribuire)),129393,SICAP/OpenTender (valori pe atribuire),,,,,CONSUMABLE MEDICALE,33140000,2024-10-17,24,2026-10-17,"ESTIMAT (24 luni, durata nepublicata)",DA,,valoarea procedurii din SICAP/OpenTender (12.939.330 RON) ignorata: de peste 20 de ori valoarea atribuita (probabil eroare de unitate),SICAP anunt nr. CAN1135283
CAN1135284,NU,SPITALUL CLINIC JUDETEAN DE URGENTA BISTRITA,ESMED GROUP,13000,valoare atribuita (SICAP/OpenTender (valori pe atribuire)),13000,SICAP/OpenTender (valori pe atribuire),,,,,,33140000,2024-10-17,24,2026-10-17,"ESTIMAT (24 luni, durata nepublicata)",DA,,,SICAP anunt nr. CAN1135284
CAN1135285,NU,SPITALUL CLINIC JUDETEAN DE URGENTA BISTRITA,PAUL HARTMANN,59804,valoare atribuita (SICAP/OpenTender (valori pe atribuire)),59804,SICAP/OpenTender (valori pe atribuire),59804,SICAP/OpenTender (valoare procedura),,,CONSUMABILE MEDICALE,33140000,2024-10-17,24,2026-10-17,"ESTIMAT (24 luni, durata nepublicata)",DA,,,SICAP anunt nr. CAN1135285
CAN1135286,NU,SPITALUL CLINIC JUDETEAN DE URGENTA BISTRITA,MACRO MD UNIVERSAL,44000,valoare atribuita (SICAP/OpenTender (valori pe atribuire)),44000,SICAP/OpenTender (valori pe atribuire),,,,,,33140000,2024-10-17,24,2026-10-17,"ESTIMAT (24 luni, durata nepublicata)",DA,,,SICAP anunt nr. CAN1135286
SCN1149663,NU,"SPITALUL CLINIC DE NEFROLOGIE ""DR. CAROL DAVILA""",TRANSMEDIC IMPEX,435000,valoare atribuita (SICAP/OpenTender (valori pe atribuire)),435000,SICAP/OpenTender (valori pe atribuire),435000,SICAP/OpenTender (valoare procedura),,,APARAT DE HEMODIALIZA,33181000,2024-10-17,24,2026-10-17,"ESTIMAT (24 luni, durata nepublicata)",DA,,,SICAP anunt nr. SCN1149663
SCN1154690,NU,SPITALUL CLINIC SFANTA MARIA,FRESENIUS KABI ROMANIA S.R.L. / SYNTTERGY CONSULT S.R.L. / Sante International S.A. / HELLIMED S.R.L. / MEDIST IMAGING & P.O.C. S.R.L. / NOVA GROUP INVESTMENT,359248,valoare atribuita (SICAP/OpenTender (valori pe atribuire)),359248,SICAP/OpenTender (valori pe atribuire),359248,SICAP/OpenTender (valoare procedura),,,"FURNIZARE ECHIPAMENTE DE LABORATOR, MONITORIZARE ȘI SUPORT MEDICAL AVANSAT",33100000,2024-10-17,24,2026-10-17,"ESTIMAT (24 luni, durata nepublicata)",DA,,suma loturi,SICAP anunt nr. SCN1154690
SCN1154694,NU,SPITAL CLINIC JUDETEAN DE URGENTA BIHOR,DACORUM GRUP,89200,valoare atribuita (SICAP/OpenTender (valori pe atribuire)),89200,SICAP/OpenTender (valori pe atribuire),89200,SICAP/OpenTender (valoare procedura),,,Defibrilator performant - 1 bucata,33182100,2024-10-17,24,2026-10-17,"ESTIMAT (24 luni, durata nepublicata)",DA,"durata estimata; acelasi spital a atribuit un contract nou aceluiasi castigator la 2024-10-24 (SCN1155026), inainte de expirarea calculata => probabil inlocuit",,SICAP anunt nr. SCN1154694
594861-2022,DA,SPITAL CLINIC JUDETEAN DE URGENTA ORADEA,B. BRAUN MEDICAL S.R.L. / B. BRAUN AVITUM S.R.L.,821914,valoare maxima a acordului-cadru (TED eForms (valoare estimata)),1250505,TED eForms (valoarea totala a rezultatului),821914,TED eForms (valoare estimata),821914,DA,Consumabile pentru hemodializa cu punere la dispozitie a unui numar de 5 aparate pentru hemodializa,33181520,2022-10-18,48,2026-10-18,TED eForms (durata publicata),DA,,"data = prima incheiere de contract publicata in TED; cea mai mare valoare totala publicata dintre 15 anunturi de atribuire (din anuntul 132416-2026; valorile pe anunturi pot fi partiale sau cumulative); aceeasi procedura publicata si sub: 325975-2024, 98072-2024, 138317-2024, 104809-2025, 432296-2024, 541721-2024, 551719-2025, 607353-2025, 633521-2024, 839130-2025, 132416-2026, 629096-2022, 44647-2023, 266969-2023, 426386-2023, 602508-2023; valoarea atribuita publicata depaseste valoarea maxima publicata (asa apar in anunturi)",https://ted.europa.eu/en/notice/-/detail/594861-2022
721876-2024,DA,"Spitalul Universitar de Urgenta Militar Central ""Dr. Carol Davila""",ALCON ROMANIA S.R.L. / BIOLIFE GRUP S.R.L. / CORAMED MEDIZINISCHE PRODUKTE / INTEGRATED HEALTHCARE SOLUTIONS S.R.L. / Kembli Med / MEDI SENSE SRL / MERCATOR MEDICAL / MLM MEDICAL S.R.L. / NOVENTIS International / PAUL HARTMANN SRL / RAFI MEDICAL / ROMGER GENERAL TRADE & CONSULTING S.R.L. / SANROTEX TRADING SRL / SPECTRA VISION SRL / STEFAN OPHTALMIC BUSINESS S.R.L. / VETRO DESIGN S.R.L. / ZARYS INTERNATIONAL GROUP MEDICAL EQUIPMENT S.R.L.,6325892,valoare maxima a acordului-cadru (TED eForms BT-118 (valoarea maxima a acordului)),816326,TED eForms (valoarea totala a rezultatului),6325892,TED eForms BT-118 (valoarea maxima a acordului),7171184,DA,MATERIALE SANITARE OFTALMOLOGIE - 59 loturi,33141000,2024-10-18,24,2026-10-18,TED eForms (durata publicata),DA,valorile totale atribuite publicate pentru aceeasi procedura difera de peste 50 de ori intre anunturi (6290 - 816326 RON); posibil eroare de publicare - verificati anunturile,"unitate militara cu profil de spital; data = prima incheiere de contract publicata in TED; cea mai mare valoare totala publicata dintre 3 anunturi de atribuire (din anuntul 660634-2026; valorile pe anunturi pot fi partiale sau cumulative); aceeasi procedura publicata si sub: 61912-2025, 651207-2026, 660634-2026",https://ted.europa.eu/en/notice/-/detail/721876-2024
CAN1135350,NU,SPITALUL DE URGENTA PETROSANI,ZIMMER BIOMET ROMANIA,460430,valoare atribuita (SICAP/OpenTender (valori pe atribuire)),460430,SICAP/OpenTender (valori pe atribuire),,,,,Achizitia de aparatura medicala – ARTROSCOP,33168000,2024-10-18,24,2026-10-18,"ESTIMAT (24 luni, durata nepublicata)",DA,"durata estimata; acelasi spital a atribuit un contract nou aceluiasi castigator la 2026-01-05 (35535-2026), inainte de expirarea calculata => probabil inlocuit",valoarea procedurii din SICAP/OpenTender (46.043.040 RON) ignorata: de peste 20 de ori valoarea atribuita (probabil eroare de unitate),SICAP anunt nr. CAN1135350
SCN1149662,NU,"SPITALUL CLINIC DE NEFROLOGIE ""DR. CAROL DAVILA""",FRESENIUS MEDICAL CARE ROMANIA S.R.L.,497350,valoare atribuita (SICAP/OpenTender (valori pe atribuire)),497350,SICAP/OpenTender (valori pe atribuire),497350,SICAP/OpenTender (valoare procedura),,,ECMO cu kituri si incalzitor,33186100,2024-10-18,24,2026-10-18,"ESTIMAT (24 luni, durata nepublicata)",DA,,,SICAP anunt nr. SCN1149662
414295-2023,DA,Spitalulul Clinic de Ortopedie Traumatologie si TBC Osteoarticular Foisor,MEDICAL TECHNOLOGIES INTERNATIONAL / Neos Europe / SPORTMED SYSTEMS / ZIMMER BIOMET ROMANIA,34975685,valoare maxima a acordului-cadru (TED F02 (valoare estimata totala)),25523613,TED F03 (II.1.7 valoarea totala a achizitiei),34975685,TED F02 (valoare estimata totala),,DA,Implanturi Ortopedice-Instabilitati,33183100,2023-06-20,40,2026-10-20,TED F02 (durata publicata),DA,,data = prima incheiere de contract publicata in TED; aceeasi procedura publicata si sub: 242411-2023,https://ted.europa.eu/en/notice/-/detail/414295-2023
720619-2024,DA,"Spitalul Universitar de Urgenta Militar Central ""Dr. Carol Davila""",EURO PHARMAMED / EURODIAGONAL S.R.L. / GENODYNAMIC SRL / GYMED Oxigen S.R.L. / HELLIMED SRL / LEVELUP INNOVATION / MEDSURGICAL / S.C. Medical Gazplus S.R.L. / TEHNO ELECTRO MEDICAL COMPANY S.R.L.,3361500,valoare maxima a acordului-cadru (TED eForms BT-118 (valoarea maxima a acordului)),448640,TED eForms (valoarea totala a rezultatului),3361500,TED eForms BT-118 (valoarea maxima a acordului),3712960,DA,MATERIALE SANITARE Diverse - 8lot,33141000,2024-10-21,24,2026-10-21,TED eForms (durata publicata),DA,,"unitate militara cu profil de spital; data = prima incheiere de contract publicata in TED; cea mai mare valoare totala publicata dintre 3 anunturi de atribuire (din anuntul 654952-2025; valorile pe anunturi pot fi partiale sau cumulative); aceeasi procedura publicata si sub: 500080-2025, 561070-2025, 654952-2025",https://ted.europa.eu/en/notice/-/detail/720619-2024
CAN1135478,NU,SPITALUL UNIVERSITAR DE URGENTA BUCURESTI,HELLIMED,27150,valoare atribuita (SICAP/OpenTender (valori pe atribuire)),27150,SICAP/OpenTender (valori pe atribuire),,,,,,33140000,2024-10-21,24,2026-10-21,"ESTIMAT (24 luni, durata nepublicata)",DA,,,SICAP anunt nr. CAN1135478
CAN1135479,NU,SPITALUL UNIVERSITAR DE URGENTA BUCURESTI,FRESENIUS KABI ROMANIA S.R.L.,1375,valoare atribuita (SICAP/OpenTender (valori pe atribuire)),1375,SICAP/OpenTender (valori pe atribuire),,,,,,33141620,2024-10-21,24,2026-10-21,"ESTIMAT (24 luni, durata nepublicata)",DA,,,SICAP anunt nr. CAN1135479
CAN1135481,NU,SPITALUL UNIVERSITAR DE URGENTA BUCURESTI,ALPHA MEDICAL S.R.L.,3395,valoare atribuita (SICAP/OpenTender (valori pe atribuire)),3395,SICAP/OpenTender (valori pe atribuire),,,,,,33157800,2024-10-21,24,2026-10-21,"ESTIMAT (24 luni, durata nepublicata)",DA,"durata estimata; acelasi spital a atribuit un contract nou aceluiasi castigator la 2024-10-22 (CAN1135576), inainte de expirarea calculata => probabil inlocuit",,SICAP anunt nr. CAN1135481
CAN1135501,NU,"Institutul Național de Boli Infecțioase ""Prof. Dr. Matei Balș""",SMART MEDICAL SOLUTIONS S.R.L.,6500,valoare atribuita (SICAP/OpenTender (valori pe atribuire)),6500,SICAP/OpenTender (valori pe atribuire),,,,,,33140000,2024-10-21,24,2026-10-21,"ESTIMAT (24 luni, durata nepublicata)",DA,"durata estimata; acelasi spital a atribuit un contract nou aceluiasi castigator la 2024-12-03 (CAN1138186), inainte de expirarea calculata => probabil inlocuit",,SICAP anunt nr. CAN1135501
CAN1135508,NU,SPITALUL UNIVERSITAR DE URGENTA BUCURESTI,TMS - TOP MEDICAL SUPPLIER,55965,valoare atribuita (SICAP/OpenTender (valori pe atribuire)),55965,SICAP/OpenTender (valori pe atribuire),55965,SICAP/OpenTender (valoare procedura),,,FURNIZARE MATERIALE SANITARE,33157000,2024-10-21,24,2026-10-21,"ESTIMAT (24 luni, durata nepublicata)",DA,"durata estimata; acelasi spital a atribuit un contract nou aceluiasi castigator la 2024-12-20 (CAN1139338), inainte de expirarea calculata => probabil inlocuit",,SICAP anunt nr. CAN1135508
CAN1135514,NU,SPITALUL UNIVERSITAR DE URGENTA BUCURESTI,Novaintermed S.R.L.,17330,valoare atribuita (SICAP/OpenTender (valori pe atribuire)),17330,SICAP/OpenTender (valori pe atribuire),,,,,,33194120,2024-10-21,24,2026-10-21,"ESTIMAT (24 luni, durata nepublicata)",DA,,,SICAP anunt nr. CAN1135514
CAN1135520,NU,SPITALUL UNIVERSITAR DE URGENTA BUCURESTI,ARTISANA MEDICAL S.R.L.,192960,valoare atribuita (SICAP/OpenTender (valori pe atribuire)),192960,SICAP/OpenTender (valori pe atribuire),192960,SICAP/OpenTender (valoare procedura),,,FURNIZARE MATERIALE SANITARE,33141320,2024-10-21,24,2026-10-21,"ESTIMAT (24 luni, durata nepublicata)",DA,"durata estimata; acelasi spital a atribuit un contract nou aceluiasi castigator la 2024-12-19 (CAN1139251), inainte de expirarea calculata => probabil inlocuit",,SICAP anunt nr. CAN1135520
CAN1135525,NU,SPITALUL UNIVERSITAR DE URGENTA BUCURESTI,PRIME HEALTHCARE S.R.L.,23450,valoare atribuita (SICAP/OpenTender (valori pe atribuire)),23450,SICAP/OpenTender (valori pe atribuire),,,,,,33141220,2024-10-21,24,2026-10-21,"ESTIMAT (24 luni, durata nepublicata)",DA,"durata estimata; acelasi spital a atribuit un contract nou aceluiasi castigator la 2024-11-11 (CAN1136802), inainte de expirarea calculata => probabil inlocuit",,SICAP anunt nr. CAN1135525
CN1074584,NU,SPITALUL JUDETEAN DE URGENTA ZALAU,HAELVOET,92000,valoare atribuita (SICAP/OpenTender (valori pe atribuire)),92000,SICAP/OpenTender (valori pe atribuire),92000,SICAP/OpenTender (valoare procedura),,,SET COMPLET PAT MEDICAL,33190000,2024-10-21,24,2026-10-21,"ESTIMAT (24 luni, durata nepublicata)",DA,,,SICAP anunt nr. CN1074584
287510-2026,DA,SPITALUL CLINIC JUDETEAN DE URGENTA BISTRITA,OPTIMED,208900,valoare atribuita (TED eForms (valoarea totala a rezultatului)),208900,TED eForms (valoarea totala a rezultatului),209502,TED eForms (valoare estimata),,,Furnizare Echipamente medicale pentru ”Dotarea Ambulatoriului Integrat din cadrul Spitalului Clinic Judeţean de Urgenţa Bistriţa” în cadrul ,33100000,2026-04-21,6,2026-10-21,TED eForms (durata publicata),DA,,data = prima incheiere de contract publicata in TED,https://ted.europa.eu/en/notice/-/detail/287510-2026
669626-2024,DA,Spitalul Clinic Colentina,BIOMATRIX SYSTEM / MEDICAL ORTOVIT,4892210,valoare maxima a acordului-cadru (TED eForms BT-118 (valoarea maxima a acordului)),,,4892210,TED eForms BT-118 (valoarea maxima a acordului),4912000,DA,Furnizare materiale consumabile – osteosinteză pentru secția Ortopedie din cadrul Spitalului Clinic Colentina,33140000,2024-10-22,24,2026-10-22,TED eForms (durata publicata),DA,,data = prima incheiere de contract publicata in TED,https://ted.europa.eu/en/notice/-/detail/669626-2024
754758-2024,DA,"SPITALUL ORASENESC ""Sfantul Dimitrie"" Targu Neamt",ALPHA BRIO MEDICAL S.R.L. / B.BRAUN MEDICAL SRL / BIZMED SRL / CO&CO Consumer 2002 S.R.L. / CORAMED MEDIZINISCHE PRODUKTE / CRAD RO SRL / CRIO - 2 S.R.L. / DEMOPHORIUS HEALTHCARE SRL / ENGLOBER S.R.L. / LUAN VISION SRL / MED - AL TRADING SRL / MERCATOR MEDICAL / PAUL HARTMANN SRL / ROMBIOMEDICA / ROVAL MED SRL / S.C. Medplaza Health S.R.L. / S.C.MEDICAL GRUP S.R.L. / SANROTEX TRADING SRL / SC Nova Fit 2000 S.R.L. / TMS - TOP MEDICAL SUPPLIER SRL / TZMO ROMANIA SRL / VALDOMEDICA TRADING SRL / VETRO DESIGN S.R.L. / ZARYS INTERNATIONAL GROUP MEDICAL EQUIPMENT S.R.L.,1349511,valoare maxima a acordului-cadru (TED eForms BT-118 (valoarea maxima a acordului)),866803,TED eForms (valoarea totala a rezultatului),1349511,TED eForms BT-118 (valoarea maxima a acordului),2157084,DA,FURNIZARE CONSUMABILE MEDICALE,33140000,2024-10-22,24,2026-10-22,TED eForms (durata publicata),DA,,"data = prima incheiere de contract publicata in TED; cea mai mare valoare totala publicata dintre 5 anunturi de atribuire (din anuntul 130432-2026; valorile pe anunturi pot fi partiale sau cumulative); aceeasi procedura publicata si sub: 294970-2025, 49691-2025, 769300-2025, 757922-2025, 130432-2026",https://ted.europa.eu/en/notice/-/detail/754758-2024
CAN1135562,NU,SPITALUL UNIVERSITAR DE URGENTA BUCURESTI,EVOREVO,206,valoare atribuita (SICAP/OpenTender (valori pe atribuire)),206,SICAP/OpenTender (valori pe atribuire),,,,,,33198200,2024-10-22,24,2026-10-22,"ESTIMAT (24 luni, durata nepublicata)",DA,"durata estimata; acelasi spital a atribuit un contract nou aceluiasi castigator la 2024-12-19 (CAN1139224), inainte de expirarea calculata => probabil inlocuit",,SICAP anunt nr. CAN1135562
CAN1135564,NU,SPITALUL UNIVERSITAR DE URGENTA BUCURESTI,"""ADRIAN SPIRESCU SI MIHAELA PELTEACU"" S.C.P.A.",9322,valoare atribuita (SICAP/OpenTender (valori pe atribuire)),9322,SICAP/OpenTender (valori pe atribuire),,,,,,33124131,2024-10-22,24,2026-10-22,"ESTIMAT (24 luni, durata nepublicata)",DA,,,SICAP anunt nr. CAN1135564
CAN1135567,NU,SPITALUL UNIVERSITAR DE URGENTA BUCURESTI,THREE PHARM,13600,valoare atribuita (SICAP/OpenTender (valori pe atribuire)),13600,SICAP/OpenTender (valori pe atribuire),,,,,,33141200,2024-10-22,24,2026-10-22,"ESTIMAT (24 luni, durata nepublicata)",DA,,,SICAP anunt nr. CAN1135567
CAN1135573,NU,SPITALUL UNIVERSITAR DE URGENTA BUCURESTI,NOVOMED INTERNATIONAL SRL,17320,valoare atribuita (SICAP/OpenTender (valori pe atribuire)),17320,SICAP/OpenTender (valori pe atribuire),,,,,,33140000,2024-10-22,24,2026-10-22,"ESTIMAT (24 luni, durata nepublicata)",DA,"durata estimata; acelasi spital a atribuit un contract nou aceluiasi castigator la 2024-12-18 (CAN1139113), inainte de expirarea calculata => probabil inlocuit",,SICAP anunt nr. CAN1135573
CAN1135576,NU,SPITALUL UNIVERSITAR DE URGENTA BUCURESTI,ALPHA MEDICAL S.R.L.,228280,valoare atribuita (SICAP/OpenTender (valori pe atribuire)),228280,SICAP/OpenTender (valori pe atribuire),228280,SICAP/OpenTender (valoare procedura),,,FURNIZARE MATERIALE SANITARE,33141110,2024-10-22,24,2026-10-22,"ESTIMAT (24 luni, durata nepublicata)",DA,"durata estimata; acelasi spital a atribuit un contract nou aceluiasi castigator la 2024-12-19 (CAN1139255), inainte de expirarea calculata => probabil inlocuit",,SICAP anunt nr. CAN1135576
666895-2023,DA,Spitalul Clinic Judetean de Urgenta Targu.Mures,ANGIOSPECTRU MED S.R.L. / LIFETECH CONSULTING / MEDI -TECH BUSINESS SRL,11104500,valoare maxima a acordului-cadru (TED F02 (valoare estimata totala)),11040270,TED F03 (II.1.7 valoarea totala a achizitiei),11104500,TED F02 (valoare estimata totala),,DA,Acord cadru de furnizare Accesorii pentru angioplastie,33111730,2023-10-23,36,2026-10-23,TED F02 (durata publicata),DA,,data = prima incheiere de contract publicata in TED,https://ted.europa.eu/en/notice/-/detail/666895-2023
667445-2023,DA,INSTITUTUL CLINIC FUNDENI,ALPHA MEDICAL / ANGIOSPECTRU MED S.R.L. / BOSTON SCIENTIFIC ROMANIA / EXIMIA MEDICAL / LIVMED IMPULS / THREE PHARM,21399120,valoare maxima a acordului-cadru (TED F02 (valoare estimata totala)),18064800,TED F03 (II.1.7 valoarea totala a achizitiei),21399120,TED F02 (valoare estimata totala),,DA,"Furnizare ""Consumabile radiologie interventionala""",33140000,2023-10-23,36,2026-10-23,TED F02 (durata publicata),DA,,"data = prima incheiere de contract publicata in TED; aceeasi procedura publicata si sub: 276178-2023, CN1054915",https://ted.europa.eu/en/notice/-/detail/667445-2023
CAN1135622,NU,Spitalul Clinic de Urgenta Bucuresti,ROMBIOMEDICA S.R.L.,201009,valoare atribuita (SICAP/OpenTender (valori pe atribuire)),201009,SICAP/OpenTender (valori pe atribuire),,,,,Fire de sutura resorbabile,33140000,2024-10-23,24,2026-10-23,"ESTIMAT (24 luni, durata nepublicata)",DA,,valoarea procedurii din SICAP/OpenTender (20.100.948 RON) ignorata: de peste 20 de ori valoarea atribuita (probabil eroare de unitate),SICAP anunt nr. CAN1135622
CAN1135623,NU,Spitalul Clinic de Urgenta Bucuresti,ROMBIOMEDICA S.R.L.,57071,valoare atribuita (SICAP/OpenTender (valori pe atribuire)),57071,SICAP/OpenTender (valori pe atribuire),,,,,Fire de sutura resorbabile conform caiet de sarcini,33140000,2024-10-23,24,2026-10-23,"ESTIMAT (24 luni, durata nepublicata)",DA,,valoarea procedurii din SICAP/OpenTender (5.707.080 RON) ignorata: de peste 20 de ori valoarea atribuita (probabil eroare de unitate),SICAP anunt nr. CAN1135623
CAN1135624,NU,Spitalul Clinic de Urgenta Bucuresti,ROMBIOMEDICA S.R.L.,10526,valoare atribuita (SICAP/OpenTender (valori pe atribuire)),10526,SICAP/OpenTender (valori pe atribuire),,,,,,33140000,2024-10-23,24,2026-10-23,"ESTIMAT (24 luni, durata nepublicata)",DA,,,SICAP anunt nr. CAN1135624
CAN1135627,NU,Spitalul Clinic de Urgenta Bucuresti,ROMBIOMEDICA S.R.L.,10021,valoare atribuita (SICAP/OpenTender (valori pe atribuire)),10021,SICAP/OpenTender (valori pe atribuire),,,,,,33140000,2024-10-23,24,2026-10-23,"ESTIMAT (24 luni, durata nepublicata)",DA,,cea mai mare valoare totala publicata dintre 2 anunturi de atribuire (din anuntul CAN1135627; valorile pe anunturi pot fi partiale sau cumulative); aceeasi procedura publicata si sub: CAN1135628,SICAP anunt nr. CAN1135627
CAN1135629,NU,Spitalul Clinic de Urgenta Bucuresti,ROMBIOMEDICA S.R.L.,134758,valoare atribuita (SICAP/OpenTender (valori pe atribuire)),134758,SICAP/OpenTender (valori pe atribuire),,,,,Fire de sutura resorbabile,33140000,2024-10-23,24,2026-10-23,"ESTIMAT (24 luni, durata nepublicata)",DA,,valoarea procedurii din SICAP/OpenTender (13.475.808 RON) ignorata: de peste 20 de ori valoarea atribuita (probabil eroare de unitate),SICAP anunt nr. CAN1135629
SCN1154947,NU,SPITALUL JUDETEAN DE URGENTA BACAU,LABORATORIUM LIFE SCIENCE SRL,169260,valoare atribuita (SICAP/OpenTender (valori pe atribuire)),169260,SICAP/OpenTender (valori pe atribuire),169260,SICAP/OpenTender (valoare procedura),,,Achizitie Mese autopsie,33933100,2024-10-23,24,2026-10-23,"ESTIMAT (24 luni, durata nepublicata)",DA,,,SICAP anunt nr. SCN1154947
SCN1154959,NU,Spitalul Judetean de Urgenta Slobozia,RAFI MEDICAL,387000,valoare atribuita (SICAP/OpenTender (valori pe atribuire)),387000,SICAP/OpenTender (valori pe atribuire),387000,SICAP/OpenTender (valoare procedura),,,"Achizitie STERILIZATOR CU PLASMA”furnizare, instalare, punere in functiune si instruirea personalului""",33191100,2024-10-23,24,2026-10-23,"ESTIMAT (24 luni, durata nepublicata)",DA,,,SICAP anunt nr. SCN1154959
350382-2026,DA,SPITALUL CLINIC JUDETEAN DE URGENTA SF. APOSTOL ANDREI,SYNTTERGY CONSULT / TEHNOPLUS MEDICAL,3226834,valoare atribuita (TED eForms (valoarea totala a rezultatului)),3226834,TED eForms (valoarea totala a rezultatului),3278254,TED eForms (valoare estimata),,,Achizitia de echipamente 5 loturi –in cadrul Proiectului „Achiziționarea de echipamente destinate reducerii infecțiilor nosocomiale pentru S,33100000,2026-04-23,6,2026-10-23,TED eForms (durata publicata),DA,,data = prima incheiere de contract publicata in TED,https://ted.europa.eu/en/notice/-/detail/350382-2026
34067-2024,DA,Institutul de Diagnostic si Sanatate Animala,A.M.S. 2000 TRADING IMPEX S.R.L. / ANTISEL RO SRL / AVENA MEDICA S.R.L. / BIO AQUA GROUP / BROSSER TECHNICS / DEXTER COM S.R.L. / DIALAB SOLUTIONS / DIAMEDIX IMPEX / EMSAR S.R.L. / Elta 90 Medical Research SRL / MEDICLIM S.R.L. / MOLECULAR GENOMICS S.R.L. / NOVA GROUP INVESTMENT / Omnivet Impex S.R.L. / PARTNERS MEDICAL SOLUTION S.R.L. / Top Diagnostics S.R.L. / VETRO DESIGN S.R.L.,5372747,valoare maxima a acordului-cadru (TED eForms (suma valorilor maxime pe loturi)),,,5372747,TED eForms (suma valorilor maxime pe loturi),7535668,DA,"Kituri, reactivi si consumabile de laborator necesare pentru Programul Strategic",33141000,2023-10-24,36,2026-10-24,TED eForms (durata publicata),DA,,data = prima incheiere de contract publicata in TED,https://ted.europa.eu/en/notice/-/detail/34067-2024
680694-2023,DA,SPITALUL JUDETEAN DE URGENTA BUZAU,MEDTRONIC ROMANIA / RIBI EXPERT SRL / SMART MEDICAL SOLUTIONS S.R.L.,4736746,valoare maxima a acordului-cadru (TED F02 (valoare estimata totala)),1343764,TED F03 (II.1.7 valoarea totala a achizitiei),4736746,TED F02 (valoare estimata totala),,DA,"Achizitie consumabile Program Diabet, consumabile dializa",33141620,2023-10-24,36,2026-10-24,TED F02 (durata publicata),DA,,data = prima incheiere de contract publicata in TED; aceeasi procedura publicata si sub: 392330-2023,https://ted.europa.eu/en/notice/-/detail/680694-2023
CAN1135682,NU,Spitalul Clinic de Psihiatrie si Neurologie Brasov,ROVAL MED,21286,valoare atribuita (SICAP/OpenTender (valori pe atribuire)),21286,SICAP/OpenTender (valori pe atribuire),,,,,,33140000,2024-10-24,24,2026-10-24,"ESTIMAT (24 luni, durata nepublicata)",DA,,,SICAP anunt nr. CAN1135682
CAN1135687,NU,Spitalul Clinic de Psihiatrie si Neurologie Brasov,AVENA MEDICA S.R.L.,4860,valoare atribuita (SICAP/OpenTender (valori pe atribuire)),4860,SICAP/OpenTender (valori pe atribuire),,,,,,33140000,2024-10-24,24,2026-10-24,"ESTIMAT (24 luni, durata nepublicata)",DA,,,SICAP anunt nr. CAN1135687
CAN1135695,NU,Spitalul Clinic de Psihiatrie si Neurologie Brasov,TZMO ROMANIA,36894,valoare atribuita (SICAP/OpenTender (valori pe atribuire)),36894,SICAP/OpenTender (valori pe atribuire),,,,,,33140000,2024-10-24,24,2026-10-24,"ESTIMAT (24 luni, durata nepublicata)",DA,,,SICAP anunt nr. CAN1135695
CAN1135697,NU,Spitalul Clinic de Psihiatrie si Neurologie Brasov,EVOREVO,1668,valoare atribuita (SICAP/OpenTender (valori pe atribuire)),1668,SICAP/OpenTender (valori pe atribuire),,,,,,33140000,2024-10-24,24,2026-10-24,"ESTIMAT (24 luni, durata nepublicata)",DA,,,SICAP anunt nr. CAN1135697
CAN1135699,NU,Spitalul Clinic de Psihiatrie si Neurologie Brasov,ND PHARMA S.R.L.,644,valoare atribuita (SICAP/OpenTender (valori pe atribuire)),644,SICAP/OpenTender (valori pe atribuire),,,,,,33140000,2024-10-24,24,2026-10-24,"ESTIMAT (24 luni, durata nepublicata)",DA,,,SICAP anunt nr. CAN1135699
CAN1135702,NU,Spitalul Clinic de Psihiatrie si Neurologie Brasov,DIAMEDIX IMPEX,2400,valoare atribuita (SICAP/OpenTender (valori pe atribuire)),2400,SICAP/OpenTender (valori pe atribuire),,,,,,33140000,2024-10-24,24,2026-10-24,"ESTIMAT (24 luni, durata nepublicata)",DA,,,SICAP anunt nr. CAN1135702
CAN1135706,NU,Spitalul Clinic de Psihiatrie si Neurologie Brasov,CRAD RO,3208,valoare atribuita (SICAP/OpenTender (valori pe atribuire)),3208,SICAP/OpenTender (valori pe atribuire),,,,,,33140000,2024-10-24,24,2026-10-24,"ESTIMAT (24 luni, durata nepublicata)",DA,,,SICAP anunt nr. CAN1135706
CAN1135719,NU,Spitalul Clinic de Psihiatrie si Neurologie Brasov,A&A PRO DIAGNOSTIC,2307,valoare atribuita (SICAP/OpenTender (valori pe atribuire)),2307,SICAP/OpenTender (valori pe atribuire),,,,,,33140000,2024-10-24,24,2026-10-24,"ESTIMAT (24 luni, durata nepublicata)",DA,,,SICAP anunt nr. CAN1135719
CAN1135722,NU,Spitalul Clinic de Psihiatrie si Neurologie Brasov,NOVITRADE S.R.L.,10080,valoare atribuita (SICAP/OpenTender (valori pe atribuire)),10080,SICAP/OpenTender (valori pe atribuire),,,,,,33140000,2024-10-24,24,2026-10-24,"ESTIMAT (24 luni, durata nepublicata)",DA,,,SICAP anunt nr. CAN1135722
CAN1135728,NU,Spitalul Clinic de Psihiatrie si Neurologie Brasov,Nova Fit 2000 S.R.L.,2109,valoare atribuita (SICAP/OpenTender (valori pe atribuire)),2109,SICAP/OpenTender (valori pe atribuire),,,,,,33140000,2024-10-24,24,2026-10-24,"ESTIMAT (24 luni, durata nepublicata)",DA,,,SICAP anunt nr. CAN1135728
SCN1155026,NU,SPITAL CLINIC JUDETEAN DE URGENTA BIHOR,DACORUM GRUP,41400,valoare atribuita (SICAP/OpenTender (valori pe atribuire)),41400,SICAP/OpenTender (valori pe atribuire),,,,,,33195100,2024-10-24,24,2026-10-24,"ESTIMAT (24 luni, durata nepublicata)",DA,"durata estimata; acelasi spital a atribuit un contract nou aceluiasi castigator la 2024-12-09 (753543-2024), inainte de expirarea calculata => probabil inlocuit",,SICAP anunt nr. SCN1155026
SCN1155027,NU,SPITAL CLINIC JUDETEAN DE URGENTA BIHOR,DACORUM GRUP,464000,valoare atribuita (SICAP/OpenTender (valori pe atribuire)),464000,SICAP/OpenTender (valori pe atribuire),464000,SICAP/OpenTender (valoare procedura),,,Aparate de anestezie - 2 bucati,33172100,2024-10-24,24,2026-10-24,"ESTIMAT (24 luni, durata nepublicata)",DA,"durata estimata; acelasi spital a atribuit un contract nou aceluiasi castigator la 2024-12-09 (753543-2024), inainte de expirarea calculata => probabil inlocuit",,SICAP anunt nr. SCN1155027
320507-2026,DA,SPITALUL GENERAL C.F GALATI,ARCMED NET SRL / BIVARIA GRUP S.R.L. / EDITRONIC INTERNATIONAL / Kembli-Med / SMGELECTRONICA,3646870,valoare atribuita (TED eForms (valoarea totala a rezultatului)),3646870,TED eForms (valoarea totala a rezultatului),3648587,TED eForms (valoare estimata),,,",,Achizitia dotarilor pentru ambulatoriu integrat ” in cadrul proiectului “ Dotare ambulatoriu integrat din cadrul Spitalului General Cai Fe",33100000,2026-04-24,6,2026-10-24,TED eForms (durata publicata),DA,,data = prima incheiere de contract publicata in TED,https://ted.europa.eu/en/notice/-/detail/320507-2026
790577-2025,DA,SPITALUL CLINIC DE URGENTA SF. PANTELIMON,BIOSENS MEDICA / Limas Group S.R.L. / NOVOMED INTERNATIONAL SRL / PAUL HARTMANN / PH MEDICAL TRADE / PRIME HEALTHCARE S.R.L. / VELMED INTERNATIONAL / WELLMED TRADE SRL / ZARYS INTERNATIONAL GROUP,94785900,valoare maxima a acordului-cadru (TED eForms BT-118 (valoarea maxima a acordului)),,,94785900,TED eForms BT-118 (valoarea maxima a acordului),114649596,DA,Furnizare materiale sanitare,33141641,2024-10-25,24,2026-10-25,TED eForms (durata publicata),DA,,data = prima incheiere de contract publicata in TED,https://ted.europa.eu/en/notice/-/detail/790577-2025
SCN1155082,NU,Spitalul Clinic de Obstetrica-Ginecologie Dr. I.A. Sbarcea Brasov,Medical Corp S.R.L.,44100,valoare atribuita (SICAP/OpenTender (valori pe atribuire)),44100,SICAP/OpenTender (valori pe atribuire),,,,,,33100000,2024-10-25,24,2026-10-25,"ESTIMAT (24 luni, durata nepublicata)",DA,,,SICAP anunt nr. SCN1155082
686202-2022,DA,"Institutul Regional de Gastroenterologie-Hepatologie ""Prof. Dr. Octavian Fodor"" Cluj",ELECTRONIC SECURITY SYSTEMS SRL,2471866,valoare maxima a acordului-cadru (TED F02 (valoare estimata totala)),2322000,TED F03 (II.1.7 valoarea totala a achizitiei),2471866,TED F02 (valoare estimata totala),,DA,Achizitie sistem de transport pneumatic,33100000,2022-10-27,48,2026-10-27,TED F02 (durata publicata),DA,,data = prima incheiere de contract publicata in TED; aceeasi procedura publicata si sub: 452621-2022,https://ted.europa.eu/en/notice/-/detail/686202-2022
712858-2023,DA,Spitalul Clinic Judetean de Urgenta Targu.Mures,ENLIFE SOLUTIONS SRL / EXIMIA MEDICAL / LIFETECH CONSULTING / MEDI -TECH BUSINESS SRL / MEDTRONIC ROMANIA SRL / S.C.MEDICAL GRUP S.R.L. / TECMED,10230000,valoare maxima a acordului-cadru (TED F02 (valoare estimata totala)),8034054,TED F03 (II.1.7 valoarea totala a achizitiei),10230000,TED F02 (valoare estimata totala),,DA,Acord cadru de furnizare Accesorii pentru angioplastie,33111730,2023-10-27,36,2026-10-27,TED F02 (durata publicata),DA,,data = prima incheiere de contract publicata in TED; aceeasi procedura publicata si sub: 499142-2023,https://ted.europa.eu/en/notice/-/detail/712858-2023
423872-2025,DA,Spitalul Clinic Municipal de Urgenta Timisoara,KARL STORZ ENDOSCOPIA ROMANIA / NICONSULTING TECHNICS SRL,507960,valoare atribuita (TED eForms (valoarea totala a rezultatului)),507960,TED eForms (valoarea totala a rezultatului),,,,,ECHIPAMENTE MEDICALE -PROIECT RORS,33100000,2025-06-27,16,2026-10-27,TED eForms (durata publicata),DA,,data = prima incheiere de contract publicata in TED,https://ted.europa.eu/en/notice/-/detail/423872-2025
716040-2025,DA,Spitalul Clinic de Urgenta pentru Copii Brasov,DEYAN KRAFT MEDICAL / MEDTRONIC ROMANIA,6216634,valoare maxima a acordului-cadru (TED eForms BT-118 (valoarea maxima a acordului)),,,6216634,TED eForms BT-118 (valoarea maxima a acordului),6474850,DA,Achizitie de sisteme de monitorizare glicemica continua si consumabile aferente,33140000,2025-10-27,12,2026-10-27,TED eForms (durata publicata),DA,"acelasi spital a atribuit un contract nou aceluiasi castigator la 2026-07-31 (542071-2026), inainte de expirarea calculata => probabil inlocuit",data = prima incheiere de contract publicata in TED,https://ted.europa.eu/en/notice/-/detail/716040-2025
689626-2024,DA,SPITALUL CLINIC JUDETEAN MURES,ADAR UNIC SOLUTIONS / ALPHA MEDICAL / B.BRAUN MEDICAL / BIOLIFE GRUP S.R.L. / CO&CO Consumer 2002 S.R.L. / CRIO - 2 S.R.L. / DELUXE MEDICRAFTS / GRAZY PRICE MEDICAL IMPORT EXPORT S.R.L. / HDL Union / HELLIMED / LUAN VISION / MLM MEDICAL S.R.L. / NAFKA GRUP / NOVENTIS International / NOVOMED INTERNATIONAL SRL / PAUL HARTMANN / SC BIOPHARM INTERNATIONAL SRL / TMS - TOP MEDICAL SUPPLIER / VALDOMEDICA TRADING,688516,valoare maxima a acordului-cadru (TED eForms BT-118 (valoarea maxima a acordului)),297234,TED eForms (valoarea totala a rezultatului),688516,TED eForms BT-118 (valoarea maxima a acordului),1461700,DA,Acord cadru furnizare materiale sanitare – consumabile pentru ATI ( 32 loturi ),33162100,2024-10-28,24,2026-10-28,TED eForms (durata publicata),DA,,"data = prima incheiere de contract publicata in TED; cea mai mare valoare totala publicata dintre 6 anunturi de atribuire (din anuntul 457098-2026; valorile pe anunturi pot fi partiale sau cumulative); aceeasi procedura publicata si sub: 14950-2025, 234011-2025, 438981-2025, 38492-2026, 654008-2025, 457098-2026",https://ted.europa.eu/en/notice/-/detail/689626-2024
CAN1135862,NU,Spitalul Orasenesc Sinaia,Medplaza Health,1760,valoare atribuita (SICAP/OpenTender (valori pe atribuire)),1760,SICAP/OpenTender (valori pe atribuire),,,,,,33141625,2024-10-28,24,2026-10-28,"ESTIMAT (24 luni, durata nepublicata)",DA,,,SICAP anunt nr. CAN1135862
CAN1135874,NU,"Spitalul Clinic de Urgenta pentru Copii ""Grigore Alexandrescu""",HS MEDICAL SRL,41240,valoare atribuita (SICAP/OpenTender (valori pe atribuire)),41240,SICAP/OpenTender (valori pe atribuire),,,,,,33141121,2024-10-28,24,2026-10-28,"ESTIMAT (24 luni, durata nepublicata)",DA,"durata estimata; acelasi spital a atribuit un contract nou aceluiasi castigator la 2024-11-26 (CAN1137685), inainte de expirarea calculata => probabil inlocuit",,SICAP anunt nr. CAN1135874
SCNA1112743,NU,SPITALUL MUNICIPAL SACELE,TEHNO ELECTRO MEDICAL COMPANY S.R.L.,613444,valoare atribuita (SICAP/OpenTender (valori pe atribuire)),613444,SICAP/OpenTender (valori pe atribuire),613444,SICAP/OpenTender (valoare procedura),,,Achizitia de echipamente medicale pentru gastroenterologie si medicina interna,33168000,2024-10-28,24,2026-10-28,"ESTIMAT (24 luni, durata nepublicata)",DA,,,SICAP anunt nr. SCNA1112743
SCNA1112751,NU,SPITALUL CLINIC C.F. CRAIOVA,FRESENIUS KABI ROMANIA S.R.L. / TODY LABORATORIES MED / AVENA MEDICA S.R.L. / Natural Es-medical S.R.L / TUNIC PROD S.R.L. / Balton Med / PAUL HARTMANN / Steril Romania S.R.L. / PRIMEX MEDICAL,30784,valoare atribuita (SICAP/OpenTender (valori pe atribuire)),30784,SICAP/OpenTender (valori pe atribuire),,,,,,33140000,2024-10-28,24,2026-10-28,"ESTIMAT (24 luni, durata nepublicata)",DA,,suma loturi,SICAP anunt nr. SCNA1112751
668750-2024,DA,"Spitalul Clinic ""Prof.Dr.Th.Burghele""",SIEMENS HEALTHCARE SRL,7300000,valoare maxima a acordului-cadru (TED eForms BT-118 (valoarea maxima a acordului)),,,7300000,TED eForms BT-118 (valoarea maxima a acordului),8000000,DA,ECHIPAMENT SPECT-CT 64 slice,33124200,2024-10-29,24,2026-10-29,TED eForms (durata publicata),DA,,data = prima incheiere de contract publicata in TED,https://ted.europa.eu/en/notice/-/detail/668750-2024
675622-2024,DA,Spitalul Clinic Judetean de Urgenta Targu.Mures,THREE PHARM,5512000,valoare maxima a acordului-cadru (TED eForms BT-118 (valoarea maxima a acordului)),,,5512000,TED eForms BT-118 (valoarea maxima a acordului),5512000,DA,Acord cadru de furnizare Instrumente chirurgicale,33169000,2024-10-29,24,2026-10-29,TED eForms (durata publicata),DA,"acelasi spital a atribuit un contract nou aceluiasi castigator la 2024-10-31 (672360-2024), inainte de expirarea calculata => probabil inlocuit","data = prima incheiere de contract publicata in TED; aceeasi procedura publicata si sub: 249554-2024, CN1068315",https://ted.europa.eu/en/notice/-/detail/675622-2024
708021-2024,DA,"INSTITUTUL INIMII DE URGENTA PENTRU BOLI CARDIOVASCULARE""Niculae Stancioiu"" Cluj-Napoca",A&A FARMA DISTRIBUTION S.R.L / ALPHA MEDICAL / ALPHA NED 2000 EXIM / ANGIOSPECTRU MED S.R.L. / AXIOMED SOLUTIONS SRL / B.BRAUN MEDICAL / BIOSAN / BOSTON SCIENTIFIC ROMANIA / CARDIOTECH / DELUXE MEDICRAFTS / DIAPRO TOP / EXIMIA MEDICAL / Eximrom Biocard S.R.L. / FRESENIUS KABI ROMANIA / HDL Union / HELLIMED / INSIGHT TRADING SRL / Johnson & Johnson Romania / KAPAMED INTERNATIONAL / Limas Group S.R.L. / M-G EXIM ROMITALIA / MAC'S MEDICAL SURGICAL / MED - AL TRADING SRL / MEDI -TECH BUSINESS / MEDICA ADVANCED SOLUTIONS (M.A.S.) / MEDICAL GRUP / MEDIMPACT / MEDTRONIC ROMANIA / MEGACONS-BRILLAGO / MLM MEDICAL S.R.L. / Medplaza Health / NAFKA GRUP / NOVENTIS International / NOVOMED INTERNATIONAL SRL / PAUL HARTMANN / PRION POCT / QUANTUSMED / RAFI MEDICAL / REVISMED MEDICAL / ROMBIOMEDICA / ROVAL MED / SANROTEX TRADING SRL / SC BIOPHARM INTERNATIONAL SRL / SC EPSYLON GROUP SRL / SH MEDICAL SRL / SMART MEDICAL SOLUTIONS / STERIL ROMANIA / STERISACO / Sof Medica / THREE PHARM / TRANSMEDIC IMPEX / TZMO ROMANIA / ZARYS INTERNATIONAL GROUP,18332328,valoare maxima a acordului-cadru (TED eForms BT-118 (valoarea maxima a acordului)),,,18332328,TED eForms BT-118 (valoarea maxima a acordului),43677245,DA,"Acord Cadru pentru furnizare “CONSUMABILE MEDICALE""",33140000,2024-10-29,24,2026-10-29,TED eForms (durata publicata),DA,,data = prima incheiere de contract publicata in TED; aceeasi procedura publicata si sub: 408790-2024,https://ted.europa.eu/en/notice/-/detail/708021-2024
730524-2024,DA,"SPITALUL CLINIC DE URGENTA PENTRU COPII ,,Maria Sklodowska Curie""",ALGA 94 / ALPHA NED 2000 EXIM SRL / CRAD RO SRL / CRIO - 2 S.R.L. / GISCO MED / LUAN VISION / MEDIMPACT SRL / MEDQ GROUP S.R.L. / Novaintermed S.R.L. / PAUL HARTMANN SRL / S.C. Abb Neopuls S.R.L. / S.C. LINDE GAZ ROMANIA S.R.L. S.R.L. / SANROTEX TRADING SRL / SUPERMEDICAL SRL / NAFKA GRUP S.R.L. / PH MEDICAL TRADE / S.C.MEDICAL GRUP S.R.L. / REVISMED MEDICAL / B.BRAUN MEDICAL S.R.L. / TMS - TOP MEDICAL SUPPLIER,7048472,valoare maxima a acordului-cadru (TED eForms BT-118 (valoarea maxima a acordului)),1680870,TED eForms (valoarea totala a rezultatului),7048472,TED eForms BT-118 (valoarea maxima a acordului),7954096,DA,"Acord cadru de furnizare materiale sanitare diverse, gaze medicale",33140000,2024-10-29,24,2026-10-29,TED eForms (durata publicata),DA,,"data = prima incheiere de contract publicata in TED; cea mai mare valoare totala publicata dintre 5 anunturi de atribuire (din anuntul 560431-2025; valorile pe anunturi pot fi partiale sau cumulative); aceeasi procedura publicata si sub: 257018-2024, 148776-2025, 124747-2025, 353190-2025, 417895-2025, 560431-2025, CN1067261, CN1067861",https://ted.europa.eu/en/notice/-/detail/730524-2024
CAN1135905,NU,"Spitalul Clinic de Urgenta pentru Copii ""Grigore Alexandrescu""",AUDIOLOGOS,69980,valoare atribuita (SICAP/OpenTender (valori pe atribuire)),69980,SICAP/OpenTender (valori pe atribuire),69980,SICAP/OpenTender (valoare procedura),,,"SISTEM IMPLANT COHLEAR , PROCESOR DE SUNET , PROTEZE AUDITIVE” PENTRU PROGRAMUL NATIONAL DE TRATAMENT AL SURDITATII PRIN PROTEZE AUDITIVE IM",33185200,2024-10-29,24,2026-10-29,"ESTIMAT (24 luni, durata nepublicata)",DA,,,SICAP anunt nr. CAN1135905
CAN1135969,NU,SPITALUL CLINIC JUDETEAN DE URGENTA CLUJ,B.BRAUN MEDICAL,141778,valoare atribuita (SICAP/OpenTender (valori pe atribuire)),141778,SICAP/OpenTender (valori pe atribuire),141778,SICAP/OpenTender (valoare procedura),,,Negociere Fire de sutura,33141125,2024-10-29,24,2026-10-29,"ESTIMAT (24 luni, durata nepublicata)",DA,,,SICAP anunt nr. CAN1135969
CN1074864,NU,"INSTITUTUL DE PSIHIATRIE ""SOCOLA"" IASI",TOTALMED,116100,valoare atribuita (SICAP/OpenTender (valori pe atribuire)),116100,SICAP/OpenTender (valori pe atribuire),,,,,,33158210,2024-10-29,24,2026-10-29,"ESTIMAT (24 luni, durata nepublicata)",DA,"durata estimata; acelasi spital a atribuit un contract nou aceluiasi castigator la 2024-12-30 (15574-2025), inainte de expirarea calculata => probabil inlocuit",,SICAP anunt nr. CN1074864
464333-2026,DA,"Spitalul Clinic de Urgenta ""Prof. Dr. Nicolae Oblu"" Iasi",DACORUM GRUP,10787000,valoare atribuita (TED eForms (valoarea totala a rezultatului)),10787000,TED eForms (valoarea totala a rezultatului),10977982,TED eForms (valoare estimata),,,"Furnizare, instalare, punere in functiune, instruire personal si service in perioada de garantie - echipamente medicale in cadrul PROGRAMULU",33100000,2026-06-29,4,2026-10-29,TED eForms (durata publicata),DA,,data = prima incheiere de contract publicata in TED,https://ted.europa.eu/en/notice/-/detail/464333-2026
464589-2026,DA,"Spitalul Clinic de Urgenta ""Prof. Dr. Nicolae Oblu"" Iasi",DACORUM GRUP,699400,valoare atribuita (TED eForms (valoarea totala a rezultatului)),699400,TED eForms (valoarea totala a rezultatului),1667454,TED eForms (valoare estimata),,,"Furnizare, instalare, punere in functiune, instruire personal si service in perioada de garantie - echipamente medicale in cadrul PROGRAMULU",33100000,2026-06-29,4,2026-10-29,TED eForms (durata publicata),DA,,data = prima incheiere de contract publicata in TED,https://ted.europa.eu/en/notice/-/detail/464589-2026
691904-2024,DA,UM 0929 Bucuresti,INFOMED S.R.L. / S.C. Natural Es-medical S.R.L / THREE PHARM / TOTAL MEDICAL SOLUTIONS SRL,1125710,valoare maxima a acordului-cadru (TED eForms BT-118 (valoarea maxima a acordului)),,,1125710,TED eForms BT-118 (valoarea maxima a acordului),6833200,DA,Furnizare materiale specifice laboratorului de radiologie și imagistică medicală,33140000,2024-10-30,24,2026-10-30,TED eForms (durata publicata),DA,,unitate militara cu profil de spital; data = prima incheiere de contract publicata in TED,https://ted.europa.eu/en/notice/-/detail/691904-2024
CAN1135984,NU,SPITALUL CLINIC JUDETEAN DE URGENTA CLUJ,BIOSENS MEDICA,110754,valoare atribuita (SICAP/OpenTender (valori pe atribuire)),110754,SICAP/OpenTender (valori pe atribuire),,,,,Negociere Fire de sutura,33141125,2024-10-30,24,2026-10-30,"ESTIMAT (24 luni, durata nepublicata)",DA,,valoarea procedurii din SICAP/OpenTender (11.075.364 RON) ignorata: de peste 20 de ori valoarea atribuita (probabil eroare de unitate),SICAP anunt nr. CAN1135984
CAN1135986,NU,SPITALUL CLINIC JUDETEAN DE URGENTA CLUJ,BIOSENS MEDICA,37721,valoare atribuita (SICAP/OpenTender (valori pe atribuire)),37721,SICAP/OpenTender (valori pe atribuire),,,,,,33141125,2024-10-30,24,2026-10-30,"ESTIMAT (24 luni, durata nepublicata)",DA,,,SICAP anunt nr. CAN1135986
CAN1135990,NU,Ministerul Apararii Nationale - Unitatea Militara 02474 -Spitalul Militar de Urgenta Regina Maria,ALPHA MEDICAL S.R.L.,24620,valoare atribuita (SICAP/OpenTender (valori pe atribuire)),24620,SICAP/OpenTender (valori pe atribuire),,,,,,33100000,2024-10-30,24,2026-10-30,"ESTIMAT (24 luni, durata nepublicata)",DA,,unitate militara cu profil de spital,SICAP anunt nr. CAN1135990
CAN1135991,NU,Ministerul Apararii Nationale - Unitatea Militara 02474 -Spitalul Militar de Urgenta Regina Maria,AXIOMED SOLUTIONS SRL,32300,valoare atribuita (SICAP/OpenTender (valori pe atribuire)),32300,SICAP/OpenTender (valori pe atribuire),,,,,,33100000,2024-10-30,24,2026-10-30,"ESTIMAT (24 luni, durata nepublicata)",DA,,unitate militara cu profil de spital,SICAP anunt nr. CAN1135991
CAN1135992,NU,Ministerul Apararii Nationale - Unitatea Militara 02474 -Spitalul Militar de Urgenta Regina Maria,B.BRAUN MEDICAL,4563,valoare atribuita (SICAP/OpenTender (valori pe atribuire)),4563,SICAP/OpenTender (valori pe atribuire),,,,,,33100000,2024-10-30,24,2026-10-30,"ESTIMAT (24 luni, durata nepublicata)",DA,,unitate militara cu profil de spital,SICAP anunt nr. CAN1135992
CAN1135993,NU,Ministerul Apararii Nationale - Unitatea Militara 02474 -Spitalul Militar de Urgenta Regina Maria,BOSTON SCIENTIFIC ROMANIA,22180,valoare atribuita (SICAP/OpenTender (valori pe atribuire)),22180,SICAP/OpenTender (valori pe atribuire),,,,,,33100000,2024-10-30,24,2026-10-30,"ESTIMAT (24 luni, durata nepublicata)",DA,,unitate militara cu profil de spital,SICAP anunt nr. CAN1135993
CAN1135994,NU,Ministerul Apararii Nationale - Unitatea Militara 02474 -Spitalul Militar de Urgenta Regina Maria,FRESENIUS KABI ROMANIA S.R.L.,23200,valoare atribuita (SICAP/OpenTender (valori pe atribuire)),23200,SICAP/OpenTender (valori pe atribuire),,,,,,33100000,2024-10-30,24,2026-10-30,"ESTIMAT (24 luni, durata nepublicata)",DA,,unitate militara cu profil de spital,SICAP anunt nr. CAN1135994
CAN1135995,NU,Ministerul Apararii Nationale - Unitatea Militara 02474 -Spitalul Militar de Urgenta Regina Maria,LC RHEA MEDICAL CARE S.R.L.,16000,valoare atribuita (SICAP/OpenTender (valori pe atribuire)),16000,SICAP/OpenTender (valori pe atribuire),,,,,,33100000,2024-10-30,24,2026-10-30,"ESTIMAT (24 luni, durata nepublicata)",DA,,unitate militara cu profil de spital,SICAP anunt nr. CAN1135995
CAN1135996,NU,Ministerul Apararii Nationale - Unitatea Militara 02474 -Spitalul Militar de Urgenta Regina Maria,NAFKA GRUP S.R.L.,13456,valoare atribuita (SICAP/OpenTender (valori pe atribuire)),13456,SICAP/OpenTender (valori pe atribuire),,,,,,33100000,2024-10-30,24,2026-10-30,"ESTIMAT (24 luni, durata nepublicata)",DA,,unitate militara cu profil de spital,SICAP anunt nr. CAN1135996
CAN1135997,NU,Ministerul Apararii Nationale - Unitatea Militara 02474 -Spitalul Militar de Urgenta Regina Maria,PAUL HARTMANN,4760,valoare atribuita (SICAP/OpenTender (valori pe atribuire)),4760,SICAP/OpenTender (valori pe atribuire),,,,,,33100000,2024-10-30,24,2026-10-30,"ESTIMAT (24 luni, durata nepublicata)",DA,,unitate militara cu profil de spital,SICAP anunt nr. CAN1135997
CAN1135998,NU,Ministerul Apararii Nationale - Unitatea Militara 02474 -Spitalul Militar de Urgenta Regina Maria,TEHNO ELECTRO MEDICAL COMPANY S.R.L.,58501,valoare atribuita (SICAP/OpenTender (valori pe atribuire)),58501,SICAP/OpenTender (valori pe atribuire),58501,SICAP/OpenTender (valoare procedura),,,Contract furnizare materiale sanitare,33100000,2024-10-30,24,2026-10-30,"ESTIMAT (24 luni, durata nepublicata)",DA,,unitate militara cu profil de spital,SICAP anunt nr. CAN1135998
CAN1135999,NU,Ministerul Apararii Nationale - Unitatea Militara 02474 -Spitalul Militar de Urgenta Regina Maria,THREE PHARM,36318,valoare atribuita (SICAP/OpenTender (valori pe atribuire)),36318,SICAP/OpenTender (valori pe atribuire),,,,,,33100000,2024-10-30,24,2026-10-30,"ESTIMAT (24 luni, durata nepublicata)",DA,,unitate militara cu profil de spital,SICAP anunt nr. CAN1135999
CAN1136001,NU,SPITALUL CLINIC JUDETEAN DE URGENTA CLUJ,HEXAMEDICAL HEALTH,455410,valoare atribuita (SICAP/OpenTender (valori pe atribuire)),455410,SICAP/OpenTender (valori pe atribuire),,,,,Negociere Fire de sutura,33141125,2024-10-30,24,2026-10-30,"ESTIMAT (24 luni, durata nepublicata)",DA,,valoarea procedurii din SICAP/OpenTender (45.541.032 RON) ignorata: de peste 20 de ori valoarea atribuita (probabil eroare de unitate),SICAP anunt nr. CAN1136001
CAN1136002,NU,SPITALUL CLINIC JUDETEAN DE URGENTA CLUJ,Johnson & Johnson Romania,22444,valoare atribuita (SICAP/OpenTender (valori pe atribuire)),22444,SICAP/OpenTender (valori pe atribuire),,,,,,33141125,2024-10-30,24,2026-10-30,"ESTIMAT (24 luni, durata nepublicata)",DA,,,SICAP anunt nr. CAN1136002
CAN1136003,NU,SPITALUL CLINIC JUDETEAN DE URGENTA CLUJ,MEDTRONIC ROMANIA,89340,valoare atribuita (SICAP/OpenTender (valori pe atribuire)),89340,SICAP/OpenTender (valori pe atribuire),89340,SICAP/OpenTender (valoare procedura),,,Negociere Fire de sutura,33141125,2024-10-30,24,2026-10-30,"ESTIMAT (24 luni, durata nepublicata)",DA,"durata estimata; acelasi spital a atribuit un contract nou aceluiasi castigator la 2025-03-11 (178369-2025), inainte de expirarea calculata => probabil inlocuit",,SICAP anunt nr. CAN1136003
CAN1136006,NU,SPITALUL CLINIC JUDETEAN DE URGENTA CLUJ,PHARMICS S.R.L.,99940,valoare atribuita (SICAP/OpenTender (valori pe atribuire)),99940,SICAP/OpenTender (valori pe atribuire),99940,SICAP/OpenTender (valoare procedura),,,Negociere Fire de sutura,33141125,2024-10-30,24,2026-10-30,"ESTIMAT (24 luni, durata nepublicata)",DA,,,SICAP anunt nr. CAN1136006
CAN1136009,NU,SPITALUL CLINIC JUDETEAN DE URGENTA CLUJ,VLADI MED DISTRIBUTION S.R.L.,215583,valoare atribuita (SICAP/OpenTender (valori pe atribuire)),215583,SICAP/OpenTender (valori pe atribuire),,,,,Negociere Fire de sutura,33141125,2024-10-30,24,2026-10-30,"ESTIMAT (24 luni, durata nepublicata)",DA,,valoarea procedurii din SICAP/OpenTender (21.558.264 RON) ignorata: de peste 20 de ori valoarea atribuita (probabil eroare de unitate),SICAP anunt nr. CAN1136009
CAN1136010,NU,Spitalul Judetean de Urgenta Miercurea Ciuc,SIEMENS HEALTHCARE SRL,393174,valoare atribuita (SICAP/OpenTender (valori pe atribuire)),393174,SICAP/OpenTender (valori pe atribuire),,,,,Piese de schimb pentru Computertomograf Somatom Scope,33124000,2024-10-30,24,2026-10-30,"ESTIMAT (24 luni, durata nepublicata)",DA,,valoarea procedurii din SICAP/OpenTender (39.317.396 RON) ignorata: de peste 20 de ori valoarea atribuita (probabil eroare de unitate),SICAP anunt nr. CAN1136010
CAN1136012,NU,Spitalul Judetean de Urgenta Miercurea Ciuc,AMRIX TECHNOLOGIES SRL,1600,valoare atribuita (SICAP/OpenTender (valori pe atribuire)),1600,SICAP/OpenTender (valori pe atribuire),,,,,,33124000,2024-10-30,24,2026-10-30,"ESTIMAT (24 luni, durata nepublicata)",DA,,,SICAP anunt nr. CAN1136012
CAN1136032,NU,SPITALUL UNIVERSITAR DE URGENTA ELIAS,MEDTRONIC ROMANIA,265000,valoare atribuita (SICAP/OpenTender (valori pe atribuire)),265000,SICAP/OpenTender (valori pe atribuire),265000,SICAP/OpenTender (valoare procedura),,,Negociere materiale sanitare angiografie,33140000,2024-10-30,24,2026-10-30,"ESTIMAT (24 luni, durata nepublicata)",DA,"durata estimata; acelasi spital a atribuit un contract nou aceluiasi castigator la 2024-11-18 (CAN1137221), inainte de expirarea calculata => probabil inlocuit",,SICAP anunt nr. CAN1136032
CAN1136040,NU,SPITALUL UNIVERSITAR DE URGENTA ELIAS,L&P MEDICAL,12500,valoare atribuita (SICAP/OpenTender (valori pe atribuire)),12500,SICAP/OpenTender (valori pe atribuire),,,,,,33140000,2024-10-30,24,2026-10-30,"ESTIMAT (24 luni, durata nepublicata)",DA,,,SICAP anunt nr. CAN1136040
CAN1136042,NU,Spitalul Clinic Colentina,STRYKER ROMANIA,137065,valoare atribuita (SICAP/OpenTender (valori pe atribuire)),137065,SICAP/OpenTender (valori pe atribuire),137065,SICAP/OpenTender (valoare procedura),,,Negociere proteze ortopedie,33184000,2024-10-30,24,2026-10-30,"ESTIMAT (24 luni, durata nepublicata)",DA,,,SICAP anunt nr. CAN1136042
CAN1136044,NU,Spitalul Clinic Colentina,BIO TECHNIC ROMANIA S.R.L.,38250,valoare atribuita (SICAP/OpenTender (valori pe atribuire)),38250,SICAP/OpenTender (valori pe atribuire),,,,,,33184000,2024-10-30,24,2026-10-30,"ESTIMAT (24 luni, durata nepublicata)",DA,,,SICAP anunt nr. CAN1136044
CAN1136048,NU,Spitalul Clinic Colentina,MEDICAL ORTOVIT,53400,valoare atribuita (SICAP/OpenTender (valori pe atribuire)),53400,SICAP/OpenTender (valori pe atribuire),53400,SICAP/OpenTender (valoare procedura),,,NEGOCIERE PROTEZE,33184000,2024-10-30,24,2026-10-30,"ESTIMAT (24 luni, durata nepublicata)",DA,,,SICAP anunt nr. CAN1136048
CAN1136052,NU,"Spital Clinic Judetean de Urgenta ""Pius Brinzeu"" Timisoara",STRYKER ROMANIA,257500,valoare atribuita (SICAP/OpenTender (valori pe atribuire)),257500,SICAP/OpenTender (valori pe atribuire),257500,SICAP/OpenTender (valoare procedura),,,MATERIALE SANITARE,33140000,2024-10-30,24,2026-10-30,"ESTIMAT (24 luni, durata nepublicata)",DA,"durata estimata; acelasi spital a atribuit un contract nou aceluiasi castigator la 2024-11-18 (CAN1137202), inainte de expirarea calculata => probabil inlocuit",,SICAP anunt nr. CAN1136052
CAN1136054,NU,Spitalul Clinic Colentina,ZIMMER BIOMET ROMANIA,69274,valoare atribuita (SICAP/OpenTender (valori pe atribuire)),69274,SICAP/OpenTender (valori pe atribuire),69274,SICAP/OpenTender (valoare procedura),,,NEGOCIERE PROTEZE ORTOPEDIE,33184000,2024-10-30,24,2026-10-30,"ESTIMAT (24 luni, durata nepublicata)",DA,,,SICAP anunt nr. CAN1136054
CAN1136056,NU,"Spital Clinic Judetean de Urgenta ""Pius Brinzeu"" Timisoara",MedKit,203535,valoare atribuita (SICAP/OpenTender (valori pe atribuire)),203535,SICAP/OpenTender (valori pe atribuire),203535,SICAP/OpenTender (valoare procedura),,,MATERIALE SANITARE,33140000,2024-10-30,24,2026-10-30,"ESTIMAT (24 luni, durata nepublicata)",DA,,,SICAP anunt nr. CAN1136056
CN1074952,NU,"Spitalul Clinic de Urgenta pentru Copii ""Sf. Ioan"" Galati",DACORUM GRUP,480000,valoare atribuita (SICAP/OpenTender (valori pe atribuire)),480000,SICAP/OpenTender (valori pe atribuire),480000,SICAP/OpenTender (valoare procedura),,,"FURNIZARE ,INSTALARE ,PUNERE IN FUNCTIUNE ECHIPAMENTE MEDICALE",33100000,2024-10-30,24,2026-10-30,"ESTIMAT (24 luni, durata nepublicata)",DA,,,SICAP anunt nr. CN1074952
298421-2025,DA,Spitalul Clinic Municipal de Urgenta Timisoara,KARL STORZ ENDOSCOPIA ROMANIA / MEDTRONIC ROMANIA / MEDIST IMAGING & P.O.C.,1153511,valoare atribuita (TED eForms (valoarea totala a rezultatului)),1153511,TED eForms (valoarea totala a rezultatului),,,,,ECHIPAMENTE MEDICALE- PROIECT RORS 00009,33100000,2025-04-30,18,2026-10-30,TED eForms (durata publicata),DA,,data = prima incheiere de contract publicata in TED; cea mai mare valoare totala publicata dintre 2 anunturi de atribuire (din anuntul 461743-2025; valorile pe anunturi pot fi partiale sau cumulative); aceeasi procedura publicata si sub: 461743-2025,https://ted.europa.eu/en/notice/-/detail/298421-2025
786872-2025,DA,SPITALUL JUDETEAN SATU MARE,ANTISEL RO / MEDIST IMAGING & P.O.C. / Medical Gazplus,863175,valoare atribuita (TED eForms (valoarea totala a rezultatului)),863175,TED eForms (valoarea totala a rezultatului),,,,,ECHIPAMENTE MEDICALE 2025 SECTIA GINECOLOGIE,33100000,2025-10-30,12,2026-10-30,TED eForms (durata publicata),DA,,data = prima incheiere de contract publicata in TED,https://ted.europa.eu/en/notice/-/detail/786872-2025
310226-2026,DA,SPITALUL CLINIC JUDETEAN DE URGENTA BISTRITA,MEDITECH,185925,valoare atribuita (TED eForms (valoarea totala a rezultatului)),185925,TED eForms (valoarea totala a rezultatului),185925,TED eForms (valoare estimata),,,Furnizare aparatură medicală și echipamente medicale în cadrul Programului de Sănătate -Apel de proiecte PS/665/PS_P3/OP4/RSO4.5/PS_P3_RSO4.,33100000,2026-04-30,6,2026-10-30,TED eForms (durata publicata),DA,"acelasi spital a atribuit un contract nou aceluiasi castigator la 2026-07-22 (609006-2026), inainte de expirarea calculata => probabil inlocuit",data = prima incheiere de contract publicata in TED,https://ted.europa.eu/en/notice/-/detail/310226-2026
637468-2024,DA,Spitalul Clinic de Urgenta Bucuresti,BIOSENS MEDICA S.R.L. / ROMBIOMEDICA,18778843,valoare maxima a acordului-cadru (TED eForms BT-118 (valoarea maxima a acordului)),,,18778843,TED eForms BT-118 (valoarea maxima a acordului),19846800,DA,Materiale sanitare pentru sutura mecanica si sisteme de protezare,33140000,2022-10-31,48,2026-10-31,TED eForms (durata publicata),DA,,data = prima incheiere de contract publicata in TED,https://ted.europa.eu/en/notice/-/detail/637468-2024
CAN1136146,NU,"Spital Clinic Judetean de Urgenta ""Pius Brinzeu"" Timisoara","""ADRIAN SPIRESCU SI MIHAELA PELTEACU"" S.C.P.A.",2200,valoare atribuita (SICAP/OpenTender (valori pe atribuire)),2200,SICAP/OpenTender (valori pe atribuire),,,,,,33140000,2024-10-31,24,2026-10-31,"ESTIMAT (24 luni, durata nepublicata)",DA,,,SICAP anunt nr. CAN1136146
CAN1136152,NU,"Spital Clinic Judetean de Urgenta ""Pius Brinzeu"" Timisoara",MEDTRONIC ROMANIA,380200,valoare atribuita (SICAP/OpenTender (valori pe atribuire)),380200,SICAP/OpenTender (valori pe atribuire),380200,SICAP/OpenTender (valoare procedura),,,MATERIALE SANITARE,33140000,2024-10-31,24,2026-10-31,"ESTIMAT (24 luni, durata nepublicata)",DA,"durata estimata; acelasi spital a atribuit un contract nou aceluiasi castigator la 2026-01-05 (30474-2026), inainte de expirarea calculata => probabil inlocuit",,SICAP anunt nr. CAN1136152
688792-2024,DA,Spitalul Clinic de Urgenta Bagdasar-Arseni,KRAL MEDICAL SOLUTIONS SRL / MEDINTEL SRL,9760980,valoare maxima a acordului-cadru (TED eForms BT-118 (valoarea maxima a acordului)),7632480,TED eForms (valoarea totala a rezultatului),9760980,TED eForms BT-118 (valoarea maxima a acordului),11106034,DA,ECHIPAMENTE PENTRU INGRIJIREA PACIENTILOR ADULTI,33100000,2024-11-01,24,2026-11-01,TED eForms (durata publicata),DA,,"data = prima incheiere de contract publicata in TED; cea mai mare valoare totala publicata dintre 2 anunturi de atribuire (din anuntul 697300-2025; valorile pe anunturi pot fi partiale sau cumulative); aceeasi procedura publicata si sub: 208496-2025, 697300-2025",https://ted.europa.eu/en/notice/-/detail/688792-2024
690962-2024,DA,Institutul Oncologic Prof. Dr. I. Chiricuta Cluj-Napoca,B.BRAUN MEDICAL SRL,1323617,valoare maxima a acordului-cadru (TED eForms BT-118 (valoarea maxima a acordului)),,,1323617,TED eForms BT-118 (valoarea maxima a acordului),1378356,DA,Furnizare echipamente medicale,33100000,2024-11-01,24,2026-11-01,TED eForms (durata publicata),DA,,data = prima incheiere de contract publicata in TED; aceeasi procedura publicata si sub: 525162-2024,https://ted.europa.eu/en/notice/-/detail/690962-2024
703831-2024,DA,MINISTERUL APARARII - U.M 02460,ALL IN PHARMA MED / CREATIVE & INNOVATIVE MANAGEMENT / CRIO - 2 S.R.L. / DELUXE MEDICRAFTS / EURODIAGONAL S.R.L. / Euroexpand Impex / Lumamed Health&Care / MEDI -TECH BUSINESS / MEDICAL GRUP / MEDICAL ORTOVIT / Medplaza Health / SH MEDICAL SRL / VALDOMEDICA TRADING,1508790,valoare maxima a acordului-cadru (TED eForms BT-118 (valoarea maxima a acordului)),,,1508790,TED eForms BT-118 (valoarea maxima a acordului),2176327,DA,Acord cadru de furnizare materiale sanitare pentru o perioada de 24 luni,33140000,2024-11-01,24,2026-11-01,TED eForms (durata publicata),DA,,unitate militara cu profil de spital; data = prima incheiere de contract publicata in TED; aceeasi procedura publicata si sub: 434944-2024,https://ted.europa.eu/en/notice/-/detail/703831-2024
717192-2024,DA,Spitalul Municipal de Urgenta Roman,ALPHA BRIO MEDICAL S.R.L. / ALPHA MEDICAL S.R.L. / ARTISANA MEDICAL S.R.L. / AVENA MEDICA S.R.L. / B.BRAUN MEDICAL SRL / BIZMED SRL / CIX INTERPROD S.R.L. / CO&CO Consumer 2002 S.R.L. / CRAD RO SRL / CRIO - 2 S.R.L. / DELUXE MEDICRAFTS SRL / DEMOPHORIUS HEALTHCARE SRL / DR COLOS MEDICAL / EST INVEST FARMA S.R.L. / Elta 90 Medical Research SRL / GRAZY PRICE MEDICAL IMPORT EXPORT S.R.L. / HDL Union / HELLIMED SRL / IDEAL OPTIONS / INPOINT MEDICARE / Limas Group S.R.L. / M-G EXIM ROMITALIA S.R.L. / MEDICAL ORTOVIT / MEDIMPACT SRL / MEGACONS-BRILLAGO SRL / MERCATOR MEDICAL / NAFKA GRUP S.R.L. / NOVOMED INTERNATIONAL SRL / Ortholife Systems / PARTNERS MEDICAL SOLUTION S.R.L. / PRIMEX MEDICAL SRL / ROVAL MED SRL / S.C. BIOTECHNICS IMPLANT S.R.L. / S.C. FARMACIA OMNIA S.R.L. / S.C. Medplaza Health S.R.L. / S.C. TODY LABORATORIES MED S.R.L. S.R.L. / S.C.MEDICAL GRUP S.R.L. / SAB TRANS CONSULT / SANROTEX TRADING SRL / SANTOMED S.R.L. / SC JUSTIR DESIGN SRL / SH MEDICAL SRL / TEST TRADING S.R.L. / TMS - TOP MEDICAL SUPPLIER SRL / TZMO ROMANIA SRL / VALDOMEDICA TRADING SRL / VETRO DESIGN S.R.L. / ZARYS INTERNATIONAL GROUP MEDICAL EQUIPMENT S.R.L.,3499847,valoare maxima a acordului-cadru (TED eForms BT-118 (valoarea maxima a acordului)),,,3499847,TED eForms BT-118 (valoarea maxima a acordului),5211967,DA,Acord cadru furnizare materiale sanitare și materiale de osteosinteză,33140000,2024-11-01,24,2026-11-01,TED eForms (durata publicata),DA,,data = prima incheiere de contract publicata in TED,https://ted.europa.eu/en/notice/-/detail/717192-2024
SCNA1113073,NU,Spitalul de Boli infectioase si Psihiatrie Baia Mare,CRIO - 2 S.R.L. / PAUL HARTMANN S.R.L. / PRODCONFARM S.R.L.,,valoare nepublicata,,,,,,,,33140000,2024-11-01,24,2026-11-01,"ESTIMAT (24 luni, durata nepublicata)",DA,,,SICAP anunt nr. SCNA1113073
SCN1150310,NU,"Spitalul Orasenesc ""dr. George Trifon"" Nasaud",MOSS Green Medical,174900,valoare atribuita (SICAP/OpenTender (valori pe atribuire)),174900,SICAP/OpenTender (valori pe atribuire),174900,SICAP/OpenTender (valoare procedura),,,Aparat osteodensitometru Dexa,33111660,2024-11-02,24,2026-11-02,"ESTIMAT (24 luni, durata nepublicata)",DA,,,SICAP anunt nr. SCN1150310
767912-2025,DA,SPITALUL JUDETEAN DE URGENTA TARGOVISTE,MEDIXFARM TEHNOPLUS,2900000,valoare atribuita (TED eForms (valoarea totala a rezultatului)),2900000,TED eForms (valoarea totala a rezultatului),,,,,Achiziția de Robot compunere citostatice (inclusiv amenajare camera curata) in cadrul proiectului “ Dotarea Spitalului Județean de Urgență T,33100000,2025-11-03,12,2026-11-03,TED eForms (durata publicata),DA,,data = prima incheiere de contract publicata in TED,https://ted.europa.eu/en/notice/-/detail/767912-2025
63630-2024,DA,Spitalul Clinic de Urgenta Bucuresti,ROMBIOMEDICA,1211040,valoare maxima a acordului-cadru (TED eForms (suma valorilor maxime pe loturi)),,,1211040,TED eForms (suma valorilor maxime pe loturi),,DA,SOLUTII PENTRU PLAGI,33140000,2022-11-04,48,2026-11-04,TED eForms (durata publicata),DA,"acelasi spital a atribuit un contract nou aceluiasi castigator la 2024-10-23 (CAN1135622), inainte de expirarea calculata => probabil inlocuit",data = prima incheiere de contract publicata in TED,https://ted.europa.eu/en/notice/-/detail/63630-2024
693350-2024,DA,SPITALUL CLINIC DE RECUPERARE IASI,ALPHA BRIO MEDICAL S.R.L. / ALPHA MEDICAL S.R.L. / BIZMED SRL / CO&CO Consumer 2002 S.R.L. / CRIO - 2 S.R.L. / DELUXE MEDICRAFTS SRL / DEMOPHORIUS HEALTHCARE SRL / ENGLOBER S.R.L. / Flexi Pro SRL / HDL Union / HELLIMED SRL / LABORATORIUM LIFE SCIENCE SRL / MED - AL TRADING SRL / MEDI -TECH BUSINESS SRL / NAFKA GRUP S.R.L. / NOVENTIS International / ONE MED LOGISTIC S.R.L. / PARTNERS MEDICAL SOLUTION S.R.L. / PAUL HARTMANN SRL / ROMBIOMEDICA / ROVAL MED SRL / S.C. LINDE GAZ ROMANIA S.R.L. S.R.L. / S.C. Medplaza Health S.R.L. / S.C. TODY LABORATORIES MED S.R.L. S.R.L. / S.C.MEDICAL GRUP S.R.L. / SANROTEX TRADING SRL / SC Nova Fit 2000 S.R.L. / SH MEDICAL SRL / STERIL ROMANIA SRL / STRYKER ROMANIA S.R.L. / TUNIC PROD S.R.L. / TZMO ROMANIA SRL / VETRO DESIGN S.R.L. / ZARYS INTERNATIONAL GROUP MEDICAL EQUIPMENT S.R.L. / ZENMED SOLUTIONS,1834354,valoare maxima a acordului-cadru (TED eForms BT-118 (valoarea maxima a acordului)),20310,TED eForms (valoarea totala a rezultatului),1834354,TED eForms BT-118 (valoarea maxima a acordului),2388797,DA,MATERIALE SANITARE SI CONSUMABILE MEDICALE (I),33140000,2024-11-04,24,2026-11-04,TED eForms (durata publicata),DA,,"data = prima incheiere de contract publicata in TED; valoare atribuita din anuntul 16123-2026; aceeasi procedura publicata si sub: 380214-2024, 16123-2026, 794802-2024, CN1070391",https://ted.europa.eu/en/notice/-/detail/693350-2024
549425-2026,DA,SPITALUL CLINIC JUDETEAN DE URGENTA BISTRITA,RONDA MEDTECH,533490,valoare atribuita (TED eForms (valoarea totala a rezultatului)),533490,TED eForms (valoarea totala a rezultatului),533490,TED eForms (valoare estimata),,,"Furnizare echipamente medicale în cadrul Programului național de investiții în infrastructura de sănătate, aferent țintei 377 componenta 12 ",33100000,2026-08-04,3,2026-11-04,TED eForms (durata publicata),DA,,data = prima incheiere de contract publicata in TED,https://ted.europa.eu/en/notice/-/detail/549425-2026
566153-2026,DA,SPITALUL CLINIC DE BOLI INFECTIOASE SI PNEUMOFTIZIOLOGIE DR VICTOR BABES TIMISOARA,ANTISEL RO / Elta 90 Medical Research SRL / X-Lab Solutions S.R.L.,580997,valoare atribuita (TED eForms (valoarea totala a rezultatului)),580997,TED eForms (valoarea totala a rezultatului),650042,TED eForms (valoare estimata),,,Achizitie echipamente medicale de laborator aferente dotarii Spitalului de Boli Infectioase si Pneumoftiziologie Dr.Victor Babes Timisoara i,33100000,2026-08-04,3,2026-11-04,TED eForms (durata publicata),DA,,data = prima incheiere de contract publicata in TED,https://ted.europa.eu/en/notice/-/detail/566153-2026
190658-2025,DA,SPITALUL CLINIC DE URGENTA SF. PANTELIMON,KARL STORZ ENDOSCOPIA ROMANIA / KRAL MEDICAL SOLUTIONS SRL / Logaritm / MEDTRONIC ROMANIA / PAPAPOSTOLOU S.R.L / RAFI MEDICAL,40492051,valoare atribuita (TED eForms (valoarea totala a rezultatului)),40492051,TED eForms (valoarea totala a rezultatului),,,,,FURNIZARE APARATURA SI ECHIPAMENTE MEDICALE,33100000,2024-11-05,24,2026-11-05,TED eForms (durata publicata),DA,,data = prima incheiere de contract publicata in TED,https://ted.europa.eu/en/notice/-/detail/190658-2025
688323-2024,DA,Spitalul Clinic Municipal de Urgenta Timisoara,HEALTHTIM / RAFI MEDICAL,3627335,valoare maxima a acordului-cadru (TED eForms BT-118 (valoarea maxima a acordului)),,,3627335,TED eForms BT-118 (valoarea maxima a acordului),3718692,DA,INSTRUMENTAR 2024-2026,33169000,2024-11-05,24,2026-11-05,TED eForms (durata publicata),DA,,data = prima incheiere de contract publicata in TED; aceeasi procedura publicata si sub: 337409-2024,https://ted.europa.eu/en/notice/-/detail/688323-2024
688669-2024,DA,SPITALUL MUNICIPAL DR. ALEXANDRU SIMIONESCU HUNEDOARA,ALPHA BRIO MEDICAL S.R.L. / ALPHA NED 2000 EXIM / B.BRAUN MEDICAL / CRAD RO / CRIO - 2 S.R.L. / DELUXE MEDICRAFTS / MEDICAL GRUP / MEDIMPACT / MEGACONS-BRILLAGO / Medplaza Health / SANROTEX TRADING SRL / SH MEDICAL SRL / VALDOMEDICA TRADING / ZARYS INTERNATIONAL GROUP / ZENMED SOLUTIONS,1608384,valoare maxima a acordului-cadru (TED eForms BT-118 (valoarea maxima a acordului)),,,1608384,TED eForms BT-118 (valoarea maxima a acordului),2429016,DA,MATERIALE SANITARE 2,33140000,2024-11-05,24,2026-11-05,TED eForms (durata publicata),DA,,data = prima incheiere de contract publicata in TED,https://ted.europa.eu/en/notice/-/detail/688669-2024
690167-2024,DA,MINISTERUL APARARII - UNITATEA MILITARA 02497 PITESTI,ALCON ROMANIA / AXIOMED SOLUTIONS SRL / BIOLIFE GRUP S.R.L. / CIX INTERPROD S.R.L. / CO&CO Consumer 2002 S.R.L. / CORAMED MEDIZINISCHE PRODUKTE / DACO MEDICAL TECHNOLOGIES / DASK VISION / DEMOPHORIUS HEALTHCARE / INPOINT MEDICARE / Kembli-Med / LUAN VISION / MEDICAL GRUP / MEDICAL ORTOVIT / MEDTRONIC ROMANIA / NOVENTIS International / SANROTEX TRADING SRL / TZMO ROMANIA / VALDOMEDICA TRADING / VETRO DESIGN,1213542,valoare maxima a acordului-cadru (TED eForms BT-118 (valoarea maxima a acordului)),695121,TED eForms (valoarea totala a rezultatului),1213542,TED eForms BT-118 (valoarea maxima a acordului),2024251,DA,Achizitie materiale sanitare 97 loturi,33140000,2024-11-05,24,2026-11-05,TED eForms (durata publicata),DA,,"unitate militara cu profil de spital; data = prima incheiere de contract publicata in TED; cea mai mare valoare totala publicata dintre 7 anunturi de atribuire (din anuntul 580869-2025; valorile pe anunturi pot fi partiale sau cumulative); aceeasi procedura publicata si sub: 134890-2025, 778776-2024, 792228-2024, 206457-2025, 225657-2025, 327505-2025, 580869-2025",https://ted.europa.eu/en/notice/-/detail/690167-2024
691212-2024,DA,Sanatoriul Balnear de Recuperare Mangalia,ICEMED / LIAMED / PHM COMSERV S.R.L.,23633585,valoare maxima a acordului-cadru (TED eForms BT-118 (valoarea maxima a acordului)),,,23633585,TED eForms BT-118 (valoarea maxima a acordului),25652400,DA,"FURNIZARE, MONTAJ , PUNERE IN FUNCTIUNE APARATURA MEDICALA CAT SI INSTRUIRE PERSONAL IN VEDEREA UTILIZARII ACESTORA",33100000,2024-11-05,24,2026-11-05,TED eForms (durata publicata),DA,,data = prima incheiere de contract publicata in TED; aceeasi procedura publicata si sub: 424298-2024,https://ted.europa.eu/en/notice/-/detail/691212-2024
727836-2024,DA,"Spital Clinic Judetean de Urgenta ""Pius Brinzeu"" Timisoara",ALCA DUO MEDICAL S.R.L. / AVMED PLUS / B.BRAUN MEDICAL SRL / BIZMED SRL / CO&CO Consumer 2002 S.R.L. / CRAD RO SRL / DELUXE MEDICRAFTS SRL / HELLIMED SRL / M-G EXIM ROMITALIA S.R.L. / MEDIMPACT SRL / MEGACONS-BRILLAGO SRL / NAFKA GRUP S.R.L. / NOVENTIS International / NOVITRADE SRL / NOVOMED INTERNATIONAL SRL / PAUL HARTMANN SRL / PRODCONFARM S.R.L. / ROVAL MED SRL / RUBICON EDITECH 89 S.R.L. / S.C. Medplaza Health S.R.L. / S.C. Natural Es-medical S.R.L / S.C.MEDICAL GRUP S.R.L. / SANROTEX TRADING SRL / SANTOMED S.R.L. / SC JUSTIR DESIGN SRL / SH MEDICAL SRL / STERIL ROMANIA SRL / TOP TRADE MEDICAL / TRANS-MENTOR S.R.L. / VALDOMEDICA TRADING SRL / VETRO DESIGN S.R.L. / ZARYS INTERNATIONAL GROUP MEDICAL EQUIPMENT S.R.L.,17224950,valoare maxima a acordului-cadru (TED eForms BT-118 (valoarea maxima a acordului)),,,17224950,TED eForms BT-118 (valoarea maxima a acordului),33904069,DA,Acord cadru de furnizare materiale sanitare,33140000,2024-11-05,24,2026-11-05,TED eForms (durata publicata),DA,,data = prima incheiere de contract publicata in TED,https://ted.europa.eu/en/notice/-/detail/727836-2024
573393-2026,DA,SPITALUL CLINIC JUDETEAN DE URGENTA SF.SPIRIDON IASI,ANTISEL RO SRL / BIOGENETIX S.R.L. / DEXTER COM S.R.L. / Elta 90 Medical Research SRL / Omnivet Impex S.R.L. / TEHNO ELECTRO MEDICAL COMPANY S.R.L.,548466,valoare atribuita (TED eForms (valoarea totala a rezultatului)),548466,TED eForms (valoarea totala a rezultatului),548625,TED eForms (valoare estimata),,,Consumabile medicale si de cercetare in cadrul Proiectului ” Sprijin pentru creşterea performanţei șl inovării în cercetarea doctorală medic,33140000,2026-08-05,3,2026-11-05,TED eForms (durata publicata),DA,,data = prima incheiere de contract publicata in TED,https://ted.europa.eu/en/notice/-/detail/573393-2026
687781-2024,DA,Spitalulul Clinic de Ortopedie Traumatologie si TBC Osteoarticular Foisor,SPORTMED SYSTEMS,3340015,valoare maxima a acordului-cadru (TED eForms BT-118 (valoarea maxima a acordului)),,,3340015,TED eForms BT-118 (valoarea maxima a acordului),3340015,DA,Pachet artroscopie,33100000,2024-11-06,24,2026-11-06,TED eForms (durata publicata),DA,,data = prima incheiere de contract publicata in TED; aceeasi procedura publicata si sub: CAN1136678,https://ted.europa.eu/en/notice/-/detail/687781-2024
CAN1136486,NU,Spitalul Clinic Judetean de Urgenta Targu.Mures,CRIO - 2 S.R.L.,1000,valoare atribuita (SICAP/OpenTender (valori pe atribuire)),1000,SICAP/OpenTender (valori pe atribuire),,,,,,33140000,2024-11-06,24,2026-11-06,"ESTIMAT (24 luni, durata nepublicata)",DA,,,SICAP anunt nr. CAN1136486
CAN1136487,NU,Spitalul Clinic Judetean de Urgenta Targu.Mures,DELUXE MEDICRAFTS,18854,valoare atribuita (SICAP/OpenTender (valori pe atribuire)),18854,SICAP/OpenTender (valori pe atribuire),,,,,,33140000,2024-11-06,24,2026-11-06,"ESTIMAT (24 luni, durata nepublicata)",DA,,,SICAP anunt nr. CAN1136487
CAN1136491,NU,Spitalul Clinic Judetean de Urgenta Targu.Mures,DR COLOS MEDICAL,35500,valoare atribuita (SICAP/OpenTender (valori pe atribuire)),35500,SICAP/OpenTender (valori pe atribuire),,,,,,33140000,2024-11-06,24,2026-11-06,"ESTIMAT (24 luni, durata nepublicata)",DA,,,SICAP anunt nr. CAN1136491
CAN1136496,NU,Spitalul Clinic Judetean de Urgenta Targu.Mures,MEDIMPACT,1198,valoare atribuita (SICAP/OpenTender (valori pe atribuire)),1198,SICAP/OpenTender (valori pe atribuire),,,,,,33140000,2024-11-06,24,2026-11-06,"ESTIMAT (24 luni, durata nepublicata)",DA,,,SICAP anunt nr. CAN1136496
CAN1136498,NU,Spitalul Clinic Judetean de Urgenta Targu.Mures,MEDTRONIC ROMANIA,1280,valoare atribuita (SICAP/OpenTender (valori pe atribuire)),1280,SICAP/OpenTender (valori pe atribuire),,,,,,33140000,2024-11-06,24,2026-11-06,"ESTIMAT (24 luni, durata nepublicata)",DA,"durata estimata; acelasi spital a atribuit un contract nou aceluiasi castigator la 2025-06-17 (424793-2025), inainte de expirarea calculata => probabil inlocuit",,SICAP anunt nr. CAN1136498
CAN1136499,NU,Spitalul Clinic Judetean de Urgenta Targu.Mures,NAFKA GRUP S.R.L.,12296,valoare atribuita (SICAP/OpenTender (valori pe atribuire)),12296,SICAP/OpenTender (valori pe atribuire),,,,,,33140000,2024-11-06,24,2026-11-06,"ESTIMAT (24 luni, durata nepublicata)",DA,,,SICAP anunt nr. CAN1136499
CAN1136500,NU,Spitalul Clinic Judetean de Urgenta Targu.Mures,Novaintermed S.R.L.,400,valoare atribuita (SICAP/OpenTender (valori pe atribuire)),400,SICAP/OpenTender (valori pe atribuire),,,,,,33140000,2024-11-06,24,2026-11-06,"ESTIMAT (24 luni, durata nepublicata)",DA,,,SICAP anunt nr. CAN1136500
CAN1136503,NU,Spitalul Clinic Judetean de Urgenta Targu.Mures,SANTOMED S.R.L.,1362,valoare atribuita (SICAP/OpenTender (valori pe atribuire)),1362,SICAP/OpenTender (valori pe atribuire),,,,,,33140000,2024-11-06,24,2026-11-06,"ESTIMAT (24 luni, durata nepublicata)",DA,,,SICAP anunt nr. CAN1136503
CAN1136506,NU,Spitalul Clinic Judetean de Urgenta Targu.Mures,TMS - TOP MEDICAL SUPPLIER,139994,valoare atribuita (SICAP/OpenTender (valori pe atribuire)),139994,SICAP/OpenTender (valori pe atribuire),1399945,SICAP/OpenTender (valoare procedura),,,Contract de furnizare consumabile medicale,33140000,2024-11-06,24,2026-11-06,"ESTIMAT (24 luni, durata nepublicata)",DA,,,SICAP anunt nr. CAN1136506
CAN1136512,NU,SPITALUL UNIVERSITAR DE URGENTA ELIAS,TZMO ROMANIA,101000,valoare atribuita (SICAP/OpenTender (valori pe atribuire)),101000,SICAP/OpenTender (valori pe atribuire),101000,SICAP/OpenTender (valoare procedura),,,CONSUMABILE MEDICALE,33140000,2024-11-06,24,2026-11-06,"ESTIMAT (24 luni, durata nepublicata)",DA,,,SICAP anunt nr. CAN1136512
CAN1136513,NU,SPITALUL UNIVERSITAR DE URGENTA ELIAS,ALPHA NED 2000 EXIM,667020,valoare atribuita (SICAP/OpenTender (valori pe atribuire)),667020,SICAP/OpenTender (valori pe atribuire),667020,SICAP/OpenTender (valoare procedura),,,CONSUMABILE MEDICALE,33140000,2024-11-06,24,2026-11-06,"ESTIMAT (24 luni, durata nepublicata)",DA,,,SICAP anunt nr. CAN1136513
CAN1136515,NU,SPITALUL UNIVERSITAR DE URGENTA ELIAS,Natural Es-medical S.R.L,38065,valoare atribuita (SICAP/OpenTender (valori pe atribuire)),38065,SICAP/OpenTender (valori pe atribuire),,,,,,33140000,2024-11-06,24,2026-11-06,"ESTIMAT (24 luni, durata nepublicata)",DA,,,SICAP anunt nr. CAN1136515
CAN1136517,NU,SPITALUL UNIVERSITAR DE URGENTA ELIAS,Steril Romania S.R.L.,294000,valoare atribuita (SICAP/OpenTender (valori pe atribuire)),294000,SICAP/OpenTender (valori pe atribuire),294000,SICAP/OpenTender (valoare procedura),,,CONSUMABILE MEDICALE,33140000,2024-11-06,24,2026-11-06,"ESTIMAT (24 luni, durata nepublicata)",DA,,,SICAP anunt nr. CAN1136517
CAN1136521,NU,SPITALUL UNIVERSITAR DE URGENTA ELIAS,MEDIMAX MEDICAL SRL,500000,valoare atribuita (SICAP/OpenTender (valori pe atribuire)),500000,SICAP/OpenTender (valori pe atribuire),500000,SICAP/OpenTender (valoare procedura),,,CONSUMABILE MEDICALE,33140000,2024-11-06,24,2026-11-06,"ESTIMAT (24 luni, durata nepublicata)",DA,,,SICAP anunt nr. CAN1136521
CAN1136522,NU,SPITALUL UNIVERSITAR DE URGENTA ELIAS,ENLIFE SOLUTIONS,248800,valoare atribuita (SICAP/OpenTender (valori pe atribuire)),248800,SICAP/OpenTender (valori pe atribuire),248800,SICAP/OpenTender (valoare procedura),,,CONSUMABILE MEDICALE,33140000,2024-11-06,24,2026-11-06,"ESTIMAT (24 luni, durata nepublicata)",DA,,,SICAP anunt nr. CAN1136522
CAN1136525,NU,SPITALUL UNIVERSITAR DE URGENTA ELIAS,B.BRAUN MEDICAL,165060,valoare atribuita (SICAP/OpenTender (valori pe atribuire)),165060,SICAP/OpenTender (valori pe atribuire),165060,SICAP/OpenTender (valoare procedura),,,CONSUMABILE MEDICALE,33140000,2024-11-06,24,2026-11-06,"ESTIMAT (24 luni, durata nepublicata)",DA,,,SICAP anunt nr. CAN1136525
CAN1136550,NU,SPITALUL JUDETEAN DE URGENTA TARGOVISTE,MEDICLIM S.R.L.,525946,valoare atribuita (SICAP/OpenTender (valori pe atribuire)),525946,SICAP/OpenTender (valori pe atribuire),,,,,Contract furnizare teste rapide si reactivi si consumabile pentru diverse analizoare,33141000,2024-11-06,24,2026-11-06,"ESTIMAT (24 luni, durata nepublicata)",DA,,valoarea procedurii din SICAP/OpenTender (52.594.555 RON) ignorata: de peste 20 de ori valoarea atribuita (probabil eroare de unitate),SICAP anunt nr. CAN1136550
CAN1136556,NU,SPITALUL UNIVERSITAR DE URGENTA ELIAS,Alliance Impex SRL,118000,valoare atribuita (SICAP/OpenTender (valori pe atribuire)),118000,SICAP/OpenTender (valori pe atribuire),118000,SICAP/OpenTender (valoare procedura),,,CONSUMABILE MEDICALE,33140000,2024-11-06,24,2026-11-06,"ESTIMAT (24 luni, durata nepublicata)",DA,,,SICAP anunt nr. CAN1136556
CAN1136558,NU,SPITALUL UNIVERSITAR DE URGENTA ELIAS,VELMED INTERNATIONAL,151100,valoare atribuita (SICAP/OpenTender (valori pe atribuire)),151100,SICAP/OpenTender (valori pe atribuire),151100,SICAP/OpenTender (valoare procedura),,,CONSUMABILE MEDICALE,33140000,2024-11-06,24,2026-11-06,"ESTIMAT (24 luni, durata nepublicata)",DA,,,SICAP anunt nr. CAN1136558
CAN1136559,NU,SPITALUL UNIVERSITAR DE URGENTA ELIAS,ROMBIOMEDICA S.R.L.,79500,valoare atribuita (SICAP/OpenTender (valori pe atribuire)),79500,SICAP/OpenTender (valori pe atribuire),79500,SICAP/OpenTender (valoare procedura),,,CONSUMABILE MEDICALE,33140000,2024-11-06,24,2026-11-06,"ESTIMAT (24 luni, durata nepublicata)",DA,"durata estimata; acelasi spital a atribuit un contract nou aceluiasi castigator la 2024-12-20 (CAN1139336), inainte de expirarea calculata => probabil inlocuit",,SICAP anunt nr. CAN1136559
CAN1136561,NU,SPITALUL UNIVERSITAR DE URGENTA ELIAS,NOVOMED INTERNATIONAL SRL,400335,valoare atribuita (SICAP/OpenTender (valori pe atribuire)),400335,SICAP/OpenTender (valori pe atribuire),400335,SICAP/OpenTender (valoare procedura),,,CONSUMABILE MEDICALE,33140000,2024-11-06,24,2026-11-06,"ESTIMAT (24 luni, durata nepublicata)",DA,"durata estimata; acelasi spital a atribuit un contract nou aceluiasi castigator la 2024-12-20 (CAN1139333), inainte de expirarea calculata => probabil inlocuit",,SICAP anunt nr. CAN1136561
CAN1136563,NU,SPITALUL UNIVERSITAR DE URGENTA ELIAS,CHRONOS TRADE MEDICAL,28800,valoare atribuita (SICAP/OpenTender (valori pe atribuire)),28800,SICAP/OpenTender (valori pe atribuire),,,,,,33140000,2024-11-06,24,2026-11-06,"ESTIMAT (24 luni, durata nepublicata)",DA,"durata estimata; acelasi spital a atribuit un contract nou aceluiasi castigator la 2024-12-20 (CAN1139303), inainte de expirarea calculata => probabil inlocuit",,SICAP anunt nr. CAN1136563
CAN1136566,NU,SPITALUL UNIVERSITAR DE URGENTA ELIAS,DELUXE MEDICRAFTS,299400,valoare atribuita (SICAP/OpenTender (valori pe atribuire)),299400,SICAP/OpenTender (valori pe atribuire),299400,SICAP/OpenTender (valoare procedura),,,CONSUMABILE MEDICALE,33140000,2024-11-06,24,2026-11-06,"ESTIMAT (24 luni, durata nepublicata)",DA,,,SICAP anunt nr. CAN1136566
SCN1155533,NU,Spitalul de Boli infectioase si Psihiatrie Baia Mare,Novaintermed S.R.L.,,valoare nepublicata,,,,,,,,33140000,2024-11-06,24,2026-11-06,"ESTIMAT (24 luni, durata nepublicata)",DA,,,SICAP anunt nr. SCN1155533
SCN1155564,NU,SPITALUL JUDETEAN DE URGENTA DROBETA TURNU SEVERIN,MEDICAL PROMO SERVICES S.R.L. / REO MEDICAL APARATURA MEDICALA,152975,valoare atribuita (SICAP/OpenTender (valori pe atribuire)),152975,SICAP/OpenTender (valori pe atribuire),152975,SICAP/OpenTender (valoare procedura),,,"Contract de furnizare echipamente medicale de fizioterapie, inclusiv operatiuniile de instalare si punere in functiune.",33155000,2024-11-06,24,2026-11-06,"ESTIMAT (24 luni, durata nepublicata)",DA,,suma loturi,SICAP anunt nr. SCN1155564
637774-2022,DA,SPITALUL CLINIC DE RECUPERARE IASI,Amplitude Ortho srl / BIO TECHNIC ROMANIA S.R.L. / HS MEDICAL SRL / MEDICAL ORTOVIT / Neos Europe / STRYKER ROMANIA / VALDOMEDICA TRADING,81341927,valoare maxima a acordului-cadru (TED eForms BT-118 (valoarea maxima a acordului)),81341927,TED F03 (II.1.7 valoarea totala a achizitiei),81341927,TED eForms BT-118 (valoarea maxima a acordului),87066900,DA,ENDOPROTEZE SI ELEMENTE DE REVIZIE,33183100,2022-11-07,48,2026-11-07,TED eForms (durata publicata),DA,valorile totale atribuite publicate pentru aceeasi procedura difera de peste 50 de ori intre anunturi (1529086 - 81341927 RON); posibil eroare de publicare - verificati anunturile,"data = prima incheiere de contract publicata in TED; cea mai mare valoare totala publicata dintre 5 anunturi de atribuire (din anuntul 2891-2023; valorile pe anunturi pot fi partiale sau cumulative); aceeasi procedura publicata si sub: 239923-2022, 2891-2023, 682431-2023, 396510-2024, 15523-2024, 197295-2026",https://ted.europa.eu/en/notice/-/detail/637774-2022
702039-2023,DA,SPITALUL UNIVERSITAR DE URGENTA BUCURESTI,BIO TECHNIC ROMANIA S.R.L.,81137160,valoare maxima a acordului-cadru (TED F02 (valoare estimata totala)),80431560,TED F03 (II.1.7 valoarea totala a achizitiei),81137160,TED F02 (valoare estimata totala),,DA,Furnizare materiale sanitare,33183200,2023-11-07,36,2026-11-07,TED F02 (durata publicata),DA,"acelasi spital a atribuit un contract nou aceluiasi castigator la 2024-09-20 (CAN1133663), inainte de expirarea calculata => probabil inlocuit",data = prima incheiere de contract publicata in TED,https://ted.europa.eu/en/notice/-/detail/702039-2023
CAN1136666,NU,SPITALUL CLINIC JUDETEAN DE URGENTA SF. APOSTOL ANDREI,ARTISANA MEDICAL S.R.L.,376800,valoare atribuita (SICAP/OpenTender (valori pe atribuire)),376800,SICAP/OpenTender (valori pe atribuire),376800,SICAP/OpenTender (valoare procedura),,,"MATERIALE SANITARE -LOT, 8,12;",33190000,2024-11-07,24,2026-11-07,"ESTIMAT (24 luni, durata nepublicata)",DA,,,SICAP anunt nr. CAN1136666
CAN1136670,NU,SPITALUL CLINIC JUDETEAN DE URGENTA SF. APOSTOL ANDREI,Brandcom,184000,valoare atribuita (SICAP/OpenTender (valori pe atribuire)),184000,SICAP/OpenTender (valori pe atribuire),184000,SICAP/OpenTender (valoare procedura),,,MATERIALE SANITARE LOT 14,33190000,2024-11-07,24,2026-11-07,"ESTIMAT (24 luni, durata nepublicata)",DA,,,SICAP anunt nr. CAN1136670
CAN1136672,NU,SPITALUL CLINIC JUDETEAN DE URGENTA SF. APOSTOL ANDREI,CRIO - 2 S.R.L.,508664,valoare atribuita (SICAP/OpenTender (valori pe atribuire)),508664,SICAP/OpenTender (valori pe atribuire),508664,SICAP/OpenTender (valoare procedura),,,"MATERIALE SANITARE LOT 1,2,9",33190000,2024-11-07,24,2026-11-07,"ESTIMAT (24 luni, durata nepublicata)",DA,,,SICAP anunt nr. CAN1136672
SCN1155595,NU,SPITALUL JUDETEAN DE URGENTA PIATRA NEAMT,Limas Group S.R.L. / AXIOMED SOLUTIONS SRL / Steril Romania S.R.L. / RAFI MEDICAL,,valoare nepublicata,,,,,,,,33198200,2024-11-07,24,2026-11-07,"ESTIMAT (24 luni, durata nepublicata)",DA,,,SICAP anunt nr. SCN1155595
SCNA1113367,NU,SPITALUL CLINIC JUDETEAN DE URGENTA CLUJ,MEDIST IMAGING & P.O.C. S.R.L.,588000,valoare atribuita (SICAP/OpenTender (valori pe atribuire)),588000,SICAP/OpenTender (valori pe atribuire),588000,SICAP/OpenTender (valoare procedura),,,"Echipament de radioscopie intraoperatorie tip RX C-Arm- Furnizare, instalare și punere în funcțiune",33111000,2024-11-07,24,2026-11-07,"ESTIMAT (24 luni, durata nepublicata)",DA,"durata estimata; acelasi spital a atribuit un contract nou aceluiasi castigator la 2025-09-26 (649624-2025), inainte de expirarea calculata => probabil inlocuit",,SICAP anunt nr. SCNA1113367
712272-2024,DA,SPITALUL CLINIC JUDETEAN MURES,GENERAL ELECTRIC MEDICAL SYSTEMS ROMANIA,506938,valoare maxima a acordului-cadru (TED eForms BT-118 (valoarea maxima a acordului)),235735,TED eForms (valoarea totala a rezultatului),506938,TED eForms BT-118 (valoarea maxima a acordului),506938,DA,Acord cadru de furnizare - ” set Consumabile compatibile 100% sau echivalent cu aparatele de anestezie G.E. Carestation 620 și Avance CS2,33162100,2024-11-08,24,2026-11-08,TED eForms (durata publicata),DA,"acelasi spital a atribuit un contract nou aceluiasi castigator la 2026-02-05 (105235-2026), inainte de expirarea calculata => probabil inlocuit","data = prima incheiere de contract publicata in TED; cea mai mare valoare totala publicata dintre 2 anunturi de atribuire (din anuntul 35591-2026; valorile pe anunturi pot fi partiale sau cumulative); aceeasi procedura publicata si sub: 15422-2025, 35591-2026, CN1070475",https://ted.europa.eu/en/notice/-/detail/712272-2024
CAN1136679,NU,Spitalulul Clinic de Ortopedie Traumatologie si TBC Osteoarticular Foisor,MEDIST IMAGING & P.O.C. S.R.L.,361000,valoare atribuita (SICAP/OpenTender (valori pe atribuire)),361000,SICAP/OpenTender (valori pe atribuire),361000,SICAP/OpenTender (valoare procedura),,,ECOGRAF,33100000,2024-11-08,24,2026-11-08,"ESTIMAT (24 luni, durata nepublicata)",DA,,,SICAP anunt nr. CAN1136679
CAN1136701,NU,SPITALUL JUDETEAN DE URGENTA TARGOVISTE,SMART MEDICAL SOLUTIONS S.R.L.,38700,valoare atribuita (SICAP/OpenTender (valori pe atribuire)),38700,SICAP/OpenTender (valori pe atribuire),,,,,,33181520,2024-11-08,24,2026-11-08,"ESTIMAT (24 luni, durata nepublicata)",DA,,,SICAP anunt nr. CAN1136701
CAN1136704,NU,SPITALUL JUDETEAN DE URGENTA TARGOVISTE,THREE PHARM,41390,valoare atribuita (SICAP/OpenTender (valori pe atribuire)),41390,SICAP/OpenTender (valori pe atribuire),,,,,,33181520,2024-11-08,24,2026-11-08,"ESTIMAT (24 luni, durata nepublicata)",DA,,,SICAP anunt nr. CAN1136704
CAN1136709,NU,"SPITALUL CLINIC JUDETEAN DE URGENTA""SFANTUL IOAN CEL NOU""SUCEAVA",DEYAN KRAFT MEDICAL,12101,valoare atribuita (SICAP/OpenTender (valori pe atribuire)),12101,SICAP/OpenTender (valori pe atribuire),,,,,,33195000,2024-11-08,24,2026-11-08,"ESTIMAT (24 luni, durata nepublicata)",DA,,,SICAP anunt nr. CAN1136709
CAN1136711,NU,"SPITALUL CLINIC JUDETEAN DE URGENTA""SFANTUL IOAN CEL NOU""SUCEAVA",MEDTRONIC ROMANIA,63460,valoare atribuita (SICAP/OpenTender (valori pe atribuire)),63460,SICAP/OpenTender (valori pe atribuire),63460,SICAP/OpenTender (valoare procedura),,,"Contract de achizitie publica de dispozitive medicale specifice diabetului zaharat, divizat pe 5 loturi.",33195000,2024-11-08,24,2026-11-08,"ESTIMAT (24 luni, durata nepublicata)",DA,"durata estimata; acelasi spital a atribuit un contract nou aceluiasi castigator la 2025-10-07 (744865-2025), inainte de expirarea calculata => probabil inlocuit",,SICAP anunt nr. CAN1136711
CAN1136713,NU,"SPITALUL CLINIC JUDETEAN DE URGENTA""SFANTUL IOAN CEL NOU""SUCEAVA",DEYAN KRAFT MEDICAL,68446,valoare atribuita (SICAP/OpenTender (valori pe atribuire)),68446,SICAP/OpenTender (valori pe atribuire),,,,,"Contract de achizitie publica de dispozitive medicale specifice diabetului zaharat, divizat pe 5 loturi.",33195000,2024-11-08,24,2026-11-08,"ESTIMAT (24 luni, durata nepublicata)",DA,,valoarea procedurii din SICAP/OpenTender (6.844.585 RON) ignorata: de peste 20 de ori valoarea atribuita (probabil eroare de unitate),SICAP anunt nr. CAN1136713
SCN1127928,NU,SPITALUL CLINIC OBSTETRICA GINECOLOGIE CUZA-VODA,INFOMED FLUIDS S.R.L.,284613,valoare atribuita (SICAP/OpenTender (valori pe atribuire)),284613,SICAP/OpenTender (valori pe atribuire),,,,,Materiale consumabile compatibile cu aparatul mixare Medimix,33140000,2023-11-24,35.5,2026-11-09,"SICAP/OpenTender (durata publicata, zile)",DA,,valoarea procedurii din SICAP/OpenTender (28.461.345 RON) ignorata: de peste 20 de ori valoarea atribuita (probabil eroare de unitate); inregistrarea SICAP contine un rand total si randuri pe loturi; totalul o singura data,SICAP anunt nr. SCN1127928
547392-2026,DA,SPITALUL MUNICIPAL SIGHETU MARMATIEI,ESMED GROUP,985000,valoare atribuita (TED eForms (valoarea totala a rezultatului)),985000,TED eForms (valoarea totala a rezultatului),1008800,TED eForms (valoare estimata),,,"Furnizare echipamente medicale - Sistem de telemetrie pentru 10 pacienti, in cadrul proiectului „HealthGuard: Cross-Border Collaboration for",33100000,2026-07-09,4,2026-11-09,TED eForms (durata publicata),DA,,data = prima incheiere de contract publicata in TED,https://ted.europa.eu/en/notice/-/detail/547392-2026
692354-2023,DA,INSTITUTUL CLINIC FUNDENI,VAVIAN TRADING,21913300,valoare maxima a acordului-cadru (TED F02 (valoare estimata totala)),21908400,TED F03 (II.1.7 valoarea totala a achizitiei),21913300,TED F02 (valoare estimata totala),,DA,"Furnizare ""Echipamente medicale""",33100000,2023-11-10,36,2026-11-10,TED F02 (durata publicata),DA,,"data = prima incheiere de contract publicata in TED; aceeasi procedura publicata si sub: 445048-2023, CN1057034",https://ted.europa.eu/en/notice/-/detail/692354-2023
868805-2025,DA,SPITALUL CLINIC DE BOLI INFECTIOASE SI PNEUMOFTIZIOLOGIE DR VICTOR BABES TIMISOARA,HELLIMED / VICI EVOLUTION S.R.L.,3306800,valoare atribuita (TED eForms (valoarea totala a rezultatului)),3306800,TED eForms (valoarea totala a rezultatului),,,,,Achizitia de echipamente medicale aferente dotarii a Spitalul de Boli Infectioase si Pneumoftiziologie dr.Victor Babes Timisoara,33100000,2025-11-10,12,2026-11-10,TED eForms (durata publicata),DA,,data = prima incheiere de contract publicata in TED,https://ted.europa.eu/en/notice/-/detail/868805-2025
637468-2026,DA,SPITAL CLINIC JUDETEAN DE URGENTA BIHOR,ARCA PERFORMANCE SOLUTIONS,550000,valoare atribuita (TED eForms (valoarea totala a rezultatului)),550000,TED eForms (valoarea totala a rezultatului),550000,TED eForms (valoare estimata),,,"Furnizare, instalare, punere in functiune, instruire personal si service in perioada de garantie - paturi cu posibilitate de înclinare later",33192150,2026-09-10,2.0,2026-11-10,TED eForms (durata publicata),DA,,data = prima incheiere de contract publicata in TED,https://ted.europa.eu/en/notice/-/detail/637468-2026
729323-2024,DA,"Spitalul Universitar de Urgenta Militar Central ""Dr. Carol Davila""",Smart Surgical Solutions / TEHNO ELECTRO MEDICAL COMPANY S.R.L.,7152234,valoare maxima a acordului-cadru (TED eForms BT-118 (valoarea maxima a acordului)),,,7152234,TED eForms BT-118 (valoarea maxima a acordului),7152237,DA,Echipamente pentru blocul operator,33186200,2024-11-11,24,2026-11-11,TED eForms (durata publicata),DA,,"unitate militara cu profil de spital; data = prima incheiere de contract publicata in TED; aceeasi procedura publicata si sub: 527894-2024, CN1072741",https://ted.europa.eu/en/notice/-/detail/729323-2024
CAN1136784,NU,SPITALUL CLINIC OBSTETRICA GINECOLOGIE CUZA-VODA,LUAN VISION,18000,valoare atribuita (SICAP/OpenTender (valori pe atribuire)),18000,SICAP/OpenTender (valori pe atribuire),,,,,,33140000,2024-11-11,24,2026-11-11,"ESTIMAT (24 luni, durata nepublicata)",DA,,,SICAP anunt nr. CAN1136784
CAN1136790,NU,SPITALUL UNIVERSITAR DE URGENTA BUCURESTI,KARL STORZ ENDOSCOPIA ROMANIA,116880,valoare atribuita (SICAP/OpenTender (valori pe atribuire)),116880,SICAP/OpenTender (valori pe atribuire),116880,SICAP/OpenTender (valoare procedura),,,FURNIZARE MATERIALE SANITARE,33162100,2024-11-11,24,2026-11-11,"ESTIMAT (24 luni, durata nepublicata)",DA,,,SICAP anunt nr. CAN1136790
CAN1136796,NU,SPITALUL UNIVERSITAR DE URGENTA BUCURESTI,MEDICAL ORTOVIT,87125,valoare atribuita (SICAP/OpenTender (valori pe atribuire)),87125,SICAP/OpenTender (valori pe atribuire),871248,SICAP/OpenTender (valoare procedura),,,FURNIZARE MATERIALE SANITARE,33700000,2024-11-11,24,2026-11-11,"ESTIMAT (24 luni, durata nepublicata)",DA,,,SICAP anunt nr. CAN1136796
CAN1136802,NU,SPITALUL UNIVERSITAR DE URGENTA BUCURESTI,PRIME HEALTHCARE S.R.L.,132675,valoare atribuita (SICAP/OpenTender (valori pe atribuire)),132675,SICAP/OpenTender (valori pe atribuire),132675,SICAP/OpenTender (valoare procedura),,,FURNIZARE MATERIALE SANITARE,33141642,2024-11-11,24,2026-11-11,"ESTIMAT (24 luni, durata nepublicata)",DA,"durata estimata; acelasi spital a atribuit un contract nou aceluiasi castigator la 2024-12-18 (CAN1139116), inainte de expirarea calculata => probabil inlocuit",,SICAP anunt nr. CAN1136802
CAN1136807,NU,SPITALUL UNIVERSITAR DE URGENTA BUCURESTI,ROMBIOMEDICA S.R.L.,25680,valoare atribuita (SICAP/OpenTender (valori pe atribuire)),25680,SICAP/OpenTender (valori pe atribuire),,,,,,33198000,2024-11-11,24,2026-11-11,"ESTIMAT (24 luni, durata nepublicata)",DA,,,SICAP anunt nr. CAN1136807
CAN1136809,NU,SPITALUL CLINIC OBSTETRICA GINECOLOGIE CUZA-VODA,MEDCLAS TRADING S.R.L.,1230,valoare atribuita (SICAP/OpenTender (valori pe atribuire)),1230,SICAP/OpenTender (valori pe atribuire),,,,,,33140000,2024-11-11,24,2026-11-11,"ESTIMAT (24 luni, durata nepublicata)",DA,,,SICAP anunt nr. CAN1136809
603402-2026,DA,SPITALUL JUDETEAN DE URGENTA PITESTI,PRIMERA MED TECHNOLOGY,1312260,valoare atribuita (TED eForms (valoarea totala a rezultatului)),1312260,TED eForms (valoarea totala a rezultatului),1913523,TED eForms (valoare estimata),,,ACHIZITIE ECHIPAMENTE MEDICALE CONFORM PROIECT „Controlul cancerului de coL uterin prin Acces echitabil la seRvicii de cAlitate: consolidare,33100000,2026-08-11,3,2026-11-11,TED eForms (durata publicata),DA,,data = prima incheiere de contract publicata in TED,https://ted.europa.eu/en/notice/-/detail/603402-2026
606333-2026,DA,SPITAL CLINIC JUDETEAN DE URGENTA BIHOR,MEDICAL DEVICE STORE SRL,1180000,valoare atribuita (TED eForms (valoarea totala a rezultatului)),1180000,TED eForms (valoarea totala a rezultatului),1395000,TED eForms (valoare estimata),,,Ecograf multidisciplinar de inalta performanta,33112200,2026-09-02,2.3,2026-11-11,TED eForms (durata publicata),DA,,data = prima incheiere de contract publicata in TED,https://ted.europa.eu/en/notice/-/detail/606333-2026
690692-2024,DA,SPITALUL JUDETEAN DE URGENTA BACAU,PURAMA / RICOMED,1363329,valoare maxima a acordului-cadru (TED eForms BT-118 (valoarea maxima a acordului)),1363329,TED eForms (valoarea totala a rezultatului),1363329,TED eForms BT-118 (valoarea maxima a acordului),1885700,DA,Truse instrumentar chirurgical,33162000,2024-11-12,24,2026-11-12,TED eForms (durata publicata),DA,,data = prima incheiere de contract publicata in TED; valoare atribuita din anuntul 718838-2024; aceeasi procedura publicata si sub: 718838-2024,https://ted.europa.eu/en/notice/-/detail/690692-2024
CAN1136858,NU,Spitalul Judetean de Urgenta Tulcea,B.BRAUN MEDICAL,93196,valoare atribuita (SICAP/OpenTender (valori pe atribuire)),93196,SICAP/OpenTender (valori pe atribuire),93196,SICAP/OpenTender (valoare procedura),,,Achizitie Seringi,33141310,2024-11-12,24,2026-11-12,"ESTIMAT (24 luni, durata nepublicata)",DA,,,SICAP anunt nr. CAN1136858
CAN1136873,NU,"Spitalul Judetan de Urgenta ""Mavromati"" Botosani",ROMBIOMEDICA S.R.L.,648400,valoare atribuita (SICAP/OpenTender (valori pe atribuire)),648400,SICAP/OpenTender (valori pe atribuire),6483998,SICAP/OpenTender (valoare procedura),,,Materiale sanitare,33194100,2024-11-12,24,2026-11-12,"ESTIMAT (24 luni, durata nepublicata)",DA,,,SICAP anunt nr. CAN1136873
CAN1136875,NU,"Spitalul Judetan de Urgenta ""Mavromati"" Botosani",TZMO ROMANIA,563103,valoare atribuita (SICAP/OpenTender (valori pe atribuire)),563103,SICAP/OpenTender (valori pe atribuire),563103,SICAP/OpenTender (valoare procedura),,,Materiale sanitare,33194100,2024-11-12,24,2026-11-12,"ESTIMAT (24 luni, durata nepublicata)",DA,,,SICAP anunt nr. CAN1136875
CAN1136884,NU,SPITALUL CLINIC JUDETEAN DE URGENTA BISTRITA,ZIMMER BIOMET ROMANIA,72556,valoare atribuita (SICAP/OpenTender (valori pe atribuire)),72556,SICAP/OpenTender (valori pe atribuire),72556,SICAP/OpenTender (valoare procedura),,,ENDOPROTEZE,33183200,2024-11-12,24,2026-11-12,"ESTIMAT (24 luni, durata nepublicata)",DA,"durata estimata; acelasi spital a atribuit un contract nou aceluiasi castigator la 2025-10-24 (727621-2025), inainte de expirarea calculata => probabil inlocuit",,SICAP anunt nr. CAN1136884
CAN1136889,NU,SPITALUL CLINIC JUDETEAN DE URGENTA BISTRITA,STRYKER ROMANIA,100800,valoare atribuita (SICAP/OpenTender (valori pe atribuire)),100800,SICAP/OpenTender (valori pe atribuire),100800,SICAP/OpenTender (valoare procedura),,,ENDOPROTEZE,33183200,2024-11-12,24,2026-11-12,"ESTIMAT (24 luni, durata nepublicata)",DA,,,SICAP anunt nr. CAN1136889
CAN1136900,NU,"Spitalul Clinic de Urgenta pentru Copii ""Grigore Alexandrescu""",ROMBIOMEDICA S.R.L.,53530,valoare atribuita (SICAP/OpenTender (valori pe atribuire)),53530,SICAP/OpenTender (valori pe atribuire),,,,,FIRE SUTURA,33141121,2024-11-12,24,2026-11-12,"ESTIMAT (24 luni, durata nepublicata)",DA,"durata estimata; acelasi spital a atribuit un contract nou aceluiasi castigator la 2024-12-04 (CAN1138294), inainte de expirarea calculata => probabil inlocuit",valoarea procedurii din SICAP/OpenTender (5.352.966 RON) ignorata: de peste 20 de ori valoarea atribuita (probabil eroare de unitate),SICAP anunt nr. CAN1136900
CAN1136902,NU,SPITALUL CLINIC JUDETEAN DE URGENTA SF. APOSTOL ANDREI,MEDTRONIC ROMANIA,12400,valoare atribuita (SICAP/OpenTender (valori pe atribuire)),12400,SICAP/OpenTender (valori pe atribuire),,,,,,33190000,2024-11-12,24,2026-11-12,"ESTIMAT (24 luni, durata nepublicata)",DA,"durata estimata; acelasi spital a atribuit un contract nou aceluiasi castigator la 2024-12-20 (CAN1139396), inainte de expirarea calculata => probabil inlocuit",,SICAP anunt nr. CAN1136902
CAN1136935,NU,SPITALUL CLINIC JUDETEAN DE URGENTA SF. APOSTOL ANDREI,Nova Fit 2000 S.R.L.,90280,valoare atribuita (SICAP/OpenTender (valori pe atribuire)),90280,SICAP/OpenTender (valori pe atribuire),90280,SICAP/OpenTender (valoare procedura),,,"Furnizare materiale sanitare -lot 10, lot 13 si lot 15;",33190000,2024-11-12,24,2026-11-12,"ESTIMAT (24 luni, durata nepublicata)",DA,,,SICAP anunt nr. CAN1136935
CAN1136940,NU,SPITALUL CLINIC JUDETEAN DE URGENTA SF. APOSTOL ANDREI,TZMO ROMANIA,514640,valoare atribuita (SICAP/OpenTender (valori pe atribuire)),514640,SICAP/OpenTender (valori pe atribuire),514640,SICAP/OpenTender (valoare procedura),,,FURNIZARE MATERIALE SANITARE LOT 3+ LOT 5,33190000,2024-11-12,24,2026-11-12,"ESTIMAT (24 luni, durata nepublicata)",DA,,,SICAP anunt nr. CAN1136940
CAN1136947,NU,Institutul Regional de Oncologie Iasi,S.C. Anli IT Consult S.R.L. / S.C. BIOCOMP S.R.L.,48390,valoare atribuita (SICAP/OpenTender (valori pe atribuire)),48390,SICAP/OpenTender (valori pe atribuire),,,,,,33192300,2024-11-12,24,2026-11-12,"ESTIMAT (24 luni, durata nepublicata)",DA,,suma loturi,SICAP anunt nr. CAN1136947
CAN1136961,NU,Spitalul Municipal de Urgenta Roman,Messer Romania Gaz S.R.L.,142560,valoare atribuita (SICAP/OpenTender (valori pe atribuire)),142560,SICAP/OpenTender (valori pe atribuire),142560,SICAP/OpenTender (valoare procedura),,,Furnizare oxigen medicinal lichefiat,33157800,2024-11-12,24,2026-11-12,"ESTIMAT (24 luni, durata nepublicata)",DA,,,SICAP anunt nr. CAN1136961
SCNA1113601,NU,SPITALUL JUDETEAN DE URGENTA PIATRA NEAMT,HELLIMED S.R.L. / S.C. BIOTECHNICS IMPLANT S.R.L.,271386,valoare atribuita (SICAP/OpenTender (valori pe atribuire)),271386,SICAP/OpenTender (valori pe atribuire),2713857,SICAP/OpenTender (valoare procedura),,,FURNIZARE ECHIPAMENTE MEDICALE,33100000,2024-11-12,24,2026-11-12,"ESTIMAT (24 luni, durata nepublicata)",DA,,suma loturi,SICAP anunt nr. SCNA1113601
707953-2023,DA,INSTITUTUL DE BOLI CARDIOVASCULARE TIMISOARA,BOSTON SCIENTIFIC ROMANIA / REVISMED MEDICAL / Sante International S.A. / Sof Medica,21347200,valoare maxima a acordului-cadru (TED eForms (suma valorilor maxime pe loturi)),21347200,TED F03 (II.1.7 valoarea totala a achizitiei),21347200,TED eForms (suma valorilor maxime pe loturi),21347200,DA,"Valve, proteze si stentgrafturi cardiace_2",33182220,2023-11-13,36,2026-11-13,TED eForms (durata publicata),DA,,"data = prima incheiere de contract publicata in TED; aceeasi procedura publicata si sub: 528213-2023, 14283-2024",https://ted.europa.eu/en/notice/-/detail/707953-2023
283413-2026,DA,"Institutul National pentru Sanatatea Mamei si Copilului ""Alessandrescu-Rusescu Bucuresti""",EVOLDA MED S.R.L.,2002447,valoare maxima a acordului-cadru (TED eForms BT-118 (valoarea maxima a acordului)),,,2002447,TED eForms BT-118 (valoarea maxima a acordului),2407999,DA,Acord cadru de Furnizarea de consumabile medicale ( fire de sutura) necesare INSTITUTULUI NAȚIONAL PENTRU SĂNĂTATEA MAMEI ȘI COPILULUI “ALES,33141121,2024-11-13,24,2026-11-13,TED eForms (durata publicata),DA,,data = prima incheiere de contract publicata in TED,https://ted.europa.eu/en/notice/-/detail/283413-2026
CAN1137071,NU,Spitalul Judetean de Urgenta Tulcea,NOVOMED INTERNATIONAL SRL,32700,valoare atribuita (SICAP/OpenTender (valori pe atribuire)),32700,SICAP/OpenTender (valori pe atribuire),,,,,,33140000,2024-11-14,24,2026-11-14,"ESTIMAT (24 luni, durata nepublicata)",DA,,,SICAP anunt nr. CAN1137071
SCN1155905,NU,"Spitalul Clinic Judetean de Urgenta""Sfantul Apostol Andrei""",SYNTTERGY CONSULT S.R.L.,,valoare nepublicata,,,,,,,,33141625,2024-11-14,24,2026-11-14,"ESTIMAT (24 luni, durata nepublicata)",DA,"durata estimata; acelasi spital a atribuit un contract nou aceluiasi castigator la 2025-07-01 (426332-2025), inainte de expirarea calculata => probabil inlocuit",,SICAP anunt nr. SCN1155905
585930-2026,DA,Spitalul Municipal Salonta,BTL ROMANIA APARATURA MEDICALA / SIEMENS HEALTHCARE SRL,1084770,valoare atribuita (TED eForms (valoarea totala a rezultatului)),1084770,TED eForms (valoarea totala a rezultatului),1110400,TED eForms (valoare estimata),,,Aparatura si echipamente medicale 4 pentru dotare ambulatoriu Spital Municipal Salonta,33100000,2026-08-14,3,2026-11-14,TED eForms (durata publicata),DA,,data = prima incheiere de contract publicata in TED,https://ted.europa.eu/en/notice/-/detail/585930-2026
703545-2024,DA,"INSTITUTUL INIMII DE URGENTA PENTRU BOLI CARDIOVASCULARE""Niculae Stancioiu"" Cluj-Napoca",CARDIOTECH,2736000,valoare maxima a acordului-cadru (TED eForms BT-118 (valoarea maxima a acordului)),,,2736000,TED eForms BT-118 (valoarea maxima a acordului),2520000,DA,Acord Cadru pentru furnizare “CONSUMABILE MEDICALE -KIT OXIGENATOR CU POMPĂ CENTRIFUGĂ ȘI SET TRATAT (ECMO) COMPATIBIL CU APARATUL CARDIOHEL,33140000,2024-11-15,24,2026-11-15,TED eForms (durata publicata),DA,,data = prima incheiere de contract publicata in TED; aceeasi procedura publicata si sub: 608444-2024,https://ted.europa.eu/en/notice/-/detail/703545-2024
736594-2023,DA,SPITALUL CLINIC JUDETEAN MURES,PHARMICS,4851000,valoare maxima a acordului-cadru (TED eForms BT-118 (valoarea maxima a acordului)),4851000,TED F03 (II.1.7 valoarea totala a achizitiei),4851000,TED eForms BT-118 (valoarea maxima a acordului),5176908,DA,Acord cadru de furnizare materiale sanitare - SISTEME DE PROTEZARE ABDOMINALĂ,33162100,2023-11-17,36,2026-11-17,TED eForms (durata publicata),DA,"acelasi spital a atribuit un contract nou aceluiasi castigator la 2024-03-05 (177529-2024), inainte de expirarea calculata => probabil inlocuit; valorile totale atribuite publicate pentru aceeasi procedura difera de peste 50 de ori intre anunturi (73820 - 4851000 RON); posibil eroare de publicare - verificati anunturile","data = prima incheiere de contract publicata in TED; cea mai mare valoare totala publicata dintre 10 anunturi de atribuire (din anuntul 736594-2023; valorile pe anunturi pot fi partiale sau cumulative); aceeasi procedura publicata si sub: 537264-2023, 421185-2024, 39193-2024, 208846-2024, 625966-2024, 15266-2025, 271588-2026, 249549-2025, 436771-2025, 652109-2025, 37774-2026, CN1059202",https://ted.europa.eu/en/notice/-/detail/736594-2023
401762-2026,DA,SPITALUL JUDETEAN DE URGENTA DROBETA TURNU SEVERIN,B.BRAUN MEDICAL SRL / DACORUM GRUP / S.C. DRAEGER ROMANIA S.R.L.,3112373,valoare atribuita (TED eForms (valoarea totala a rezultatului)),3112373,TED eForms (valoarea totala a rezultatului),3980454,TED eForms (valoare estimata),,,"Contract de furnizare echipamente medicale, inclusiv operatiunile de instalare si punere in functiune.",33100000,2025-11-17,12,2026-11-17,TED eForms (durata publicata),DA,,data = prima incheiere de contract publicata in TED,https://ted.europa.eu/en/notice/-/detail/401762-2026
CAN1137202,NU,"Spital Clinic Judetean de Urgenta ""Pius Brinzeu"" Timisoara",STRYKER ROMANIA,408000,valoare atribuita (SICAP/OpenTender (valori pe atribuire)),408000,SICAP/OpenTender (valori pe atribuire),408000,SICAP/OpenTender (valoare procedura),,,Materiale Sanitare,33140000,2024-11-18,24,2026-11-18,"ESTIMAT (24 luni, durata nepublicata)",DA,,,SICAP anunt nr. CAN1137202
CAN1137207,NU,"Spital Clinic Judetean de Urgenta ""Pius Brinzeu"" Timisoara",ENLIFE SOLUTIONS,29310,valoare atribuita (SICAP/OpenTender (valori pe atribuire)),29310,SICAP/OpenTender (valori pe atribuire),,,,,,33140000,2024-11-18,24,2026-11-18,"ESTIMAT (24 luni, durata nepublicata)",DA,,,SICAP anunt nr. CAN1137207
CAN1137214,NU,SPITAL CLINIC JUDETEAN DE URGENTA BIHOR,MEDTRONIC ROMANIA,168000,valoare atribuita (SICAP/OpenTender (valori pe atribuire)),168000,SICAP/OpenTender (valori pe atribuire),168000,SICAP/OpenTender (valoare procedura),,,Negociere mat.sanitare,33141770,2024-11-18,24,2026-11-18,"ESTIMAT (24 luni, durata nepublicata)",DA,"durata estimata; acelasi spital a atribuit un contract nou aceluiasi castigator la 2024-12-19 (CAN1139208), inainte de expirarea calculata => probabil inlocuit",,SICAP anunt nr. CAN1137214
CAN1137218,NU,"Spital Clinic Judetean de Urgenta ""Pius Brinzeu"" Timisoara",HELLIMED,60000,valoare atribuita (SICAP/OpenTender (valori pe atribuire)),60000,SICAP/OpenTender (valori pe atribuire),60000,SICAP/OpenTender (valoare procedura),,,Materiale sanitare,33140000,2024-11-18,24,2026-11-18,"ESTIMAT (24 luni, durata nepublicata)",DA,"durata estimata; acelasi spital a atribuit un contract nou aceluiasi castigator la 2024-11-29 (CAN1137997), inainte de expirarea calculata => probabil inlocuit",,SICAP anunt nr. CAN1137218
CAN1137220,NU,"Spital Clinic Judetean de Urgenta ""Pius Brinzeu"" Timisoara",MDW MEDICAL SRL,58000,valoare atribuita (SICAP/OpenTender (valori pe atribuire)),58000,SICAP/OpenTender (valori pe atribuire),58000,SICAP/OpenTender (valoare procedura),,,Materiale sanitare,33140000,2024-11-18,24,2026-11-18,"ESTIMAT (24 luni, durata nepublicata)",DA,"durata estimata; acelasi spital a atribuit un contract nou aceluiasi castigator la 2024-11-29 (CAN1137999), inainte de expirarea calculata => probabil inlocuit",,SICAP anunt nr. CAN1137220
CAN1137221,NU,SPITALUL UNIVERSITAR DE URGENTA ELIAS,MEDTRONIC ROMANIA,132000,valoare atribuita (SICAP/OpenTender (valori pe atribuire)),132000,SICAP/OpenTender (valori pe atribuire),132000,SICAP/OpenTender (valoare procedura),,,Negociere materiale sanitare angiografie biplana,33140000,2024-11-18,24,2026-11-18,"ESTIMAT (24 luni, durata nepublicata)",DA,,,SICAP anunt nr. CAN1137221
CAN1137226,NU,SPITALUL UNIVERSITAR DE URGENTA ELIAS,ANGIOSPECTRU MED S.R.L.,39000,valoare atribuita (SICAP/OpenTender (valori pe atribuire)),39000,SICAP/OpenTender (valori pe atribuire),,,,,,33140000,2024-11-18,24,2026-11-18,"ESTIMAT (24 luni, durata nepublicata)",DA,,,SICAP anunt nr. CAN1137226
CAN1137228,NU,SPITALUL UNIVERSITAR DE URGENTA ELIAS,MEDICAL DEVICES & DIAGNOSTICS,114500,valoare atribuita (SICAP/OpenTender (valori pe atribuire)),114500,SICAP/OpenTender (valori pe atribuire),114500,SICAP/OpenTender (valoare procedura),,,Negociere materiale sanitare angiografie biplana,33140000,2024-11-18,24,2026-11-18,"ESTIMAT (24 luni, durata nepublicata)",DA,,,SICAP anunt nr. CAN1137228
CAN1137234,NU,"Spital Clinic Judetean de Urgenta ""Pius Brinzeu"" Timisoara",THREE PHARM,186750,valoare atribuita (SICAP/OpenTender (valori pe atribuire)),186750,SICAP/OpenTender (valori pe atribuire),186750,SICAP/OpenTender (valoare procedura),,,Materiale sanitare,33140000,2024-11-18,24,2026-11-18,"ESTIMAT (24 luni, durata nepublicata)",DA,,,SICAP anunt nr. CAN1137234
CAN1137239,NU,"Spital Clinic Judetean de Urgenta ""Pius Brinzeu"" Timisoara",CARDIOTECH,114250,valoare atribuita (SICAP/OpenTender (valori pe atribuire)),114250,SICAP/OpenTender (valori pe atribuire),114250,SICAP/OpenTender (valoare procedura),,,Materiale sanitare,33140000,2024-11-18,24,2026-11-18,"ESTIMAT (24 luni, durata nepublicata)",DA,,,SICAP anunt nr. CAN1137239
CAN1137241,NU,"Spital Clinic Judetean de Urgenta ""Pius Brinzeu"" Timisoara",CARTO PLAST SRL,10000,valoare atribuita (SICAP/OpenTender (valori pe atribuire)),10000,SICAP/OpenTender (valori pe atribuire),,,,,,33140000,2024-11-18,24,2026-11-18,"ESTIMAT (24 luni, durata nepublicata)",DA,,,SICAP anunt nr. CAN1137241
CAN1137242,NU,"Spital Clinic Judetean de Urgenta ""Pius Brinzeu"" Timisoara",KAPAMED INTERNATIONAL SRL,9325,valoare atribuita (SICAP/OpenTender (valori pe atribuire)),9325,SICAP/OpenTender (valori pe atribuire),,,,,,33140000,2024-11-18,24,2026-11-18,"ESTIMAT (24 luni, durata nepublicata)",DA,,,SICAP anunt nr. CAN1137242
CAN1137243,NU,"Spital Clinic Judetean de Urgenta ""Pius Brinzeu"" Timisoara",B.BRAUN MEDICAL,58470,valoare atribuita (SICAP/OpenTender (valori pe atribuire)),58470,SICAP/OpenTender (valori pe atribuire),58470,SICAP/OpenTender (valoare procedura),,,Materiale sanitare,33140000,2024-11-18,24,2026-11-18,"ESTIMAT (24 luni, durata nepublicata)",DA,"durata estimata; acelasi spital a atribuit un contract nou aceluiasi castigator la 2024-11-27 (CAN1137872), inainte de expirarea calculata => probabil inlocuit",,SICAP anunt nr. CAN1137243
396426-2025,DA,Spitalul Clinic Judetean de Urgenta Craiova,ALPHA MEDICAL S.R.L. / ALPHA NED 2000 EXIM SRL / CONTROL LINE 21 / CRAD RO SRL / CRIO - 2 S.R.L. / DACO MEDICAL TECHNOLOGIES SRL / DASCO DISTRIBUTION CONCEPT / DELUXE MEDICRAFTS / DEMOPHORIUS HEALTHCARE SRL / EURODIAGONAL S.R.L. / GRAZY PRICE MEDICAL IMPORT EXPORT S.R.L. / HEXAMEDICAL HEALTH / MEDTRONIC ROMANIA / MEGACONS-BRILLAGO SRL / NICONSULTING TECHNICS SRL / ROVAL MED SRL / S.C.MEDICAL GRUP S.R.L. / SANROTEX TRADING SRL / Sof Medica / TEHNO ELECTRO MEDICAL COMPANY S.R.L. / THREE PHARM / TMS - TOP MEDICAL SUPPLIER SRL / TRANS-MENTOR S.R.L. / TUNIC PROD S.R.L. / TZMO ROMANIA SRL / VAVIAN TRADING S.R.L. / ZIMMER BIOMET ROMANIA,22832828,valoare maxima a acordului-cadru (TED eForms BT-118 (valoarea maxima a acordului)),,,22832828,TED eForms BT-118 (valoarea maxima a acordului),42332047,DA,Acord cadru materiale sanitare,33141000,2024-11-19,24,2026-11-19,TED eForms (durata publicata),DA,,data = prima incheiere de contract publicata in TED,https://ted.europa.eu/en/notice/-/detail/396426-2025
719966-2024,DA,SPITALUL CLINIC OBSTETRICA GINECOLOGIE CUZA-VODA,ALPHA BRIO MEDICAL S.R.L. / B.BRAUN MEDICAL / CO&CO Consumer 2002 S.R.L. / CRAD RO / CRIO - 2 S.R.L. / DELUXE MEDICRAFTS / GRAZY PRICE MEDICAL IMPORT EXPORT S.R.L. / MEDDO IMPORT-EXPORT / MEDICAL GRUP / MLM MEDICAL S.R.L. / NOVENTIS International / ONE MED LOGISTIC / PAUL HARTMANN / ROVAL MED / SANROTEX TRADING SRL / SH MEDICAL SRL / TZMO ROMANIA / VETRO DESIGN / ZARYS INTERNATIONAL GROUP,978187,valoare maxima a acordului-cadru (TED eForms BT-118 (valoarea maxima a acordului)),541442,TED eForms (valoarea totala a rezultatului),978187,TED eForms BT-118 (valoarea maxima a acordului),1570085,DA,DIVERSE MATERIALE SANITARE IV,33140000,2024-11-19,24,2026-11-19,TED eForms (durata publicata),DA,valorile totale atribuite publicate pentru aceeasi procedura difera de peste 50 de ori intre anunturi (858 - 541442 RON); posibil eroare de publicare - verificati anunturile,"data = prima incheiere de contract publicata in TED; cea mai mare valoare totala publicata dintre 9 anunturi de atribuire (din anuntul 647358-2026; valorile pe anunturi pot fi partiale sau cumulative); aceeasi procedura publicata si sub: 431227-2024, 350547-2025, 81712-2025, 91058-2025, 225562-2025, 405677-2025, 795361-2025, 196645-2026, 275131-2026, 647358-2026",https://ted.europa.eu/en/notice/-/detail/719966-2024
754291-2024,DA,MINISTERUL APARARII UM 02534 IASI,CLINI-LAB / KARL STORZ ENDOSCOPIA ROMANIA / LIAMED / MEDICAL ORTOVIT / MEDIST LIFE SCIENCE S.R.L. / Medical Corp S.R.L. / Medist / PRIMERA MED TECHNOLOGY / RAFI MEDICAL / S.C. Medical Logistic Mall S.R.L.,5344281,valoare maxima a acordului-cadru (TED eForms BT-118 (valoarea maxima a acordului)),,,5344281,TED eForms BT-118 (valoarea maxima a acordului),5509580,DA,Acord-cadru de furnizare aparatură medicală pentru 24 de luni,33100000,2024-11-19,24,2026-11-19,TED eForms (durata publicata),DA,,unitate militara cu profil de spital; data = prima incheiere de contract publicata in TED; aceeasi procedura publicata si sub: 480830-2024,https://ted.europa.eu/en/notice/-/detail/754291-2024
776954-2024,DA,"Spital Clinic Judetean de Urgenta ""Pius Brinzeu"" Timisoara",ALPHA NED 2000 EXIM / BIOLIFE GRUP S.R.L. / CRIO - 2 S.R.L. / Flexi Pro SRL / GENODYNAMIC SRL / GISCO MED / NAFKA GRUP / PAUL HARTMANN / SH MEDICAL SRL / TOP TRADE MEDICAL / SC JUSTIR DESIGN SRL / Steril Romania S.R.L. / Alliance Impex SRL / HELLIMED / VALDOMEDICA TRADING / BIOSAN / Limas Group S.R.L. / B.BRAUN MEDICAL / STERISACO,7226338,valoare maxima a acordului-cadru (TED eForms BT-118 (valoarea maxima a acordului)),,,7226338,TED eForms BT-118 (valoarea maxima a acordului),27889496,DA,Acord cadru de furnizare materiale sanitare,33140000,2024-11-19,24,2026-11-19,TED eForms (durata publicata),DA,,"data = prima incheiere de contract publicata in TED; aceeasi procedura publicata si sub: 152505-2024, CN1066366, CN1068068",https://ted.europa.eu/en/notice/-/detail/776954-2024
736827-2023,DA,SPITALUL JUDETEAN DE URGENTA BUZAU,CRIO - 2 S.R.L. / PRODCONFARM S.R.L. / SANROTEX TRADING SRL / ZARYS INTERNATIONAL GROUP,1088976,valoare maxima a acordului-cadru (TED eForms (suma valorilor maxime pe loturi)),1088976,TED F03 (II.1.7 valoarea totala a achizitiei),1088976,TED eForms (suma valorilor maxime pe loturi),2690678,DA,Achizitie Materiale Sanitare,33141119,2023-11-20,36,2026-11-20,TED eForms (durata publicata),DA,,"data = prima incheiere de contract publicata in TED; aceeasi procedura publicata si sub: 498426-2023, CN1058452, 57953-2024",https://ted.europa.eu/en/notice/-/detail/736827-2023
CAN1137379,NU,SPITALUL UNIVERSITAR DE URGENTA BUCURESTI,BIO TECHNIC ROMANIA S.R.L.,120000,valoare atribuita (SICAP/OpenTender (valori pe atribuire)),120000,SICAP/OpenTender (valori pe atribuire),120000,SICAP/OpenTender (valoare procedura),,,Furnizare implant personalizat de reconstructie de pelvis,33183100,2024-11-20,24,2026-11-20,"ESTIMAT (24 luni, durata nepublicata)",DA,"durata estimata; acelasi spital a atribuit un contract nou aceluiasi castigator la 2025-02-24 (143457-2025), inainte de expirarea calculata => probabil inlocuit",,SICAP anunt nr. CAN1137379
CAN1137381,NU,SPITALUL UNIVERSITAR DE URGENTA BUCURESTI,BIO TECHNIC ROMANIA S.R.L.,33100,valoare atribuita (SICAP/OpenTender (valori pe atribuire)),33100,SICAP/OpenTender (valori pe atribuire),,,,,,33183200,2024-11-20,24,2026-11-20,"ESTIMAT (24 luni, durata nepublicata)",DA,"durata estimata; acelasi spital a atribuit un contract nou aceluiasi castigator la 2025-02-24 (143457-2025), inainte de expirarea calculata => probabil inlocuit",,SICAP anunt nr. CAN1137381
CN1061009,NU,Spital Orasenesc Urlati,SUPERMEDICAL,380000,valoare atribuita (SICAP/OpenTender (valori pe atribuire)),380000,SICAP/OpenTender (valori pe atribuire),380000,SICAP/OpenTender (valoare procedura),,,Echipament medical – ecograf multidisciplinar,33100000,2024-11-20,24,2026-11-20,"ESTIMAT (24 luni, durata nepublicata)",DA,,,SICAP anunt nr. CN1061009
590189-2026,DA,ADMINISTRATIA SPITALELOR SI SERVICIILOR MEDICALE BUCURESTI,MEDIST IMAGING & P.O.C. S.R.L. / MEDTRONIC ROMANIA SRL,2603560,valoare atribuita (TED eForms (valoarea totala a rezultatului)),2603560,TED eForms (valoarea totala a rezultatului),5168595,TED eForms (valoare estimata),,,FURNIZAREA ECHIPAMENTELOR NECESARE SPITALULUI CLINIC DE OBSTETRICĂ-GINECOLOGIE “PROF. DR. PANAIT SÎRBU”,33100000,2026-07-20,4,2026-11-20,TED eForms (durata publicata),DA,,data = prima incheiere de contract publicata in TED,https://ted.europa.eu/en/notice/-/detail/590189-2026
CAN1137500,NU,Spitalul Clinic Judetean de Urgenta Targu.Mures,MICROMAT GRUP SRL,326699,valoare atribuita (SICAP/OpenTender (valori pe atribuire)),326699,SICAP/OpenTender (valori pe atribuire),,,,,Contract de furnizare Catetere,33141200,2024-11-21,24,2026-11-21,"ESTIMAT (24 luni, durata nepublicata)",DA,,valoarea procedurii din SICAP/OpenTender (32.669.875 RON) ignorata: de peste 20 de ori valoarea atribuita (probabil eroare de unitate),SICAP anunt nr. CAN1137500
CAN1137530,NU,"SPITALUL JUDETEAN DE URGENTA ""SF. PANTELIMON"" FOCSANI",B.BRAUN MEDICAL,97240,valoare atribuita (SICAP/OpenTender (valori pe atribuire)),97240,SICAP/OpenTender (valori pe atribuire),97240,SICAP/OpenTender (valoare procedura),,,ACHIZITIE SERINGI,33141310,2024-11-21,24,2026-11-21,"ESTIMAT (24 luni, durata nepublicata)",DA,,,SICAP anunt nr. CAN1137530
CN1075609,NU,SPITALUL MUNICIPAL MEDIAS,KARL STORZ ENDOSCOPIA ROMANIA,355000,valoare atribuita (SICAP/OpenTender (valori pe atribuire)),355000,SICAP/OpenTender (valori pe atribuire),355500,SICAP/OpenTender (valoare procedura),,,Achiziție Sistem litotritie laser cu Ureteroscop semirigid,33100000,2024-11-21,24,2026-11-21,"ESTIMAT (24 luni, durata nepublicata)",DA,"durata estimata; acelasi spital a atribuit un contract nou aceluiasi castigator la 2026-03-06 (232830-2026), inainte de expirarea calculata => probabil inlocuit",,SICAP anunt nr. CN1075609
367184-2026,DA,Institutul National de Gerontologie si Geriatrie ANA ASLAN,ALMED INVESTMENTS / HEALTH SUPPLY,12985500,valoare atribuita (TED eForms (valoarea totala a rezultatului)),12985500,TED eForms (valoarea totala a rezultatului),14450000,TED eForms (valoare estimata),,,"Echipament Rezonanta Magnetica 1,5T si Ecograf de inalta performanta pentru explorari functionale generale",33100000,2026-05-21,6,2026-11-21,TED eForms (durata publicata),DA,,data = prima incheiere de contract publicata in TED,https://ted.europa.eu/en/notice/-/detail/367184-2026
718032-2023,DA,INSTITUTUL DE BOLI CARDIOVASCULARE TIMISOARA,CARDIOTECH / MEDICAL DEVICES & DIAGNOSTICS / MEDTRONIC ROMANIA SRL / Sante International S.A.,30652464,valoare maxima a acordului-cadru (TED eForms (suma valorilor maxime pe loturi)),30652464,TED F03 (II.1.7 valoarea totala a achizitiei),30652464,TED eForms (suma valorilor maxime pe loturi),41541600,DA,"Valve, proteze și proteze cardiace",33182220,2023-11-22,36,2026-11-22,TED eForms (durata publicata),DA,,"data = prima incheiere de contract publicata in TED; cea mai mare valoare totala publicata dintre 2 anunturi de atribuire (din anuntul 718032-2023; valorile pe anunturi pot fi partiale sau cumulative); aceeasi procedura publicata si sub: 487306-2023, 770145-2023",https://ted.europa.eu/en/notice/-/detail/718032-2023
725654-2024,DA,SPITALUL UNIVERSITAR DE URGENTA ELIAS,CARDIOTECH / DRAEGER ROMANIA / DUTCHMED S.R.L. / Jensen Pharma / MEDICAL TECHNOLOGIES INTERNATIONAL / MEDIST LIFE SCIENCE S.R.L. / TUNIC PROD S.R.L.,9677848,valoare maxima a acordului-cadru (TED eForms BT-118 (valoarea maxima a acordului)),,,9677848,TED eForms BT-118 (valoarea maxima a acordului),9963406,DA,Echipamente medicale,33100000,2024-11-22,24,2026-11-22,TED eForms (durata publicata),DA,,"data = prima incheiere de contract publicata in TED; aceeasi procedura publicata si sub: 519686-2024, CAN1137782",https://ted.europa.eu/en/notice/-/detail/725654-2024
800802-2024,DA,MINISTERUL APARARII NATIONALE- U.M. 02587 (INSTITUTUL NATIONAL DE MEDICINA AERONAUTICA SI SPATIALA),TEHNO ELECTRO MEDICAL COMPANY S.R.L.,1040144,valoare maxima a acordului-cadru (TED eForms BT-118 (valoarea maxima a acordului)),520072,TED eForms (valoarea totala a rezultatului),1040144,TED eForms BT-118 (valoarea maxima a acordului),1128000,DA,ECHIPAMENTE MEDICALE 7,33100000,2024-11-22,24,2026-11-22,TED eForms (durata publicata),DA,,unitate militara cu profil de spital; data = prima incheiere de contract publicata in TED; valoare atribuita din anuntul 132754-2025; aceeasi procedura publicata si sub: 132754-2025,https://ted.europa.eu/en/notice/-/detail/800802-2024
SCN1149932,NU,SPITAL CLINIC JUDETEAN DE URGENTA BIHOR,KARL STORZ ENDOSCOPIA ROMANIA,90566,valoare atribuita (SICAP/OpenTender (valori pe atribuire)),90566,SICAP/OpenTender (valori pe atribuire),90566,SICAP/OpenTender (valoare procedura),,,UNITATE SHAVER CU MANER SI LAME PENTRU ARTROSCOPIE - 1 bucata,33162100,2024-11-23,24,2026-11-23,"ESTIMAT (24 luni, durata nepublicata)",DA,,,SICAP anunt nr. SCN1149932
SCN1149933,NU,SPITAL CLINIC JUDETEAN DE URGENTA BIHOR,KARL STORZ ENDOSCOPIA ROMANIA,75049,valoare atribuita (SICAP/OpenTender (valori pe atribuire)),75049,SICAP/OpenTender (valori pe atribuire),75049,SICAP/OpenTender (valoare procedura),,,Videorinolaringoscop - 1 bucata,33171000,2024-11-23,24,2026-11-23,"ESTIMAT (24 luni, durata nepublicata)",DA,,,SICAP anunt nr. SCN1149933
615818-2026,DA,Spitalul Clinic Judetean de Urgenta Craiova,BRAINS M & A CONSULTING / KRAL MEDICAL SOLUTIONS SRL / LIAMED / TEHNOPLUS MEDICAL,12754095,valoare atribuita (TED eForms (valoarea totala a rezultatului)),12754095,TED eForms (valoarea totala a rezultatului),14063387,TED eForms (valoare estimata),,,ECHIPAMENTE MEDICALE,33100000,2025-11-24,12,2026-11-24,TED eForms (durata publicata),DA,,data = prima incheiere de contract publicata in TED,https://ted.europa.eu/en/notice/-/detail/615818-2026
142002-2025,DA,Ministerul Apararii - Unitatea Militara nr. 02558 Timisoara,MEDICAL ORTOVIT / Ortholife Systems / SPORTMED SYSTEMS / STRYKER ROMANIA S.R.L. / VALDOMEDICA TRADING SRL / ZIMMER BIOMET ROMANIA,14977660,valoare maxima a acordului-cadru (TED eForms BT-118 (valoarea maxima a acordului)),,,14977660,TED eForms BT-118 (valoarea maxima a acordului),15456000,DA,Acord-cadru furnizare proteze și implanturi ortopedice,33183200,2024-11-25,24,2026-11-25,TED eForms (durata publicata),DA,,unitate militara cu profil de spital; data = prima incheiere de contract publicata in TED,https://ted.europa.eu/en/notice/-/detail/142002-2025
753373-2024,DA,"Spitalul Universitar de Urgenta Militar Central ""Dr. Carol Davila""",ALPHA MEDICAL S.R.L. / B.BRAUN MEDICAL SRL / BOSTON SCIENTIFIC ROMANIA / CARDIOTECH SRL / FRESENIUS KABI ROMANIA SRL / Novaintermed S.R.L. / S.C.MEDICAL GRUP S.R.L. / SANROTEX TRADING SRL / VETRO DESIGN S.R.L. / ZARYS INTERNATIONAL GROUP MEDICAL EQUIPMENT S.R.L.,6674806,valoare maxima a acordului-cadru (TED eForms BT-118 (valoarea maxima a acordului)),,,6674806,TED eForms BT-118 (valoarea maxima a acordului),8015648,DA,MATERIALE SANITARE Diverse - 21lot,33141000,2024-11-25,24,2026-11-25,TED eForms (durata publicata),DA,,"unitate militara cu profil de spital; data = prima incheiere de contract publicata in TED; aceeasi procedura publicata si sub: 530727-2024, 222205-2026, 73691-2025",https://ted.europa.eu/en/notice/-/detail/753373-2024
CAN1137580,NU,Spitalul Municipal de Urgenta Roman,SIDE GRUP S.R.L.,25700,valoare atribuita (SICAP/OpenTender (valori pe atribuire)),25700,SICAP/OpenTender (valori pe atribuire),,,,,,33700000,2024-11-25,24,2026-11-25,"ESTIMAT (24 luni, durata nepublicata)",DA,,,SICAP anunt nr. CAN1137580
CAN1137589,NU,SPITALUL JUDETEAN DE URGENTA TARGOVISTE,B.BRAUN MEDICAL,366553,valoare atribuita (SICAP/OpenTender (valori pe atribuire)),366553,SICAP/OpenTender (valori pe atribuire),,,,,CONTRACT FURNIZARE CONSUMABILE PENTRU DIALIZA RENALA,33181520,2024-11-25,24,2026-11-25,"ESTIMAT (24 luni, durata nepublicata)",DA,,valoarea procedurii din SICAP/OpenTender (36.655.278 RON) ignorata: de peste 20 de ori valoarea atribuita (probabil eroare de unitate),SICAP anunt nr. CAN1137589
CAN1137591,NU,SPITALUL JUDETEAN DE URGENTA TARGOVISTE,KAPAMED INTERNATIONAL SRL,22698,valoare atribuita (SICAP/OpenTender (valori pe atribuire)),22698,SICAP/OpenTender (valori pe atribuire),,,,,,33181520,2024-11-25,24,2026-11-25,"ESTIMAT (24 luni, durata nepublicata)",DA,,,SICAP anunt nr. CAN1137591
SCNA1110723,NU,SPITALUL CLINIC DE CHIRURGIE ORO-MAXILO-FACIALA PROF. DR. DAN THEODORESCU,CRAD RO / ZARYS INTERNATIONAL GROUP / CO&CO Consumer 2002 S.R.L. / CIX INTERPROD S.R.L. / SANROTEX TRADING SRL / HELLIMED / NAFKA GRUP S.R.L. / DELUXE MEDICRAFTS / PRIMEX MEDICAL / MEDICAL GRUP / BIOTECHNICS IMPLANT / Steril Romania S.R.L. / ROVAL MED / TEHNICAL DENT / BIZMED,169034,valoare atribuita (SICAP/OpenTender (valori pe atribuire)),169034,SICAP/OpenTender (valori pe atribuire),,,,,,33140000,2024-11-25,24,2026-11-25,"ESTIMAT (24 luni, durata nepublicata)",DA,,suma loturi,SICAP anunt nr. SCNA1110723
397115-2026,DA,Spitalul Municipal de Urgenta Roman,BTL ROMANIA APARATURA MEDICALA S.R.L. / Hospital Technical Solutions / KAPAMED INTERNATIONAL SRL / MEDICAL DEVICE STORE SRL / MEDIST IMAGING & P.O.C. S.R.L. / S.C. DRAEGER ROMANIA S.R.L.,2934347,valoare atribuita (TED eForms (valoarea totala a rezultatului)),2934347,TED eForms (valoarea totala a rezultatului),3776784,TED eForms (valoare estimata),,,Furnizare echipamente medicale in cadrul PROGRAMULUI SANATATE „ Investitii de tip dotare in infrastructura publica a unitatii sanitare care ,33100000,2026-05-25,6,2026-11-25,TED eForms (durata publicata),DA,,data = prima incheiere de contract publicata in TED,https://ted.europa.eu/en/notice/-/detail/397115-2026
758892-2024,DA,Institutul Oncologic Prof. Dr. I. Chiricuta Cluj-Napoca,Carl Zeiss Instruments / DTL Medical SRL / TEHNO ELECTRO MEDICAL COMPANY S.R.L.,8017827,valoare maxima a acordului-cadru (TED eForms BT-118 (valoarea maxima a acordului)),11021,TED eForms (valoarea totala a rezultatului),8017827,TED eForms BT-118 (valoarea maxima a acordului),8183484,DA,Furnizare si instalare echipamente medicale,33100000,2024-11-26,24,2026-11-26,TED eForms (durata publicata),DA,,data = prima incheiere de contract publicata in TED; valoare atribuita din anuntul 256966-2025; aceeasi procedura publicata si sub: 256966-2025,https://ted.europa.eu/en/notice/-/detail/758892-2024
CAN1137662,NU,MINISTERUL APARARII NATIONALE- U.M. 02587 (INSTITUTUL NATIONAL DE MEDICINA AERONAUTICA SI SPATIALA),HELLIMED,,valoare nepublicata,,,,,,,,33197000,2024-11-26,24,2026-11-26,"ESTIMAT (24 luni, durata nepublicata)",DA,,unitate militara cu profil de spital,SICAP anunt nr. CAN1137662
CAN1137679,NU,SPITALUL UNIVERSITAR DE URGENTA BUCURESTI,MEDTRONIC ROMANIA,89636,valoare atribuita (SICAP/OpenTender (valori pe atribuire)),89636,SICAP/OpenTender (valori pe atribuire),89636,SICAP/OpenTender (valoare procedura),,,MATERIALE SANITARE SI CONSUMABILE DE UNICA FOLOSINTA NECESARE IN ACTIVITATEA CHIRURGICALA SI LAPAROSCOPICA,33162000,2024-11-26,24,2026-11-26,"ESTIMAT (24 luni, durata nepublicata)",DA,,,SICAP anunt nr. CAN1137679
CAN1137684,NU,SPITALUL UNIVERSITAR DE URGENTA BUCURESTI,MEDICA ADVANCED SOLUTIONS (M.A.S.),102550,valoare atribuita (SICAP/OpenTender (valori pe atribuire)),102550,SICAP/OpenTender (valori pe atribuire),102550,SICAP/OpenTender (valoare procedura),,,Materiale sanitare si consumabile de unica folosinta necesare in activitatea chirurgicala si laparoscopica.,33162000,2024-11-26,24,2026-11-26,"ESTIMAT (24 luni, durata nepublicata)",DA,,,SICAP anunt nr. CAN1137684
CAN1137685,NU,"Spitalul Clinic de Urgenta pentru Copii ""Grigore Alexandrescu""",HS MEDICAL SRL,24360,valoare atribuita (SICAP/OpenTender (valori pe atribuire)),24360,SICAP/OpenTender (valori pe atribuire),,,,,,33141121,2024-11-26,24,2026-11-26,"ESTIMAT (24 luni, durata nepublicata)",DA,"durata estimata; acelasi spital a atribuit un contract nou aceluiasi castigator la 2025-11-04 (734519-2025), inainte de expirarea calculata => probabil inlocuit",,SICAP anunt nr. CAN1137685
CAN1137703,NU,SPITALUL UNIVERSITAR DE URGENTA BUCURESTI,FELSIN FARM S.R.L.,74280,valoare atribuita (SICAP/OpenTender (valori pe atribuire)),74280,SICAP/OpenTender (valori pe atribuire),74280,SICAP/OpenTender (valoare procedura),,,Furnizare medicamente,33141127,2024-11-26,24,2026-11-26,"ESTIMAT (24 luni, durata nepublicata)",DA,,titlul indica medicamente (CPV 33x publicat de autoritate),SICAP anunt nr. CAN1137703
SCN1156424,NU,Spitalul de Boli infectioase si Psihiatrie Baia Mare,PARTNERS MEDICAL SOLUTION S.R.L.,553200,valoare maxima a acordului-cadru (SICAP/OpenTender (valoare procedura)),,,553200,SICAP/OpenTender (valoare procedura),,DA,Acord-cadru de furnizare „Materiale de laborator”,33140000,2024-11-26,24,2026-11-26,"ESTIMAT (24 luni, durata nepublicata)",DA,"durata estimata; acelasi spital a atribuit un contract nou aceluiasi castigator la 2024-11-29 (SCN1156577), inainte de expirarea calculata => probabil inlocuit",,SICAP anunt nr. SCN1156424
SCN1156453,NU,SPITALUL JUDETEAN DE URGENTA PIATRA NEAMT,LIAMED / SC REGIO MED SRL,111630,valoare atribuita (SICAP/OpenTender (valori pe atribuire)),111630,SICAP/OpenTender (valori pe atribuire),121849,SICAP/OpenTender (valoare procedura),,,FURNIZARE ECHIPAMENTE MEDICALE,33100000,2024-11-26,24,2026-11-26,"ESTIMAT (24 luni, durata nepublicata)",DA,,suma loturi,SICAP anunt nr. SCN1156453
253583-2025,DA,SPITALUL CLINIC JUDETEAN MURES,STRYKER ROMANIA,247260,valoare maxima a acordului-cadru (TED eForms BT-118 (valoarea maxima a acordului)),63400,TED eForms (valoarea totala a rezultatului),247260,TED eForms BT-118 (valoarea maxima a acordului),247260,DA,"Acord cadru de furnizare materiale sanitare -” TUBULATURA POMPA ARTROSCOPIE""",33162100,2025-03-26,20,2026-11-26,TED eForms (durata publicata),DA,,"data = prima incheiere de contract publicata in TED; cea mai mare valoare totala publicata dintre 4 anunturi de atribuire (din anuntul 457934-2026; valorile pe anunturi pot fi partiale sau cumulative); aceeasi procedura publicata si sub: 440767-2025, 34921-2026, 274715-2026, 457934-2026",https://ted.europa.eu/en/notice/-/detail/253583-2025
1763-2025,DA,SPITALUL CLINIC DE URGENTA CHIRURGIE PLASTICA REPARATORIE SI ARSURI BUCURESTI,BIZMED SRL / CRAD RO SRL / CRIO - 2 S.R.L. / DELUXE MEDICRAFTS SRL / PRODCONFARM S.R.L. / ROVAL MED SRL / SANROTEX TRADING SRL / ZARYS INTERNATIONAL GROUP MEDICAL EQUIPMENT S.R.L.,1096540,valoare maxima a acordului-cadru (TED eForms BT-118 (valoarea maxima a acordului)),,,1096540,TED eForms BT-118 (valoarea maxima a acordului),1865000,DA,"ACHIZITIONARE DE TIFON MEDICAL, FESI, VATA MEDICINALA",33141114,2024-11-27,24,2026-11-27,TED eForms (durata publicata),DA,,data = prima incheiere de contract publicata in TED,https://ted.europa.eu/en/notice/-/detail/1763-2025
564777-2025,DA,Spitalul Clinic Judetean de Urgenta Craiova,DEYAN KRAFT MEDICAL / MEDTRONIC ROMANIA SRL,423383058,valoare maxima a acordului-cadru (TED eForms BT-118 (valoarea maxima a acordului)),,,423383058,TED eForms BT-118 (valoarea maxima a acordului),423383058,DA,"Sisteme de monitorizare glicemica, pompe de insulina, consumabile aferente si consumabilele pentru pompele si sistemele de monitorizare deja",33140000,2024-11-27,24,2026-11-27,TED eForms (durata publicata),DA,,data = prima incheiere de contract publicata in TED,https://ted.europa.eu/en/notice/-/detail/564777-2025
725139-2024,DA,"Spitalul Universitar de Urgenta Militar Central ""Dr. Carol Davila""",ALCA DUO MEDICAL S.R.L. / ALPHA BRIO MEDICAL S.R.L. / DASCO DISTRIBUTION CONCEPT / DELUXE MEDICRAFTS SRL / INPOINT MEDICARE / Limas Group S.R.L. / PAUL HARTMANN SRL / S.C. ADAR UNIC SOLUTIONS S.R.L. / SINOFARM ROMANIA S.R.L. / STERIL ROMANIA SRL / TZMO ROMANIA SRL,3625800,valoare maxima a acordului-cadru (TED eForms BT-118 (valoarea maxima a acordului)),479525,TED eForms (valoarea totala a rezultatului),3625800,TED eForms BT-118 (valoarea maxima a acordului),10658310,DA,Materiale sanitare diverse - 16 loturi,33141110,2024-11-27,24,2026-11-27,TED eForms (durata publicata),DA,valorile totale atribuite publicate pentru aceeasi procedura difera de peste 50 de ori intre anunturi (7600 - 479525 RON); posibil eroare de publicare - verificati anunturile,"unitate militara cu profil de spital; data = prima incheiere de contract publicata in TED; cea mai mare valoare totala publicata dintre 3 anunturi de atribuire (din anuntul 589518-2026; valorile pe anunturi pot fi partiale sau cumulative); aceeasi procedura publicata si sub: 476720-2024, 562128-2025, 502273-2025, 589518-2026",https://ted.europa.eu/en/notice/-/detail/725139-2024
725538-2024,DA,SPITALUL MUNICIPAL SACELE,BPM TEHNOLOGICA,1150225,valoare atribuita (TED eForms (valoarea totala a rezultatului)),1150225,TED eForms (valoarea totala a rezultatului),1151260,TED eForms (valoare estimata),,,Achizitia unui Sistem de punctie biopsie mamara cu ecograf doppler color cu doua sonde liniare,33112000,2024-11-27,24,2026-11-27,TED eForms (durata publicata),DA,,data = prima incheiere de contract publicata in TED; aceeasi procedura publicata si sub: 582039-2024,https://ted.europa.eu/en/notice/-/detail/725538-2024
741274-2024,DA,SPITALUL JUDETEAN DE URGENTA SLATINA,DEYAN KRAFT MEDICAL / MEDTRONIC ROMANIA,8190997,valoare maxima a acordului-cadru (TED eForms BT-118 (valoarea maxima a acordului)),10305944,TED eForms (valoarea totala a rezultatului),8190997,TED eForms BT-118 (valoarea maxima a acordului),8190997,DA,Acord Cadru 24 luni-achizitie dispozitive medicale si consumabile medicale pe Programul National de Diabet Zaharat al Spitalului Judetean de,33124110,2024-11-27,24,2026-11-27,TED eForms (durata publicata),DA,,"data = prima incheiere de contract publicata in TED; cea mai mare valoare totala publicata dintre 5 anunturi de atribuire (din anuntul 571369-2026; valorile pe anunturi pot fi partiale sau cumulative); aceeasi procedura publicata si sub: 655203-2024, 751824-2024, 123732-2026, 59963-2025, 290793-2026, 571369-2026; valoarea atribuita publicata depaseste valoarea maxima publicata (asa apar in anunturi)",https://ted.europa.eu/en/notice/-/detail/741274-2024
741986-2024,DA,"Institutul National de Diabet, Nutritie si Boli Metabolice ""Prof. dr. N. C. Paulescu""",MEDTRONIC ROMANIA,1646600,valoare maxima a acordului-cadru (TED eForms BT-118 (valoarea maxima a acordului)),156427,TED eForms (valoarea totala a rezultatului),1646600,TED eForms BT-118 (valoarea maxima a acordului),1646600,DA,"Acord cadru de furnizare Pachet pompa de infuzie continua a insulinei+consumabile pentru 3 luni (catetere, rezervoare, serter implantare can",33140000,2024-11-27,24,2026-11-27,TED eForms (durata publicata),DA,"acelasi spital a atribuit un contract nou aceluiasi castigator la 2025-03-24 (274077-2025), inainte de expirarea calculata => probabil inlocuit",data = prima incheiere de contract publicata in TED; valoare atribuita din anuntul 501177-2025; aceeasi procedura publicata si sub: 501177-2025,https://ted.europa.eu/en/notice/-/detail/741986-2024
CAN1137834,NU,SPITALUL JUDETEAN DE URGENTA VASLUI,PRIMERA MED TECHNOLOGY / S.C. MED TEHNICA SRL S.R.L. / SC CARTO PLAST SRL / GISCO MED / B.BRAUN MEDICAL S.R.L. / AVENA MEDICA S.R.L. / S.C. Abb Neopuls S.R.L.,374633,valoare atribuita (SICAP/OpenTender (valori pe atribuire)),374633,SICAP/OpenTender (valori pe atribuire),,,,,Aparatura si echipamente medicale - SJU Vaslui,33100000,2024-11-27,24,2026-11-27,"ESTIMAT (24 luni, durata nepublicata)",DA,,valoarea procedurii din SICAP/OpenTender (37.463.279 RON) ignorata: de peste 20 de ori valoarea atribuita (probabil eroare de unitate); suma loturi,SICAP anunt nr. CAN1137834
CAN1137872,NU,"Spital Clinic Judetean de Urgenta ""Pius Brinzeu"" Timisoara",B.BRAUN MEDICAL,148260,valoare atribuita (SICAP/OpenTender (valori pe atribuire)),148260,SICAP/OpenTender (valori pe atribuire),148260,SICAP/OpenTender (valoare procedura),,,MATERIALE SANITARE,33140000,2024-11-27,24,2026-11-27,"ESTIMAT (24 luni, durata nepublicata)",DA,,,SICAP anunt nr. CAN1137872
SCNA1114295,NU,SPITAL CLINIC JUDETEAN DE URGENTA BIHOR,MEDIST IMAGING & P.O.C. S.R.L.,55335,valoare atribuita (SICAP/OpenTender (valori pe atribuire)),55335,SICAP/OpenTender (valori pe atribuire),55335,SICAP/OpenTender (valoare procedura),,,Sonde pentru ecograf,33141641,2024-11-27,24,2026-11-27,"ESTIMAT (24 luni, durata nepublicata)",DA,,,SICAP anunt nr. SCNA1114295
56543-2024,DA,Spitalul Clinic de Urgenta Bucuresti,Sante International,27960000,valoare maxima a acordului-cadru (TED eForms (suma valorilor maxime pe loturi)),,,27960000,TED eForms (suma valorilor maxime pe loturi),27960000,DA,"Sistem de asistare circulatorie mecanica ventriculara dreapta, stanga sau biventriculara pe termen lung si set aferent implantarii",33140000,2022-11-28,48,2026-11-28,TED eForms (durata publicata),DA,,data = prima incheiere de contract publicata in TED; aceeasi procedura publicata si sub: CN1047923,https://ted.europa.eu/en/notice/-/detail/56543-2024
57765-2024,DA,Spitalul Clinic de Urgenta Bucuresti,Sante International S.A.,28252032,valoare maxima a acordului-cadru (TED eForms (suma valorilor maxime pe loturi)),,,28252032,TED eForms (suma valorilor maxime pe loturi),28252032,DA,MATERIALE SANITARE SI CONSUMABILE CHIRURGIE CARDIOVASCULARA,33140000,2022-11-28,48,2026-11-28,TED eForms (durata publicata),DA,,data = prima incheiere de contract publicata in TED,https://ted.europa.eu/en/notice/-/detail/57765-2024
64003-2024,DA,Spitalul Clinic de Urgenta Bucuresti,FRESENIUS KABI ROMANIA,709248,valoare maxima a acordului-cadru (TED eForms (suma valorilor maxime pe loturi)),,,709248,TED eForms (suma valorilor maxime pe loturi),,DA,Perfuzoare si seringi,33140000,2022-11-28,48,2026-11-28,TED eForms (durata publicata),DA,"acelasi spital a atribuit un contract nou aceluiasi castigator la 2023-03-03 (65059-2024), inainte de expirarea calculata => probabil inlocuit",data = prima incheiere de contract publicata in TED; aceeasi procedura publicata si sub: CN1047355,https://ted.europa.eu/en/notice/-/detail/64003-2024
566115-2025,DA,Spitalul Clinic Judetean de Urgenta Craiova,AUDIOLOGOS / CLARFON / FIX IMPORT EXPORT,29417800,valoare maxima a acordului-cadru (TED eForms BT-118 (valoarea maxima a acordului)),,,29417800,TED eForms BT-118 (valoarea maxima a acordului),34820762,DA,Implanturi cohleare si proteze auditive,33185200,2024-11-28,24,2026-11-28,TED eForms (durata publicata),DA,,data = prima incheiere de contract publicata in TED,https://ted.europa.eu/en/notice/-/detail/566115-2025
CAN1137880,NU,Spitalul Clinic Judetean de Urgenta Targu.Mures,RAFI MEDICAL / CATTUS S.R.L.,51603,valoare atribuita (SICAP/OpenTender (valori pe atribuire)),51603,SICAP/OpenTender (valori pe atribuire),,,,,Contract de furnizare echipamente medicale,33100000,2024-11-28,24,2026-11-28,"ESTIMAT (24 luni, durata nepublicata)",DA,,valoarea procedurii din SICAP/OpenTender (5.160.316 RON) ignorata: de peste 20 de ori valoarea atribuita (probabil eroare de unitate); suma loturi,SICAP anunt nr. CAN1137880
CAN1137932,NU,"Spital Clinic Judetean de Urgenta ""Pius Brinzeu"" Timisoara",ROMBIOMEDICA S.R.L.,1000,valoare atribuita (SICAP/OpenTender (valori pe atribuire)),1000,SICAP/OpenTender (valori pe atribuire),,,,,,33140000,2024-11-28,24,2026-11-28,"ESTIMAT (24 luni, durata nepublicata)",DA,,,SICAP anunt nr. CAN1137932
CAN1137934,NU,"Spital Clinic Judetean de Urgenta ""Pius Brinzeu"" Timisoara",ALPHA MEDICAL S.R.L.,38424,valoare atribuita (SICAP/OpenTender (valori pe atribuire)),38424,SICAP/OpenTender (valori pe atribuire),,,,,,33140000,2024-11-28,24,2026-11-28,"ESTIMAT (24 luni, durata nepublicata)",DA,,,SICAP anunt nr. CAN1137934
CAN1137935,NU,"Spital Clinic Judetean de Urgenta ""Pius Brinzeu"" Timisoara",MAC'S MEDICAL SURGICAL,3000,valoare atribuita (SICAP/OpenTender (valori pe atribuire)),3000,SICAP/OpenTender (valori pe atribuire),,,,,,33140000,2024-11-28,24,2026-11-28,"ESTIMAT (24 luni, durata nepublicata)",DA,,,SICAP anunt nr. CAN1137935
CAN1137941,NU,"Spital Clinic Judetean de Urgenta ""Pius Brinzeu"" Timisoara",KARL STORZ ENDOSCOPIA ROMANIA,121400,valoare atribuita (SICAP/OpenTender (valori pe atribuire)),121400,SICAP/OpenTender (valori pe atribuire),121400,SICAP/OpenTender (valoare procedura),,,MATERIALE SANITARE,33140000,2024-11-28,24,2026-11-28,"ESTIMAT (24 luni, durata nepublicata)",DA,,,SICAP anunt nr. CAN1137941
CAN1137944,NU,"Spital Clinic Judetean de Urgenta ""Pius Brinzeu"" Timisoara",SC JUSTIR DESIGN SRL,37200,valoare atribuita (SICAP/OpenTender (valori pe atribuire)),37200,SICAP/OpenTender (valori pe atribuire),,,,,,33140000,2024-11-28,24,2026-11-28,"ESTIMAT (24 luni, durata nepublicata)",DA,,,SICAP anunt nr. CAN1137944
CAN1137946,NU,"Spital Clinic Judetean de Urgenta ""Pius Brinzeu"" Timisoara",BOSTON SCIENTIFIC ROMANIA,20120,valoare atribuita (SICAP/OpenTender (valori pe atribuire)),20120,SICAP/OpenTender (valori pe atribuire),,,,,,33140000,2024-11-28,24,2026-11-28,"ESTIMAT (24 luni, durata nepublicata)",DA,,,SICAP anunt nr. CAN1137946
CAN1137947,NU,"Spital Clinic Judetean de Urgenta ""Pius Brinzeu"" Timisoara",Flexi Pro SRL,169880,valoare atribuita (SICAP/OpenTender (valori pe atribuire)),169880,SICAP/OpenTender (valori pe atribuire),169880,SICAP/OpenTender (valoare procedura),,,MATERIALE SANITARE,33140000,2024-11-28,24,2026-11-28,"ESTIMAT (24 luni, durata nepublicata)",DA,,,SICAP anunt nr. CAN1137947
CAN1137949,NU,"Spital Clinic Judetean de Urgenta ""Pius Brinzeu"" Timisoara",GENODYNAMIC SRL,3690,valoare atribuita (SICAP/OpenTender (valori pe atribuire)),3690,SICAP/OpenTender (valori pe atribuire),,,,,,33140000,2024-11-28,24,2026-11-28,"ESTIMAT (24 luni, durata nepublicata)",DA,,,SICAP anunt nr. CAN1137949
CAN1137951,NU,"Spital Clinic Judetean de Urgenta ""Pius Brinzeu"" Timisoara",LUXMED VEST DISTRIBUTION,116400,valoare atribuita (SICAP/OpenTender (valori pe atribuire)),116400,SICAP/OpenTender (valori pe atribuire),116400,SICAP/OpenTender (valoare procedura),,,MATERIALE SANITARE,33140000,2024-11-28,24,2026-11-28,"ESTIMAT (24 luni, durata nepublicata)",DA,,,SICAP anunt nr. CAN1137951
637009-2026,DA,ADMINISTRATIA SPITALELOR SI SERVICIILOR MEDICALE BUCURESTI,BIVARIA GRUP S.R.L. / BLUEBOX MEDICAL / BTL ROMANIA APARATURA MEDICALA S.R.L. / ICEMED / LIAMED / TEHNOPLUS MEDICAL,794219,valoare atribuita (TED eForms (valoarea totala a rezultatului)),794219,TED eForms (valoarea totala a rezultatului),1186777,TED eForms (valoare estimata),,,FURNIZAREA ECHIPAMENTELOR MEDICALE NECESARE SPITALULUI DE BOLI CRONICE ”SF.LUCA” ȘI SPITALULUI CLINIC ”PROF. DR. THEODOR BURGHELE”,33100000,2026-07-28,4,2026-11-28,TED eForms (durata publicata),DA,,data = prima incheiere de contract publicata in TED,https://ted.europa.eu/en/notice/-/detail/637009-2026
141759-2025,DA,Ministerul Apararii - Unitatea Militara nr. 02558 Timisoara,DACO MEDICAL TECHNOLOGIES SRL / Flexi Pro SRL / HDL Union / HELLIMED SRL / KARL STORZ ENDOSCOPIA ROMANIA / MAC'S MEDICAL SURGICAL / MDW MEDICAL SRL / MEDTRONIC ROMANIA SRL / NOVOMED INTERNATIONAL SRL / RAFI MEDICAL / S.C. TRIDENT MEDICAL COMPANY S.R.L. S.R.L. / S.C.MEDICAL GRUP S.R.L. / STERIL ROMANIA SRL / TZMO ROMANIA SRL,2432571,valoare maxima a acordului-cadru (TED eForms BT-118 (valoarea maxima a acordului)),,,2432571,TED eForms BT-118 (valoarea maxima a acordului),2970044,DA,Acord- cadru de furnizare materiale sanitare,33140000,2024-11-29,24,2026-11-29,TED eForms (durata publicata),DA,,unitate militara cu profil de spital; data = prima incheiere de contract publicata in TED,https://ted.europa.eu/en/notice/-/detail/141759-2025
733229-2024,DA,SPITALUL JUDETEAN DE URGENTA TARGOVISTE,DEYAN KRAFT MEDICAL,4240000,valoare maxima a acordului-cadru (TED eForms BT-118 (valoarea maxima a acordului)),4240000,TED eForms (valoarea totala a rezultatului),4240000,TED eForms BT-118 (valoarea maxima a acordului),4240000,DA,"ACORD CADRU FURNIZAR EMATERIALE SANITARE PN DIABET (SISTEME DE MONITORIZARE CONTINUA GLICEMIE, CONSUMABILE SISTEM DE MONITORIZARE CONTINUA A",33195000,2024-11-29,24,2026-11-29,TED eForms (durata publicata),DA,,data = prima incheiere de contract publicata in TED; valoare atribuita din anuntul 746373-2024; aceeasi procedura publicata si sub: 746373-2024,https://ted.europa.eu/en/notice/-/detail/733229-2024
775615-2024,DA,SPITALUL CLINIC JUDETEAN MURES,CRAD RO,229650,valoare maxima a acordului-cadru (TED eForms BT-118 (valoarea maxima a acordului)),201793,TED eForms (valoarea totala a rezultatului),229650,TED eForms BT-118 (valoarea maxima a acordului),551000,DA,"Acord cadru de furnizare materiale sanitare - ” Feși tifon, tifon medical ”",33141114,2024-11-29,24,2026-11-29,TED eForms (durata publicata),DA,,"data = prima incheiere de contract publicata in TED; cea mai mare valoare totala publicata dintre 6 anunturi de atribuire (din anuntul 459689-2026; valorile pe anunturi pot fi partiale sau cumulative); aceeasi procedura publicata si sub: 15271-2025, 250889-2025, 425870-2025, 660570-2025, 274360-2026, 459689-2026",https://ted.europa.eu/en/notice/-/detail/775615-2024
CAN1137973,NU,"Spital Clinic Judetean de Urgenta ""Pius Brinzeu"" Timisoara",HS MEDICAL SRL,50000,valoare atribuita (SICAP/OpenTender (valori pe atribuire)),50000,SICAP/OpenTender (valori pe atribuire),50000,SICAP/OpenTender (valoare procedura),,,MATERIALE SANITARE,33140000,2024-11-29,24,2026-11-29,"ESTIMAT (24 luni, durata nepublicata)",DA,,,SICAP anunt nr. CAN1137973
CAN1137976,NU,"Spital Clinic Judetean de Urgenta ""Pius Brinzeu"" Timisoara",GISCO MED,3020,valoare atribuita (SICAP/OpenTender (valori pe atribuire)),3020,SICAP/OpenTender (valori pe atribuire),,,,,,33140000,2024-11-29,24,2026-11-29,"ESTIMAT (24 luni, durata nepublicata)",DA,,,SICAP anunt nr. CAN1137976
CAN1137978,NU,"Spital Clinic Judetean de Urgenta ""Pius Brinzeu"" Timisoara",PAPAPOSTOLOU S.R.L,24700,valoare atribuita (SICAP/OpenTender (valori pe atribuire)),24700,SICAP/OpenTender (valori pe atribuire),,,,,,33140000,2024-11-29,24,2026-11-29,"ESTIMAT (24 luni, durata nepublicata)",DA,,,SICAP anunt nr. CAN1137978
CAN1137996,NU,"Spital Clinic Judetean de Urgenta ""Pius Brinzeu"" Timisoara",FRESENIUS KABI ROMANIA S.R.L.,15000,valoare atribuita (SICAP/OpenTender (valori pe atribuire)),15000,SICAP/OpenTender (valori pe atribuire),,,,,,33140000,2024-11-29,24,2026-11-29,"ESTIMAT (24 luni, durata nepublicata)",DA,,,SICAP anunt nr. CAN1137996
CAN1137997,NU,"Spital Clinic Judetean de Urgenta ""Pius Brinzeu"" Timisoara",HELLIMED,374275,valoare atribuita (SICAP/OpenTender (valori pe atribuire)),374275,SICAP/OpenTender (valori pe atribuire),374275,SICAP/OpenTender (valoare procedura),,,MATERIALE SANITARE,33140000,2024-11-29,24,2026-11-29,"ESTIMAT (24 luni, durata nepublicata)",DA,"durata estimata; acelasi spital a atribuit un contract nou aceluiasi castigator la 2025-07-24 (487152-2025), inainte de expirarea calculata => probabil inlocuit",,SICAP anunt nr. CAN1137997
CAN1137999,NU,"Spital Clinic Judetean de Urgenta ""Pius Brinzeu"" Timisoara",MDW MEDICAL SRL,192500,valoare atribuita (SICAP/OpenTender (valori pe atribuire)),192500,SICAP/OpenTender (valori pe atribuire),192500,SICAP/OpenTender (valoare procedura),,,MATERIALE SANITARE,33140000,2024-11-29,24,2026-11-29,"ESTIMAT (24 luni, durata nepublicata)",DA,,,SICAP anunt nr. CAN1137999
CAN1138002,NU,SPITALUL DE OBSTETRICA-GINECOLOGIE BUFTEA,IDEAL OPTIONS,26359,valoare atribuita (SICAP/OpenTender (valori pe atribuire)),26359,SICAP/OpenTender (valori pe atribuire),,,,,,33141125,2024-11-29,24,2026-11-29,"ESTIMAT (24 luni, durata nepublicata)",DA,,,SICAP anunt nr. CAN1138002
SCN1156577,NU,Spitalul de Boli infectioase si Psihiatrie Baia Mare,PARTNERS MEDICAL SOLUTION S.R.L.,600000,valoare maxima a acordului-cadru (SICAP/OpenTender (valoare procedura)),,,600000,SICAP/OpenTender (valoare procedura),,DA,Acord-cadru de furnizare „Materiale de laborator – kit UTM / VTM SARS-CoV-2”,33140000,2024-11-29,24,2026-11-29,"ESTIMAT (24 luni, durata nepublicata)",DA,,,SICAP anunt nr. SCN1156577
391934-2026,DA,SPITALUL CLINIC JUDETEAN DE URGENTA BISTRITA,Sof Medica,22256000,valoare atribuita (TED eForms (valoarea totala a rezultatului)),22256000,TED eForms (valoarea totala a rezultatului),22300000,TED eForms (valoare estimata),,,Sistem Chirurgie Minim Invazivă Asistată Robotic,33100000,2026-05-29,6,2026-11-29,TED eForms (durata publicata),DA,,data = prima incheiere de contract publicata in TED,https://ted.europa.eu/en/notice/-/detail/391934-2026
395159-2026,DA,SPITALUL CLINIC JUDETEAN DE URGENTA BISTRITA,A.M.S. 2000 TRADING IMPEX / Medist / Novaintermed,7814926,valoare atribuita (TED eForms (valoarea totala a rezultatului)),7814926,TED eForms (valoarea totala a rezultatului),7815126,TED eForms (valoare estimata),,,"Linie Automată de Prelucrare Preanalitică, Analitică şi Postanalitică a probelor biologice în Laborator",33100000,2026-05-29,6,2026-11-29,TED eForms (durata publicata),DA,,data = prima incheiere de contract publicata in TED,https://ted.europa.eu/en/notice/-/detail/395159-2026
432293-2026,DA,SPITALUL JUDETEAN DE URGENTA BACAU,DACORUM GRUP / FRESENIUS KABI ROMANIA SRL / S.C. SKYER MEDICAL IMAGING S.R.L. / VICI EVOLUTION S.R.L.,3767600,valoare atribuita (TED eForms (valoarea totala a rezultatului)),3767600,TED eForms (valoarea totala a rezultatului),3833335,TED eForms (valoare estimata),,,Achiziția de echipamente 5 loturi in cadrul proiectului “ Dotarea Spitalului Județean de Urgentă Bacău cu echipamente medicale care tratează,33100000,2026-05-29,6,2026-11-29,TED eForms (durata publicata),DA,,data = prima incheiere de contract publicata in TED,https://ted.europa.eu/en/notice/-/detail/432293-2026
SCN1153279,NU,"SPITALUL MUNICIPAL ""SFINTII DOCTORI COSMA SI DAMIAN"" RADAUTI",TEHNOPLUS MEDICAL,449800,valoare atribuita (SICAP/OpenTender (valori pe atribuire)),449800,SICAP/OpenTender (valori pe atribuire),449800,SICAP/OpenTender (valoare procedura),,,Contract furnizare STERILIZATOR CU ABUR,33191100,2024-11-30,24,2026-11-30,"ESTIMAT (24 luni, durata nepublicata)",DA,,,SICAP anunt nr. SCN1153279
CN1050537,NU,Spitalul Clinic de Urgenta Bucuresti,LIAMED,,valoare nepublicata,,,,,,,Materiale sanitare pentru anestezie,33140000,2022-12-22,47.3,2026-12-01,"SICAP/OpenTender (durata publicata, zile)",DA,"acelasi spital a atribuit un contract nou aceluiasi castigator la 2023-12-27 (58554-2024), inainte de expirarea calculata => probabil inlocuit",,SICAP anunt nr. CN1050537
760570-2024,DA,Spitalul Clinic de Urgenta Bagdasar-Arseni,CARDIOTECH / EXIMIA MEDICAL / L&P MEDICAL / MEDICAL DEVICES & DIAGNOSTICS / NEURO MED THERAPY / STARSHIP ENTERPRISE S.R.L.,13428100,valoare maxima a acordului-cadru (TED eForms BT-118 (valoarea maxima a acordului)),319358,TED eForms (valoarea totala a rezultatului),13428100,TED eForms BT-118 (valoarea maxima a acordului),22720000,DA,MATERIALE SPECIFICE PROCEDURILOR DE DIAGNOSTIC ŞI TRATAMENT ÎN CARDIOLOGIA INTERVENŢIONALĂ,33184200,2024-12-02,24,2026-12-02,TED eForms (durata publicata),DA,,"data = prima incheiere de contract publicata in TED; valoare atribuita din anuntul 211732-2025; aceeasi procedura publicata si sub: 211732-2025, CAN1138737",https://ted.europa.eu/en/notice/-/detail/760570-2024
CAN1135173,NU,SPITALUL JUDETEAN RESITA,Nova Fit 2000 S.R.L. / LABORATORIUM LIFE SCIENCE SRL / PRODCONFARM S.R.L. / CO&CO Consumer 2002 S.R.L. / TRANS-MENTOR / SANROTEX TRADING SRL / Natural Es-medical S.R.L / AXIA MEDICAL SRL / HELLIMED / ZARYS INTERNATIONAL GROUP / TODAY SOLUTION / BIZMED / ALPHA BRIO MEDICAL S.R.L. / Med Tech Distributions / PARTNERS MEDICAL SOLUTION S.R.L. / GYMED Oxigen S.R.L. / Top Diagnostics S.R.L. / Medical Express S.R.L. / ALPHA NED 2000 EXIM / CRAD RO / TMS - TOP MEDICAL SUPPLIER / TZMO ROMANIA / SANTOMED S.R.L. / ONE MED LOGISTIC S.R.L. / MEDTEHNIK / PRIMEX MEDICAL / CRIO - 2 S.R.L. / ROVAL MED / CIX INTERPROD S.R.L. / DELUXE MEDICRAFTS,2669189,valoare atribuita (SICAP/OpenTender (valori pe atribuire)),2669189,SICAP/OpenTender (valori pe atribuire),,,,,,33140000,2024-12-02,24,2026-12-02,"ESTIMAT (24 luni, durata nepublicata)",DA,,suma loturi,SICAP anunt nr. CAN1135173
CAN1138096,NU,Spitalul Clinic Judetean de Urgenta Craiova,VODIMEDICOR S.R.L. / S.C. BIOTECHNICS IMPLANT S.R.L. / BTL ROMANIA APARATURA MEDICALA S.R.L. / S.C. MED TEHNICA SRL S.R.L.,381205,valoare atribuita (SICAP/OpenTender (valori pe atribuire)),381205,SICAP/OpenTender (valori pe atribuire),381205,SICAP/OpenTender (valoare procedura),,,Echipamente medicale,33100000,2024-12-02,24,2026-12-02,"ESTIMAT (24 luni, durata nepublicata)",DA,,suma loturi,SICAP anunt nr. CAN1138096
CN1071655,NU,"INSTITUTUL INIMII DE URGENTA PENTRU BOLI CARDIOVASCULARE""Niculae Stancioiu"" Cluj-Napoca",Lumamed Health&Care SRL,200000,valoare atribuita (SICAP/OpenTender (valori pe atribuire)),200000,SICAP/OpenTender (valori pe atribuire),200000,SICAP/OpenTender (valoare procedura),,,MONITOR FUNCTII VITALE COMPATIBIL CAMERA IRM,33195000,2024-12-02,24,2026-12-02,"ESTIMAT (24 luni, durata nepublicata)",DA,,,SICAP anunt nr. CN1071655
468857-2026,DA,Spitalul Clinic Judetean de Urgenta Targu.Mures,ARCA PERFORMANCE SOLUTIONS / S.C. Abb Neopuls S.R.L.,227980,valoare atribuita (TED eForms (valoarea totala a rezultatului)),227980,TED eForms (valoarea totala a rezultatului),296377,TED eForms (valoare estimata),,,Contract de furnizare Echipamente medicale,33100000,2026-06-02,6,2026-12-02,TED eForms (durata publicata),DA,,data = prima incheiere de contract publicata in TED,https://ted.europa.eu/en/notice/-/detail/468857-2026
633928-2026,DA,Spitalul Judetean de Urgenta Alba Iulia,AKESO MEDICAL INNOVATIONS S.R.L. / B.N.BUSINESS S.R.L. / FRESENIUS KABI ROMANIA SRL / MDM MONICA DESIGN S.R.L. / NICONSULTING TECHNICS SRL / NOVOMED INTERNATIONAL SRL / Proton Impex 2000 S.R.L. / S.C. DELTAMED S.R.L. / S.C. ELECTRO PLUS S.R.L. S.R.L. / S.C. MEDITECH S.R.L. S.R.L. / ULTRASONIC S.R.L.,14287886,valoare atribuita (TED eForms (valoarea totala a rezultatului)),14287886,TED eForms (valoarea totala a rezultatului),16266450,TED eForms (valoare estimata),,,Achizitie dotari “ Relocarea și modernizarea activității secției de oncologie și înființare compartiment cardiologie intervențională” SMIS 3,33100000,2026-09-02,3,2026-12-02,TED eForms (durata publicata),DA,,data = prima incheiere de contract publicata in TED,https://ted.europa.eu/en/notice/-/detail/633928-2026
130121-2025,DA,"SPITALUL CLINIC JUDETEAN DE URGENTA""SFANTUL IOAN CEL NOU""SUCEAVA",DEYAN KRAFT MEDICAL / MEDTRONIC ROMANIA SRL,6879982,valoare maxima a acordului-cadru (TED eForms BT-118 (valoarea maxima a acordului)),2337219,TED eForms (valoarea totala a rezultatului),6879982,TED eForms BT-118 (valoarea maxima a acordului),6879982,DA,"Acord-cadru de achizitie publică de dispozitive medicale specifice diabetului zaharat, divizate pe 10 loturi",33195000,2024-12-03,24,2026-12-03,TED eForms (durata publicata),DA,,"data = prima incheiere de contract publicata in TED; cea mai mare valoare totala publicata dintre 3 anunturi de atribuire (din anuntul 11448-2026; valorile pe anunturi pot fi partiale sau cumulative); aceeasi procedura publicata si sub: 11448-2026, 705036-2025, 216620-2025",https://ted.europa.eu/en/notice/-/detail/130121-2025
766326-2024,DA,UM 0929 Bucuresti,AXIOMED SOLUTIONS SRL / INPOINT MEDICARE / Limas Group S.R.L. / NICONSULTING TECHNICS SRL / S.C. IT GENETICS S.R.L. / STERIL ROMANIA SRL / STERISACO,5081703,valoare maxima a acordului-cadru (TED eForms BT-118 (valoarea maxima a acordului)),,,5081703,TED eForms BT-118 (valoarea maxima a acordului),8157950,DA,Furnizare materiale sanitare specifice Sterilizării,33198200,2024-12-03,24,2026-12-03,TED eForms (durata publicata),DA,,unitate militara cu profil de spital; data = prima incheiere de contract publicata in TED; aceeasi procedura publicata si sub: 312818-2024,https://ted.europa.eu/en/notice/-/detail/766326-2024
CAN1138133,NU,"Institutul Național de Boli Infecțioase ""Prof. Dr. Matei Balș""",Nova Fit 2000 S.R.L.,900,valoare atribuita (SICAP/OpenTender (valori pe atribuire)),900,SICAP/OpenTender (valori pe atribuire),,,,,,33140000,2024-12-03,24,2026-12-03,"ESTIMAT (24 luni, durata nepublicata)",DA,,,SICAP anunt nr. CAN1138133
CAN1138186,NU,"Institutul Național de Boli Infecțioase ""Prof. Dr. Matei Balș""",SMART MEDICAL SOLUTIONS S.R.L.,33950,valoare atribuita (SICAP/OpenTender (valori pe atribuire)),33950,SICAP/OpenTender (valori pe atribuire),,,,,,33140000,2024-12-03,24,2026-12-03,"ESTIMAT (24 luni, durata nepublicata)",DA,"durata estimata; acelasi spital a atribuit un contract nou aceluiasi castigator la 2024-12-20 (CAN1139289), inainte de expirarea calculata => probabil inlocuit",,SICAP anunt nr. CAN1138186
CAN1138189,NU,"Institutul Național de Boli Infecțioase ""Prof. Dr. Matei Balș""",HELLIMED,220,valoare atribuita (SICAP/OpenTender (valori pe atribuire)),220,SICAP/OpenTender (valori pe atribuire),,,,,,33140000,2024-12-03,24,2026-12-03,"ESTIMAT (24 luni, durata nepublicata)",DA,,,SICAP anunt nr. CAN1138189
CAN1138195,NU,SPITALUL MUNICIPAL DE URGENTA MOINESTI,ALCON ROMANIA S.R.L.,3360,valoare atribuita (SICAP/OpenTender (valori pe atribuire)),3360,SICAP/OpenTender (valori pe atribuire),,,,,,33140000,2024-12-03,24,2026-12-03,"ESTIMAT (24 luni, durata nepublicata)",DA,,,SICAP anunt nr. CAN1138195
CAN1138197,NU,SPITALUL MUNICIPAL DE URGENTA MOINESTI,ALPHA MEDICAL S.R.L.,3900,valoare atribuita (SICAP/OpenTender (valori pe atribuire)),3900,SICAP/OpenTender (valori pe atribuire),,,,,,33140000,2024-12-03,24,2026-12-03,"ESTIMAT (24 luni, durata nepublicata)",DA,,,SICAP anunt nr. CAN1138197
CAN1138200,NU,SPITALUL MUNICIPAL DE URGENTA MOINESTI,ALPHA MEDICAL S.R.L.,1650,valoare atribuita (SICAP/OpenTender (valori pe atribuire)),1650,SICAP/OpenTender (valori pe atribuire),,,,,,33140000,2024-12-03,24,2026-12-03,"ESTIMAT (24 luni, durata nepublicata)",DA,,,SICAP anunt nr. CAN1138200
CAN1138209,NU,SPITALUL MUNICIPAL DE URGENTA MOINESTI,B.BRAUN MEDICAL,10853,valoare atribuita (SICAP/OpenTender (valori pe atribuire)),10853,SICAP/OpenTender (valori pe atribuire),,,,,,33140000,2024-12-04,24,2026-12-04,"ESTIMAT (24 luni, durata nepublicata)",DA,,,SICAP anunt nr. CAN1138209
CAN1138211,NU,SPITALUL MUNICIPAL DE URGENTA MOINESTI,EFARM TOP,143467,valoare atribuita (SICAP/OpenTender (valori pe atribuire)),143467,SICAP/OpenTender (valori pe atribuire),143467,SICAP/OpenTender (valoare procedura),,,MATERIALE SANITARE 10-6,33140000,2024-12-04,24,2026-12-04,"ESTIMAT (24 luni, durata nepublicata)",DA,,,SICAP anunt nr. CAN1138211
CAN1138212,NU,SPITALUL MUNICIPAL DE URGENTA MOINESTI,FRESENIUS KABI ROMANIA S.R.L.,5550,valoare atribuita (SICAP/OpenTender (valori pe atribuire)),5550,SICAP/OpenTender (valori pe atribuire),,,,,,33140000,2024-12-04,24,2026-12-04,"ESTIMAT (24 luni, durata nepublicata)",DA,,,SICAP anunt nr. CAN1138212
CAN1138220,NU,SPITALUL MUNICIPAL DE URGENTA MOINESTI,GENERAL MEDICALS ACTIVE SRL,4735,valoare atribuita (SICAP/OpenTender (valori pe atribuire)),4735,SICAP/OpenTender (valori pe atribuire),,,,,,33140000,2024-12-04,24,2026-12-04,"ESTIMAT (24 luni, durata nepublicata)",DA,,,SICAP anunt nr. CAN1138220
CAN1138222,NU,SPITALUL MUNICIPAL DE URGENTA MOINESTI,MEDICAL TECHNOLOGIES INFINITY,6820,valoare atribuita (SICAP/OpenTender (valori pe atribuire)),6820,SICAP/OpenTender (valori pe atribuire),,,,,,33140000,2024-12-04,24,2026-12-04,"ESTIMAT (24 luni, durata nepublicata)",DA,,,SICAP anunt nr. CAN1138222
CAN1138223,NU,SPITALUL MUNICIPAL DE URGENTA MOINESTI,PAUL HARTMANN,57963,valoare atribuita (SICAP/OpenTender (valori pe atribuire)),57963,SICAP/OpenTender (valori pe atribuire),57963,SICAP/OpenTender (valoare procedura),,,MATERIALE SANITARE 10-10,33140000,2024-12-04,24,2026-12-04,"ESTIMAT (24 luni, durata nepublicata)",DA,,,SICAP anunt nr. CAN1138223
CAN1138229,NU,Spital Clinic Judetean de Urgenta Arad,MEDTRONIC ROMANIA,119309,valoare atribuita (SICAP/OpenTender (valori pe atribuire)),119309,SICAP/OpenTender (valori pe atribuire),119309,SICAP/OpenTender (valoare procedura),,,"Negociere consumabile medicale 3 loturi-lot 1,2",33140000,2024-12-04,24,2026-12-04,"ESTIMAT (24 luni, durata nepublicata)",DA,"durata estimata; acelasi spital a atribuit un contract nou aceluiasi castigator la 2024-12-20 (CAN1139319), inainte de expirarea calculata => probabil inlocuit",,SICAP anunt nr. CAN1138229
CAN1138235,NU,Spital Clinic Judetean de Urgenta Arad,HELLIMED,30300,valoare atribuita (SICAP/OpenTender (valori pe atribuire)),30300,SICAP/OpenTender (valori pe atribuire),,,,,,33140000,2024-12-04,24,2026-12-04,"ESTIMAT (24 luni, durata nepublicata)",DA,"durata estimata; acelasi spital a atribuit un contract nou aceluiasi castigator la 2024-12-20 (CAN1139304), inainte de expirarea calculata => probabil inlocuit",,SICAP anunt nr. CAN1138235
CAN1138243,NU,SPITALUL MUNICIPAL DE URGENTA MOINESTI,PURAMA,2200,valoare atribuita (SICAP/OpenTender (valori pe atribuire)),2200,SICAP/OpenTender (valori pe atribuire),,,,,,33140000,2024-12-04,24,2026-12-04,"ESTIMAT (24 luni, durata nepublicata)",DA,,,SICAP anunt nr. CAN1138243
CAN1138270,NU,SPITALUL MUNICIPAL DE URGENTA MOINESTI,ROMBIOMEDICA S.R.L.,2200,valoare atribuita (SICAP/OpenTender (valori pe atribuire)),2200,SICAP/OpenTender (valori pe atribuire),,,,,,33140000,2024-12-04,24,2026-12-04,"ESTIMAT (24 luni, durata nepublicata)",DA,,,SICAP anunt nr. CAN1138270
CAN1138271,NU,SPITALUL MUNICIPAL DE URGENTA MOINESTI,ROSALVAMED PLUS,5267,valoare atribuita (SICAP/OpenTender (valori pe atribuire)),5267,SICAP/OpenTender (valori pe atribuire),,,,,,33140000,2024-12-04,24,2026-12-04,"ESTIMAT (24 luni, durata nepublicata)",DA,,,SICAP anunt nr. CAN1138271
CAN1138272,NU,SPITALUL MUNICIPAL DE URGENTA MOINESTI,TEHNO ELECTRO MEDICAL COMPANY S.R.L.,1350,valoare atribuita (SICAP/OpenTender (valori pe atribuire)),1350,SICAP/OpenTender (valori pe atribuire),,,,,,33140000,2024-12-04,24,2026-12-04,"ESTIMAT (24 luni, durata nepublicata)",DA,,,SICAP anunt nr. CAN1138272
CAN1138294,NU,"Spitalul Clinic de Urgenta pentru Copii ""Grigore Alexandrescu""",ROMBIOMEDICA S.R.L.,34626,valoare atribuita (SICAP/OpenTender (valori pe atribuire)),34626,SICAP/OpenTender (valori pe atribuire),,,,,,33141121,2024-12-04,24,2026-12-04,"ESTIMAT (24 luni, durata nepublicata)",DA,,,SICAP anunt nr. CAN1138294
CAN1138302,NU,SPITALUL UNIVERSITAR DE URGENTA BUCURESTI,ANGIOSPECTRU MED S.R.L.,193050,valoare atribuita (SICAP/OpenTender (valori pe atribuire)),193050,SICAP/OpenTender (valori pe atribuire),193050,SICAP/OpenTender (valoare procedura),,,Furnizare materiale sanitare specifice compartimentului de Angiografie si Chirurgie Vasculara.,33111710,2024-12-04,24,2026-12-04,"ESTIMAT (24 luni, durata nepublicata)",DA,,,SICAP anunt nr. CAN1138302
CAN1138305,NU,SPITALUL UNIVERSITAR DE URGENTA BUCURESTI,MEDISENS,39000,valoare atribuita (SICAP/OpenTender (valori pe atribuire)),39000,SICAP/OpenTender (valori pe atribuire),,,,,,33111710,2024-12-04,24,2026-12-04,"ESTIMAT (24 luni, durata nepublicata)",DA,,,SICAP anunt nr. CAN1138305
CAN1138311,NU,SPITALUL UNIVERSITAR DE URGENTA BUCURESTI,TECMED,4250,valoare atribuita (SICAP/OpenTender (valori pe atribuire)),4250,SICAP/OpenTender (valori pe atribuire),,,,,,33111710,2024-12-04,24,2026-12-04,"ESTIMAT (24 luni, durata nepublicata)",DA,,,SICAP anunt nr. CAN1138311
SCNA1114656,NU,SPITALUL MUNICIPAL CAREI,ROMBIOMEDICA S.R.L.,,valoare nepublicata,,,,,,,,33141121,2024-12-04,24,2026-12-04,"ESTIMAT (24 luni, durata nepublicata)",DA,,,SICAP anunt nr. SCNA1114656
569861-2026,DA,SPITALUL CLINIC JUDETEAN MURES,LIAMED,129090,valoare atribuita (TED eForms (valoarea totala a rezultatului)),129090,TED eForms (valoarea totala a rezultatului),151260,TED eForms (valoare estimata),,,Contract furnizare aparatura medicala - “ Defibrilator manual”,33182100,2026-08-04,4,2026-12-04,TED eForms (durata publicata),DA,,data = prima incheiere de contract publicata in TED,https://ted.europa.eu/en/notice/-/detail/569861-2026
781019-2024,DA,Spitalul Clinic Municipal de Urgenta Timisoara,ALCA DUO MEDICAL S.R.L. / ALPHA NED 2000 EXIM / BIZMED / DRAEGER ROMANIA / HDL Union / HELLIMED / MEDICAL GRUP / MEDIMPACT / NAFKA GRUP / SH MEDICAL SRL / TMS - TOP MEDICAL SUPPLIER,2252395,valoare maxima a acordului-cadru (TED eForms BT-118 (valoarea maxima a acordului)),99528,TED eForms (valoarea totala a rezultatului),2252395,TED eForms BT-118 (valoarea maxima a acordului),4042500,DA,CIRCUITE SI MASTI ATI,33157000,2024-12-05,24,2026-12-05,TED eForms (durata publicata),DA,,data = prima incheiere de contract publicata in TED; valoare atribuita din anuntul 246800-2025; aceeasi procedura publicata si sub: 246800-2025,https://ted.europa.eu/en/notice/-/detail/781019-2024
CAN1138339,NU,Institutul Oncologic Prof. Dr. I. Chiricuta Cluj-Napoca,BIOSENS MEDICA,184873,valoare atribuita (SICAP/OpenTender (valori pe atribuire)),184873,SICAP/OpenTender (valori pe atribuire),184873,SICAP/OpenTender (valoare procedura),,,Furnizare echipamente medicale,33100000,2024-12-05,24,2026-12-05,"ESTIMAT (24 luni, durata nepublicata)",DA,,,SICAP anunt nr. CAN1138339
450848-2026,DA,SPITALUL MUNICIPAL MEDIAS,A.M.S. 2000 TRADING IMPEX,119500,valoare atribuita (TED eForms (valoarea totala a rezultatului)),119500,TED eForms (valoarea totala a rezultatului),119996,TED eForms (valoare estimata),,,Reluare Lot 3 – In cadrul proiectului privind „ Dotarea laboratorului de microbiologie din cadrul Spitalului Municipal Medias” Cod Proiect: ,33100000,2026-06-05,6,2026-12-05,TED eForms (durata publicata),DA,,data = prima incheiere de contract publicata in TED,https://ted.europa.eu/en/notice/-/detail/450848-2026
753013-2024,DA,Spitalul Județean de Urgență Ploiești,CENSUS GROUP / Klaus Distribution / MY PROVIDER,2726400,valoare maxima a acordului-cadru (TED eForms BT-118 (valoarea maxima a acordului)),,,2726400,TED eForms BT-118 (valoarea maxima a acordului),3072000,DA,HARTIE PROSOP SI IGIENICA ROLA,33763000,2024-12-06,24,2026-12-06,TED eForms (durata publicata),DA,,data = prima incheiere de contract publicata in TED,https://ted.europa.eu/en/notice/-/detail/753013-2024
CAN1138210,NU,SPITALUL MUNICIPAL DE URGENTA MOINESTI,Balton Med,11700,valoare atribuita (SICAP/OpenTender (valori pe atribuire)),11700,SICAP/OpenTender (valori pe atribuire),,,,,,33140000,2024-12-06,24,2026-12-06,"ESTIMAT (24 luni, durata nepublicata)",DA,,,SICAP anunt nr. CAN1138210
CAN1138395,NU,Spitalul Clinic Judetean de Urgenta Targu.Mures,RAPSODIA COM SRL,175115,valoare atribuita (SICAP/OpenTender (valori pe atribuire)),175115,SICAP/OpenTender (valori pe atribuire),175115,SICAP/OpenTender (valoare procedura),,,Contract de furnizare Articole de hartie pentru uz sanitar,33770000,2024-12-06,24,2026-12-06,"ESTIMAT (24 luni, durata nepublicata)",DA,,,SICAP anunt nr. CAN1138395
SCN1156874,NU,SPITALUL JUDETEAN DE URGENTA TARGOVISTE,ADEA PLUS S.R.L.,585534,valoare maxima a acordului-cadru (SICAP/OpenTender (valoare procedura)),571904,SICAP/OpenTender (valori pe atribuire),585534,SICAP/OpenTender (valoare procedura),,DA,Acord cadru furnizare SUTURI CHIRURGICALE,33141121,2024-12-08,24,2026-12-08,"ESTIMAT (24 luni, durata nepublicata)",DA,,inregistrarea SICAP contine un rand total si randuri pe loturi; totalul o singura data,SICAP anunt nr. SCN1156874
13613-2025,DA,Spitalul Municipal Odorheiu Secuiesc,ALLIANCE HEALTHCARE ROMÂNIA SRL / BIO EEL S.R.L. / DR.MAX / FARMACEUTICA REMEDIA DISTRIBUTION & LOGISTICS S.R.L.,11213083,valoare maxima a acordului-cadru (TED eForms BT-118 (valoarea maxima a acordului)),,,11213083,TED eForms BT-118 (valoarea maxima a acordului),14208784,DA,"Acord-cadru de furnizare medicamente din Programul Național HEMOFILIE si TALASEMIE, cod O2.2024, pe o perioadă de 24 de luni",33141530,2024-12-09,24,2026-12-09,TED eForms (durata publicata),DA,,"titlul indica medicamente (CPV 33x publicat de autoritate); data = prima incheiere de contract publicata in TED; aceeasi procedura publicata si sub: 619654-2024, CN1074253",https://ted.europa.eu/en/notice/-/detail/13613-2025
773531-2024,DA,SPITALUL CLINIC JUDETEAN DE URGENTA SF. APOSTOL ANDREI,ALPHA MEDICAL / BOSTON SCIENTIFIC ROMANIA / S.C.MEDICAL GRUP S.R.L. / STRYKER ROMANIA S.R.L.,704571,valoare maxima a acordului-cadru (TED eForms BT-118 (valoarea maxima a acordului)),,,704571,TED eForms BT-118 (valoarea maxima a acordului),729425,DA,FURNIZARE MATERIALE SANITARE PENTRU RADIOLOGIE SI IMAGISTICA - 18 LOTURI,33190000,2024-12-09,24,2026-12-09,TED eForms (durata publicata),DA,,data = prima incheiere de contract publicata in TED,https://ted.europa.eu/en/notice/-/detail/773531-2024
CAN1138564,NU,UM 0929 Bucuresti,EXIMIA MEDICAL,226000,valoare atribuita (SICAP/OpenTender (valori pe atribuire)),226000,SICAP/OpenTender (valori pe atribuire),226000,SICAP/OpenTender (valoare procedura),,,Contract de furnizare oxigenatoare si seturi administrare solutie cardioplegica,33186100,2024-12-09,24,2026-12-09,"ESTIMAT (24 luni, durata nepublicata)",DA,,unitate militara cu profil de spital,SICAP anunt nr. CAN1138564
143202-2025,DA,Ministerul Apararii - Unitatea Militara nr. 02558 Timisoara,ALCA DUO MEDICAL S.R.L. / ALPHA MEDICAL S.R.L. / AXIOMED SOLUTIONS SRL / Arkas Prodexim S.R.L. / B.BRAUN MEDICAL / CONTROL LINE 21 / CRIO - 2 S.R.L. / DACO MEDICAL TECHNOLOGIES SRL / DELUXE MEDICRAFTS SRL / EURODIAGONAL S.R.L. / HELLIMED SRL / Johnson & Johnson Romania SRL / KAPAMED INTERNATIONAL SRL / Kembli Med / Lumamed Health&Care SRL / MEDTRONIC ROMANIA SRL / Medical Express S.R.L. / NANO BIO MEDICAL S.R.L. / PAUL HARTMANN SRL / ROMBIOMEDICA / S.C. ELMED MEDICALS.R.L. / S.C.MEDICAL GRUP S.R.L. / SH MEDICAL SRL / THREE PHARM / TIS FARMACEUTIC S.A. / TMS - TOP MEDICAL SUPPLIER SRL / TRANS-MENTOR S.R.L. / X-Lab Solutions S.R.L. / ZENMED SOLUTIONS,2281959,valoare maxima a acordului-cadru (TED eForms BT-118 (valoarea maxima a acordului)),,,2281959,TED eForms BT-118 (valoarea maxima a acordului),4445610,DA,Acord- cadru de furnizare materiale sanitare,33140000,2024-12-10,24,2026-12-10,TED eForms (durata publicata),DA,,unitate militara cu profil de spital; data = prima incheiere de contract publicata in TED,https://ted.europa.eu/en/notice/-/detail/143202-2025
792794-2024,DA,SPITALUL CLINIC DE BOLI INFECTIOASE SI PNEUMOFTIZIOLOGIE DR VICTOR BABES TIMISOARA,ALPHA MEDICAL / CARDIOTECH / DRAEGER ROMANIA / DUTCHMED S.R.L. / GENERAL ELECTRIC MEDICAL SYSTEMS ROMANIA / HELLIMED / INFOMED FLUIDS S.R.L. / KARL STORZ ENDOSCOPIA ROMANIA / MEDTRONIC ROMANIA / SMART MEDICAL SOLUTIONS / TEHNOPLUS MEDICAL / VIVAS INTERNATIONAL,32066794,valoare maxima a acordului-cadru (TED eForms BT-118 (valoarea maxima a acordului)),2735575,TED eForms (valoarea totala a rezultatului),32066794,TED eForms BT-118 (valoarea maxima a acordului),32216260,DA,Achizitia de echipamente medicale aferente dotarii a Spitalul de Boli Infectioase si Pneumoftiziologie dr.Victor Babes Timisoara,33100000,2024-12-10,24,2026-12-10,TED eForms (durata publicata),DA,,"data = prima incheiere de contract publicata in TED; valoare atribuita din anuntul 870747-2025; aceeasi procedura publicata si sub: 510816-2024, 870747-2025",https://ted.europa.eu/en/notice/-/detail/792794-2024
507574-2026,DA,"Spital Clinic Municipal ""Filantropia"" Craiova",ACVAROM INTERNATIONAL,12599704,valoare maxima a acordului-cadru (TED eForms BT-118 (valoarea maxima a acordului)),,,12599704,TED eForms BT-118 (valoarea maxima a acordului),12599714,DA,Acord Cadru Aparatura Medicala,33100000,2026-06-10,6,2026-12-10,TED eForms (durata publicata),DA,,data = prima incheiere de contract publicata in TED,https://ted.europa.eu/en/notice/-/detail/507574-2026
43361-2024,DA,SPITALUL JUDETEAN DE URGENTA ZALAU,THREE PHARM,814515,valoare maxima a acordului-cadru (TED eForms (suma valorilor maxime pe loturi)),,,814515,TED eForms (suma valorilor maxime pe loturi),814515,DA,PACHET PENTRU PROCEDURILE DE SUPLEERE RENALA SI STARI SEPTICE,33181520,2023-12-11,36,2026-12-11,TED eForms (durata publicata),DA,,data = prima incheiere de contract publicata in TED; aceeasi procedura publicata si sub: CN1061917,https://ted.europa.eu/en/notice/-/detail/43361-2024
769673-2023,DA,Spitalul Clinic Colentina,BIO TECHNIC ROMANIA S.R.L. / MEDICAL ORTOVIT / STRYKER ROMANIA S.R.L. / ZIMMER BIOMET ROMANIA,56934358,valoare maxima a acordului-cadru (TED eForms (suma valorilor maxime pe loturi)),,,56934358,TED eForms (suma valorilor maxime pe loturi),58648260,DA,„FURNIZARE MATERIALE SPECIFICE PENTRU CHIRURGIA ARTICULARĂ – ARTROPLASTIE PENTRU SECȚIA ORTOPEDIE DIN CADRUL SPITALULUI CLINIC COLENTINA”,33140000,2023-12-11,36,2026-12-11,TED eForms (durata publicata),DA,,data = prima incheiere de contract publicata in TED,https://ted.europa.eu/en/notice/-/detail/769673-2023
836146-2025,DA,INSTITUTUL NATIONAL DE ENDOCRINOLOGIE C.I. PARHON,MEDIST IMAGING & P.O.C.,1092400,valoare atribuita (TED eForms (valoarea totala a rezultatului)),1092400,TED eForms (valoarea totala a rezultatului),,,,,Furnizare aparatura medicala -ECOGRAFE,33112200,2025-12-11,12,2026-12-11,TED eForms (durata publicata),DA,,data = prima incheiere de contract publicata in TED,https://ted.europa.eu/en/notice/-/detail/836146-2025
CAN1138762,NU,SPITALUL MUNICIPAL DE URGENTA MOINESTI,AVENA MEDICA S.R.L.,6015,valoare atribuita (SICAP/OpenTender (valori pe atribuire)),6015,SICAP/OpenTender (valori pe atribuire),,,,,,33141000,2024-12-12,24,2026-12-12,"ESTIMAT (24 luni, durata nepublicata)",DA,,,SICAP anunt nr. CAN1138762
CAN1138766,NU,SPITALUL MUNICIPAL DE URGENTA MOINESTI,AXIOMED SOLUTIONS SRL,19795,valoare atribuita (SICAP/OpenTender (valori pe atribuire)),19795,SICAP/OpenTender (valori pe atribuire),,,,,,33141000,2024-12-12,24,2026-12-12,"ESTIMAT (24 luni, durata nepublicata)",DA,,,SICAP anunt nr. CAN1138766
CAN1138768,NU,SPITALUL MUNICIPAL DE URGENTA MOINESTI,ENGLOBER S.R.L.,31996,valoare atribuita (SICAP/OpenTender (valori pe atribuire)),31996,SICAP/OpenTender (valori pe atribuire),,,,,,33141000,2024-12-12,24,2026-12-12,"ESTIMAT (24 luni, durata nepublicata)",DA,,,SICAP anunt nr. CAN1138768
CAN1138772,NU,SPITALUL MUNICIPAL DE URGENTA MOINESTI,MEDICLIM S.R.L.,48684,valoare atribuita (SICAP/OpenTender (valori pe atribuire)),48684,SICAP/OpenTender (valori pe atribuire),,,,,,33141000,2024-12-12,24,2026-12-12,"ESTIMAT (24 luni, durata nepublicata)",DA,,,SICAP anunt nr. CAN1138772
CAN1138774,NU,SPITALUL MUNICIPAL DE URGENTA MOINESTI,Sante International S.A.,270714,valoare atribuita (SICAP/OpenTender (valori pe atribuire)),270714,SICAP/OpenTender (valori pe atribuire),,,,,Consumabile medicale nechimice de unica folosinta si consumabile hematologice IV 5,33141000,2024-12-12,24,2026-12-12,"ESTIMAT (24 luni, durata nepublicata)",DA,,valoarea procedurii din SICAP/OpenTender (27.071.411 RON) ignorata: de peste 20 de ori valoarea atribuita (probabil eroare de unitate),SICAP anunt nr. CAN1138774
CAN1138782,NU,SPITALUL MUNICIPAL DE URGENTA MOINESTI,TUNIC PROD S.R.L.,10400,valoare atribuita (SICAP/OpenTender (valori pe atribuire)),10400,SICAP/OpenTender (valori pe atribuire),,,,,,33141000,2024-12-12,24,2026-12-12,"ESTIMAT (24 luni, durata nepublicata)",DA,,,SICAP anunt nr. CAN1138782
SCN1147653,NU,SPITALUL DE PSIHIATRIE SI PENTRU MASURI DE SIGURANTA JEBEL,BIOLIFE GRUP S.R.L.,443720,valoare atribuita (SICAP/OpenTender (valori pe atribuire)),443720,SICAP/OpenTender (valori pe atribuire),443720,SICAP/OpenTender (valoare procedura),,,Furnizare mobilier medicalizat,33192000,2024-12-12,24,2026-12-12,"ESTIMAT (24 luni, durata nepublicata)",DA,,,SICAP anunt nr. SCN1147653
588193-2026,DA,SPITALUL JUDETEAN DE URGENTA SLATINA,ACVAROM INTERNATIONAL / ALIO MED SOLUTIONS S.R.L. / HELLIMED,3862820,valoare atribuita (TED eForms (valoarea totala a rezultatului)),3862820,TED eForms (valoarea totala a rezultatului),3876033,TED eForms (valoare estimata),,,Achizitia de echipamente medicale,33100000,2026-08-12,4,2026-12-12,TED eForms (durata publicata),DA,,data = prima incheiere de contract publicata in TED,https://ted.europa.eu/en/notice/-/detail/588193-2026
13382-2025,DA,"SPITALUL JUDETEAN DE URGENTA ""SFANTA CHIRIACHI"" VASLUI",BIO TECHNIC ROMANIA S.R.L. / MEDICAL ORTOVIT / STRYKER ROMANIA S.R.L. / VALDOMEDICA TRADING / ZIMMER BIOMET ROMANIA,25647050,valoare maxima a acordului-cadru (TED eForms BT-118 (valoarea maxima a acordului)),,,25647050,TED eForms BT-118 (valoarea maxima a acordului),42923936,DA,Proteze ortopedice 2024-2026,33183200,2024-12-13,24,2026-12-13,TED eForms (durata publicata),DA,,"data = prima incheiere de contract publicata in TED; aceeasi procedura publicata si sub: 605364-2024, CN1073926",https://ted.europa.eu/en/notice/-/detail/13382-2025
784364-2024,DA,SPITALUL JUDETEAN DE URGENTA DROBETA TURNU SEVERIN,MEDTRONIC ROMANIA SRL,17425050,valoare maxima a acordului-cadru (TED eForms BT-118 (valoarea maxima a acordului)),,,17425050,TED eForms BT-118 (valoarea maxima a acordului),17425050,DA,"A.C. de furnizare kituri de initiere pompa de insulina augumentata cu senzori de monitorizare continua a glicemiei, cons. pompa de insulina ",33140000,2024-12-13,24,2026-12-13,TED eForms (durata publicata),DA,,data = prima incheiere de contract publicata in TED,https://ted.europa.eu/en/notice/-/detail/784364-2024
84121-2025,DA,"Spitalul Clinic Judetean de Urgenta""Sfantul Apostol Andrei""",BOSTON SCIENTIFIC ROMANIA / DELUXE MEDICRAFTS / EXIMIA MEDICAL / INNOVOTECH S.R.L. / L&P MEDICAL / LIFETECH CONSULTING / MEDI -TECH BUSINESS / MEDICAL DEVICES & DIAGNOSTICS / MEDTRONIC ROMANIA / MEGACONS-BRILLAGO / QUANTUSMED / SC JUSTIR DESIGN SRL / STARSHIP ENTERPRISE S.R.L. / TECMED,9152800,valoare maxima a acordului-cadru (TED eForms BT-118 (valoarea maxima a acordului)),,,9152800,TED eForms BT-118 (valoarea maxima a acordului),15115960,DA,"Materiale Angiograf pentru cardiostimulare, coronarografii si angioplastii",33111730,2024-12-13,24,2026-12-13,TED eForms (durata publicata),DA,,data = prima incheiere de contract publicata in TED,https://ted.europa.eu/en/notice/-/detail/84121-2025
3414-2023,DA,SPITALUL CLINIC JUDETEAN DE URGENTA BRASOV,HELLIMED / MEDICAL DEVICES & DIAGNOSTICS,17455200,valoare maxima a acordului-cadru (TED F02 (valoare estimata totala)),17341440,TED F03 (II.1.7 valoarea totala a achizitiei),17455200,TED F02 (valoare estimata totala),,DA,MATERIALE SANITARE ELECTROFIZIOLOGIE COMPLEXĂ,33182210,2022-12-14,48,2026-12-14,TED F02 (durata publicata),DA,,data = prima incheiere de contract publicata in TED,https://ted.europa.eu/en/notice/-/detail/3414-2023
712156-2022,DA,SPITAL CLINIC JUDETEAN DE URGENTA ORADEA,INFOMED FLUIDS S.R.L.,3132712,valoare maxima a acordului-cadru (TED eForms (valoare estimata)),859002,TED eForms (valoarea totala a rezultatului),3132712,TED eForms (valoare estimata),3132712,DA,Consumabile pentru aparat de epurare sanguina extracorporeala continua cu punere la dispozitie a unui aparat,33181520,2022-12-14,48,2026-12-14,TED eForms (durata publicata),DA,,"data = prima incheiere de contract publicata in TED; cea mai mare valoare totala publicata dintre 13 anunturi de atribuire (din anuntul 435588-2026; valorile pe anunturi pot fi partiale sau cumulative); aceeasi procedura publicata si sub: 604851-2023, 373369-2024, 383895-2024, 627428-2024, 793828-2024, 104606-2025, 195113-2025, 400211-2025, 140874-2026, 216464-2026, 435588-2026, 508009-2025, 839041-2025",https://ted.europa.eu/en/notice/-/detail/712156-2022
643867-2026,DA,"INSTITUTUL CLINIC DE URGENTE OFTALMOLOGICE ""PROF. DR. MIRCEA OLTEANU"" BUCURESTI",Carl Zeiss Instruments / Integra Medical Business / OPTIMED / ROMGER GENERAL TRADE & CONSULTING S.R.L. / SPECTRA VISION SRL,5256570,valoare atribuita (TED eForms (valoarea totala a rezultatului)),5256570,TED eForms (valoarea totala a rezultatului),5295041,TED eForms (valoare estimata),,,furnizare aparatura si echipamente medicale,33122000,2026-09-14,3,2026-12-14,TED eForms (durata publicata),DA,,data = prima incheiere de contract publicata in TED,https://ted.europa.eu/en/notice/-/detail/643867-2026
432368-2026,DA,"SPITALUL JUDETEAN DE URGENTA""DR. CONSTANTIN OPRIS"" BAIA MARE",HELLIMED / Integra Medical Business / SANPRODMED S.R.L.,3621020,valoare atribuita (TED eForms (valoarea totala a rezultatului)),3621020,TED eForms (valoarea totala a rezultatului),3630294,TED eForms (valoare estimata),,,Achiziția de echipamente 3 loturi in cadrul proiectului “ Creșterea capacității de tratament al pacienților cardiaci critici în cadrul Spita,33100000,2026-06-15,6,2026-12-15,TED eForms (durata publicata),DA,,data = prima incheiere de contract publicata in TED,https://ted.europa.eu/en/notice/-/detail/432368-2026
455342-2026,DA,SPITALUL MUNICIPAL AIUD,E-LABORATOR FEERIA S.R.L. / Novaintermed,1768800,valoare atribuita (TED eForms (valoarea totala a rezultatului)),1768800,TED eForms (valoarea totala a rezultatului),2020523,TED eForms (valoare estimata),,,"Reluare achizitie LOT 1, LOT 4 si LOT 5 - - In cadrul proiectului privind “DOTAREA COMPARTIMENTULUI DE MICROBIOLOGIE DIN CADRUL LABORATORULU",33100000,2026-06-15,6,2026-12-15,TED eForms (durata publicata),DA,,data = prima incheiere de contract publicata in TED; cea mai mare valoare totala publicata dintre 2 anunturi de atribuire (din anuntul 455342-2026; valorile pe anunturi pot fi partiale sau cumulative); aceeasi procedura publicata si sub: 605751-2026,https://ted.europa.eu/en/notice/-/detail/455342-2026
728892-2022,DA,SPITALUL ORASENESC BREZOI,BLUEBOX MEDICAL / BPM TEHNOLOGICA / Integra Medical Business / PAPAPOSTOLOU S.R.L / TETRA MED INSPIRE,10985954,valoare maxima a acordului-cadru (TED F02 (valoare estimata totala)),10329846,TED F03 (II.1.7 valoarea totala a achizitiei),10985954,TED F02 (valoare estimata totala),,DA,ACHIZIȚIE ECHIPAMENTE ȘI APARATURĂ MEDICALĂ,33100000,2022-12-16,48,2026-12-16,TED F02 (durata publicata),DA,,data = prima incheiere de contract publicata in TED; aceeasi procedura publicata si sub: 471381-2022,https://ted.europa.eu/en/notice/-/detail/728892-2022
CAN1137754,NU,Spitalul Judetean de Urgenta Tulcea,CREATIVE & INNOVATIVE MANAGEMENT / ROMBIOMEDICA S.R.L.,1966134,valoare atribuita (SICAP/OpenTender (valori pe atribuire)),1966134,SICAP/OpenTender (valori pe atribuire),,,,,,33100000,2024-12-16,24,2026-12-16,"ESTIMAT (24 luni, durata nepublicata)",DA,,suma loturi,SICAP anunt nr. CAN1137754
CAN1138911,NU,Spitalul Judetean de Urgenta Tulcea,HEXAMEDICAL HEALTH,44537,valoare atribuita (SICAP/OpenTender (valori pe atribuire)),44537,SICAP/OpenTender (valori pe atribuire),,,,,,33141121,2024-12-16,24,2026-12-16,"ESTIMAT (24 luni, durata nepublicata)",DA,,,SICAP anunt nr. CAN1138911
615750-2026,DA,Spitalul Clinic Judetean de Urgenta Craiova,ROCHE ROMANIA,3850000,valoare maxima a acordului-cadru (TED eForms BT-118 (valoarea maxima a acordului)),,,3850000,TED eForms BT-118 (valoarea maxima a acordului),3850000,DA,Consumabile pentru sistemele de monitorizare continuă a glicemiei existente (Accu Check Smart Guide),33140000,2025-12-16,12,2026-12-16,TED eForms (durata publicata),DA,,data = prima incheiere de contract publicata in TED,https://ted.europa.eu/en/notice/-/detail/615750-2026
857318-2025,DA,Ministerul Apararii - U.M 02175 Constanta,ALPHA MEDICAL S.R.L. / CO&CO Consumer 2002 S.R.L. / CORAMED MEDIZINISCHE PRODUKTE / CRIO - 2 S.R.L. / DELUXE MEDICRAFTS SRL / DEMOPHORIUS HEALTHCARE SRL / Dyomedica CND SRL / MLM MEDICAL S.R.L. / PAUL HARTMANN SRL / RAMIDO STAFF S.R.L. / VALDOMEDICA TRADING SRL,1654339,valoare maxima a acordului-cadru (TED eForms BT-118 (valoarea maxima a acordului)),133153,TED eForms (valoarea totala a rezultatului),1654339,TED eForms BT-118 (valoarea maxima a acordului),2582468,DA,Acord cadru materiale bloc operator,33141122,2025-12-16,12,2026-12-16,TED eForms (durata publicata),DA,,"unitate militara cu profil de spital; data = prima incheiere de contract publicata in TED; cea mai mare valoare totala publicata dintre 2 anunturi de atribuire (din anuntul 465160-2026; valorile pe anunturi pot fi partiale sau cumulative); aceeasi procedura publicata si sub: 221563-2026, 465160-2026",https://ted.europa.eu/en/notice/-/detail/857318-2025
785342-2024,DA,"SPITALUL JUDETEAN DE URGENTA""DR. CONSTANTIN OPRIS"" BAIA MARE",DELUXE MEDICRAFTS / MEGACONS-BRILLAGO,821664,valoare maxima a acordului-cadru (TED eForms BT-118 (valoarea maxima a acordului)),364518,TED eForms (valoarea totala a rezultatului),821664,TED eForms BT-118 (valoarea maxima a acordului),1441123,DA,ACORD CADRU FURNIZARE SERINGI SI ACE UF,33141320,2024-12-17,24,2026-12-17,TED eForms (durata publicata),DA,,data = prima incheiere de contract publicata in TED; valoare atribuita din anuntul 168674-2026; aceeasi procedura publicata si sub: 168674-2026,https://ted.europa.eu/en/notice/-/detail/785342-2024
SCN1152577,NU,"Spitalul Clinic Judetean de Urgenta""Sfantul Apostol Andrei""",HELLIMED,410000,valoare atribuita (SICAP/OpenTender (valori pe atribuire)),410000,SICAP/OpenTender (valori pe atribuire),410000,SICAP/OpenTender (valoare procedura),,,Masa operatii chirurgie interventionala,33192230,2024-12-17,24,2026-12-17,"ESTIMAT (24 luni, durata nepublicata)",DA,,,SICAP anunt nr. SCN1152577
143504-2024,DA,SPITALUL JUDETEAN DE URGENTA SLATINA,DELUXE MEDICRAFTS / Limas Group S.R.L. / TEHNOPLUS MEDICAL / TZMO ROMANIA / VETRO DESIGN S.R.L. / DELUXE CARDS,1134843,valoare maxima a acordului-cadru (TED eForms BT-118 (valoarea maxima a acordului)),1187614,TED eForms (valoarea totala a rezultatului),1134843,TED eForms BT-118 (valoarea maxima a acordului),1813012,DA,achizitie consumabile sterilizare,33140000,2023-12-18,36,2026-12-18,TED eForms (durata publicata),DA,,"data = prima incheiere de contract publicata in TED; cea mai mare valoare totala publicata dintre 2 anunturi de atribuire (din anuntul 146293-2026; valorile pe anunturi pot fi partiale sau cumulative); aceeasi procedura publicata si sub: 90680-2025, 29635-2024, 146293-2026; valoarea atribuita publicata depaseste valoarea maxima publicata (asa apar in anunturi)",https://ted.europa.eu/en/notice/-/detail/143504-2024
564190-2024,DA,Spitalul Orasenesc Corabia,Integra Medical Business,2499600,valoare atribuita (TED eForms (valoarea totala a rezultatului)),2499600,TED eForms (valoarea totala a rezultatului),,,,,ACHIZIȚIE APARATURĂ ȘI ECHIPAMENTE MEDICALE,33100000,2024-09-18,27,2026-12-18,TED eForms (durata publicata),DA,,data = prima incheiere de contract publicata in TED,https://ted.europa.eu/en/notice/-/detail/564190-2024
CAN1139106,NU,SPITALUL UNIVERSITAR DE URGENTA BUCURESTI,CO&CO Consumer 2002 S.R.L.,40300,valoare atribuita (SICAP/OpenTender (valori pe atribuire)),40300,SICAP/OpenTender (valori pe atribuire),,,,,,33700000,2024-12-18,24,2026-12-18,"ESTIMAT (24 luni, durata nepublicata)",DA,,,SICAP anunt nr. CAN1139106
CAN1139113,NU,SPITALUL UNIVERSITAR DE URGENTA BUCURESTI,NOVOMED INTERNATIONAL SRL,96695,valoare atribuita (SICAP/OpenTender (valori pe atribuire)),96695,SICAP/OpenTender (valori pe atribuire),,,,,,33141620,2024-12-18,24,2026-12-18,"ESTIMAT (24 luni, durata nepublicata)",DA,,,SICAP anunt nr. CAN1139113
CAN1139116,NU,SPITALUL UNIVERSITAR DE URGENTA BUCURESTI,PRIME HEALTHCARE S.R.L.,129200,valoare atribuita (SICAP/OpenTender (valori pe atribuire)),129200,SICAP/OpenTender (valori pe atribuire),,,,,,33140000,2024-12-18,24,2026-12-18,"ESTIMAT (24 luni, durata nepublicata)",DA,"durata estimata; acelasi spital a atribuit un contract nou aceluiasi castigator la 2024-12-19 (CAN1139268), inainte de expirarea calculata => probabil inlocuit",,SICAP anunt nr. CAN1139116
44915-2024,DA,SPITALUL JUDETEAN DE URGENTA ZALAU,CRIO - 2 S.R.L. / DELUXE MEDICRAFTS / NOVITRADE / PRODCONFARM S.R.L. / SANROTEX TRADING SRL / TZMO ROMANIA,1757550,valoare maxima a acordului-cadru (TED eForms (suma valorilor maxime pe loturi)),,,1757550,TED eForms (suma valorilor maxime pe loturi),2410700,DA,MATERIALE SANITARE DIN TIFON,33141114,2023-12-19,36,2026-12-19,TED eForms (durata publicata),DA,,data = prima incheiere de contract publicata in TED,https://ted.europa.eu/en/notice/-/detail/44915-2024
50703-2025,DA,MINISTERUL APARARII UM 02534 IASI,A.M.S. 2000 TRADING IMPEX S.R.L. / ALPHA MEDICAL S.R.L. / AVENA MEDICA S.R.L. / AXIOMED SOLUTIONS SRL / BIOSYSTEMS DIAGNOSTIC S.R.L. / BIZMED SRL / CLINI-LAB / COMINF SRL / CRIO - 2 S.R.L. / DDS Diagnostic / DELUXE MEDICRAFTS SRL / DIALAB SOLUTIONS / HELLIMED SRL / HYPO TECH & CONSULTING SRL / INPOINT MEDICARE / INVIBIO CONSULTING / KARL STORZ ENDOSCOPIA ROMANIA / Kembli Med / LIAMED / LUAN VISION SRL / Limas Group S.R.L. / MED4LIFE SUPPLIER / MEDI -TECH BUSINESS SRL / MEDTRONIC ROMANIA SRL / Medical Corp S.R.L. / Medist / NOVA FIT 2000 / NOVENTIS International / PARTNERS MEDICAL SOLUTION S.R.L. / PAUL HARTMANN SRL / PHM COMSERV S.R.L. / RAFI MEDICAL / RAMIDO STAFF S.R.L. / S.C. Filtre Aer Curat S.R.L. S.R.L. / S.C. Medplaza Health S.R.L. / S.C.MEDICAL GRUP S.R.L. / SH MEDICAL SRL / STERIL ROMANIA SRL / STERISACO / TODY LABORATORIES MED / TUNIC PROD S.R.L. / VETRO DESIGN S.R.L.,2680508,valoare maxima a acordului-cadru (TED eForms BT-118 (valoarea maxima a acordului)),150456,TED eForms (valoarea totala a rezultatului),2680508,TED eForms BT-118 (valoarea maxima a acordului),3356520,DA,Acord - cadru (24 luni) pentru furnizarea de materiale sanitare farmaceutice și pentru laborator și diagnostic cu 3 operatori economici,33141000,2024-12-19,24,2026-12-19,TED eForms (durata publicata),DA,,"unitate militara cu profil de spital; data = prima incheiere de contract publicata in TED; valoare atribuita din anuntul 194856-2025; aceeasi procedura publicata si sub: 477584-2024, 123693-2025, 194856-2025",https://ted.europa.eu/en/notice/-/detail/50703-2025
CAN1139174,NU,SPITALUL CLINIC JUDETEAN DE URGENTA SIBIU,MEDTRONIC ROMANIA,357319,valoare atribuita (SICAP/OpenTender (valori pe atribuire)),357319,SICAP/OpenTender (valori pe atribuire),,,,,,33140000,2024-12-19,24,2026-12-19,"ESTIMAT (24 luni, durata nepublicata)",DA,,,SICAP anunt nr. CAN1139174
CAN1139190,NU,SPITALUL UNIVERSITAR DE URGENTA BUCURESTI,TIMBERSTAR S.R.L.,1035,valoare atribuita (SICAP/OpenTender (valori pe atribuire)),1035,SICAP/OpenTender (valori pe atribuire),,,,,,33141116,2024-12-19,24,2026-12-19,"ESTIMAT (24 luni, durata nepublicata)",DA,,,SICAP anunt nr. CAN1139190
CAN1139195,NU,SPITALUL UNIVERSITAR DE URGENTA BUCURESTI,Balton Med,2400,valoare atribuita (SICAP/OpenTender (valori pe atribuire)),2400,SICAP/OpenTender (valori pe atribuire),,,,,,33141200,2024-12-19,24,2026-12-19,"ESTIMAT (24 luni, durata nepublicata)",DA,,,SICAP anunt nr. CAN1139195
CAN1139198,NU,SPITALUL UNIVERSITAR DE URGENTA BUCURESTI,PAUL HARTMANN,1000,valoare atribuita (SICAP/OpenTender (valori pe atribuire)),1000,SICAP/OpenTender (valori pe atribuire),,,,,,33141112,2024-12-19,24,2026-12-19,"ESTIMAT (24 luni, durata nepublicata)",DA,,,SICAP anunt nr. CAN1139198
CAN1139200,NU,SPITALUL UNIVERSITAR DE URGENTA BUCURESTI,KARISSMED TRADE SRL,250,valoare atribuita (SICAP/OpenTender (valori pe atribuire)),250,SICAP/OpenTender (valori pe atribuire),,,,,,33141625,2024-12-19,24,2026-12-19,"ESTIMAT (24 luni, durata nepublicata)",DA,,,SICAP anunt nr. CAN1139200
CAN1139202,NU,SPITAL CLINIC JUDETEAN DE URGENTA BIHOR,TECMED,82060,valoare atribuita (SICAP/OpenTender (valori pe atribuire)),82060,SICAP/OpenTender (valori pe atribuire),,,,,,33111710,2024-12-19,24,2026-12-19,"ESTIMAT (24 luni, durata nepublicata)",DA,,,SICAP anunt nr. CAN1139202
CAN1139205,NU,SPITAL CLINIC JUDETEAN DE URGENTA BIHOR,MEDICAL DEVICES & DIAGNOSTICS,69151,valoare atribuita (SICAP/OpenTender (valori pe atribuire)),69151,SICAP/OpenTender (valori pe atribuire),,,,,,33111710,2024-12-19,24,2026-12-19,"ESTIMAT (24 luni, durata nepublicata)",DA,,,SICAP anunt nr. CAN1139205
CAN1139207,NU,SPITAL CLINIC JUDETEAN DE URGENTA BIHOR,EXIMIA MEDICAL,79225,valoare atribuita (SICAP/OpenTender (valori pe atribuire)),79225,SICAP/OpenTender (valori pe atribuire),,,,,,33111710,2024-12-19,24,2026-12-19,"ESTIMAT (24 luni, durata nepublicata)",DA,,,SICAP anunt nr. CAN1139207
CAN1139208,NU,SPITAL CLINIC JUDETEAN DE URGENTA BIHOR,MEDTRONIC ROMANIA,62700,valoare atribuita (SICAP/OpenTender (valori pe atribuire)),62700,SICAP/OpenTender (valori pe atribuire),,,,,,33111710,2024-12-19,24,2026-12-19,"ESTIMAT (24 luni, durata nepublicata)",DA,,,SICAP anunt nr. CAN1139208
CAN1139210,NU,SPITAL CLINIC JUDETEAN DE URGENTA BIHOR,MEGACONS-BRILLAGO,11228,valoare atribuita (SICAP/OpenTender (valori pe atribuire)),11228,SICAP/OpenTender (valori pe atribuire),,,,,,33111710,2024-12-19,24,2026-12-19,"ESTIMAT (24 luni, durata nepublicata)",DA,,,SICAP anunt nr. CAN1139210
CAN1139213,NU,SPITAL CLINIC JUDETEAN DE URGENTA BIHOR,MEDICAL TECHNOLOGIES WORLD SRL,58,valoare atribuita (SICAP/OpenTender (valori pe atribuire)),58,SICAP/OpenTender (valori pe atribuire),,,,,,33111710,2024-12-19,24,2026-12-19,"ESTIMAT (24 luni, durata nepublicata)",DA,"valoare publicata implauzibil de mica (sub 100 RON); este valoarea din inregistrare, posibil eroare de unitate",,SICAP anunt nr. CAN1139213
CAN1139216,NU,SPITAL CLINIC JUDETEAN DE URGENTA BIHOR,NEURO MED THERAPY,81080,valoare atribuita (SICAP/OpenTender (valori pe atribuire)),81080,SICAP/OpenTender (valori pe atribuire),,,,,,33111710,2024-12-19,24,2026-12-19,"ESTIMAT (24 luni, durata nepublicata)",DA,,,SICAP anunt nr. CAN1139216
CAN1139219,NU,SPITALUL UNIVERSITAR DE URGENTA BUCURESTI,B.BRAUN MEDICAL,10518,valoare atribuita (SICAP/OpenTender (valori pe atribuire)),10518,SICAP/OpenTender (valori pe atribuire),,,,,,33171000,2024-12-19,24,2026-12-19,"ESTIMAT (24 luni, durata nepublicata)",DA,,,SICAP anunt nr. CAN1139219
CAN1139224,NU,SPITALUL UNIVERSITAR DE URGENTA BUCURESTI,EVOREVO,1663,valoare atribuita (SICAP/OpenTender (valori pe atribuire)),1663,SICAP/OpenTender (valori pe atribuire),,,,,,33182240,2024-12-19,24,2026-12-19,"ESTIMAT (24 luni, durata nepublicata)",DA,"durata estimata; acelasi spital a atribuit un contract nou aceluiasi castigator la 2024-12-20 (CAN1139357), inainte de expirarea calculata => probabil inlocuit",,SICAP anunt nr. CAN1139224
CAN1139228,NU,SPITAL CLINIC JUDETEAN DE URGENTA BIHOR,INNOVOTECH S.R.L.,42680,valoare atribuita (SICAP/OpenTender (valori pe atribuire)),42680,SICAP/OpenTender (valori pe atribuire),,,,,,33111710,2024-12-19,24,2026-12-19,"ESTIMAT (24 luni, durata nepublicata)",DA,,,SICAP anunt nr. CAN1139228
CAN1139230,NU,SPITAL CLINIC JUDETEAN DE URGENTA BIHOR,BOSTON SCIENTIFIC ROMANIA,183170,valoare atribuita (SICAP/OpenTender (valori pe atribuire)),183170,SICAP/OpenTender (valori pe atribuire),,,,,,33111710,2024-12-19,24,2026-12-19,"ESTIMAT (24 luni, durata nepublicata)",DA,,,SICAP anunt nr. CAN1139230
CAN1139249,NU,SPITALUL UNIVERSITAR DE URGENTA BUCURESTI,NOVITRADE S.R.L.,47408,valoare atribuita (SICAP/OpenTender (valori pe atribuire)),47408,SICAP/OpenTender (valori pe atribuire),,,,,,33141310,2024-12-19,24,2026-12-19,"ESTIMAT (24 luni, durata nepublicata)",DA,"durata estimata; acelasi spital a atribuit un contract nou aceluiasi castigator la 2024-12-20 (CAN1139354), inainte de expirarea calculata => probabil inlocuit",,SICAP anunt nr. CAN1139249
CAN1139251,NU,SPITALUL UNIVERSITAR DE URGENTA BUCURESTI,ARTISANA MEDICAL S.R.L.,1519,valoare atribuita (SICAP/OpenTender (valori pe atribuire)),1519,SICAP/OpenTender (valori pe atribuire),,,,,,33141300,2024-12-19,24,2026-12-19,"ESTIMAT (24 luni, durata nepublicata)",DA,"durata estimata; acelasi spital a atribuit un contract nou aceluiasi castigator la 2024-12-20 (CAN1139350), inainte de expirarea calculata => probabil inlocuit",,SICAP anunt nr. CAN1139251
CAN1139255,NU,SPITALUL UNIVERSITAR DE URGENTA BUCURESTI,ALPHA MEDICAL S.R.L.,11185,valoare atribuita (SICAP/OpenTender (valori pe atribuire)),11185,SICAP/OpenTender (valori pe atribuire),,,,,,33171000,2024-12-19,24,2026-12-19,"ESTIMAT (24 luni, durata nepublicata)",DA,,,SICAP anunt nr. CAN1139255
CAN1139268,NU,SPITALUL UNIVERSITAR DE URGENTA BUCURESTI,PRIME HEALTHCARE S.R.L.,67948,valoare atribuita (SICAP/OpenTender (valori pe atribuire)),67948,SICAP/OpenTender (valori pe atribuire),,,,,,33141641,2024-12-19,24,2026-12-19,"ESTIMAT (24 luni, durata nepublicata)",DA,,,SICAP anunt nr. CAN1139268
CAN1139273,NU,SPITALUL UNIVERSITAR DE URGENTA BUCURESTI,VELMED INTERNATIONAL,18330,valoare atribuita (SICAP/OpenTender (valori pe atribuire)),18330,SICAP/OpenTender (valori pe atribuire),,,,,,33141118,2024-12-19,24,2026-12-19,"ESTIMAT (24 luni, durata nepublicata)",DA,,,SICAP anunt nr. CAN1139273
456373-2026,DA,Spitalul Municipal de Urgenta Roman,HEALTHEXPERT,540000,valoare atribuita (TED eForms (valoarea totala a rezultatului)),540000,TED eForms (valoarea totala a rezultatului),544620,TED eForms (valoare estimata),,,"Furnizare, instalare, punere in functiune, instruire personal si service in perioada de garantie - echipamente medicale in cadrul PROGRAMULU",33100000,2026-06-19,6,2026-12-19,TED eForms (durata publicata),DA,,data = prima incheiere de contract publicata in TED,https://ted.europa.eu/en/notice/-/detail/456373-2026
783148-2023,DA,Spitalul Clinic Judetean de Urgenta Targu.Mures,CHRONOS TRADE MEDICAL,1017000,valoare maxima a acordului-cadru (TED eForms (suma valorilor maxime pe loturi)),,,1017000,TED eForms (suma valorilor maxime pe loturi),1017000,DA,Acord cadru de furnizare consumabile medicale,33140000,2023-12-20,36,2026-12-20,TED eForms (durata publicata),DA,,data = prima incheiere de contract publicata in TED,https://ted.europa.eu/en/notice/-/detail/783148-2023
CAN1139289,NU,"Institutul Național de Boli Infecțioase ""Prof. Dr. Matei Balș""",SMART MEDICAL SOLUTIONS S.R.L.,117250,valoare atribuita (SICAP/OpenTender (valori pe atribuire)),117250,SICAP/OpenTender (valori pe atribuire),,,,,,33140000,2024-12-20,24,2026-12-20,"ESTIMAT (24 luni, durata nepublicata)",DA,,,SICAP anunt nr. CAN1139289
CAN1139303,NU,SPITALUL UNIVERSITAR DE URGENTA ELIAS,CHRONOS TRADE MEDICAL,7680,valoare atribuita (SICAP/OpenTender (valori pe atribuire)),7680,SICAP/OpenTender (valori pe atribuire),,,,,,33140000,2024-12-20,24,2026-12-20,"ESTIMAT (24 luni, durata nepublicata)",DA,,,SICAP anunt nr. CAN1139303
CAN1139304,NU,Spital Clinic Judetean de Urgenta Arad,HELLIMED,53800,valoare atribuita (SICAP/OpenTender (valori pe atribuire)),53800,SICAP/OpenTender (valori pe atribuire),,,,,,33140000,2024-12-20,24,2026-12-20,"ESTIMAT (24 luni, durata nepublicata)",DA,,,SICAP anunt nr. CAN1139304
CAN1139307,NU,Spital Clinic Judetean de Urgenta Arad,Sante International S.A.,101280,valoare atribuita (SICAP/OpenTender (valori pe atribuire)),101280,SICAP/OpenTender (valori pe atribuire),,,,,,33140000,2024-12-20,24,2026-12-20,"ESTIMAT (24 luni, durata nepublicata)",DA,,,SICAP anunt nr. CAN1139307
CAN1139314,NU,SPITALUL UNIVERSITAR DE URGENTA BUCURESTI,TEST TRADING S.R.L.,6774,valoare atribuita (SICAP/OpenTender (valori pe atribuire)),6774,SICAP/OpenTender (valori pe atribuire),,,,,,33124130,2024-12-20,24,2026-12-20,"ESTIMAT (24 luni, durata nepublicata)",DA,,,SICAP anunt nr. CAN1139314
CAN1139316,NU,Spital Clinic Judetean de Urgenta Arad,MEDICAL DEVICES & DIAGNOSTICS,8190,valoare atribuita (SICAP/OpenTender (valori pe atribuire)),8190,SICAP/OpenTender (valori pe atribuire),,,,,,33140000,2024-12-20,24,2026-12-20,"ESTIMAT (24 luni, durata nepublicata)",DA,,,SICAP anunt nr. CAN1139316
CAN1139319,NU,Spital Clinic Judetean de Urgenta Arad,MEDTRONIC ROMANIA,337539,valoare atribuita (SICAP/OpenTender (valori pe atribuire)),337539,SICAP/OpenTender (valori pe atribuire),,,,,,33140000,2024-12-20,24,2026-12-20,"ESTIMAT (24 luni, durata nepublicata)",DA,,,SICAP anunt nr. CAN1139319
CAN1139325,NU,SPITALUL UNIVERSITAR DE URGENTA BUCURESTI,CORTEC HEALTHCARE SRL,49404,valoare atribuita (SICAP/OpenTender (valori pe atribuire)),49404,SICAP/OpenTender (valori pe atribuire),,,,,,33124130,2024-12-20,24,2026-12-20,"ESTIMAT (24 luni, durata nepublicata)",DA,,,SICAP anunt nr. CAN1139325
CAN1139331,NU,SPITALUL UNIVERSITAR DE URGENTA ELIAS,EURODIAGONAL S.R.L.,243700,valoare atribuita (SICAP/OpenTender (valori pe atribuire)),243700,SICAP/OpenTender (valori pe atribuire),,,,,,33140000,2024-12-20,24,2026-12-20,"ESTIMAT (24 luni, durata nepublicata)",DA,,,SICAP anunt nr. CAN1139331
CAN1139333,NU,SPITALUL UNIVERSITAR DE URGENTA ELIAS,NOVOMED INTERNATIONAL SRL,11250,valoare atribuita (SICAP/OpenTender (valori pe atribuire)),11250,SICAP/OpenTender (valori pe atribuire),,,,,,33140000,2024-12-20,24,2026-12-20,"ESTIMAT (24 luni, durata nepublicata)",DA,,,SICAP anunt nr. CAN1139333
CAN1139334,NU,SPITALUL UNIVERSITAR DE URGENTA BUCURESTI,TOTAL MEDICAL SOLUTIONS SRL,445,valoare atribuita (SICAP/OpenTender (valori pe atribuire)),445,SICAP/OpenTender (valori pe atribuire),,,,,,33141310,2024-12-20,24,2026-12-20,"ESTIMAT (24 luni, durata nepublicata)",DA,,,SICAP anunt nr. CAN1139334
CAN1139336,NU,SPITALUL UNIVERSITAR DE URGENTA ELIAS,ROMBIOMEDICA S.R.L.,64445,valoare atribuita (SICAP/OpenTender (valori pe atribuire)),64445,SICAP/OpenTender (valori pe atribuire),,,,,,33140000,2024-12-20,24,2026-12-20,"ESTIMAT (24 luni, durata nepublicata)",DA,,,SICAP anunt nr. CAN1139336
CAN1139338,NU,SPITALUL UNIVERSITAR DE URGENTA BUCURESTI,TMS - TOP MEDICAL SUPPLIER,61600,valoare atribuita (SICAP/OpenTender (valori pe atribuire)),61600,SICAP/OpenTender (valori pe atribuire),,,,,,33140000,2024-12-20,24,2026-12-20,"ESTIMAT (24 luni, durata nepublicata)",DA,,,SICAP anunt nr. CAN1139338
CAN1139342,NU,SPITALUL UNIVERSITAR DE URGENTA ELIAS,VAVIAN TRADING S.R.L.,24600,valoare atribuita (SICAP/OpenTender (valori pe atribuire)),24600,SICAP/OpenTender (valori pe atribuire),,,,,,33140000,2024-12-20,24,2026-12-20,"ESTIMAT (24 luni, durata nepublicata)",DA,,,SICAP anunt nr. CAN1139342
CAN1139346,NU,SPITALUL UNIVERSITAR DE URGENTA ELIAS,ESTIMA MEDICAL GROUP,10000,valoare atribuita (SICAP/OpenTender (valori pe atribuire)),10000,SICAP/OpenTender (valori pe atribuire),,,,,,33140000,2024-12-20,24,2026-12-20,"ESTIMAT (24 luni, durata nepublicata)",DA,,,SICAP anunt nr. CAN1139346
CAN1139349,NU,SPITALUL UNIVERSITAR DE URGENTA BUCURESTI,DACO MEDICAL TECHNOLOGIES SRL,43234,valoare atribuita (SICAP/OpenTender (valori pe atribuire)),43234,SICAP/OpenTender (valori pe atribuire),,,,,,33181500,2024-12-20,24,2026-12-20,"ESTIMAT (24 luni, durata nepublicata)",DA,,,SICAP anunt nr. CAN1139349
CAN1139350,NU,SPITALUL UNIVERSITAR DE URGENTA BUCURESTI,ARTISANA MEDICAL S.R.L.,161,valoare atribuita (SICAP/OpenTender (valori pe atribuire)),161,SICAP/OpenTender (valori pe atribuire),,,,,,33123210,2024-12-20,24,2026-12-20,"ESTIMAT (24 luni, durata nepublicata)",DA,,,SICAP anunt nr. CAN1139350
CAN1139351,NU,SPITALUL UNIVERSITAR DE URGENTA ELIAS,HELLIMED,30000,valoare atribuita (SICAP/OpenTender (valori pe atribuire)),30000,SICAP/OpenTender (valori pe atribuire),,,,,,33140000,2024-12-20,24,2026-12-20,"ESTIMAT (24 luni, durata nepublicata)",DA,,,SICAP anunt nr. CAN1139351
CAN1139354,NU,SPITALUL UNIVERSITAR DE URGENTA BUCURESTI,NOVITRADE S.R.L.,3565,valoare atribuita (SICAP/OpenTender (valori pe atribuire)),3565,SICAP/OpenTender (valori pe atribuire),,,,,,33194120,2024-12-20,24,2026-12-20,"ESTIMAT (24 luni, durata nepublicata)",DA,,,SICAP anunt nr. CAN1139354
CAN1139357,NU,SPITALUL UNIVERSITAR DE URGENTA BUCURESTI,EVOREVO,740,valoare atribuita (SICAP/OpenTender (valori pe atribuire)),740,SICAP/OpenTender (valori pe atribuire),,,,,,33180000,2024-12-20,24,2026-12-20,"ESTIMAT (24 luni, durata nepublicata)",DA,,,SICAP anunt nr. CAN1139357
CAN1139359,NU,SPITALUL UNIVERSITAR DE URGENTA ELIAS,PRIME HEALTHCARE S.R.L.,300500,valoare atribuita (SICAP/OpenTender (valori pe atribuire)),300500,SICAP/OpenTender (valori pe atribuire),,,,,,33140000,2024-12-20,24,2026-12-20,"ESTIMAT (24 luni, durata nepublicata)",DA,,,SICAP anunt nr. CAN1139359
CAN1139365,NU,SPITALUL UNIVERSITAR DE URGENTA ELIAS,CRIO - 2 S.R.L.,59290,valoare atribuita (SICAP/OpenTender (valori pe atribuire)),59290,SICAP/OpenTender (valori pe atribuire),,,,,,33140000,2024-12-20,24,2026-12-20,"ESTIMAT (24 luni, durata nepublicata)",DA,,,SICAP anunt nr. CAN1139365
CAN1139395,NU,SPITALUL CLINIC JUDETEAN DE URGENTA SF. APOSTOL ANDREI,MEDICAL TECHNOLOGIES WORLD SRL,8556,valoare atribuita (SICAP/OpenTender (valori pe atribuire)),8556,SICAP/OpenTender (valori pe atribuire),,,,,,33190000,2024-12-20,24,2026-12-20,"ESTIMAT (24 luni, durata nepublicata)",DA,,,SICAP anunt nr. CAN1139395
CAN1139396,NU,SPITALUL CLINIC JUDETEAN DE URGENTA SF. APOSTOL ANDREI,MEDTRONIC ROMANIA,32475,valoare atribuita (SICAP/OpenTender (valori pe atribuire)),32475,SICAP/OpenTender (valori pe atribuire),,,,,,33190000,2024-12-20,24,2026-12-20,"ESTIMAT (24 luni, durata nepublicata)",DA,,,SICAP anunt nr. CAN1139396
CAN1139397,NU,SPITALUL CLINIC JUDETEAN DE URGENTA SF. APOSTOL ANDREI,MEDICAL DEVICES & DIAGNOSTICS,117300,valoare atribuita (SICAP/OpenTender (valori pe atribuire)),117300,SICAP/OpenTender (valori pe atribuire),,,,,,33190000,2024-12-20,24,2026-12-20,"ESTIMAT (24 luni, durata nepublicata)",DA,,,SICAP anunt nr. CAN1139397
CAN1139399,NU,SPITALUL CLINIC JUDETEAN DE URGENTA SF. APOSTOL ANDREI,EXIMIA MEDICAL,21590,valoare atribuita (SICAP/OpenTender (valori pe atribuire)),21590,SICAP/OpenTender (valori pe atribuire),,,,,,33190000,2024-12-20,24,2026-12-20,"ESTIMAT (24 luni, durata nepublicata)",DA,,,SICAP anunt nr. CAN1139399
21693-2023,DA,SPITALUL CLINIC DE RECUPERARE IASI,COMINF SRL / INVIBIO CONSULTING,4595078,valoare maxima a acordului-cadru (TED eForms (suma valorilor maxime pe loturi)),4595078,TED F03 (II.1.7 valoarea totala a achizitiei),4595078,TED eForms (suma valorilor maxime pe loturi),9829484,DA,Furnizare echipamente medicale (48 luni),33100000,2022-12-22,48,2026-12-22,TED eForms (durata publicata),DA,,"data = prima incheiere de contract publicata in TED; cea mai mare valoare totala publicata dintre 2 anunturi de atribuire (din anuntul 21693-2023; valorile pe anunturi pot fi partiale sau cumulative); aceeasi procedura publicata si sub: 402047-2024, 408946-2024",https://ted.europa.eu/en/notice/-/detail/21693-2023
57453-2024,DA,Spitalul Clinic Judetean de Urgenta Targu.Mures,BOSTON SCIENTIFIC ROMANIA / MEDTRONIC ROMANIA SRL / Sante International S.A.,5988900,valoare maxima a acordului-cadru (TED eForms (suma valorilor maxime pe loturi)),,,5988900,TED eForms (suma valorilor maxime pe loturi),7945800,DA,Acord cadru de furnizare Defibrilatoare,33182100,2023-12-22,36,2026-12-22,TED eForms (durata publicata),DA,"acelasi spital a atribuit un contract nou aceluiasi castigator la 2025-04-14 (253897-2025), inainte de expirarea calculata => probabil inlocuit",data = prima incheiere de contract publicata in TED,https://ted.europa.eu/en/notice/-/detail/57453-2024
792324-2023,DA,Spitalul Clinic Judetean de Urgenta Targu.Mures,BOSTON SCIENTIFIC ROMANIA / MEDTRONIC ROMANIA SRL / Sante International S.A.,4813300,valoare maxima a acordului-cadru (TED eForms (suma valorilor maxime pe loturi)),,,4813300,TED eForms (suma valorilor maxime pe loturi),5628300,DA,Acord cadru de furnizare Stimulatoare,33158210,2023-12-22,36,2026-12-22,TED eForms (durata publicata),DA,"acelasi spital a atribuit un contract nou aceluiasi castigator la 2025-04-14 (253897-2025), inainte de expirarea calculata => probabil inlocuit",data = prima incheiere de contract publicata in TED,https://ted.europa.eu/en/notice/-/detail/792324-2023
39306-2023,DA,"Institutul Regional de Gastroenterologie-Hepatologie ""Prof. Dr. Octavian Fodor"" Cluj",ANGIOSPECTRU MED S.R.L. / BOSTON SCIENTIFIC ROMANIA / EURODIAGONAL S.R.L. / EXIMIA MEDICAL / GENODYNAMIC SRL / MEDI -TECH BUSINESS SRL / NANO BIO MEDICAL S.R.L. / RAMIDO STAFF S.R.L. / RS Medical Line / SAB TRANS CONSULT / TECMED PLUS S.R.L. / TEHNO ELECTRO MEDICAL COMPANY S.R.L.,112034496,valoare maxima a acordului-cadru (TED F02 (valoare estimata totala)),96372876,TED F03 (II.1.7 valoarea totala a achizitiei),112034496,TED F02 (valoare estimata totala),,DA,Acord cadru - Furnizare materiale sanitare endoscopie,33140000,2022-12-23,48,2026-12-23,TED F02 (durata publicata),DA,,data = prima incheiere de contract publicata in TED,https://ted.europa.eu/en/notice/-/detail/39306-2023
31335-2025,DA,SPITALUL CLINIC JUDETEAN DE URGENTA CLUJ,B.BRAUN MEDICAL SRL / BIOMATRIX SYSTEM / Carl Zeiss Instruments / HDL Union / LUAN VISION / MEDICAL ORTOVIT / MEDIMPACT SRL / PAUL HARTMANN SRL / RAFI MEDICAL / STRYKER ROMANIA S.R.L. / TRIDENT MEDICAL COMPANY S.R.L. / VALDOMEDICA TRADING SRL,1772699,valoare maxima a acordului-cadru (TED eForms BT-118 (valoarea maxima a acordului)),,,1772699,TED eForms BT-118 (valoarea maxima a acordului),3284370,DA,Materiale sanitare diverse 3,33183100,2024-12-23,24,2026-12-23,TED eForms (durata publicata),DA,,"data = prima incheiere de contract publicata in TED; aceeasi procedura publicata si sub: 546388-2024, 146534-2025",https://ted.europa.eu/en/notice/-/detail/31335-2025
3411-2025,DA,"Spital Clinic Judetean de Urgenta ""Pius Brinzeu"" Timisoara",MedKit / STRYKER ROMANIA S.R.L.,3680760,valoare maxima a acordului-cadru (TED eForms BT-118 (valoarea maxima a acordului)),,,3680760,TED eForms BT-118 (valoarea maxima a acordului),3680760,DA,ACORD CADRU “MATERIALE DE OSTEOSINTEZA ORTOPEDIE -TRAUMATOLOGIE/ NEUROCHIRURGIE- COMPARTIMENT CHIRURGIE-POLITRAUMATOLOGIE CASA AUSTRIA “,33184100,2024-12-23,24,2026-12-23,TED eForms (durata publicata),DA,,data = prima incheiere de contract publicata in TED,https://ted.europa.eu/en/notice/-/detail/3411-2025
394679-2025,DA,Spitalul Clinic Judetean de Urgenta Craiova,CRIO - 2 S.R.L. / DELUXE MEDICRAFTS / NOVITRADE SRL / PRODCONFARM S.R.L.,1703300,valoare maxima a acordului-cadru (TED eForms BT-118 (valoarea maxima a acordului)),,,1703300,TED eForms BT-118 (valoarea maxima a acordului),2685300,DA,"Materiale sanitare comprese, fesi, tifon",33141000,2024-12-23,24,2026-12-23,TED eForms (durata publicata),DA,,data = prima incheiere de contract publicata in TED,https://ted.europa.eu/en/notice/-/detail/394679-2025
796022-2024,DA,SPITALUL MUNICIPAL MEDIAS,Novaintermed S.R.L. / S.C.MEDICAL GRUP S.R.L.,1828956,valoare maxima a acordului-cadru (TED eForms BT-118 (valoarea maxima a acordului)),,,1828956,TED eForms BT-118 (valoarea maxima a acordului),1830156,DA,Materiale sanitare pentru recoltare,33140000,2024-12-23,24,2026-12-23,TED eForms (durata publicata),DA,,"data = prima incheiere de contract publicata in TED; aceeasi procedura publicata si sub: 557198-2024, CN1073276",https://ted.europa.eu/en/notice/-/detail/796022-2024
4827-2024,DA,Spitalul Județean de Urgență Dr.Constantin Andreoiu Ploiești,Medica Impex 2003 S.R.L.,2720190,valoare maxima a acordului-cadru (TED eForms (suma valorilor maxime pe loturi)),,,2720190,TED eForms (suma valorilor maxime pe loturi),,DA,MATERIALE STERILIZARE,33198200,2023-12-27,36,2026-12-27,TED eForms (durata publicata),DA,"acelasi spital a atribuit un contract nou aceluiasi castigator la 2024-08-02 (481748-2024), inainte de expirarea calculata => probabil inlocuit",data = prima incheiere de contract publicata in TED; aceeasi procedura publicata si sub: CN1061210,https://ted.europa.eu/en/notice/-/detail/4827-2024
4959-2024,DA,Spitalul Județean de Urgență Ploiești,MLM MEDICAL S.R.L.,898780,valoare maxima a acordului-cadru (TED eForms (suma valorilor maxime pe loturi)),,,898780,TED eForms (suma valorilor maxime pe loturi),,DA,MATERIALE SPECIFICE MEDICINA LEGALA,33922000,2023-12-27,36,2026-12-27,TED eForms (durata publicata),DA,,data = prima incheiere de contract publicata in TED,https://ted.europa.eu/en/notice/-/detail/4959-2024
56735-2024,DA,Spitalul Clinic Judetean de Urgenta Targu.Mures,MEDTRONIC ROMANIA SRL / Sante International S.A.,3840600,valoare maxima a acordului-cadru (TED eForms (suma valorilor maxime pe loturi)),,,3840600,TED eForms (suma valorilor maxime pe loturi),4786500,DA,Acord cadru de furnizare Stimulatoare - resincronizare,33158210,2023-12-28,36,2026-12-28,TED eForms (durata publicata),DA,,data = prima incheiere de contract publicata in TED,https://ted.europa.eu/en/notice/-/detail/56735-2024
89286-2024,DA,SPITAL CLINIC JUDETEAN DE URGENTA BIHOR,BIO TECHNIC ROMANIA S.R.L. / HS MEDICAL SRL / MEDICAL ORTOVIT / OSTEOPHARM S.R.L. / STRYKER ROMANIA / VALDOMEDICA TRADING / ZIMMER BIOMET ROMANIA,26400045,valoare maxima a acordului-cadru (TED eForms BT-118 (valoarea maxima a acordului)),15203466,TED eForms (valoarea totala a rezultatului),26400045,TED eForms BT-118 (valoarea maxima a acordului),27949860,DA,PROTEZE ORTOPEDICE,33183200,2023-12-28,36,2026-12-28,TED eForms (durata publicata),DA,valorile totale atribuite publicate pentru aceeasi procedura difera de peste 50 de ori intre anunturi (291954 - 15203466 RON); posibil eroare de publicare - verificati anunturile,"data = prima incheiere de contract publicata in TED; cea mai mare valoare totala publicata dintre 31 anunturi de atribuire (din anuntul 655279-2026; valorile pe anunturi pot fi partiale sau cumulative); aceeasi procedura publicata si sub: 129327-2024, 154283-2024, 259635-2024, 458407-2024, 205433-2024, 328725-2024, 424666-2024, 372561-2024, 515832-2025, 553541-2025, 546351-2024, 110942-2026, 628342-2024, 61513-2025, 689153-2024, 105234-2025, 799751-2024, 123565-2025, 197760-2025, 278090-2025, 352373-2025, 403997-2025, 654133-2025, 632368-2025, 704438-2025, 839875-2025, 845432-2025, 121342-2026, 534983-2026, 548612-2026, 655279-2026",https://ted.europa.eu/en/notice/-/detail/89286-2024
659460-2026,DA,ADMINISTRATIA SPITALELOR SI SERVICIILOR MEDICALE BUCURESTI,Axis Integrator SRL / DIALAB SOLUTIONS / MED HEALTHCARE PROJECT / MEDIST IMAGING & P.O.C. S.R.L. / NEOTECH / NIMKOS MEDSOLUTIONS / PRIMERA MED TECHNOLOGY / S.C. NEOMED S..R.L. / TEHNO ELECTRO MEDICAL COMPANY S.R.L.,2074598,valoare atribuita (TED eForms (valoarea totala a rezultatului)),2074598,TED eForms (valoarea totala a rezultatului),2119871,TED eForms (valoare estimata),,,"FURNIZAREA ECHIPAMENTELOR MEDICALE NECESARE SPITALULUI CLINIC COLENTINA (COMPARTIMENT PNEUMOLOGIE, SECȚIA DERMATOLOGIE II ȘI UTS) – 21 lotur",33100000,2026-08-28,4,2026-12-28,TED eForms (durata publicata),DA,,data = prima incheiere de contract publicata in TED,https://ted.europa.eu/en/notice/-/detail/659460-2026
20059-2026,DA,"SPITALUL JUDETEAN DE URGENTA ""SF. PANTELIMON"" FOCSANI",CLASSIMED / HEALTHEXPERT / MEDIST IMAGING & P.O.C. / MEDIXFARM TEHNOPLUS,2743400,valoare atribuita (TED eForms (valoarea totala a rezultatului)),2743400,TED eForms (valoarea totala a rezultatului),,,,,"Creșterea capacității Spitalului Județean de Urgență Sf. Pantelimon Focșani, pentru tratarea pacientului critic cu patologie vasculară acută",33100000,2025-12-29,12,2026-12-29,TED eForms (durata publicata),DA,,data = prima incheiere de contract publicata in TED,https://ted.europa.eu/en/notice/-/detail/20059-2026
68847-2025,DA,SPITALUL CLINIC JUDETEAN DE URGENTA CLUJ,ALPHA MEDICAL S.R.L. / CARDIOTECH / DACO MEDICAL TECHNOLOGIES / DG DIAGNOSTICS S.R.L. / DRAEGER ROMANIA / HELLIMED SRL / Jensen Pharma SRL / LIAMED / LUAN VISION / Medplaza Health / NAFKA GRUP / NOVITRADE SRL / NOVOMED INTERNATIONAL SRL / REVISMED MEDICAL / RUBICON EDITECH 89 S.R.L. / S.C. GENERAL ELECTRIC MEDICAL SYSTEMS ROMANIA S.R.L. / S.C.MEDICAL GRUP S.R.L. / SC Nova Fit 2000 S.R.L. / SMART MEDICAL SOLUTIONS S.R.L. / SYNTTERGY CONSULT S.R.L. / Sof Medica,41024033,valoare maxima a acordului-cadru (TED eForms BT-118 (valoarea maxima a acordului)),,,41024033,TED eForms BT-118 (valoarea maxima a acordului),46505493,DA,Materiale sanitare si consumabile ATI,33100000,2024-12-30,24,2026-12-30,TED eForms (durata publicata),DA,,data = prima incheiere de contract publicata in TED; aceeasi procedura publicata si sub: 510846-2024,https://ted.europa.eu/en/notice/-/detail/68847-2025
490656-2026,DA,"Institutul Regional de Gastroenterologie-Hepatologie ""Prof. Dr. Octavian Fodor"" Cluj",Sof Medica / TEHNO ELECTRO MEDICAL COMPANY S.R.L.,3637600,valoare atribuita (TED eForms (valoarea totala a rezultatului)),3637600,TED eForms (valoarea totala a rezultatului),3705228,TED eForms (valoare estimata),,,"Achiziție echipamente medicale în cadrul Proiectului “ROCCAS 4 NV - Organizarea de programe regionale de prevenție, depistare precoce, diagn",33100000,2026-06-30,6,2026-12-30,TED eForms (durata publicata),DA,,data = prima incheiere de contract publicata in TED,https://ted.europa.eu/en/notice/-/detail/490656-2026
500590-2026,DA,SPITALUL MUNICIPAL SEBES,AUTOMOTIVE LUX / EDITRONIC INTERNATIONAL / Integra Medical Business / MEDFARM TRADING / ROMGER GENERAL TRADE & CONSULTING S.R.L. / SolviaMed / VIVAS INTERNATIONAL / WINPHARMAMED,7474015,valoare atribuita (TED eForms (valoarea totala a rezultatului)),7474015,TED eForms (valoarea totala a rezultatului),11663447,TED eForms (valoare estimata),,,",,Achizitia de echipamente 7 loturi in cadrul proiectului “ Dotarea ambulatoriul integrat al Spitalului Municipal Sebeș” Cod proiect: 333472",33100000,2026-06-30,6,2026-12-30,TED eForms (durata publicata),DA,,data = prima incheiere de contract publicata in TED,https://ted.europa.eu/en/notice/-/detail/500590-2026
576912-2023,DA,Spitalulul Clinic de Ortopedie Traumatologie si TBC Osteoarticular Foisor,BIO TECHNIC ROMANIA S.R.L. / MEDICAL DEVICES & DIAGNOSTICS / MEDICAL TECHNOLOGIES INTERNATIONAL / SPORTMED SYSTEMS,20603098,valoare maxima a acordului-cadru (TED F02 (valoare estimata totala)),19029650,TED F03 (II.1.7 valoarea totala a achizitiei),20603098,TED F02 (valoare estimata totala),,DA,implanturi traumatologie,33183100,2023-08-31,40,2026-12-31,TED F02 (durata publicata),DA,,data = prima incheiere de contract publicata in TED,https://ted.europa.eu/en/notice/-/detail/576912-2023
114774-2025,DA,"Spitalul Clinic Judetean de Urgenta""Sfantul Apostol Andrei""",MEDICAL GRUP / NOVITRADE / PRODCONFARM S.R.L. / TZMO ROMANIA,4651200,valoare maxima a acordului-cadru (TED eForms BT-118 (valoarea maxima a acordului)),,,4651200,TED eForms BT-118 (valoarea maxima a acordului),8803200,DA,MATERIALE SANITARE,33141310,2024-12-31,24,2026-12-31,TED eForms (durata publicata),DA,,data = prima incheiere de contract publicata in TED,https://ted.europa.eu/en/notice/-/detail/114774-2025
20482-2025,DA,SPITALUL CLINIC DE RECUPERARE IASI,MEDICAL DEVICE DISTRIBUTION,160000,valoare maxima a acordului-cadru (TED eForms BT-118 (valoarea maxima a acordului)),80000,TED eForms (valoarea totala a rezultatului),160000,TED eForms BT-118 (valoarea maxima a acordului),160000,DA,Furnizare echipament medical de audiologie: SISTEM VIDEO HEAD IMPULSE,33100000,2024-12-31,24,2026-12-31,TED eForms (durata publicata),DA,,"data = prima incheiere de contract publicata in TED; valoare atribuita din anuntul 344092-2025; aceeasi procedura publicata si sub: 640815-2024, 344092-2025, CN1074579",https://ted.europa.eu/en/notice/-/detail/20482-2025
CN1072679,NU,MINISTERUL APARARII - UNITATEA MILITARA 02497 PITESTI,LIAMED,12600,valoare atribuita (SICAP/OpenTender (valori pe atribuire)),12600,SICAP/OpenTender (valori pe atribuire),,,,,,33124100,2025-01-01,24,2027-01-01,"ESTIMAT (24 luni, durata nepublicata)",DA,,unitate militara cu profil de spital,SICAP anunt nr. CN1072679
SCN1148689,NU,"SPITALUL DE PSIHIATRIE ""DR. GH. PREDA"" SIBIU",ASCO 90,32716,valoare atribuita (SICAP/OpenTender (valori pe atribuire)),32716,SICAP/OpenTender (valori pe atribuire),,,,,,33140000,2025-01-01,24,2027-01-01,"ESTIMAT (24 luni, durata nepublicata)",DA,,,SICAP anunt nr. SCN1148689
532935-2026,DA,SPITALUL CLINIC JUDETEAN DE URGENTA SF. APOSTOL ANDREI,BPM TEHNOLOGICA / LIAMED / MED TEHNICA / MEDIXFARM TEHNOPLUS / VAVIAN TRADING,4641081,valoare atribuita (TED eForms (valoarea totala a rezultatului)),4641081,TED eForms (valoarea totala a rezultatului),5132148,TED eForms (valoare estimata),,,"Contract Furnizare, Instalare si Punere in Functiune : Echipamente Medicale pentru Explorari Functionale, Oncologie,ORL si Oftalmologie / 12",33100000,2026-07-02,6,2027-01-02,TED eForms (durata publicata),DA,,data = prima incheiere de contract publicata in TED,https://ted.europa.eu/en/notice/-/detail/532935-2026
640644-2026,DA,SPITALUL CLINIC COLTEA,KARL STORZ ENDOSCOPIA ROMANIA / MEDTRONIC ROMANIA SRL / SONOROM,1783410,valoare atribuita (TED eForms (valoarea totala a rezultatului)),1783410,TED eForms (valoarea totala a rezultatului),1788200,TED eForms (valoare estimata),,,Furnizare APARATURA MEDICALA 2 ANUL 2026,33100000,2026-09-02,4,2027-01-02,TED eForms (durata publicata),DA,,data = prima incheiere de contract publicata in TED,https://ted.europa.eu/en/notice/-/detail/640644-2026
45266-2024,DA,SPITALUL UNIVERSITAR DE URGENTA BUCURESTI,BOSTON SCIENTIFIC ROMANIA / EURO PHARMAMED / EURODIAGONAL S.R.L. / GENODYNAMIC SRL / KARL STORZ ENDOSCOPIA ROMANIA / MEDTRONIC ROMANIA SRL / NANO BIO MEDICAL S.R.L. / SAB TRANS CONSULT / Sof Medica / TECMED PLUS S.R.L. / VALDOMEDICA TRADING / VAVIAN TRADING S.R.L.,24559877,valoare maxima a acordului-cadru (TED eForms (suma valorilor maxime pe loturi)),,,24559877,TED eForms (suma valorilor maxime pe loturi),33510678,DA,FURNIZARE MATERIALE SANITARE SI CONSUMABILE SPECIFICE INTERVENTIILOR ENDOSCOPICE,33162000,2024-01-03,36,2027-01-03,TED eForms (durata publicata),DA,,data = prima incheiere de contract publicata in TED,https://ted.europa.eu/en/notice/-/detail/45266-2024
592739-2026,DA,Spitalul Judetean de Urgenta Alba Iulia,AKESO MEDICAL INNOVATIONS S.R.L. / BPM TEHNOLOGICA / FRESENIUS KABI ROMANIA SRL / KARL STORZ ENDOSCOPIA ROMANIA / MERKAEXIM / NOVOMED INTERNATIONAL SRL / SUPERMEDICAL SRL / TRANSMEDIC IMPEX / ULTRASONIC S.R.L. / VLADI MED DISTRIBUTION S.R.L.,4498472,valoare atribuita (TED eForms (valoarea totala a rezultatului)),4498472,TED eForms (valoarea totala a rezultatului),6007470,TED eForms (valoare estimata),,,Echipamente medicale si dotari in cadrul Spitalului Judetean de Urgenta Alba Iulia-I,33100000,2026-08-03,5,2027-01-03,TED eForms (durata publicata),DA,,data = prima incheiere de contract publicata in TED,https://ted.europa.eu/en/notice/-/detail/592739-2026
25568-2024,DA,SPITALUL CLINIC JUDETEAN DE URGENTA SF. APOSTOL ANDREI,GRAZY PRICE MEDICAL IMPORT EXPORT S.R.L. / LUAN VISION / PAUL HARTMANN / PROFI PENTRU SANATATE SRL S.R.L. / SPD STAR S.R.L.,1968124,valoare maxima a acordului-cadru (TED eForms (suma valorilor maxime pe loturi)),,,1968124,TED eForms (suma valorilor maxime pe loturi),,DA,Furnizare materiale sanitare – 3 loturi - Acord Cadru 36 luni,33190000,2024-01-08,36,2027-01-08,TED eForms (durata publicata),DA,,data = prima incheiere de contract publicata in TED,https://ted.europa.eu/en/notice/-/detail/25568-2024
173417-2025,DA,"Spital Clinic Judetean de Urgenta ""Pius Brinzeu"" Timisoara",B.BRAUN MEDICAL SRL / Balton Med / KARL STORZ ENDOSCOPIA ROMANIA / LUAN VISION SRL / Med Tech Distributions SRL / S.C.MEDICAL GRUP S.R.L. / SANROTEX TRADING SRL / SH MEDICAL SRL / STERISACO / STRYKER ROMANIA S.R.L. / ZIMMER BIOMET ROMANIA,3476962,valoare maxima a acordului-cadru (TED eForms BT-118 (valoarea maxima a acordului)),,,3476962,TED eForms BT-118 (valoarea maxima a acordului),8069339,DA,Acord cadru furnizare Materiale sanitare,33140000,2025-01-08,24,2027-01-08,TED eForms (durata publicata),DA,,data = prima incheiere de contract publicata in TED,https://ted.europa.eu/en/notice/-/detail/173417-2025
21751-2025,DA,SPITALUL CLINIC DE RECUPERARE IASI,HS MEDICAL SRL / MEDICAL ORTOVIT / VALDOMEDICA TRADING SRL / ZIMMER BIOMET ROMANIA,3064900,valoare maxima a acordului-cadru (TED eForms BT-118 (valoarea maxima a acordului)),199304,TED eForms (valoarea totala a rezultatului),3064900,TED eForms BT-118 (valoarea maxima a acordului),3080800,DA,ENDOPROTEZE :PROTEZE DE REVIZIE SI PENTRU GENUNCHI DIFICILI DIN CADRUL PROGRAMULUI NATIONAL DE ORTOPEDIE SUBPROGRAMUL 2.9 “PREVENIRE SI TERA,33183100,2025-01-08,24,2027-01-08,TED eForms (durata publicata),DA,,"data = prima incheiere de contract publicata in TED; valoare atribuita din anuntul 209513-2026; aceeasi procedura publicata si sub: 622751-2024, 209513-2026, CN1074329",https://ted.europa.eu/en/notice/-/detail/21751-2025
24691-2025,DA,"Spital Clinic Judetean de Urgenta ""Pius Brinzeu"" Timisoara",DIAPRO TOP / Medist / ROTEST / Sante International S.A. / ZONEMED BIOMETRIX,1829351,valoare maxima a acordului-cadru (TED eForms BT-118 (valoarea maxima a acordului)),,,1829351,TED eForms BT-118 (valoarea maxima a acordului),1960295,DA,Acord Cadru furnizare Consumabile de Laborator,33140000,2025-01-08,24,2027-01-08,TED eForms (durata publicata),DA,,"data = prima incheiere de contract publicata in TED; aceeasi procedura publicata si sub: 626989-2024, CN1074392",https://ted.europa.eu/en/notice/-/detail/24691-2025
29613-2025,DA,Spitalul Clinic Municipal de Urgenta Timisoara,ALPHA MEDICAL / AXIA MEDICAL SRL / B.BRAUN MEDICAL / BIZMED / DELUXE MEDICRAFTS / FARMACIA OMNIA / Filtre Aer Curat S.R.L. / HDL Union / IANLUX / MEGACONS-BRILLAGO / NERAMO DISTRIBUTION / NOVENTIS International / Novaintermed S.R.L. / ROVAL MED / SANROTEX TRADING SRL / STERIL ROMANIA / X-Lab Solutions S.R.L. / ZARYS INTERNATIONAL GROUP,215922834,valoare maxima a acordului-cadru (TED eForms BT-118 (valoarea maxima a acordului)),12667,TED eForms (valoarea totala a rezultatului),215922834,TED eForms BT-118 (valoarea maxima a acordului),4234770,DA,SERINGI SI ECHIPAMENTE DE PROTECTIE,33141310,2025-01-09,24,2027-01-09,TED eForms (durata publicata),DA,valoarea maxima publicata a acordului este de peste 50 de ori valoarea atribuita publicata; posibil eroare de publicare - verificati anuntul; valoarea maxima a acordului (BT-118) depaseste de peste 3 ori valoarea estimata (BT-271) din acelasi anunt; posibil eroare de publicare,data = prima incheiere de contract publicata in TED; valoare atribuita din anuntul 252721-2025; aceeasi procedura publicata si sub: 252721-2025,https://ted.europa.eu/en/notice/-/detail/29613-2025
49220-2025,DA,SPITALUL CLINIC JUDETEAN MURES,ALCA DUO MEDICAL S.R.L. / CRIO - 2 S.R.L. / DELUXE MEDICRAFTS / MEDICAL GRUP / RICOMED / ROVAL MED / SANROTEX TRADING SRL / SANTOMED,284800,valoare maxima a acordului-cadru (TED eForms BT-118 (valoarea maxima a acordului)),97048,TED eForms (valoarea totala a rezultatului),284800,TED eForms BT-118 (valoarea maxima a acordului),612500,DA,"Acord cadru furnizare materiale sanitare – Lame de bisturiu, Bandaj adeziv pentru fixare de uz medical, latime 5 cm, Seringa hipodermica ste",33141111,2025-01-09,24,2027-01-09,TED eForms (durata publicata),DA,,"data = prima incheiere de contract publicata in TED; cea mai mare valoare totala publicata dintre 7 anunturi de atribuire (din anuntul 459179-2026; valorile pe anunturi pot fi partiale sau cumulative); aceeasi procedura publicata si sub: 250205-2025, 425971-2025, 652191-2025, 659379-2025, 276258-2026, 35604-2026, 459179-2026",https://ted.europa.eu/en/notice/-/detail/49220-2025
631050-2026,DA,"SPITALUL MUNICIPAL ""Dr. Eugen Nicoara"" REGHIN",HEALTH SUPPLY,10089000,valoare atribuita (TED eForms (valoarea totala a rezultatului)),10089000,TED eForms (valoarea totala a rezultatului),11050000,TED eForms (valoare estimata),,,"FURNIZARE ECHIPAMENT REZONANTA MAGNETICA 1,5T",33113000,2026-09-09,4,2027-01-09,TED eForms (durata publicata),DA,,data = prima incheiere de contract publicata in TED,https://ted.europa.eu/en/notice/-/detail/631050-2026
651971-2026,DA,"Spitalul Clinic ""Prof.Dr.Th.Burghele""",LC RHEA MEDICAL CARE S.R.L.,1375000,valoare atribuita (TED eForms (valoarea totala a rezultatului)),1375000,TED eForms (valoarea totala a rezultatului),1377000,TED eForms (valoare estimata),,,LASER THULIUM YAG PULSAT,33169100,2026-09-09,4,2027-01-09,TED eForms (durata publicata),DA,,data = prima incheiere de contract publicata in TED,https://ted.europa.eu/en/notice/-/detail/651971-2026
25999-2025,DA,Spitalul Clinic Judetean de Urgenta Targu.Mures,ANTISEL RO,2700000,valoare atribuita (TED eForms (valoarea totala a rezultatului)),2700000,TED eForms (valoarea totala a rezultatului),2700000,TED eForms (valoare estimata),,,Contract de furnizare echipamente medicale,33100000,2025-01-10,24,2027-01-10,TED eForms (durata publicata),DA,,data = prima incheiere de contract publicata in TED; aceeasi procedura publicata si sub: 580491-2024,https://ted.europa.eu/en/notice/-/detail/25999-2025
27455-2025,DA,Spitalul Clinic Judetean de Urgenta Targu.Mures,ANTISEL RO / N&B / HELLIMED,2700000,valoare atribuita (TED eForms (valoarea totala a rezultatului)),2700000,TED eForms (valoarea totala a rezultatului),3203900,TED eForms (valoare estimata),,,Contract de furnizare echipamente medicale,33100000,2025-01-10,24,2027-01-10,TED eForms (durata publicata),DA,,"data = prima incheiere de contract publicata in TED; aceeasi procedura publicata si sub: 328829-2024, CN1068215, CN1068452",https://ted.europa.eu/en/notice/-/detail/27455-2025
27475-2025,DA,Spitalul Clinic Judetean de Urgenta Targu.Mures,ANTISEL RO / Omnivet Impex S.R.L.,2695000,valoare atribuita (TED eForms (valoarea totala a rezultatului)),2695000,TED eForms (valoarea totala a rezultatului),10000000,TED eForms (valoare estimata),,,Contract de furnizare echipamente medicale,33100000,2025-01-10,24,2027-01-10,TED eForms (durata publicata),DA,,data = prima incheiere de contract publicata in TED; aceeasi procedura publicata si sub: 517347-2024,https://ted.europa.eu/en/notice/-/detail/27475-2025
57342-2024,DA,Spitalul Clinic de Urgenta Bucuresti,PRIME HEALTHCARE S.R.L.,8059200,valoare maxima a acordului-cadru (TED eForms (suma valorilor maxime pe loturi)),,,8059200,TED eForms (suma valorilor maxime pe loturi),,DA,Sisteme de terapie respiratorie noninvaziva avansata si dispozabile auxiliare,33140000,2023-01-12,48,2027-01-12,TED eForms (durata publicata),DA,"acelasi spital a atribuit un contract nou aceluiasi castigator la 2023-06-14 (746516-2023), inainte de expirarea calculata => probabil inlocuit",data = prima incheiere de contract publicata in TED,https://ted.europa.eu/en/notice/-/detail/57342-2024
658221-2024,DA,Spitalul Clinic de Urgenta Bucuresti,GENERAL ELECTRIC MEDICAL SYSTEMS ROMANIA,2511307,valoare maxima a acordului-cadru (TED eForms BT-118 (valoarea maxima a acordului)),,,2511307,TED eForms BT-118 (valoarea maxima a acordului),2511348,DA,MATERIALE CONSUMABILE necesare aparatelor de anestezie,33140000,2023-01-12,48,2027-01-12,TED eForms (durata publicata),DA,,data = prima incheiere de contract publicata in TED; aceeasi procedura publicata si sub: CN1048220,https://ted.europa.eu/en/notice/-/detail/658221-2024
23887-2025,DA,Spitalul Clinic Municipal de Urgenta Timisoara,CLARFON / FIX IMPORT EXPORT,3748000,valoare maxima a acordului-cadru (TED eForms BT-118 (valoarea maxima a acordului)),374800,TED eForms (valoarea totala a rezultatului),3748000,TED eForms BT-118 (valoarea maxima a acordului),5497900,DA,IMPLANT COHLEAR,33185200,2025-01-13,24,2027-01-13,TED eForms (durata publicata),DA,"acelasi spital a atribuit un contract nou aceluiasi castigator la 2026-02-26 (234729-2026), inainte de expirarea calculata => probabil inlocuit","data = prima incheiere de contract publicata in TED; cea mai mare valoare totala publicata dintre 2 anunturi de atribuire (din anuntul 291624-2025; valorile pe anunturi pot fi partiale sau cumulative); aceeasi procedura publicata si sub: 671863-2024, 250164-2025, 291624-2025",https://ted.europa.eu/en/notice/-/detail/23887-2025
26967-2026,DA,Spitalul Clinic de Urgenta pentru Copii Brasov,ALCA DUO MEDICAL S.R.L. / ALPHA NED 2000 EXIM / BIZMED / CO&CO Consumer 2002 S.R.L. / CRIO - 2 / DELUXE MEDICRAFTS / HELLIMED / IOANA N & M / NAFKA GRUP / NOVA FIT 2000 / SANROTEX TRADING SRL / STERIL ROMANIA / TMS - TOP MEDICAL SUPPLIER / VALDOMEDICA TRADING / ZARYS INTERNATIONAL GROUP,420853,valoare maxima a acordului-cadru (TED eForms BT-118 (valoarea maxima a acordului)),,,420853,TED eForms BT-118 (valoarea maxima a acordului),1061909,DA,Achizitie de materiale sanitare – sonde si masti,33140000,2026-01-13,12,2027-01-13,TED eForms (durata publicata),DA,,data = prima incheiere de contract publicata in TED,https://ted.europa.eu/en/notice/-/detail/26967-2026
143602-2024,DA,SPITALUL CLINIC COLTEA,ALPHA MEDICAL S.R.L. / B.BRAUN MEDICAL / EVOREVO / Johnson & Johnson Romania SRL / Limas Group S.R.L. / M-G EXIM ROMITALIA S.R.L. / MEDICA ADVANCED SOLUTIONS (M.A.S.) S.R.L. / MEDICAL TECHNOLOGIES INFINITY / MEDTRONIC ROMANIA SRL / PAUL HARTMANN / RAMIDO STAFF S.R.L. / ROMBIOMEDICA / S.C. ADAR UNIC SOLUTIONS S.R.L. / S.C. ELMED MEDICALS.R.L. / S.C.MEDICAL GRUP S.R.L. / VAVIAN TRADING S.R.L. / VETRO DESIGN S.R.L.,33206428,valoare maxima a acordului-cadru (TED eForms BT-118 (valoarea maxima a acordului)),176982222,TED eForms (valoarea totala a rezultatului),33206428,TED eForms BT-118 (valoarea maxima a acordului),37166820,DA,Furnizare Materiale consumabile pentru Sectia de chirurgie a Spitalului Clinic Coltea,33140000,2024-02-14,35,2027-01-14,TED eForms (durata publicata),DA,valoarea atribuita publicata depaseste de peste 2 ori valoarea maxima/estimata publicata; posibil eroare de publicare; valorile totale atribuite publicate pentru aceeasi procedura difera de peste 50 de ori intre anunturi (26773 - 176982222 RON); posibil eroare de publicare - verificati anunturile,"data = prima incheiere de contract publicata in TED; cea mai mare valoare totala publicata dintre 24 anunturi de atribuire (din anuntul 161759-2026; valorile pe anunturi pot fi partiale sau cumulative); aceeasi procedura publicata si sub: 146914-2026, 313883-2024, 489115-2025, 526118-2025, 132380-2025, 250343-2025, 354530-2025, 254843-2025, 295549-2025, 317123-2025, 341265-2025, 565905-2025, 476611-2025, 505254-2025, 604794-2025, 722851-2025, 781093-2025, 727374-2025, 54709-2026, 809311-2025, 62806-2026, 78772-2026, 136166-2026, 161759-2026; valoarea atribuita publicata depaseste valoarea maxima publicata (asa apar in anunturi)",https://ted.europa.eu/en/notice/-/detail/143602-2024
40753-2025,DA,SPITALUL CLINIC DE RECUPERARE IASI,DACORUM GRUP / FRESENIUS KABI ROMANIA / CATTUS S.R.L.,1493320,valoare maxima a acordului-cadru (TED eForms BT-118 (valoarea maxima a acordului)),,,1493320,TED eForms BT-118 (valoarea maxima a acordului),1526453,DA,Furnizare echipamente medicale – ATI Ortopedie,33100000,2025-01-14,24,2027-01-14,TED eForms (durata publicata),DA,,"data = prima incheiere de contract publicata in TED; aceeasi procedura publicata si sub: 618330-2024, CN1074264, SCN1155800",https://ted.europa.eu/en/notice/-/detail/40753-2025
96195-2025,DA,"Institutul de Pneumoftiziologie ""Marius Nasta""",A&A FARMA DISTRIBUTION S.R.L / ARTISANA MEDICAL S.R.L. / B.BRAUN MEDICAL / BIOLIFE GRUP S.R.L. / CARTO PLAST SRL / CO&CO Consumer 2002 S.R.L. / CORAMED MEDIZINISCHE PRODUKTE / CRIO - 2 / DANCRI MEDICAL / DELUXE MEDICRAFTS / DRAEGER ROMANIA / HELLIMED / INPOINT MEDICARE / IOANA N & M SRL / Limas Group S.R.L. / M-G EXIM ROMITALIA / MEDIMPACT / MERCATOR MEDICAL / Medplaza Health / NAFKA GRUP / PARTNERS MEDICAL SOLUTION S.R.L. / PRIME HEALTHCARE S.R.L. / PRODCONFARM S.R.L. / ROMBIOMEDICA / RUBICON EDITECH 89 S.R.L. / SANROTEX TRADING SRL / SANTOMED / STERIL ROMANIA / Sof Medica / TEHNO ELECTRO MEDICAL COMPANY S.R.L. / TMS - TOP MEDICAL SUPPLIER / TUNIC PROD / TZMO ROMANIA / VALDOMEDICA TRADING / VETRO DESIGN / ZARYS INTERNATIONAL GROUP,10423756,valoare maxima a acordului-cadru (TED eForms BT-118 (valoarea maxima a acordului)),,,10423756,TED eForms BT-118 (valoarea maxima a acordului),16017640,DA,Acord cadru - Materiale Sanitare,33140000,2025-01-14,24,2027-01-14,TED eForms (durata publicata),DA,,data = prima incheiere de contract publicata in TED,https://ted.europa.eu/en/notice/-/detail/96195-2025
661855-2026,DA,ADMINISTRATIA SPITALELOR SI SERVICIILOR MEDICALE BUCURESTI,PRIMERA MED TECHNOLOGY,3690200,valoare atribuita (TED eForms (valoarea totala a rezultatului)),3690200,TED eForms (valoarea totala a rezultatului),3690309,TED eForms (valoare estimata),,,Sistem - dispozitiv de control a igienei mainilor - Hand in scan pentru Spitalul Clinic de Boli Infecțioase și Tropicale DR. Victor Babeș,33100000,2026-09-14,4,2027-01-14,TED eForms (durata publicata),DA,,data = prima incheiere de contract publicata in TED,https://ted.europa.eu/en/notice/-/detail/661855-2026
76539-2024,DA,Spitalul Județean de Urgență Dr.Constantin Andreoiu Ploiești,CREATIVE & INNOVATIVE MANAGEMENT / MEDTRONIC ROMANIA / STRYKER ROMANIA,6885800,valoare maxima a acordului-cadru (TED eForms (suma valorilor maxime pe loturi)),,,6885800,TED eForms (suma valorilor maxime pe loturi),,DA,CONSUMABILE MEDICALE SAU ECHIVALENT,33140000,2024-01-15,36,2027-01-15,TED eForms (durata publicata),DA,,data = prima incheiere de contract publicata in TED,https://ted.europa.eu/en/notice/-/detail/76539-2024
CN1046510,NU,SPITAL CLINIC JUDETEAN DE URGENTA BIHOR,B. BRAUN AVITUM S.R.L.,590702,valoare atribuita (SICAP/OpenTender (valori pe atribuire)),590702,SICAP/OpenTender (valori pe atribuire),590702,SICAP/OpenTender (valoare procedura),,,Consumabile pentru hemodializa cu punere la dispozitie a unui numar de 5 aparate pentru hemodializa,33181520,2023-02-06,47.3,2027-01-16,"SICAP/OpenTender (durata publicata, zile)",DA,,inregistrarea SICAP contine un rand total si randuri pe loturi; totalul o singura data,SICAP anunt nr. CN1046510
57147-2024,DA,"Institutul de Boli Infectioase ""Prof. Dr. Matei Bals""",ALPHA MEDICAL S.R.L. / ALPHA NED 2000 EXIM / B.BRAUN MEDICAL / CO&CO Consumer 2002 S.R.L. / CRIO - 2 S.R.L. / DELUXE MEDICRAFTS / LORD MEDICAL S.R.L. / MERCATOR MEDICAL / MLM MEDICAL S.R.L. / PH MEDICAL TRADE / PRIME HEALTHCARE S.R.L. / S.C. ALISON HAYES (ROMANIA) S.R.L. / S.C.MEDICAL GRUP S.R.L. / SINOFARM ROMANIA S.R.L. / TUNIC PROD S.R.L. / VALDOMEDICA TRADING / ZENMED SOLUTIONS,18918691,valoare maxima a acordului-cadru (TED eForms BT-118 (valoarea maxima a acordului)),688277,TED eForms (valoarea totala a rezultatului),18918691,TED eForms BT-118 (valoarea maxima a acordului),31925592,DA,Materiale sanitare 2,33140000,2024-01-16,36,2027-01-16,TED eForms (durata publicata),DA,,"data = prima incheiere de contract publicata in TED; cea mai mare valoare totala publicata dintre 20 anunturi de atribuire (din anuntul 481823-2026; valorile pe anunturi pot fi partiale sau cumulative); aceeasi procedura publicata si sub: 107901-2024, 114647-2024, 179210-2024, 239380-2024, 301886-2024, 348709-2024, 426812-2024, 545343-2025, 290634-2024, 66197-2024, 232971-2024, 403759-2024, 544424-2024, 560547-2024, 232261-2025, 37492-2025, 442421-2025, 657568-2025, 537987-2025, 638179-2025, 43533-2026, 238905-2026, 481823-2026",https://ted.europa.eu/en/notice/-/detail/57147-2024
36497-2023,DA,SPITALUL CLINIC JUDETEAN DE URGENTA CLUJ,MEDTRONIC ROMANIA,6795648,valoare maxima a acordului-cadru (TED F02 (valoare estimata totala)),6124690,TED F03 (II.1.7 valoarea totala a achizitiei),6795648,TED F02 (valoare estimata totala),,DA,Accesorii Instalatie electrochirurgie 2,33161000,2023-01-17,48,2027-01-17,TED F02 (durata publicata),DA,"acelasi spital a atribuit un contract nou aceluiasi castigator la 2023-01-30 (CAN1096931), inainte de expirarea calculata => probabil inlocuit",data = prima incheiere de contract publicata in TED; aceeasi procedura publicata si sub: 562838-2022,https://ted.europa.eu/en/notice/-/detail/36497-2023
179085-2024,DA,SPITALUL JUDETEAN SATU MARE,A&A FARMA DISTRIBUTION S.R.L / ALPHA MEDICAL / AVENA MEDICA S.R.L. / B.BRAUN MEDICAL / BOSTON SCIENTIFIC ROMANIA / CRIO - 2 S.R.L. / DELUXE MEDICRAFTS / DEYAN KRAFT MEDICAL / DIAMEDIX IMPEX / EURODIAGONAL S.R.L. / EXIMIA MEDICAL / FARMACIA OMNIA / FRESENIUS MEDICAL CARE ROMANIA S.R.L. / GRAZY PRICE MEDICAL IMPORT EXPORT S.R.L. / HELLIMED / INNOVOTECH S.R.L. / Johnson & Johnson Romania / KARL STORZ ENDOSCOPIA ROMANIA / L&P MEDICAL / LC RHEA MEDICAL CARE S.R.L. / LIAMED / LIFETECH CONSULTING / LUAN VISION / Labelmark Solution SRL / MEDCLAS TRADING S.R.L. / MEDI -TECH BUSINESS / MEDICA ADVANCED SOLUTIONS (M.A.S.) / MEDICAL DEVICES & DIAGNOSTICS / MEDICAL GRUP / MEDIMPACT / MEDIST IMAGING & P.O.C. / MEDITECH S.R.L. / MEDTRONIC ROMANIA / MLM MEDICAL S.R.L. / Med Tech Distributions / NOVA FIT 2000 SRL / NOVOMED INTERNATIONAL SRL / Natural Es-medical S.R.L / Novaintermed S.R.L. / ORTOPROFIL PROD ROMANIA / PARTNERS MEDICAL SOLUTION S.R.L. / PAUL HARTMANN / PROFI PENTRU SANATATE / ROMBIOMEDICA / RUBICON EDITECH 89 S.R.L. / S&T MEDTECH / SANROTEX TRADING SRL / SC JUSTIR DESIGN SRL / SH MEDICAL SRL / STARSHIP ENTERPRISE S.R.L. / TECMED / THREE PHARM / TMS - TOP MEDICAL SUPPLIER / Tody Laboratories Int / VETRO DESIGN,29494016,valoare maxima a acordului-cadru (TED eForms BT-118 (valoarea maxima a acordului)),7901423,TED eForms (valoarea totala a rezultatului),29494016,TED eForms BT-118 (valoarea maxima a acordului),37412974,DA,Furnizare materiale sanitare Spital si UPU-SMURD,33140000,2024-01-17,36,2027-01-17,TED eForms (durata publicata),DA,valorile totale atribuite publicate pentru aceeasi procedura difera de peste 50 de ori intre anunturi (147874 - 7901423 RON); posibil eroare de publicare - verificati anunturile,"data = prima incheiere de contract publicata in TED; cea mai mare valoare totala publicata dintre 54 anunturi de atribuire (din anuntul 663379-2026; valorile pe anunturi pot fi partiale sau cumulative); aceeasi procedura publicata si sub: 240023-2024, 250868-2024, 277216-2025, 398817-2025, 653331-2025, 145555-2026, 127095-2026, 455330-2024, 187912-2025, 563615-2025, 550010-2025, 556374-2025, 260777-2025, 188105-2026, 244365-2025, 295580-2026, 476441-2024, 530071-2024, 451431-2025, 578009-2024, 688720-2024, 21002-2025, 107413-2025, 193635-2026, 126634-2025, 173828-2025, 206114-2025, 210196-2025, 239544-2025, 327335-2025, 345725-2025, 358642-2025, 370229-2025, 468368-2025, 484016-2025, 684366-2025, 654054-2025, 790458-2025, 814872-2025, 829846-2025, 117386-2026, 459358-2026, 112017-2026, 167504-2026, 138641-2026, 214629-2026, 238260-2026, 452913-2026, 283417-2026, 431085-2026, 521379-2026, 530922-2026, 539886-2026, 663379-2026",https://ted.europa.eu/en/notice/-/detail/179085-2024
86677-2024,DA,SPITALUL CLINIC JUDETEAN DE URGENTA SF. APOSTOL ANDREI,BIO TECHNIC ROMANIA S.R.L. / MEDICAL ORTOVIT / MEDICAL TECHNOLOGIES INTERNATIONAL / NEOS EUROPE,41586778,valoare maxima a acordului-cadru (TED eForms (suma valorilor maxime pe loturi)),,,41586778,TED eForms (suma valorilor maxime pe loturi),,DA,FURNIZARE PROTEZE ORTOPEDICE /17 LOTURI,33183200,2024-01-17,36,2027-01-17,TED eForms (durata publicata),DA,,data = prima incheiere de contract publicata in TED,https://ted.europa.eu/en/notice/-/detail/86677-2024
782881-2024,DA,Spitalul Orasenesc Corabia,BPM TEHNOLOGICA,3265250,valoare atribuita (TED eForms (valoarea totala a rezultatului)),3265250,TED eForms (valoarea totala a rezultatului),3266250,SICAP/OpenTender (valoare procedura),,,ACHIZIȚIE COMPUTER TOMOGRAF,33110000,2024-12-17,25,2027-01-17,TED eForms (durata publicata),DA,,data = prima incheiere de contract publicata in TED,https://ted.europa.eu/en/notice/-/detail/782881-2024
562836-2026,DA,Spitalul Clinic Municipal de Urgenta Moinesti,ELECTRONIC APRIL APARATURA ELECTRONICA SPECIALA S.R.L. / LIAMED / MEDIST IMAGING & P.O.C.,130868,valoare atribuita (TED eForms (valoarea totala a rezultatului)),130868,TED eForms (valoarea totala a rezultatului),154229,TED eForms (valoare estimata),,,FURNIZARE ECHIPAMENTE MEDICALE (II) (3 LOTURI),33100000,2026-07-17,6,2027-01-17,TED eForms (durata publicata),DA,,data = prima incheiere de contract publicata in TED,https://ted.europa.eu/en/notice/-/detail/562836-2026
63379-2023,DA,SPITALUL CLINIC JUDETEAN DE URGENTA BRASOV,SMART MEDICAL SOLUTIONS S.R.L.,2966400,valoare maxima a acordului-cadru (TED F02 (valoare estimata totala)),2966400,TED F03 (II.1.7 valoarea totala a achizitiei),2966400,TED F02 (valoare estimata totala),,DA,CONSUMABILE HEMODIAFILTRARE OMNI,33181520,2023-01-20,48,2027-01-20,TED F02 (durata publicata),DA,,data = prima incheiere de contract publicata in TED; aceeasi procedura publicata si sub: 562108-2022,https://ted.europa.eu/en/notice/-/detail/63379-2023
539813-2026,DA,Institutul Regional de Oncologie Iasi,Sof Medica,1618820,valoare atribuita (TED eForms (valoarea totala a rezultatului)),1618820,TED eForms (valoarea totala a rezultatului),1618946,TED eForms (valoare estimata),,,CONTRACT DE ACHIZITIE COLONOSCOAPE PENTRU INSTITUTUL REGIONAL DE ONCOLOGIE IASI - proiect COLONPREV – Prevenția cancerului colorectal prin s,33168000,2026-07-20,6,2027-01-20,TED eForms (durata publicata),DA,,data = prima incheiere de contract publicata in TED,https://ted.europa.eu/en/notice/-/detail/539813-2026
52190-2025,DA,Spitalul Clinic de Urgenta Bagdasar-Arseni,RAFI MEDICAL,997884,valoare maxima a acordului-cadru (TED eForms BT-118 (valoarea maxima a acordului)),,,997884,TED eForms BT-118 (valoarea maxima a acordului),2803590,DA,RECIPIENTE PENTRU UTILIZARE CHIRURGICALA,33169400,2025-01-21,24,2027-01-21,TED eForms (durata publicata),DA,,data = prima incheiere de contract publicata in TED; aceeasi procedura publicata si sub: 567652-2024,https://ted.europa.eu/en/notice/-/detail/52190-2025
78523-2025,DA,Spitalul Judetean de Urgenta Slobozia,BIO TECHNIC ROMANIA S.R.L. / MEDICAL ORTOVIT / Neos Europe,725984,valoare maxima a acordului-cadru (TED eForms BT-118 (valoarea maxima a acordului)),64198,TED eForms (valoarea totala a rezultatului),725984,TED eForms BT-118 (valoarea maxima a acordului),1215720,DA,ACHIZITIE PROTEZE ORTOPEDICE,33183200,2025-01-21,24,2027-01-21,TED eForms (durata publicata),DA,,data = prima incheiere de contract publicata in TED; valoare atribuita din anuntul 149028-2025; aceeasi procedura publicata si sub: 149028-2025,https://ted.europa.eu/en/notice/-/detail/78523-2025
606497-2026,DA,SPITALUL CLINIC JUDETEAN DE URGENTA BISTRITA,SIEMENS HEALTHCARE SRL,6700000,valoare atribuita (TED eForms (valoarea totala a rezultatului)),6700000,TED eForms (valoarea totala a rezultatului),6700000,TED eForms (valoare estimata),,,Furnizare echipamente medicale în cadrul Programului de sănătate-PS/643/PS_P3/OP4/RSO4.5/PS_P3_RSO4.5_A7Investiții de tip dotare în infrastr,33100000,2026-07-22,6,2027-01-22,TED eForms (durata publicata),DA,,data = prima incheiere de contract publicata in TED,https://ted.europa.eu/en/notice/-/detail/606497-2026
609006-2026,DA,SPITALUL CLINIC JUDETEAN DE URGENTA BISTRITA,MEDITECH,5905724,valoare atribuita (TED eForms (valoarea totala a rezultatului)),5905724,TED eForms (valoarea totala a rezultatului),11625959,TED eForms (valoare estimata),,,Furnizare echipamente medicale în cadrul Programului de sănătate-PS/643/PS_P3/OP4/RSO4.5/PS_P3_RSO4.5_A7Investiții de tip dotare în infrastr,33100000,2026-07-22,6,2027-01-22,TED eForms (durata publicata),DA,,data = prima incheiere de contract publicata in TED,https://ted.europa.eu/en/notice/-/detail/609006-2026
614496-2026,DA,SPITALUL CLINIC JUDETEAN DE URGENTA BISTRITA,MEDICAL TECHNOLOGIES INTERNATIONAL / MEDIQ INNOVATIVE TECHNOLOGIES SRL / NOVOMED INTERNATIONAL SRL / PRION POCT / S.C. MEDITECH S.R.L. S.R.L. / Sante International S.A.,2024750,valoare atribuita (TED eForms (valoarea totala a rezultatului)),2024750,TED eForms (valoarea totala a rezultatului),4333322,TED eForms (valoare estimata),,,Furnizare echipamente medicale în cadrul Programului de sănătate - PS/643/PS_P3/OP4/RSO4.5/PS_P3_RSO4.5_A7 - Investiții de tip dotare în inf,33100000,2026-07-22,6,2027-01-22,TED eForms (durata publicata),DA,,data = prima incheiere de contract publicata in TED,https://ted.europa.eu/en/notice/-/detail/614496-2026
92286-2024,DA,SPITALUL CLINIC JUDETEAN DE URGENTA BRASOV,Sante International,1602450,valoare maxima a acordului-cadru (TED eForms (suma valorilor maxime pe loturi)),,,1602450,TED eForms (suma valorilor maxime pe loturi),,DA,Materiale sanitare - Huse pentru mese de operatie,33198000,2024-01-23,36,2027-01-23,TED eForms (durata publicata),DA,,data = prima incheiere de contract publicata in TED,https://ted.europa.eu/en/notice/-/detail/92286-2024
410850-2025,DA,Spital Clinic Judetean de Urgenta Arad,VICI EVOLUTION,23762400,valoare atribuita (TED eForms (valoarea totala a rezultatului)),23762400,TED eForms (valoarea totala a rezultatului),,,,,"Achiziția de instalații de medicină nucleară tip PET-CT și SPECT-CT, inclusiv a lucrărilor privind extinderea, schimbarea destinației și ame",33100000,2025-06-23,19,2027-01-23,TED eForms (durata publicata),DA,,data = prima incheiere de contract publicata in TED,https://ted.europa.eu/en/notice/-/detail/410850-2025
57213-2024,DA,Spitalul Clinic Judetean de Urgenta Targu.Mures,TIMBERSTAR,813000,valoare maxima a acordului-cadru (TED eForms (suma valorilor maxime pe loturi)),,,813000,TED eForms (suma valorilor maxime pe loturi),819030,DA,Acord cadru de furnizare tampoane şi comprese,33141116,2024-01-25,36,2027-01-25,TED eForms (durata publicata),DA,,data = prima incheiere de contract publicata in TED,https://ted.europa.eu/en/notice/-/detail/57213-2024
59143-2025,DA,Spitalul Clinic Municipal de Urgenta Timisoara,Dyomedica CND / SH MEDICAL SRL / TOTAL MEDICAL SOLUTIONS,259200,valoare maxima a acordului-cadru (TED eForms BT-118 (valoarea maxima a acordului)),,,259200,TED eForms BT-118 (valoarea maxima a acordului),360000,DA,KIT SERINGA INJECTOR SINOPOWER,33141310,2025-01-27,24,2027-01-27,TED eForms (durata publicata),DA,,data = prima incheiere de contract publicata in TED; aceeasi procedura publicata si sub: 654315-2024,https://ted.europa.eu/en/notice/-/detail/59143-2025
283452-2026,DA,"Institutul National pentru Sanatatea Mamei si Copilului ""Alessandrescu-Rusescu Bucuresti""",ADG MEDICAL SUPPLY / EVOLDA MED S.R.L.,22309716,valoare maxima a acordului-cadru (TED eForms BT-118 (valoarea maxima a acordului)),,,22309716,TED eForms BT-118 (valoarea maxima a acordului),31409374,DA,”Acord cadru de furnizare consumabile medicale necesare Institutului National pentru Sanatatea Mamei si Copilului “Alessandrescu- Rusescu” (,33140000,2025-01-28,24,2027-01-28,TED eForms (durata publicata),DA,,data = prima incheiere de contract publicata in TED,https://ted.europa.eu/en/notice/-/detail/283452-2026
68626-2025,DA,"Spitalul Clinic de Urgenta pentru Copii ""Grigore Alexandrescu""",AUDIOLOGOS / CLARFON / FIX IMPORT EXPORT,25950476,valoare maxima a acordului-cadru (TED eForms BT-118 (valoarea maxima a acordului)),,,25950476,TED eForms BT-118 (valoarea maxima a acordului),28382336,DA,"Acord cadru de furnizare sistem implant cohlear , procesor de sunet si proteze auditive – 6 loturi - din cadrul Programului national de trat",33185200,2025-01-28,24,2027-01-28,TED eForms (durata publicata),DA,,"data = prima incheiere de contract publicata in TED; aceeasi procedura publicata si sub: 632476-2024, CN1073316",https://ted.europa.eu/en/notice/-/detail/68626-2025
82363-2025,DA,SPITALUL JUDETEAN DE URGENTA BUZAU,DEYAN KRAFT MEDICAL,3070590,valoare maxima a acordului-cadru (TED eForms BT-118 (valoarea maxima a acordului)),,,3070590,TED eForms BT-118 (valoarea maxima a acordului),3070623,DA,Furnizare sisteme de monitorizare continua a glicemiei si pompa simpla de insulina,33195000,2025-01-28,24,2027-01-28,TED eForms (durata publicata),DA,,data = prima incheiere de contract publicata in TED,https://ted.europa.eu/en/notice/-/detail/82363-2025
74990-2025,DA,"SPITALUL JUDETEAN DE URGENTA ""SFANTA CHIRIACHI"" VASLUI",BIO TECHNIC ROMANIA S.R.L.,4295000,valoare maxima a acordului-cadru (TED eForms BT-118 (valoarea maxima a acordului)),,,4295000,TED eForms BT-118 (valoarea maxima a acordului),4305000,DA,Achizitii de proteze ortopedice,33183200,2025-01-29,24,2027-01-29,TED eForms (durata publicata),DA,,data = prima incheiere de contract publicata in TED,https://ted.europa.eu/en/notice/-/detail/74990-2025
78960-2024,DA,Spitalul Judetean de Urgenta Miercurea Ciuc,Dental Vladmed V&M SRL / S.C. MEDIDENT EXIM S.R.L. S.R.L. / S.C. TEHNICAL DENT S.R.L.,598020,valoare maxima a acordului-cadru (TED eForms (suma valorilor maxime pe loturi)),,,598020,TED eForms (suma valorilor maxime pe loturi),761300,DA,Consumabile dentare,33141800,2024-01-30,36,2027-01-30,TED eForms (durata publicata),DA,,data = prima incheiere de contract publicata in TED,https://ted.europa.eu/en/notice/-/detail/78960-2024
121606-2025,DA,Spitalul Municipal Odorheiu Secuiesc,FARMEXIM S.A. / FILDAS TRADING S.R.L.,6245556,valoare maxima a acordului-cadru (TED eForms BT-118 (valoarea maxima a acordului)),,,6245556,TED eForms BT-118 (valoarea maxima a acordului),6725226,DA,"Acord-cadru de furnizare medicamente din Programul Național HEMOFILIE si TALASEMIE, cod P2.2024, pe o perioadă de 24 de luni",33141530,2025-01-31,24,2027-01-31,TED eForms (durata publicata),DA,,titlul indica medicamente (CPV 33x publicat de autoritate); data = prima incheiere de contract publicata in TED,https://ted.europa.eu/en/notice/-/detail/121606-2025
145050-2025,DA,SPITALUL MUNICIPAL TOPLITA,ALPHA MEDICAL / AXIOMED SOLUTIONS SRL / B.BRAUN MEDICAL / BIOTECHNICS IMPLANT / BIZMED / CARTO PLAST SRL / CO&CO Consumer 2002 S.R.L. / CRAD RO / CRIO - 2 / DELUXE MEDICRAFTS / GRAZY PRICE MEDICAL IMPORT EXPORT S.R.L. / HELLIMED / IQ WATER MEDICAL / KAPAMED INTERNATIONAL / LUAN VISION / Limas Group S.R.L. / MED - AL TRADING SRL / MEDICAL & GRAINS SUPPLIES - MGS / MERCATOR MEDICAL / MLM MEDICAL S.R.L. / Medplaza Health / NEOS EUROPE / NOVA FIT 2000 / NOVENTIS International / Natural Es-medical S.R.L / PRODCONFARM S.R.L. / RICOMED / ROVAL MED / RUBICON EDITECH 89 S.R.L. / SANROTEX TRADING SRL / STERIL ROMANIA / TAISSIS CONCEPT / TMS - TOP MEDICAL SUPPLIER / TZMO ROMANIA / ZARYS INTERNATIONAL GROUP,2290441,valoare maxima a acordului-cadru (TED eForms BT-118 (valoarea maxima a acordului)),1653563,TED eForms (valoarea totala a rezultatului),2290441,TED eForms BT-118 (valoarea maxima a acordului),4439180,DA,MATERIALE SANITARE 2024,33140000,2025-01-31,24,2027-01-31,TED eForms (durata publicata),DA,,"data = prima incheiere de contract publicata in TED; cea mai mare valoare totala publicata dintre 4 anunturi de atribuire (din anuntul 502406-2026; valorile pe anunturi pot fi partiale sau cumulative); aceeasi procedura publicata si sub: 154183-2025, 502406-2026, 677958-2025, 328338-2026",https://ted.europa.eu/en/notice/-/detail/145050-2025
77172-2025,DA,"Institutul de Boli Infectioase ""Prof. Dr. Matei Bals""",Elta 90 Medical Research SRL / SC BELFIX DISTRIBUTIE SRL / TUNIC PROD S.R.L.,535766,valoare maxima a acordului-cadru (TED eForms BT-118 (valoarea maxima a acordului)),96025,TED eForms (valoarea totala a rezultatului),535766,TED eForms BT-118 (valoarea maxima a acordului),858930,DA,Aparatură medicală de laborator 2 PNRR,33100000,2025-01-31,24,2027-01-31,TED eForms (durata publicata),DA,,data = prima incheiere de contract publicata in TED; valoare atribuita din anuntul 241573-2025; aceeasi procedura publicata si sub: 241573-2025,https://ted.europa.eu/en/notice/-/detail/77172-2025
553323-2026,DA,"Institutul Regional de Gastroenterologie-Hepatologie ""Prof. Dr. Octavian Fodor"" Cluj",DIAMEDIX IMPEX / MEDIQ INNOVATIVE TECHNOLOGIES SRL / ULTRASONIC S.R.L.,1477551,valoare atribuita (TED eForms (valoarea totala a rezultatului)),1477551,TED eForms (valoarea totala a rezultatului),1487741,TED eForms (valoare estimata),,,"Achiziție echipamente medicale în cadrul Proiectului “LIVE(RO) 4 NV - Organizarea de programe regionale de prevenire, depistare precoce (scr",33100000,2026-07-31,6,2027-01-31,TED eForms (durata publicata),DA,,data = prima incheiere de contract publicata in TED,https://ted.europa.eu/en/notice/-/detail/553323-2026
CN1052326,NU,SPITALUL CLINIC DE RECUPERARE IASI,CORAMED MEDIZINISCHE PRODUKTE / CRIO - 2 S.R.L. / TMS - TOP MEDICAL SUPPLIER / VETRO DESIGN / Natural Es-medical S.R.L / M-G EXIM ROMITALIA / BIZMED / Nova Fit 2000 S.R.L. / CO&CO Consumer 2002 S.R.L. / GYMED Oxigen S.R.L. / Limas Group S.R.L. / TZMO ROMANIA / BALMED / SANROTEX TRADING SRL / PAUL HARTMANN / SANTOMED S.R.L. / VODIMEDICOR S.R.L. / MEGACONS-BRILLAGO / HELLIMED / Steril Romania S.R.L. / HDL Union / ANDRON D. PAUL / STRYKER ROMANIA / MEDCLAS TRADING S.R.L. / SH MEDICAL SRL / B.BRAUN MEDICAL / MEDICAL GRUP / FRESENIUS KABI ROMANIA S.R.L. / DELUXE MEDICRAFTS / NAFKA GRUP S.R.L. / LUAN VISION,7008453,valoare atribuita (SICAP/OpenTender (valori pe atribuire)),7008453,SICAP/OpenTender (valori pe atribuire),31344456,SICAP/OpenTender (valoare procedura),,,MATERIALE SANITARE SI CONSUMABILE MEDICALE II,33140000,2023-02-23,47.3,2027-02-02,"SICAP/OpenTender (durata publicata, zile)",DA,"acelasi spital a atribuit un contract nou aceluiasi castigator la 2023-09-14 (597684-2023), inainte de expirarea calculata => probabil inlocuit",suma loturi,SICAP anunt nr. CN1052326
485733-2024,DA,SPITALUL CLINIC JUDETEAN MURES,KARL STORZ ENDOSCOPIA ROMANIA,3445234,valoare maxima a acordului-cadru (TED eForms BT-118 (valoarea maxima a acordului)),477728,TED eForms (valoarea totala a rezultatului),3445234,TED eForms BT-118 (valoarea maxima a acordului),3445234,DA,Acord cadru de furnizare - ” Set consumabile compatibile 100% sau echivalent cu turnurile Karl Storz,33162100,2024-08-05,30,2027-02-05,TED eForms (durata publicata),DA,,"data = prima incheiere de contract publicata in TED; cea mai mare valoare totala publicata dintre 4 anunturi de atribuire (din anuntul 459474-2026; valorile pe anunturi pot fi partiale sau cumulative); aceeasi procedura publicata si sub: 11761-2025, 36504-2026, 435597-2025, 459474-2026, CN1069284",https://ted.europa.eu/en/notice/-/detail/485733-2024
108461-2025,DA,SPITAL CLINIC JUDETEAN DE URGENTA BIHOR,DEYAN KRAFT MEDICAL / MEDTRONIC ROMANIA,1366410,valoare maxima a acordului-cadru (TED eForms BT-118 (valoarea maxima a acordului)),1049432,TED eForms (valoarea totala a rezultatului),1366410,TED eForms BT-118 (valoarea maxima a acordului),1366410,DA,CONSUMABILE PENTRU POMPA INSULINA SI CONSUMABILE SISTEME DE MONITORIZARE DEXCOM ONE+ 2024,33195000,2025-02-05,24,2027-02-05,TED eForms (durata publicata),DA,"acelasi spital a atribuit un contract nou aceluiasi castigator la 2025-03-14 (199284-2025), inainte de expirarea calculata => probabil inlocuit","data = prima incheiere de contract publicata in TED; cea mai mare valoare totala publicata dintre 17 anunturi de atribuire (din anuntul 654448-2026; valorile pe anunturi pot fi partiale sau cumulative); aceeasi procedura publicata si sub: 299022-2026, 533666-2026, 654448-2026, 117803-2025, 137464-2025, 271720-2025, 201073-2025, 395718-2025, 428396-2025, 515909-2025, 553745-2025, 558829-2025, 647193-2025, 714166-2025, 831114-2025, 867816-2025, 193723-2026",https://ted.europa.eu/en/notice/-/detail/108461-2025
121971-2023,DA,SPITALUL CLINIC JUDETEAN DE URGENTA BRASOV,RUBICON EDITECH 89 S.R.L.,5022500,valoare maxima a acordului-cadru (TED F02 (valoare estimata totala)),5003616,TED F03 (II.1.7 valoarea totala a achizitiei),5022500,TED F02 (valoare estimata totala),,DA,MATERIALE SANITARE CHIRURGIE TORACICĂ,33141640,2023-02-06,48,2027-02-06,TED F02 (durata publicata),DA,,data = prima incheiere de contract publicata in TED,https://ted.europa.eu/en/notice/-/detail/121971-2023
112342-2024,DA,Spitalulul Clinic de Ortopedie Traumatologie si TBC Osteoarticular Foisor,BIO TECHNIC ROMANIA S.R.L. / HS MEDICAL SRL / NEOS EUROPE / STRYKER ROMANIA,40190780,valoare maxima a acordului-cadru (TED eForms (suma valorilor maxime pe loturi)),40190780,TED eForms (valoarea totala a rezultatului),40190780,TED eForms (suma valorilor maxime pe loturi),41420628,DA,Implanturi Ortopedice,33183100,2024-02-06,36,2027-02-06,TED eForms (durata publicata),DA,,data = prima incheiere de contract publicata in TED; valoare atribuita din anuntul 212528-2024; aceeasi procedura publicata si sub: 212528-2024,https://ted.europa.eu/en/notice/-/detail/112342-2024
120160-2026,DA,SPITAL MUNICIPAL MOTRU,MEDICAL ORTOVIT,1455190,valoare maxima a acordului-cadru (TED eForms BT-118 (valoarea maxima a acordului)),529175,TED eForms (valoarea totala a rezultatului),1455190,TED eForms BT-118 (valoarea maxima a acordului),1665775,DA,Furnizare materiale sanitare de osteosinteza,33183100,2026-02-06,12,2027-02-06,TED eForms (durata publicata),DA,,data = prima incheiere de contract publicata in TED; valoare atribuita din anuntul 456241-2026; aceeasi procedura publicata si sub: 456241-2026,https://ted.europa.eu/en/notice/-/detail/120160-2026
222691-2025,DA,"SPITALUL CLINIC JUDETEAN DE URGENTA""SFANTUL IOAN CEL NOU""SUCEAVA",ALPHA NED 2000 EXIM SRL / B. BRAUN AVITUM S.R.L. / B.BRAUN MEDICAL SRL / BIZMED SRL / CO&CO Consumer 2002 S.R.L. / CRIO - 2 S.R.L. / DACO MEDICAL TECHNOLOGIES SRL / DELUXE MEDICRAFTS SRL / EURO PHARMAMED / FRESENIUS KABI ROMANIA SRL / HELLIMED SRL / Johnson & Johnson Romania SRL / KARL STORZ ENDOSCOPIA ROMANIA / M-G EXIM ROMITALIA S.R.L. / MEDI -TECH BUSINESS SRL / MEDTRONIC ROMANIA SRL / MEGACONS-BRILLAGO SRL / MERCATOR MEDICAL / NAFKA GRUP S.R.L. / NANO BIO MEDICAL S.R.L. / Novaintermed S.R.L. / PRODCONFARM S.R.L. / ROMBIOMEDICA / ROVAL MED SRL / RUBICON EDITECH 89 S.R.L. / S.C. ADAR UNIC SOLUTIONS S.R.L. / S.C.MEDICAL GRUP S.R.L. / SANROTEX TRADING SRL / SANTOMED S.R.L. / SC JUSTIR DESIGN SRL / SINOFARM ROMANIA S.R.L. / TAISSIS CONCEPT / THREE PHARM / TZMO ROMANIA SRL / VALDOMEDICA TRADING / ZARYS INTERNATIONAL GROUP,10949920,valoare maxima a acordului-cadru (TED eForms BT-118 (valoarea maxima a acordului)),1961183,TED eForms (valoarea totala a rezultatului),10949920,TED eForms BT-118 (valoarea maxima a acordului),23278980,DA,Acord-cadru de achizitie publică de materiale sanitare divizate pe 106 loturi,33140000,2025-02-07,24,2027-02-07,TED eForms (durata publicata),DA,,"data = prima incheiere de contract publicata in TED; cea mai mare valoare totala publicata dintre 3 anunturi de atribuire (din anuntul 3626-2026; valorile pe anunturi pot fi partiale sau cumulative); aceeasi procedura publicata si sub: 228920-2025, 682203-2025, 3626-2026",https://ted.europa.eu/en/notice/-/detail/222691-2025
116023-2024,DA,"Spitalul Clinic de Urgenta pentru Copii ""Sf.Maria"" Iasi",DABEMA & JOHNNY S.R.L. / Europrotect Safety SRL / MOBILCONF ADRIANA / SOCIETATEA COOPERATIVA MESTESUGAREASCA DE GRADUL 1 MUNCA INVALIZILOR,4461978,valoare maxima a acordului-cadru (TED eForms BT-118 (valoarea maxima a acordului)),2012084,TED eForms (valoarea totala a rezultatului),4461978,TED eForms BT-118 (valoarea maxima a acordului),5421000,DA,ACORD CADRU DE FURNIZARE MATERIAL MOALE – UNITATI PROTEJATE,33199000,2024-02-09,36,2027-02-09,TED eForms (durata publicata),DA,,"data = prima incheiere de contract publicata in TED; cea mai mare valoare totala publicata dintre 5 anunturi de atribuire (din anuntul 608982-2026; valorile pe anunturi pot fi partiale sau cumulative); aceeasi procedura publicata si sub: 559852-2024, 231581-2026, 304844-2026, 538427-2026, 608982-2026",https://ted.europa.eu/en/notice/-/detail/116023-2024
426068-2026,DA,Spitalul Clinic de Copii Dr.Victor Gomoiu,KRAL MEDICAL SOLUTIONS,18818444,valoare atribuita (TED eForms (valoarea totala a rezultatului)),18818444,TED eForms (valoarea totala a rezultatului),18819535,TED eForms (valoare estimata),,,Aparatura si echipamente medicale,33100000,2026-06-09,8,2027-02-09,TED eForms (durata publicata),DA,,data = prima incheiere de contract publicata in TED,https://ted.europa.eu/en/notice/-/detail/426068-2026
147314-2025,DA,Ministerul Apararii - Unitatea Militara nr. 02558 Timisoara,ALCA DUO MEDICAL S.R.L. / ALPHA BRIO MEDICAL S.R.L. / ALPHA MEDICAL S.R.L. / B.BRAUN MEDICAL SRL / BIZMED SRL / CARDIOTECH SRL / CIX INTERPROD S.R.L. / CO&CO Consumer 2002 S.R.L. / CREATIVE MED SRL / CRIO - 2 / DELUXE MEDICRAFTS SRL / DIAMEDIX IMPEX / EXIMIA MEDICAL / FRESENIUS KABI ROMANIA SRL / Flexi Pro SRL / GRAZY PRICE MEDICAL IMPORT EXPORT S.R.L. / HELLIMED SRL / Johnson & Johnson Romania SRL / KAPAMED INTERNATIONAL SRL / KARL STORZ ENDOSCOPIA ROMANIA / LG PHARM S.R.L. / Lumamed Health&Care SRL / MAC'S MEDICAL SURGICAL / MEDICAL ORTOVIT / MEDICALEXPAND / MEDIMPACT SRL / MEDTRONIC ROMANIA SRL / MLM MEDICAL S.R.L. / NAFKA GRUP S.R.L. / NOVOMED INTERNATIONAL SRL / Ortholife Systems / PARTNERS MEDICAL SOLUTION S.R.L. / PAUL HARTMANN SRL / PH MEDICAL TRADE / PRIMEX MEDICAL SRL / PRODCONFARM S.R.L. / RAFI MEDICAL / RCV MEDICAL HEALTH / ROMBIOMEDICA / ROVAL MED SRL / RUBICON EDITECH 89 S.R.L. / S.C. IOANA N & M SRL S.R.L. / S.C. LUXMED VEST DISTRIBUTION S.R.L. / S.C. Natural Es-medical S.R.L / S.C.MEDICAL GRUP S.R.L. / SANROTEX TRADING SRL / SC Nova Fit 2000 S.R.L. / SH MEDICAL SRL / SMART MEDICAL SOLUTIONS S.R.L. / STERIL ROMANIA SRL / STRYKER ROMANIA S.R.L. / THREE PHARM / TMS - TOP MEDICAL SUPPLIER / TODY LABORATORIES MED / TRIDENT MEDICAL COMPANY S.R.L. / TUNIC PROD / TZMO ROMANIA SRL / VETRO DESIGN S.R.L. / ZARYS INTERNATIONAL GROUP MEDICAL EQUIPMENT S.R.L. / ZENMED SOLUTIONS,5150633,valoare maxima a acordului-cadru (TED eForms BT-118 (valoarea maxima a acordului)),,,5150633,TED eForms BT-118 (valoarea maxima a acordului),6883925,DA,Acord- cadru de furnizare materiale sanitare,33140000,2025-02-10,24,2027-02-10,TED eForms (durata publicata),DA,,unitate militara cu profil de spital; data = prima incheiere de contract publicata in TED,https://ted.europa.eu/en/notice/-/detail/147314-2025
CN1047603,NU,SPITAL CLINIC JUDETEAN DE URGENTA BIHOR,INFOMED FLUIDS S.R.L.,69930,valoare atribuita (SICAP/OpenTender (valori pe atribuire)),69930,SICAP/OpenTender (valori pe atribuire),69930,SICAP/OpenTender (valoare procedura),,,Consumabile pentru aparat de epurare sanguina extracorporeala continua cu punere la dispozitie a unui aparat,33181520,2023-03-04,47.3,2027-02-11,"SICAP/OpenTender (durata publicata, zile)",DA,,inregistrarea SICAP contine un rand total si randuri pe loturi; totalul o singura data,SICAP anunt nr. CN1047603
107303-2025,DA,"Spital Clinic Judetean de Urgenta ""Pius Brinzeu"" Timisoara",MEDICAL ORTOVIT / SPORTMED SYSTEMS / ZIMMER BIOMET ROMANIA,14273350,valoare maxima a acordului-cadru (TED eForms BT-118 (valoarea maxima a acordului)),,,14273350,TED eForms BT-118 (valoarea maxima a acordului),29692040,DA,Acord cadru de furnizare - Instabilitati articulare II,33183100,2025-02-11,24,2027-02-11,TED eForms (durata publicata),DA,,data = prima incheiere de contract publicata in TED,https://ted.europa.eu/en/notice/-/detail/107303-2025
108541-2025,DA,"Spital Clinic Judetean de Urgenta ""Pius Brinzeu"" Timisoara",MEDICAL ORTOVIT,28365000,valoare maxima a acordului-cadru (TED eForms BT-118 (valoarea maxima a acordului)),,,28365000,TED eForms BT-118 (valoarea maxima a acordului),32063000,DA,Acord cadru de furnizare - Instabilitati articulare I,33183100,2025-02-11,24,2027-02-11,TED eForms (durata publicata),DA,,data = prima incheiere de contract publicata in TED,https://ted.europa.eu/en/notice/-/detail/108541-2025
148775-2025,DA,SPITALUL CLINIC DE RECUPERARE CLUJ-NAPOCA,ALPHA NED 2000 EXIM SRL / B.BRAUN MEDICAL SRL / CO&CO Consumer 2002 S.R.L. / CRAD RO SRL / CRIO - 2 S.R.L. / DELUXE MEDICRAFTS SRL / FRESENIUS KABI ROMANIA SRL / HDL Union / LUAN VISION SRL / MEDICA ADVANCED SOLUTIONS (M.A.S.) S.R.L. / MEDICAL ORTOVIT / MEDITECH CMA / MLM MEDICAL S.R.L. / Neos Europe / PAUL HARTMANN SRL / PRODCONFARM S.R.L. / RICOMED SRL / ROMBIOMEDICA / RUBICON EDITECH 89 S.R.L. / S.C. GENERAL ELECTRIC MEDICAL SYSTEMS ROMANIA S.R.L. / S.C. IOANA N & M SRL S.R.L. / S.C. Medplaza Health S.R.L. / S.C.MEDICAL GRUP S.R.L. / SANROTEX TRADING SRL / SC Nova Fit 2000 S.R.L. / SH MEDICAL SRL / SPORTMED SYSTEMS / STRYKER ROMANIA S.R.L. / TZMO ROMANIA SRL / VALDOMEDICA TRADING SRL / VETRO DESIGN S.R.L. / ZARYS INTERNATIONAL GROUP MEDICAL EQUIPMENT S.R.L. / ALPHA MEDICAL S.R.L. / Flexi Pro SRL,3370848,valoare maxima a acordului-cadru (TED eForms BT-118 (valoarea maxima a acordului)),1472722,TED eForms (valoarea totala a rezultatului),3370848,TED eForms BT-118 (valoarea maxima a acordului),5287490,DA,MATERIALE SANITARE,33140000,2025-02-11,24,2027-02-11,TED eForms (durata publicata),DA,valorile totale atribuite publicate pentru aceeasi procedura difera de peste 50 de ori intre anunturi (20700 - 1472722 RON); posibil eroare de publicare - verificati anunturile,"data = prima incheiere de contract publicata in TED; cea mai mare valoare totala publicata dintre 8 anunturi de atribuire (din anuntul 468302-2026; valorile pe anunturi pot fi partiale sau cumulative); aceeasi procedura publicata si sub: 826546-2025, 212036-2025, 167173-2025, 267116-2025, 436441-2025, 673002-2025, 305293-2026, 468302-2026",https://ted.europa.eu/en/notice/-/detail/148775-2025
511109-2025,DA,Ministerul Apararii Nationale - Unitatea Militara 02474 - Spitalul Clinic Militar de Urgenta Regina Maria,ADAR UNIC SOLUTIONS / ADION PRODIMPEXTRANS S.R.L. / ALCON ROMANIA / ALL IN PHARMA MED / ALPHA MEDICAL / AXIOMED SOLUTIONS SRL / B.BRAUN MEDICAL / BIO TECHNIC ROMANIA S.R.L. / BIOTECHNICS IMPLANT / BIZMED / BOSTON SCIENTIFIC ROMANIA / CARDIOTECH / CAVROM S.R.L. / CRIO - 2 / DACO MEDICAL TECHNOLOGIES / DDS Diagnostic / DELUXE MEDICRAFTS / DRAEGER ROMANIA / EST INVEST FARMA / EURODIAGONAL S.R.L. / Esomed Solution / FRESENIUS KABI ROMANIA / Flexi Pro SRL / GRAZY PRICE MEDICAL IMPORT EXPORT S.R.L. / HDL Union / HELLIMED / Johnson & Johnson Romania / KAPAMED INTERNATIONAL / KARL STORZ ENDOSCOPIA ROMANIA / LC RHEA MEDICAL CARE S.R.L. / LUAN VISION / Lumamed Health&Care / M-G EXIM ROMITALIA / MED - AL TRADING SRL / MEDICAL GRUP / MEDICAL ORTOVIT / MEDIMPACT / MEDTRONIC ROMANIA / MEDVANCE / MERCATOR MEDICAL / MLM MEDICAL S.R.L. / Medplaza Health / NAFKA GRUP / NOVA FIT 2000 / NOVENTIS International / Natural Es-medical S.R.L / PAUL HARTMANN / PH MEDICAL TRADE / RAFI MEDICAL / RICOMED / ROVAL MED / RUBICON EDITECH 89 S.R.L. / SAB TRANS CONSULT / SANROTEX TRADING SRL / SH MEDICAL SRL / STERIL ROMANIA / STERISACO / Sof Medica / TEHNO ELECTRO MEDICAL COMPANY S.R.L. / THREE PHARM / TMS - TOP MEDICAL SUPPLIER / TODY LABORATORIES MED / TZMO ROMANIA / VALDOMEDICA TRADING / VETRO DESIGN / VIVA PRO MEDAX / X-Lab Solutions S.R.L. / ZENMED SOLUTIONS / ZIMMER BIOMET ROMANIA,18728595,valoare maxima a acordului-cadru (TED eForms BT-118 (valoarea maxima a acordului)),,,18728595,TED eForms BT-118 (valoarea maxima a acordului),25678850,DA,Acord cadru furnizare materiale sanitare si consumabile medicale,33100000,2025-02-11,24,2027-02-11,TED eForms (durata publicata),DA,,unitate militara cu profil de spital; data = prima incheiere de contract publicata in TED,https://ted.europa.eu/en/notice/-/detail/511109-2025
662871-2026,DA,SPITALUL CLINIC JUDETEAN DE URGENTA SIBIU,B.BRAUN MEDICAL SRL / Medical Corp S.R.L. / RAFI MEDICAL / ROMGER GENERAL TRADE & CONSULTING S.R.L. / S.C. PRO CARDIA S.R.L. / SANOVIA CONNECT S.R.L.,1154681,valoare atribuita (TED eForms (valoarea totala a rezultatului)),1154681,TED eForms (valoarea totala a rezultatului),2148760,TED eForms (valoare estimata),,,Contract de furnizare echipamente medicale,33100000,2026-08-11,6,2027-02-11,TED eForms (durata publicata),DA,,data = prima incheiere de contract publicata in TED,https://ted.europa.eu/en/notice/-/detail/662871-2026
700118-2023,DA,Spitalulul Clinic de Ortopedie Traumatologie si TBC Osteoarticular Foisor,MEDTRONIC ROMANIA,7285630,valoare maxima a acordului-cadru (TED F02 (valoare estimata totala)),6689000,TED F03 (II.1.7 valoarea totala a achizitiei),7285630,TED F02 (valoare estimata totala),,DA,iMPLANTURI ORTOPEDICE -COLOANA,33183100,2023-10-12,40,2027-02-12,TED F02 (durata publicata),DA,,data = prima incheiere de contract publicata in TED; aceeasi procedura publicata si sub: 389284-2023,https://ted.europa.eu/en/notice/-/detail/700118-2023
104867-2025,DA,SPITALUL UNIVERSITAR DE URGENTA ELIAS,PAPAPOSTOLOU S.R.L / PHILIPS ROMANIA,12107932,valoare maxima a acordului-cadru (TED eForms BT-118 (valoarea maxima a acordului)),,,12107932,TED eForms BT-118 (valoarea maxima a acordului),12107950,DA,Echipamente medicale,33100000,2025-02-12,24,2027-02-12,TED eForms (durata publicata),DA,,data = prima incheiere de contract publicata in TED,https://ted.europa.eu/en/notice/-/detail/104867-2025
341507-2026,DA,Spitalulul Clinic de Ortopedie Traumatologie si TBC Osteoarticular Foisor,ACCURATE BUSINESS SRL,1710000,valoare atribuita (TED eForms (valoarea totala a rezultatului)),1710000,TED eForms (valoarea totala a rezultatului),1714040,TED eForms (valoare estimata),,,ACHIZITIA DE ECHIPAMENTE DEZINFECTIE,33191000,2026-05-12,9,2027-02-12,TED eForms (durata publicata),DA,,data = prima incheiere de contract publicata in TED,https://ted.europa.eu/en/notice/-/detail/341507-2026
119431-2025,DA,SPITALUL CLINIC JUDETEAN DE URGENTA CLUJ,Novaintermed S.R.L.,2482440,valoare maxima a acordului-cadru (TED eForms BT-118 (valoarea maxima a acordului)),,,2482440,TED eForms BT-118 (valoarea maxima a acordului),3158080,DA,Acord cadru pe 2 ani 'Consumabile de laborator 2',33141300,2025-02-13,24,2027-02-13,TED eForms (durata publicata),DA,,data = prima incheiere de contract publicata in TED,https://ted.europa.eu/en/notice/-/detail/119431-2025
602088-2026,DA,SPITALUL CLINIC COLTEA,ELEKTA MEDICAL SYSTEMS S.R.L. / INFOMED S.R.L. / KARL STORZ ENDOSCOPIA ROMANIA / MEDICOMPLEX S.R.L. / MEDIST IMAGING & P.O.C. S.R.L. / MEDIST LIFE SCIENCE S.R.L. / OPTIMED / S.C. ELMED MEDICALS.R.L. / TEHNO ELECTRO MEDICAL COMPANY S.R.L.,5483905,valoare atribuita (TED eForms (valoarea totala a rezultatului)),5483905,TED eForms (valoarea totala a rezultatului),5488000,TED eForms (valoare estimata),,,Furnizare APARATURA MEDICALA 1 ANUL 2026,33100000,2026-08-14,6,2027-02-14,TED eForms (durata publicata),DA,,data = prima incheiere de contract publicata in TED,https://ted.europa.eu/en/notice/-/detail/602088-2026
646066-2026,DA,SPITALUL ORASENESC DR. GHEORGHE CONSTANTINESCU BUMBESTI-JIU,TEHNO ELECTRO MEDICAL COMPANY S.R.L.,399000,valoare atribuita (TED eForms (valoarea totala a rezultatului)),399000,TED eForms (valoarea totala a rezultatului),441322,TED eForms (valoare estimata),,,Furnizare aparatura medicala,33100000,2026-09-16,5,2027-02-16,TED eForms (durata publicata),DA,,data = prima incheiere de contract publicata in TED,https://ted.europa.eu/en/notice/-/detail/646066-2026
114564-2025,DA,"Spitalul Clinic de Urgenta pentru Copii ""Sf.Maria"" Iasi",DEYAN KRAFT MEDICAL / MEDTRONIC ROMANIA SRL,37007336,valoare maxima a acordului-cadru (TED eForms BT-118 (valoarea maxima a acordului)),4730960,TED eForms (valoarea totala a rezultatului),37007336,TED eForms BT-118 (valoarea maxima a acordului),37007336,DA,ACORD CADRU FURNIZARE POMPE DE INSULINA SI CONSUMABILE SISTEME DE MONITORIZARE CONTINUA A GLICEMIEI,33195000,2025-02-17,24,2027-02-17,TED eForms (durata publicata),DA,"acelasi spital a atribuit un contract nou aceluiasi castigator la 2026-02-09 (107293-2026), inainte de expirarea calculata => probabil inlocuit","data = prima incheiere de contract publicata in TED; cea mai mare valoare totala publicata dintre 5 anunturi de atribuire (din anuntul 580125-2026; valorile pe anunturi pot fi partiale sau cumulative); aceeasi procedura publicata si sub: 434141-2025, 531084-2025, 577590-2025, 22092-2026, 580125-2026",https://ted.europa.eu/en/notice/-/detail/114564-2025
124902-2025,DA,Spitalul Judetean de Urgenta Miercurea Ciuc,BIO TECHNIC ROMANIA S.R.L. / SANATMETAL RO SRL / VALDOMEDICA TRADING SRL,3849450,valoare maxima a acordului-cadru (TED eForms BT-118 (valoarea maxima a acordului)),,,3849450,TED eForms BT-118 (valoarea maxima a acordului),4367590,DA,Achiziție ”Proteze și componente protetice specifice”,33183200,2025-02-17,24,2027-02-17,TED eForms (durata publicata),DA,,data = prima incheiere de contract publicata in TED,https://ted.europa.eu/en/notice/-/detail/124902-2025
646157-2026,DA,SPITALUL JUDETEAN DE URGENTA PIATRA NEAMT,Logaritm,1020300,valoare atribuita (TED eForms (valoarea totala a rezultatului)),1020300,TED eForms (valoarea totala a rezultatului),1020300,TED eForms (valoare estimata),,,Reluare LOT 8 in cadrul proiectului „ Dotarea cu echipamente medicale specifice a SPITALUL JUDETEAN DE URGENTA PIATRA NEAMT pentru diagnosti,33100000,2026-08-17,6,2027-02-17,TED eForms (durata publicata),DA,,data = prima incheiere de contract publicata in TED,https://ted.europa.eu/en/notice/-/detail/646157-2026
143961-2025,DA,SPITALUL CLINIC JUDETEAN DE URGENTA SF. APOSTOL ANDREI,CRIO - 2 / M-G EXIM ROMITALIA,1010970,valoare maxima a acordului-cadru (TED eForms BT-118 (valoarea maxima a acordului)),,,1010970,TED eForms BT-118 (valoarea maxima a acordului),1544950,DA,"FURNIZARE "" FIRE RESORBABILE/NERESORBABILE FARA AC ” /2 LOTURI/ACORD CADRU/24 LUNI",33141121,2025-02-18,24,2027-02-18,TED eForms (durata publicata),DA,,data = prima incheiere de contract publicata in TED,https://ted.europa.eu/en/notice/-/detail/143961-2025
114720-2025,DA,Spitalul Judetean de Urgenta Alba Iulia,DEYAN KRAFT MEDICAL,5445384,valoare maxima a acordului-cadru (TED eForms BT-118 (valoarea maxima a acordului)),,,5445384,TED eForms BT-118 (valoarea maxima a acordului),5520000,DA,Materiale consumabile pentru Pompa de insulina Insulet Omnipod DASH,33195000,2025-02-19,24,2027-02-19,TED eForms (durata publicata),DA,,data = prima incheiere de contract publicata in TED,https://ted.europa.eu/en/notice/-/detail/114720-2025
124595-2025,DA,"SPITALUL JUDETEAN DE URGENTA ""SF. PANTELIMON"" FOCSANI",B.BRAUN MEDICAL SRL / BIZMED SRL / DELUXE MEDICRAFTS SRL / Novaintermed S.R.L.,9478271,valoare maxima a acordului-cadru (TED eForms BT-118 (valoarea maxima a acordului)),,,9478271,TED eForms BT-118 (valoarea maxima a acordului),13201413,DA,"ACORD CADRU FURNIZARE SERINGI, BRANULE, ACE, CATETERE, CONECTORI, CONSUMABILE",33141310,2025-02-20,24,2027-02-20,TED eForms (durata publicata),DA,,data = prima incheiere de contract publicata in TED,https://ted.europa.eu/en/notice/-/detail/124595-2025
126108-2025,DA,UM 0929 Bucuresti,ALCA DUO MEDICAL S.R.L. / ALPHA MEDICAL S.R.L. / BIO HYGIENE SRL / BIOSENS MEDICA S.R.L. / CRIO - 2 S.R.L. / DELUXE MEDICRAFTS SRL / Flexi Pro SRL / NOVOMED INTERNATIONAL SRL / PAUL HARTMANN SRL / S.C. FARMACIA OMNIA S.R.L. / SANROTEX TRADING SRL / TZMO ROMANIA SRL / VETRO DESIGN S.R.L.,5187699,valoare maxima a acordului-cadru (TED eForms BT-118 (valoarea maxima a acordului)),,,5187699,TED eForms BT-118 (valoarea maxima a acordului),13255700,DA,"Furnizare materiale sanitare plasturi, comprese",33141110,2025-02-20,24,2027-02-20,TED eForms (durata publicata),DA,,unitate militara cu profil de spital; data = prima incheiere de contract publicata in TED,https://ted.europa.eu/en/notice/-/detail/126108-2025
CN1045855,NU,"SPITALUL JUDETEAN DE URGENTA ""SF. PANTELIMON"" FOCSANI",Sof Medica,1750,valoare maxima a acordului-cadru (SICAP/OpenTender (valoare procedura)),1750,SICAP/OpenTender (valori pe atribuire),1750,SICAP/OpenTender (valoare procedura),,DA,Acord cadru furnizare consumabile HEMODIALIZA,33181520,2023-03-14,47.3,2027-02-21,"SICAP/OpenTender (durata publicata, zile)",DA,"acelasi spital a atribuit un contract nou aceluiasi castigator la 2023-12-12 (14230-2024), inainte de expirarea calculata => probabil inlocuit",2 randuri SICAP cu valoare identica (posibil loturi egale sau acord cu mai multi castigatori); valoarea numarata o singura data,SICAP anunt nr. CN1045855
118698-2024,DA,SPITALUL JUDETEAN DE URGENTA BUZAU,MEDTRONIC ROMANIA,3864000,valoare maxima a acordului-cadru (TED eForms (suma valorilor maxime pe loturi)),,,3864000,TED eForms (suma valorilor maxime pe loturi),3864000,DA,Achizitie consumabile Program Diabet,33141620,2024-02-21,36,2027-02-21,TED eForms (durata publicata),DA,,data = prima incheiere de contract publicata in TED,https://ted.europa.eu/en/notice/-/detail/118698-2024
155508-2025,DA,SPITALUL CLINIC JUDETEAN MURES,DR.MAX,32500,valoare maxima a acordului-cadru (TED eForms BT-118 (valoarea maxima a acordului)),4745,TED eForms (valoarea totala a rezultatului),32500,TED eForms BT-118 (valoarea maxima a acordului),36000,DA,Acord cadru de furnizare materiale sanitare -” dispozitiv de evacuare rapida”,33141642,2025-02-21,24,2027-02-21,TED eForms (durata publicata),DA,,"data = prima incheiere de contract publicata in TED; cea mai mare valoare totala publicata dintre 3 anunturi de atribuire (din anuntul 38605-2026; valorile pe anunturi pot fi partiale sau cumulative); aceeasi procedura publicata si sub: 235635-2025, 38605-2026, 657343-2025",https://ted.europa.eu/en/notice/-/detail/155508-2025
166502-2025,DA,SPITALUL CLINIC JUDETEAN DE URGENTA CLUJ,AUDIOLOGOS,13934250,valoare maxima a acordului-cadru (TED eForms BT-118 (valoarea maxima a acordului)),,,13934250,TED eForms BT-118 (valoarea maxima a acordului),33864195,DA,Implant cohlear si Proteze Auditive,33185200,2025-02-21,24,2027-02-21,TED eForms (durata publicata),DA,,data = prima incheiere de contract publicata in TED,https://ted.europa.eu/en/notice/-/detail/166502-2025
143935-2023,DA,Institutul National de Neurologie si Boli Neurovasculare,TEHNOPLUS MEDICAL,3264500,valoare maxima a acordului-cadru (TED F02 (valoare estimata totala)),3161522,TED F03 (II.1.7 valoarea totala a achizitiei),3264500,TED F02 (valoare estimata totala),,DA,ECHIPAMENTE MEDICALE IGIENĂ ȘI STERILIZARE PENTRU STATIE CENTRALA DE STERILIZARE,33191000,2023-02-22,48,2027-02-22,TED F02 (durata publicata),DA,,data = prima incheiere de contract publicata in TED; aceeasi procedura publicata si sub: 583950-2022,https://ted.europa.eu/en/notice/-/detail/143935-2023
CAN1005510,NU,"Spitalul Universitar de Urgenta Militar Central ""Dr. Carol Davila""",ORTOPROFIL PROD ROMANIA SRL / Otto Bock Servicii Ortopedice SRL,1702560,valoare atribuita (SICAP/OpenTender (valori pe atribuire)),1702560,SICAP/OpenTender (valori pe atribuire),,,,,MATERIALE SANITARE ORTOPEDIE pentru ranitii din teatrele de operatii,33141700,2023-03-15,47.3,2027-02-22,"SICAP/OpenTender (durata publicata, zile)",DA,,valoarea procedurii din SICAP/OpenTender (56.752.014 RON) ignorata: de peste 20 de ori valoarea atribuita (probabil eroare de unitate); unitate militara cu profil de spital; suma loturi,SICAP anunt nr. CAN1005510
227557-2024,DA,Spitalul Judetean de Urgenta Miercurea Ciuc,KARL STORZ ENDOSCOPIA ROMANIA / Kembli Med / MEDIMPACT / RAFI MEDICAL / S.C. MEDITECH S.R.L. S.R.L. / TEHNOPLUS MEDICAL / VALDOMEDICA TRADING,1189061,valoare maxima a acordului-cadru (TED eForms (suma valorilor maxime pe loturi)),,,1189061,TED eForms (suma valorilor maxime pe loturi),1563655,DA,Acord cadru de furnizare diverse aparate și produse medicale,33190000,2024-02-22,36,2027-02-22,TED eForms (durata publicata),DA,,data = prima incheiere de contract publicata in TED,https://ted.europa.eu/en/notice/-/detail/227557-2024
629491-2026,DA,Spitalul Judetean de Urgenta Slobozia,GENERAL ELECTRIC MEDICAL SYSTEMS ROMANIA / PROTON IMPEX 2000,18356840,valoare atribuita (TED eForms (valoarea totala a rezultatului)),18356840,TED eForms (valoarea totala a rezultatului),19539314,TED eForms (valoare estimata),,,Modernizarea infrastructurii Spitalului Județean de Urgență Slobozia cu echipamente pentru diagnosticarea și tratarea cancerului” (cod SMIS ,33100000,2026-08-27,5.9,2027-02-23,TED eForms (durata publicata),DA,,data = prima incheiere de contract publicata in TED,https://ted.europa.eu/en/notice/-/detail/629491-2026
123618-2025,DA,"Spital Clinic Judetean de Urgenta ""Pius Brinzeu"" Timisoara",ENLIFE SOLUTIONS / HS MEDICAL SRL / MEDTRONIC ROMANIA / RONDA MEDICAL,24829200,valoare maxima a acordului-cadru (TED eForms BT-118 (valoarea maxima a acordului)),,,24829200,TED eForms BT-118 (valoarea maxima a acordului),25585008,DA,Acord cadru de furnizare materiale sanitare neurochirurgie,33140000,2025-02-24,24,2027-02-24,TED eForms (durata publicata),DA,,data = prima incheiere de contract publicata in TED,https://ted.europa.eu/en/notice/-/detail/123618-2025
608935-2026,DA,SPITALUL JUDETEAN DE URGENTA ALEXANDRIA,HEALTH SUPPLY,8756745,valoare atribuita (TED eForms (valoarea totala a rezultatului)),8756745,TED eForms (valoarea totala a rezultatului),9137273,TED eForms (valoare estimata),,,"FURNIZARE, INSTALARE SI PUNERE IN FUNCTIUNE ECHIPAMENTE MEDICALE",33100000,2026-08-24,6,2027-02-24,TED eForms (durata publicata),DA,,data = prima incheiere de contract publicata in TED,https://ted.europa.eu/en/notice/-/detail/608935-2026
642140-2026,DA,"Spitalul Clinic ""Prof.Dr.Th.Burghele""",Sof Medica,14400000,valoare atribuita (TED eForms (valoarea totala a rezultatului)),14400000,TED eForms (valoarea totala a rezultatului),14929360,TED eForms (valoare estimata),,,SISTEM CHIRURGIE MINIM INVAZIVĂ ASISTATĂ ROBOTIC – ROBOT CHIRURGICAL în cadrul Proiectului INOFORMDOC,33100000,2026-08-24,6,2027-02-24,TED eForms (durata publicata),DA,,data = prima incheiere de contract publicata in TED,https://ted.europa.eu/en/notice/-/detail/642140-2026
141788-2026,DA,"Spitalul Clinic ""Prof.Dr.Th.Burghele""",Sof Medica,14251160,valoare atribuita (TED eForms (valoarea totala a rezultatului)),14251160,TED eForms (valoarea totala a rezultatului),14929360,TED eForms (valoare estimata),,,SISTEM CHIRURGIE MINIM INVAZIVĂ ASISTATĂ ROBOTIC – ROBOT CHIRURGICAL,33100000,2026-02-25,12,2027-02-25,TED eForms (durata publicata),DA,"acelasi spital a atribuit un contract nou aceluiasi castigator la 2026-08-24 (642140-2026), inainte de expirarea calculata => probabil inlocuit; valorile totale atribuite publicate pentru aceeasi procedura difera de peste 50 de ori intre anunturi (0 - 14251160 RON); posibil eroare de publicare - verificati anunturile",data = prima incheiere de contract publicata in TED; cea mai mare valoare totala publicata dintre 2 anunturi de atribuire (din anuntul 141788-2026; valorile pe anunturi pot fi partiale sau cumulative); aceeasi procedura publicata si sub: 639031-2026,https://ted.europa.eu/en/notice/-/detail/141788-2026
125335-2024,DA,Spitalul Clinic Judetean de Urgenta Targu.Mures,NOVENTIS International / S.C.MEDICAL GRUP S.R.L. / SANTOMED S.R.L. / TOP TRADE MEDICAL / VALDOMEDICA TRADING,895212,valoare maxima a acordului-cadru (TED eForms (suma valorilor maxime pe loturi)),,,895212,TED eForms (suma valorilor maxime pe loturi),1687500,DA,"Acord cadru de furnizare Consumabile medicale, Sonde, Catetere",33140000,2024-02-26,36,2027-02-26,TED eForms (durata publicata),DA,,data = prima incheiere de contract publicata in TED,https://ted.europa.eu/en/notice/-/detail/125335-2024
163772-2025,DA,SPITALUL CLINIC JUDETEAN MURES,DACO MEDICAL TECHNOLOGIES,173156,valoare maxima a acordului-cadru (TED eForms BT-118 (valoarea maxima a acordului)),109794,TED eForms (valoarea totala a rezultatului),173156,TED eForms BT-118 (valoarea maxima a acordului),546168,DA,"Acord cadru de furnizare de – ” Accesorii pentru BRONHOSCOP compatibile 100% sau echivalent cu aparatura Olympus BF-1Q170, Accesorii pentru ",33140000,2025-02-26,24,2027-02-26,TED eForms (durata publicata),DA,,"data = prima incheiere de contract publicata in TED; cea mai mare valoare totala publicata dintre 6 anunturi de atribuire (din anuntul 459995-2026; valorile pe anunturi pot fi partiale sau cumulative); aceeasi procedura publicata si sub: 232110-2025, 652810-2025, 658157-2025, 37661-2026, 274466-2026, 459995-2026",https://ted.europa.eu/en/notice/-/detail/163772-2025
133367-2025,DA,SPITALUL CLINIC DE URGENTA SF.IOAN,ENLIFE SOLUTIONS SRL / MEDICAL ORTOVIT / SPORTMED SYSTEMS / VALDOMEDICA TRADING SRL,46734000,valoare maxima a acordului-cadru (TED eForms BT-118 (valoarea maxima a acordului)),,,46734000,TED eForms BT-118 (valoarea maxima a acordului),55268928,DA,ACORD CADRU ACHIZITIE MATERIALE DE OSTEO SI ARTROSINTEZA IN CADRUL PROGRAMULUI AP TRAUMA,33183100,2025-02-27,24,2027-02-27,TED eForms (durata publicata),DA,,data = prima incheiere de contract publicata in TED,https://ted.europa.eu/en/notice/-/detail/133367-2025
140045-2025,DA,UM 0929 Bucuresti,BOSTON SCIENTIFIC ROMANIA / CONTROL LINE 21 / EURO PHARMAMED / EURODIAGONAL S.R.L. / GENODYNAMIC SRL / NANO BIO MEDICAL S.R.L. / S.C. ELMED MEDICALS.R.L. / SAB TRANS CONSULT / TEHNO ELECTRO MEDICAL COMPANY S.R.L. / TUNIC PROD S.R.L. / VAVIAN TRADING S.R.L.,8383235,valoare maxima a acordului-cadru (TED eForms BT-118 (valoarea maxima a acordului)),,,8383235,TED eForms BT-118 (valoarea maxima a acordului),19701000,DA,Furnizare materiale specifice Secției de gastro-enterologie,33140000,2025-02-27,24,2027-02-27,TED eForms (durata publicata),DA,,unitate militara cu profil de spital; data = prima incheiere de contract publicata in TED,https://ted.europa.eu/en/notice/-/detail/140045-2025
167123-2025,DA,Spitalul Clinic Municipal de Urgenta Timisoara,ALCON ROMANIA / ARTISANA MEDICAL S.R.L. / DASK VISION / Kembli-Med / OFTAMEDICA / SPECTRA VISION SRL,3236832,valoare maxima a acordului-cadru (TED eForms BT-118 (valoarea maxima a acordului)),21619,TED eForms (valoarea totala a rezultatului),3236832,TED eForms BT-118 (valoarea maxima a acordului),3445560,DA,CONSUMABILE OFTALMOLOGIE 24 LUNI,33122000,2025-02-27,24,2027-02-27,TED eForms (durata publicata),DA,,data = prima incheiere de contract publicata in TED; valoare atribuita din anuntul 248562-2025; aceeasi procedura publicata si sub: 248562-2025,https://ted.europa.eu/en/notice/-/detail/167123-2025
198128-2025,DA,"SPITALUL CLINIC JUDETEAN DE URGENTA""SFANTUL IOAN CEL NOU""SUCEAVA",AXIOMED SOLUTIONS SRL / HELLIMED SRL / INPOINT MEDICARE / Limas Group S.R.L. / RAFI MEDICAL / S.C. Medplaza Health S.R.L.,595023,valoare maxima a acordului-cadru (TED eForms BT-118 (valoarea maxima a acordului)),215244,TED eForms (valoarea totala a rezultatului),595023,TED eForms BT-118 (valoarea maxima a acordului),948362,DA,Acord-cadru de achizitie publica de consumabile pentru sterilizare divizat pe 16 loturi,33198200,2025-02-27,24,2027-02-27,TED eForms (durata publicata),DA,,"data = prima incheiere de contract publicata in TED; cea mai mare valoare totala publicata dintre 7 anunturi de atribuire (din anuntul 390145-2026; valorile pe anunturi pot fi partiale sau cumulative); aceeasi procedura publicata si sub: 208898-2025, 390145-2026, 489028-2025, 664665-2025, 870469-2025, 62834-2026, 221973-2026",https://ted.europa.eu/en/notice/-/detail/198128-2025
595091-2026,DA,"Spital Clinic Judetean de Urgenta ""Pius Brinzeu"" Timisoara",ANTISEL RO SRL,688424,valoare atribuita (TED eForms (valoarea totala a rezultatului)),688424,TED eForms (valoarea totala a rezultatului),734486,TED eForms (valoare estimata),,,"Echipamente Medicale în cadrul proiectului “Consolidarea educației doctorale și postdoctorale în domeniile medical, medico-dentar şi farmace",33100000,2026-08-27,6,2027-02-27,TED eForms (durata publicata),DA,,data = prima incheiere de contract publicata in TED; cea mai mare valoare totala publicata dintre 2 anunturi de atribuire (din anuntul 655864-2026; valorile pe anunturi pot fi partiale sau cumulative); aceeasi procedura publicata si sub: 655864-2026,https://ted.europa.eu/en/notice/-/detail/595091-2026
181783-2024,DA,SPITALUL CLINIC JUDETEAN DE URGENTA SF. APOSTOL ANDREI,MEDTRONIC ROMANIA / RAFI MEDICAL / ROMBIOMEDICA / RUBICON EDITECH 89 S.R.L. / THREE PHARM,3002946,valoare maxima a acordului-cadru (TED eForms (suma valorilor maxime pe loturi)),,,3002946,TED eForms (suma valorilor maxime pe loturi),,DA,Furnizare materiale de electrochirurgie – 5 loturi - Acord Cadru 36 luni,33190000,2024-02-29,36,2027-02-28,TED eForms (durata publicata),DA,,data = prima incheiere de contract publicata in TED,https://ted.europa.eu/en/notice/-/detail/181783-2024
142734-2025,DA,Spitalul Clinic Judetean de Urgenta Targu.Mures,HYGIENE ONE S.R.L.,1180000,valoare maxima a acordului-cadru (TED eForms BT-118 (valoarea maxima a acordului)),,,1180000,TED eForms BT-118 (valoarea maxima a acordului),1180000,DA,"Acord cadru de furnizare Echipament de imagistică ecografică, cu ultrasunete şi Doppler",33112000,2025-02-28,24,2027-02-28,TED eForms (durata publicata),DA,"acelasi spital a atribuit un contract nou aceluiasi castigator la 2025-09-09 (592621-2025), inainte de expirarea calculata => probabil inlocuit",data = prima incheiere de contract publicata in TED,https://ted.europa.eu/en/notice/-/detail/142734-2025
149346-2024,DA,Spitalulul Clinic de Ortopedie Traumatologie si TBC Osteoarticular Foisor,DELUXE MEDICRAFTS / PAUL HARTMANN / SANROTEX TRADING SRL,2295606,valoare maxima a acordului-cadru (TED eForms (suma valorilor maxime pe loturi)),,,2295606,TED eForms (suma valorilor maxime pe loturi),7190972,DA,Materiale sanitare,33140000,2024-03-01,36,2027-03-01,TED eForms (durata publicata),DA,,data = prima incheiere de contract publicata in TED,https://ted.europa.eu/en/notice/-/detail/149346-2024
CN1053346,NU,SPITAL CLINIC JUDETEAN DE URGENTA BIHOR,DRAEGER ROMANIA / GISCO MED / LUAN VISION / ARTISANA MEDICAL S.R.L.,784132,valoare atribuita (SICAP/OpenTender (valori pe atribuire)),784132,SICAP/OpenTender (valori pe atribuire),241875,SICAP/OpenTender (valoare procedura),,,Materiale sanitare pentru neonatologie,33157000,2023-03-23,47.3,2027-03-02,"SICAP/OpenTender (durata publicata, zile)",DA,valoarea atribuita publicata depaseste de peste 2 ori valoarea maxima/estimata publicata; posibil eroare de publicare,suma loturi; valoarea atribuita publicata depaseste valoarea maxima publicata (asa apar in anunturi),SICAP anunt nr. CN1053346
625788-2026,DA,SPITALUL MUNICIPAL ACADEMICIAN LEON DANAILA DOROHOI,BPM TEHNOLOGICA,3140401,valoare atribuita (TED eForms (valoarea totala a rezultatului)),3140401,TED eForms (valoarea totala a rezultatului),3140496,TED eForms (valoare estimata),,,Achiziție computer tomograf,33115000,2026-09-02,6,2027-03-02,TED eForms (durata publicata),DA,,data = prima incheiere de contract publicata in TED,https://ted.europa.eu/en/notice/-/detail/625788-2026
150756-2023,DA,"Spitalul Universitar de Urgenta Militar Central ""Dr. Carol Davila""",SPORTMED SYSTEMS / STRYKER ROMANIA S.R.L.,1621800,valoare maxima a acordului-cadru (TED eForms BT-118 (valoarea maxima a acordului)),1636950,TED eForms (valoarea totala a rezultatului),1621800,TED eForms BT-118 (valoarea maxima a acordului),1721800,DA,MATERIALE SANITARE ORTOPEDIE,33183100,2023-03-03,48,2027-03-03,TED eForms (durata publicata),DA,valorile totale atribuite publicate pentru aceeasi procedura difera de peste 50 de ori intre anunturi (15150 - 1636950 RON); posibil eroare de publicare - verificati anunturile,"unitate militara cu profil de spital; data = prima incheiere de contract publicata in TED; cea mai mare valoare totala publicata dintre 3 anunturi de atribuire (din anuntul 474932-2026; valorile pe anunturi pot fi partiale sau cumulative); aceeasi procedura publicata si sub: 655418-2022, 343809-2023, 474932-2026, 481174-2026; valoarea atribuita publicata depaseste valoarea maxima publicata (asa apar in anunturi)",https://ted.europa.eu/en/notice/-/detail/150756-2023
65059-2024,DA,Spitalul Clinic de Urgenta Bucuresti,FRESENIUS KABI ROMANIA,1234800,valoare maxima a acordului-cadru (TED eForms (suma valorilor maxime pe loturi)),,,1234800,TED eForms (suma valorilor maxime pe loturi),,DA,"SONDE SI SETURI, NECESARE clinicii ATI",33140000,2023-03-03,48,2027-03-03,TED eForms (durata publicata),DA,"acelasi spital a atribuit un contract nou aceluiasi castigator la 2024-09-30 (320384-2025), inainte de expirarea calculata => probabil inlocuit",data = prima incheiere de contract publicata in TED,https://ted.europa.eu/en/notice/-/detail/65059-2024
173808-2025,DA,SPITALUL UNIVERSITAR DE URGENTA ELIAS,MEDTRONIC ROMANIA / RUBICON PHARMACEUTICALS,24714600,valoare maxima a acordului-cadru (TED eForms BT-118 (valoarea maxima a acordului)),,,24714600,TED eForms BT-118 (valoarea maxima a acordului),24752400,DA,Materiale sanitare diabet,33140000,2025-03-03,24,2027-03-03,TED eForms (durata publicata),DA,,data = prima incheiere de contract publicata in TED,https://ted.europa.eu/en/notice/-/detail/173808-2025
591093-2026,DA,"SPITALUL CLINIC JUDETEAN DE URGENTA""SFANTUL IOAN CEL NOU""SUCEAVA",ELMED MEDICAL / Elta 90 Medical Research SRL / KAPAMED INTERNATIONAL / OVAVINCI / PROTON IMPEX 2000 / RAFI MEDICAL / SAPACO 2000,511673,valoare atribuita (TED eForms (valoarea totala a rezultatului)),511673,TED eForms (valoarea totala a rezultatului),706870,TED eForms (valoare estimata),,,Contract de achizitie publică de furnizare aparatură medicală divizat pe 12 loturi,33192300,2026-07-03,8,2027-03-03,TED eForms (durata publicata),DA,,data = prima incheiere de contract publicata in TED,https://ted.europa.eu/en/notice/-/detail/591093-2026
141129-2024,DA,Spitalul Clinic Judetean de Urgenta Targu.Mures,ALPHA MEDICAL S.R.L. / CRIO - 2 S.R.L. / THREE PHARM,2251235,valoare maxima a acordului-cadru (TED eForms (suma valorilor maxime pe loturi)),,,2251235,TED eForms (suma valorilor maxime pe loturi),3764335,DA,Acord cadru de furnizare Consumabile medicale,33140000,2024-03-04,36,2027-03-04,TED eForms (durata publicata),DA,,data = prima incheiere de contract publicata in TED,https://ted.europa.eu/en/notice/-/detail/141129-2024
144716-2024,DA,Spitalul Clinic Judetean de Urgenta Targu.Mures,STRYKER ROMANIA S.R.L. / AXIOMED SOLUTIONS SRL / STERISACO / HELLIMED / S.C.MEDICAL GRUP S.R.L.,4584000,valoare maxima a acordului-cadru (TED eForms (suma valorilor maxime pe loturi)),,,4584000,TED eForms (suma valorilor maxime pe loturi),4584000,DA,Acord cadru de furnizare Consumabile medicale,33140000,2024-03-04,36,2027-03-04,TED eForms (durata publicata),DA,,"data = prima incheiere de contract publicata in TED; aceeasi procedura publicata si sub: 16723-2024, CN1064074, CN1064075, CN1064261, CN1064801",https://ted.europa.eu/en/notice/-/detail/144716-2024
158157-2025,DA,SPITALUL UNIVERSITAR DE URGENTA ELIAS,MEDICAL DEVICES & DIAGNOSTICS / PHYSIOMED APARATURA MEDICALA / TEHNO ELECTRO MEDICAL COMPANY S.R.L.,7248520,valoare maxima a acordului-cadru (TED eForms BT-118 (valoarea maxima a acordului)),,,7248520,TED eForms BT-118 (valoarea maxima a acordului),7416143,DA,Echipamente medicale,33100000,2025-03-04,24,2027-03-04,TED eForms (durata publicata),DA,,data = prima incheiere de contract publicata in TED,https://ted.europa.eu/en/notice/-/detail/158157-2025
389099-2026,DA,Spitalul Judetean de Urgenta Miercurea Ciuc,AKESO MEDICAL INNOVATIONS S.R.L. / KREATIVITY S.R.L. / PHYSIOMED APARATURA MEDICALA / PRO CARDIA,7584425,valoare atribuita (TED eForms (valoarea totala a rezultatului)),7584425,TED eForms (valoarea totala a rezultatului),7909148,TED eForms (valoare estimata),,,Aparate și echipamente medicale în cadrul proiectului ”Dezvoltarea Spitalului Județean de Urgență Miercurea Ciuc prin realizarea de investit,33100000,2026-05-05,10,2027-03-05,TED eForms (durata publicata),DA,,data = prima incheiere de contract publicata in TED,https://ted.europa.eu/en/notice/-/detail/389099-2026
58295-2024,DA,Spitalul Clinic de Urgenta Bucuresti,BRINOVA,6983040,valoare maxima a acordului-cadru (TED eForms (suma valorilor maxime pe loturi)),,,6983040,TED eForms (suma valorilor maxime pe loturi),6983040,DA,"PACHET DE EXTRACTIE, TRANSPORT SI ASISTARE IN CONDITII EXTREME",33140000,2023-03-06,48,2027-03-06,TED eForms (durata publicata),DA,,data = prima incheiere de contract publicata in TED; aceeasi procedura publicata si sub: CN1050562,https://ted.europa.eu/en/notice/-/detail/58295-2024
189726-2025,DA,"Spitalul Universitar de Urgenta Militar Central ""Dr. Carol Davila""",ALPHA MEDICAL S.R.L. / S.C.MEDICAL GRUP S.R.L. / TMS - TOP MEDICAL SUPPLIER SRL / TRANS-MENTOR S.R.L.,1752740,valoare maxima a acordului-cadru (TED eForms BT-118 (valoarea maxima a acordului)),130250,TED eForms (valoarea totala a rezultatului),1752740,TED eForms BT-118 (valoarea maxima a acordului),1931180,DA,"MATERIALE SANITARE ATI, Urologie - 4 lot",33141000,2025-03-06,24,2027-03-06,TED eForms (durata publicata),DA,,"unitate militara cu profil de spital; data = prima incheiere de contract publicata in TED; cea mai mare valoare totala publicata dintre 2 anunturi de atribuire (din anuntul 351847-2026; valorile pe anunturi pot fi partiale sau cumulative); aceeasi procedura publicata si sub: 330916-2026, 351847-2026",https://ted.europa.eu/en/notice/-/detail/189726-2025
166393-2025,DA,SPITAL MUNICIPAL GHEORGHENI,DEYAN KRAFT MEDICAL / MEDTRONIC ROMANIA SRL,1644279,valoare maxima a acordului-cadru (TED eForms BT-118 (valoarea maxima a acordului)),,,1644279,TED eForms BT-118 (valoarea maxima a acordului),1644279,DA,ACORD CADRU FURNIZARE SISTEME DE MONITORIZARE CONTINUA A GLICEMIEI SI CONSUMABILE,33140000,2025-03-07,24,2027-03-07,TED eForms (durata publicata),DA,,data = prima incheiere de contract publicata in TED,https://ted.europa.eu/en/notice/-/detail/166393-2025
151453-2024,DA,Spitalul Clinic Judetean de Urgenta Craiova,HS MEDICAL SRL / MEDICAL TECHNOLOGIES INTERNATIONAL / STRYKER ROMANIA / VALDOMEDICA TRADING,2407308,valoare maxima a acordului-cadru (TED eForms (suma valorilor maxime pe loturi)),,,2407308,TED eForms (suma valorilor maxime pe loturi),33935750,DA,"ACORD CADRU "" PROTEZE ORTOPEDICE """,33183200,2024-03-08,36,2027-03-08,TED eForms (durata publicata),DA,,data = prima incheiere de contract publicata in TED,https://ted.europa.eu/en/notice/-/detail/151453-2024
636767-2026,DA,SPITALUL CLINIC JUDETEAN DE URGENTA SF.SPIRIDON IASI,Dyomedica CND,1600000,valoare atribuita (TED eForms (valoarea totala a rezultatului)),1600000,TED eForms (valoarea totala a rezultatului),1652000,TED eForms (valoare estimata),,,"Furnizare, instalare, punere in functiune, instruire personal si service in perioada de garantie - Instalație de radiologie direct digitală ",33111600,2026-09-08,6,2027-03-08,TED eForms (durata publicata),DA,,data = prima incheiere de contract publicata in TED,https://ted.europa.eu/en/notice/-/detail/636767-2026
380200-2025,DA,Spitalul Clinic Judetean de Urgenta Craiova,A&A FARMA DISTRIBUTION S.R.L / ANGIOSPECTRU MED S.R.L. / CORAMED MEDIZINISCHE PRODUKTE / EXIMIA MEDICAL / MEDI -TECH BUSINESS SRL / MEDTRONIC ROMANIA SRL / MERCATOR MEDICAL / MLM MEDICAL S.R.L. / Novaintermed S.R.L. / PAUL HARTMANN SRL / PHARMICS S.R.L. / ROMBIOMEDICA / RUBICON EDITECH 89 S.R.L. / S.C. ORTOMEDICA S.R.L. S.R.L. / S.C.MEDICAL GRUP S.R.L. / TZMO ROMANIA SRL / VALDOMEDICA TRADING,5810913,valoare maxima a acordului-cadru (TED eForms BT-118 (valoarea maxima a acordului)),,,5810913,TED eForms BT-118 (valoarea maxima a acordului),7535672,DA,Materiale sanitare si consumabile specifice in Chirurgia Cardio-Vasculara,33141000,2025-03-10,24,2027-03-10,TED eForms (durata publicata),DA,,data = prima incheiere de contract publicata in TED,https://ted.europa.eu/en/notice/-/detail/380200-2025
572148-2026,DA,"SPITALUL CLINIC JUDETEAN DE URGENTA""SFANTUL IOAN CEL NOU""SUCEAVA",B.BRAUN MEDICAL / HS MEDICAL SRL / KARL STORZ ENDOSCOPIA ROMANIA / SC PURAMA SRL,982458,valoare atribuita (TED eForms (valoarea totala a rezultatului)),982458,TED eForms (valoarea totala a rezultatului),1031260,TED eForms (valoare estimata),,,"Contract de achizitie publică de furnizare truse de instrumentar chirurgical, divizate pe 10 loturi,sub CLAUZA SUSPENSIVA",33162200,2026-07-10,8,2027-03-10,TED eForms (durata publicata),DA,,data = prima incheiere de contract publicata in TED,https://ted.europa.eu/en/notice/-/detail/572148-2026
178369-2025,DA,SPITALUL CLINIC JUDETEAN DE URGENTA CLUJ,MEDTRONIC ROMANIA,7500000,valoare maxima a acordului-cadru (TED eForms BT-118 (valoarea maxima a acordului)),,,7500000,TED eForms BT-118 (valoarea maxima a acordului),7500000,DA,Consumabile pentru sistem de monitorizare continua a glicemiei-all in one,33195000,2025-03-11,24,2027-03-11,TED eForms (durata publicata),DA,,data = prima incheiere de contract publicata in TED,https://ted.europa.eu/en/notice/-/detail/178369-2025
153799-2024,DA,Spitalulul Clinic de Ortopedie Traumatologie si TBC Osteoarticular Foisor,ALPHA MEDICAL / PRIME HEALTHCARE S.R.L. / STERIL ROMANIA / VELMED INTERNATIONAL,14547165,valoare maxima a acordului-cadru (TED eForms (suma valorilor maxime pe loturi)),,,14547165,TED eForms (suma valorilor maxime pe loturi),14956625,DA,Diverse materiale sanitare,33140000,2024-03-12,36,2027-03-12,TED eForms (durata publicata),DA,,data = prima incheiere de contract publicata in TED,https://ted.europa.eu/en/notice/-/detail/153799-2024
154999-2024,DA,Spitalul Județean de Urgență Dr.Constantin Andreoiu Ploiești,VELMED INTERNATIONAL,13650500,valoare maxima a acordului-cadru (TED eForms (suma valorilor maxime pe loturi)),,,13650500,TED eForms (suma valorilor maxime pe loturi),,DA,ECHIPAMENTE MEDICALE PENTRU NEUROCHIRURGIE SI ORTOPEDIE,33162000,2024-03-12,36,2027-03-12,TED eForms (durata publicata),DA,,data = prima incheiere de contract publicata in TED; aceeasi procedura publicata si sub: CN1064245,https://ted.europa.eu/en/notice/-/detail/154999-2024
257588-2026,DA,"Spital Clinic Judetean de Urgenta ""Pius Brinzeu"" Timisoara",B.BRAUN MEDICAL / EUROSIGURANTA SERV / HELLIMED / HEMATRONIC / MULTI CLEANING SYSTEM,3952284,valoare atribuita (TED eForms (valoarea totala a rezultatului)),3952284,TED eForms (valoarea totala a rezultatului),4272672,TED eForms (valoare estimata),,,Contract de furnizare echipamente pentru reducerea riscului de infectii nosocomiale,33100000,2026-03-12,12,2027-03-12,TED eForms (durata publicata),DA,,data = prima incheiere de contract publicata in TED,https://ted.europa.eu/en/notice/-/detail/257588-2026
330117-2026,DA,INSTITUTUL ONCOLOGIC PROF DR ALEXANDRU TRESTIOREANU,ALTEX ROMANIA / CARDIOTECH SRL / EVOLDA MED S.R.L. / IRYO SYSTEMS / NOVA GROUP INVESTMENT / PAPAPOSTOLOU S.R.L / PRIMERA MED TECHNOLOGY / Power Medical / RAFI MEDICAL / S.C. BIOCOMP S.R.L. / SYNTTERGY CONSULT S.R.L. / TEHNO ELECTRO MEDICAL COMPANY S.R.L. / TEHNOPLUS MEDICAL,7178722,valoare atribuita (TED eForms (valoarea totala a rezultatului)),7178722,TED eForms (valoarea totala a rezultatului),10309896,TED eForms (valoare estimata),,,Contract de furnizare echipamente și materiale destinate reducerii riscului de infecții nosocomiale,33100000,2026-03-12,12,2027-03-12,TED eForms (durata publicata),DA,,data = prima incheiere de contract publicata in TED,https://ted.europa.eu/en/notice/-/detail/330117-2026
168707-2025,DA,SPITALUL MUNICIPAL SACELE,BPM TEHNOLOGICA / G.I. MEDART,4206687,valoare atribuita (TED eForms (valoarea totala a rezultatului)),4206687,TED eForms (valoarea totala a rezultatului),,,,,Echipamente pentru dotarea ambulatorului Spitalului Municipal Săcele în cadrul proiectului finanțat prin PNRR etapa a II a,33100000,2025-03-13,24,2027-03-13,TED eForms (durata publicata),DA,,data = prima incheiere de contract publicata in TED,https://ted.europa.eu/en/notice/-/detail/168707-2025
171424-2025,DA,SPITALUL MUNICIPAL SACELE,A.M.S. 2000 TRADING IMPEX S.R.L. / AXIOMED SOLUTIONS SRL / BIO HYGIENE SRL / BLUEBOX MEDICAL / G.I. MEDART / MEDIZIN TECHNOLOGIES / S.C. SOLMED PROIECT S.R.L.,2090060,valoare atribuita (TED eForms (valoarea totala a rezultatului)),2090060,TED eForms (valoarea totala a rezultatului),,,,,Echipamente pentru prevenția și combaterea infecțiilor nosocomiale în cadrul Spitalului Municipal Săcele” în cadrul proiectului finanțat pri,33100000,2025-03-13,24,2027-03-13,TED eForms (durata publicata),DA,,data = prima incheiere de contract publicata in TED,https://ted.europa.eu/en/notice/-/detail/171424-2025
291572-2026,DA,INSTITUTUL ONCOLOGIC PROF DR ALEXANDRU TRESTIOREANU,AXIOMED SOLUTIONS SRL / CREATIVE & INNOVATIVE MANAGEMENT / Novaintermed S.R.L.,1788971,valoare atribuita (TED eForms (valoarea totala a rezultatului)),1788971,TED eForms (valoarea totala a rezultatului),1802934,TED eForms (valoare estimata),,,Contract de furnizare echipamente și materiale destinate reducerii riscului de infecții nosocomiale,33100000,2026-03-13,12,2027-03-13,TED eForms (durata publicata),DA,,data = prima incheiere de contract publicata in TED,https://ted.europa.eu/en/notice/-/detail/291572-2026
199284-2025,DA,SPITAL CLINIC JUDETEAN DE URGENTA BIHOR,DEYAN KRAFT MEDICAL / MEDTRONIC ROMANIA,1275934,valoare maxima a acordului-cadru (TED eForms BT-118 (valoarea maxima a acordului)),1257920,TED eForms (valoarea totala a rezultatului),1275934,TED eForms BT-118 (valoarea maxima a acordului),1275934,DA,"PACHETE POMPE INSULINA CONSUMABILE PENTRU PACHET SISTEME DE POMPA FARA TUBULATURA LA EXTERIOR CU REZERVOR, CANULA SI CATETER INCORPORATE IN ",33195000,2025-03-14,24,2027-03-14,TED eForms (durata publicata),DA,valorile totale atribuite publicate pentru aceeasi procedura difera de peste 50 de ori intre anunturi (19947 - 1257920 RON); posibil eroare de publicare - verificati anunturile,"data = prima incheiere de contract publicata in TED; cea mai mare valoare totala publicata dintre 9 anunturi de atribuire (din anuntul 193321-2026; valorile pe anunturi pot fi partiale sau cumulative); aceeasi procedura publicata si sub: 269987-2025, 427806-2025, 515073-2025, 558462-2025, 647720-2025, 714083-2025, 838954-2025, 868162-2025, 193321-2026",https://ted.europa.eu/en/notice/-/detail/199284-2025
541426-2026,DA,Spitalulul Clinic de Ortopedie Traumatologie si TBC Osteoarticular Foisor,BRAINS M & A CONSULTING / MEDINTEL SRL,8184800,valoare atribuita (TED eForms (valoarea totala a rezultatului)),8184800,TED eForms (valoarea totala a rezultatului),8700200,TED eForms (valoare estimata),,,Aparatura si echipamente medicale,33100000,2026-07-15,8,2027-03-15,TED eForms (durata publicata),DA,,data = prima incheiere de contract publicata in TED,https://ted.europa.eu/en/notice/-/detail/541426-2026
169897-2023,DA,SPITALUL CLINIC JUDETEAN DE URGENTA SF. APOSTOL ANDREI,DIRECT PHARMA LOGISTICS S.R.L. / ALPHA MEDICAL S.R.L.,28738210,valoare maxima a acordului-cadru (TED F02 (valoare estimata totala)),27080130,TED F03 (II.1.7 valoarea totala a achizitiei),28738210,TED F02 (valoare estimata totala),,DA,Furnizare materiale sanitare pentru Centrul de Hemodializa - 8 loturi ; ACORD CADRU – 48 de luni,33181520,2023-03-16,48,2027-03-16,TED F02 (durata publicata),DA,,"data = prima incheiere de contract publicata in TED; cea mai mare valoare totala publicata dintre 2 anunturi de atribuire (din anuntul 430732-2023; valorile pe anunturi pot fi partiale sau cumulative); aceeasi procedura publicata si sub: 138505-2023, 430732-2023",https://ted.europa.eu/en/notice/-/detail/169897-2023
166568-2024,DA,SPITALUL CLINIC MUNICIPAL CLUJ-NAPOCA,Novaintermed S.R.L.,886320,valoare maxima a acordului-cadru (TED eForms BT-118 (valoarea maxima a acordului)),424560,TED eForms (valoarea totala a rezultatului),886320,TED eForms BT-118 (valoarea maxima a acordului),886320,DA,ACORD-CADRU DE FURNIZARE SET ADMINISTRARE PERIFERICA,33140000,2024-03-18,36,2027-03-18,TED eForms (durata publicata),DA,,"data = prima incheiere de contract publicata in TED; cea mai mare valoare totala publicata dintre 9 anunturi de atribuire (din anuntul 647276-2026; valorile pe anunturi pot fi partiale sau cumulative); aceeasi procedura publicata si sub: 323643-2024, 123848-2025, 177720-2025, 189758-2025, 625842-2025, 679221-2024, 132007-2025, 174156-2026, 647276-2026",https://ted.europa.eu/en/notice/-/detail/166568-2024
198055-2025,DA,Spitalul Judetean de Urgenta Tulcea,B.BRAUN MEDICAL / BIZMED / CREATIVE & INNOVATIVE MANAGEMENT / Lumamed Health&Care / NOVA FIT 2000 / SH MEDICAL SRL / ZENMED SOLUTIONS,8369262,valoare maxima a acordului-cadru (TED eForms BT-118 (valoarea maxima a acordului)),851540,TED eForms (valoarea totala a rezultatului),8369262,TED eForms BT-118 (valoarea maxima a acordului),12292218,DA,Achizitie Consumabile medicale 2,33141000,2025-03-18,24,2027-03-18,TED eForms (durata publicata),DA,,"data = prima incheiere de contract publicata in TED; cea mai mare valoare totala publicata dintre 8 anunturi de atribuire (din anuntul 430748-2026; valorile pe anunturi pot fi partiale sau cumulative); aceeasi procedura publicata si sub: 481435-2025, 584201-2025, 590233-2025, 601585-2025, 32413-2026, 214306-2026, 430748-2026, 420919-2026",https://ted.europa.eu/en/notice/-/detail/198055-2025
209087-2025,DA,"INSTITUTUL INIMII DE URGENTA PENTRU BOLI CARDIOVASCULARE""Niculae Stancioiu"" Cluj-Napoca",CORAMED MEDIZINISCHE PRODUKTE / CRIO - 2 / HELLIMED / L&P MEDICAL / LIFETECH CONSULTING / MEDI -TECH BUSINESS / MEDICAL DEVICES & DIAGNOSTICS / MEDTRONIC ROMANIA / Sante International / TRANS-MENTOR,41977952,valoare maxima a acordului-cadru (TED eForms BT-118 (valoarea maxima a acordului)),,,41977952,TED eForms BT-118 (valoarea maxima a acordului),45556320,DA,"Acord Cadru pentru furnizare “CONSUMABILE MEDICALE""",33140000,2025-03-18,24,2027-03-18,TED eForms (durata publicata),DA,,data = prima incheiere de contract publicata in TED; aceeasi procedura publicata si sub: 268464-2025,https://ted.europa.eu/en/notice/-/detail/209087-2025
212417-2025,DA,Institutul Oncologic Prof. Dr. I. Chiricuta Cluj-Napoca,DUTCHMED S.R.L. / MEDIST LIFE SCIENCE S.R.L. / RAFI MEDICAL / TOTALMED,2934474,valoare maxima a acordului-cadru (TED eForms BT-118 (valoarea maxima a acordului)),992438,TED eForms (valoarea totala a rezultatului),2934474,TED eForms BT-118 (valoarea maxima a acordului),2936825,DA,Furnizare si instalare echipamente medicale,33100000,2025-03-19,24,2027-03-19,TED eForms (durata publicata),DA,,"data = prima incheiere de contract publicata in TED; cea mai mare valoare totala publicata dintre 3 anunturi de atribuire (din anuntul 265193-2026; valorile pe anunturi pot fi partiale sau cumulative); aceeasi procedura publicata si sub: 230387-2025, 480895-2025, 265193-2026",https://ted.europa.eu/en/notice/-/detail/212417-2025
273099-2025,DA,SPITALUL UNIVERSITAR DE URGENTA ELIAS,ALPHA MEDICAL / Alliance Impex SRL / Balton Med / CHRONOS TRADE MEDICAL / ENLIFE SOLUTIONS / HELLIMED / KAPAMED INTERNATIONAL / LINDE GAZ ROMANIA S.R.L. / LUAN VISION / MAC'S MEDICAL SURGICAL / MEDI SENSE / MEDTRONIC ROMANIA / MLM MEDICAL S.R.L. / NAFKA GRUP / PRIME HEALTHCARE S.R.L. / PRODCONFARM S.R.L. / PROPER MEDIROM S.R.L. / ROMBIOMEDICA / STRYKER ROMANIA / TEHNO ELECTRO MEDICAL COMPANY S.R.L. / TEHNOMED SERVICE S.R.L. / TEHNOPLUS MEDICAL / THREE PHARM / TMS - TOP MEDICAL SUPPLIER,36383936,valoare maxima a acordului-cadru (TED eForms BT-118 (valoarea maxima a acordului)),6663881,TED eForms (valoarea totala a rezultatului),36383936,TED eForms BT-118 (valoarea maxima a acordului),70249260,DA,Consumabile medicale,33140000,2025-03-19,24,2027-03-19,TED eForms (durata publicata),DA,,"data = prima incheiere de contract publicata in TED; cea mai mare valoare totala publicata dintre 3 anunturi de atribuire (din anuntul 479882-2026; valorile pe anunturi pot fi partiale sau cumulative); aceeasi procedura publicata si sub: 863926-2025, 255728-2026, 479882-2026",https://ted.europa.eu/en/notice/-/detail/273099-2025
401318-2025,DA,"Spital Clinic Judetean de Urgenta ""Pius Brinzeu"" Timisoara",B.BRAUN MEDICAL SRL / BIO HYGIENE SRL / CRIO - 2 / FIDIA PHARMA ROMANIA / Flexi Pro SRL / MEDICA ADVANCED SOLUTIONS (M.A.S.) S.R.L. / MEDICAL ORTOVIT / MLM MEDICAL S.R.L. / Med Tech Distributions SRL / Neos Europe / PAUL HARTMANN SRL / S.C. ELMED MEDICALS.R.L. / SAGAMED / SANROTEX TRADING SRL / TORUS PHARMA COMPANY SRL / TUNIC PROD S.R.L. / TZMO ROMANIA SRL,13300963,valoare maxima a acordului-cadru (TED eForms BT-118 (valoarea maxima a acordului)),,,13300963,TED eForms BT-118 (valoarea maxima a acordului),14449176,DA,Acord cadru furnizare Materiale sanitare,33140000,2025-03-19,24,2027-03-19,TED eForms (durata publicata),DA,,data = prima incheiere de contract publicata in TED,https://ted.europa.eu/en/notice/-/detail/401318-2025
226809-2025,DA,SPITALUL MUNICIPAL MEDIAS,A&A FARMA DISTRIBUTION S.R.L / ALPHA BRIO MEDICAL S.R.L. / ALPHA MEDICAL S.R.L. / AVENA MEDICA S.R.L. / AXIOMED SOLUTIONS SRL / B.BRAUN MEDICAL SRL / BIZMED SRL / CO&CO Consumer 2002 S.R.L. / CORAMED MEDIZINISCHE PRODUKTE / CRAD RO SRL / CRIO - 2 S.R.L. / DDS Diagnostic / DELUXE MEDICRAFTS SRL / Flexi Pro SRL / GRAZY PRICE MEDICAL IMPORT EXPORT S.R.L. / HELLIMED SRL / INPOINT MEDICARE / LUAN VISION SRL / Limas Group S.R.L. / MEDVANCE / MERCATOR MEDICAL / MLM MEDICAL S.R.L. / NAFKA GRUP S.R.L. / NOVENTIS International / NOVITRADE SRL / PARTNERS MEDICAL SOLUTION S.R.L. / PAUL HARTMANN SRL / PHM COMSERV S.R.L. / PRIMEX MEDICAL SRL / PRODCONFARM S.R.L. / ROVAL MED SRL / S.C. DRAEGER ROMANIA S.R.L. / S.C. Medplaza Health S.R.L. / S.C.MEDICAL GRUP S.R.L. / SAB TRANS CONSULT / SANROTEX TRADING SRL / SC Nova Fit 2000 S.R.L. / SH MEDICAL SRL / STERIL ROMANIA SRL / TIMBERSTAR S.R.L. / TMS - TOP MEDICAL SUPPLIER SRL / TODAY SOLUTION / TODY LABORATORIES MED / TZMO ROMANIA SRL / ZARYS INTERNATIONAL GROUP MEDICAL EQUIPMENT S.R.L.,3007281,valoare maxima a acordului-cadru (TED eForms BT-118 (valoarea maxima a acordului)),,,3007281,TED eForms BT-118 (valoarea maxima a acordului),4273836,DA,Materiale sanitare si consumabile medicale 10,33140000,2025-03-20,24,2027-03-20,TED eForms (durata publicata),DA,,data = prima incheiere de contract publicata in TED,https://ted.europa.eu/en/notice/-/detail/226809-2025
742084-2023,DA,Spitalul Clinic de Urgenta Bucuresti,EXIMIA MEDICAL,1484400,valoare maxima a acordului-cadru (TED eForms (suma valorilor maxime pe loturi)),,,1484400,TED eForms (suma valorilor maxime pe loturi),,DA,Dispozabile - sistem de recuperare sange intraoperator,33140000,2023-03-21,48,2027-03-21,TED eForms (durata publicata),DA,,data = prima incheiere de contract publicata in TED; aceeasi procedura publicata si sub: CN1051095,https://ted.europa.eu/en/notice/-/detail/742084-2023
590879-2026,DA,"SPITALUL CLINIC JUDETEAN DE URGENTA""SFANTUL IOAN CEL NOU""SUCEAVA",DACORUM GRUP / HEMATRONIC / MEDIST IMAGING & P.O.C. / PAUL HARTMANN SRL / S.C. DRAEGER ROMANIA S.R.L. / SC CARTO PLAST SRL / THREE PHARM,3713926,valoare atribuita (TED eForms (valoarea totala a rezultatului)),3713926,TED eForms (valoarea totala a rezultatului),3721068,TED eForms (valoare estimata),,,Contract de achizitie publică de furnizare aparatură medicală divizat pe 15 loturi,33111000,2026-07-21,8,2027-03-21,TED eForms (durata publicata),DA,,data = prima incheiere de contract publicata in TED,https://ted.europa.eu/en/notice/-/detail/590879-2026
654091-2026,DA,SPITALUL MUNICIPAL PLOIESTI,GLOBAL MEDICAL SOLUTIONS SRL / TUNIC PROD S.R.L.,937900,valoare atribuita (TED eForms (valoarea totala a rezultatului)),937900,TED eForms (valoarea totala a rezultatului),939669,TED eForms (valoare estimata),,,"Furnizare, instalare, punere în funcțiune de aparatura medicala : Lotul 1-Ecograf radiologie Lotul 2-Procesator automat de histologie cu cic",33100000,2026-09-22,6,2027-03-22,TED eForms (durata publicata),DA,,data = prima incheiere de contract publicata in TED,https://ted.europa.eu/en/notice/-/detail/654091-2026
189267-2025,DA,SPITAL CLINIC JUDETEAN DE URGENTA BIHOR,DRAEGER ROMANIA,1796760,valoare maxima a acordului-cadru (TED eForms BT-118 (valoarea maxima a acordului)),1236843,TED eForms (valoarea totala a rezultatului),1796760,TED eForms BT-118 (valoarea maxima a acordului),1814100,DA,Acord cadru aparatura ATI 3,33172200,2025-03-24,24,2027-03-24,TED eForms (durata publicata),DA,,"data = prima incheiere de contract publicata in TED; cea mai mare valoare totala publicata dintre 2 anunturi de atribuire (din anuntul 662922-2026; valorile pe anunturi pot fi partiale sau cumulative); aceeasi procedura publicata si sub: 334472-2026, 662922-2026",https://ted.europa.eu/en/notice/-/detail/189267-2025
189738-2025,DA,SPITAL CLINIC JUDETEAN DE URGENTA BIHOR,DACORUM GRUP,3018100,valoare maxima a acordului-cadru (TED eForms BT-118 (valoarea maxima a acordului)),2384100,TED eForms (valoarea totala a rezultatului),3018100,TED eForms BT-118 (valoarea maxima a acordului),3084600,DA,Acord cadru aparatura ATI 1,33195100,2025-03-24,24,2027-03-24,TED eForms (durata publicata),DA,"acelasi spital a atribuit un contract nou aceluiasi castigator la 2025-12-15 (837531-2025), inainte de expirarea calculata => probabil inlocuit","data = prima incheiere de contract publicata in TED; cea mai mare valoare totala publicata dintre 2 anunturi de atribuire (din anuntul 662696-2026; valorile pe anunturi pot fi partiale sau cumulative); aceeasi procedura publicata si sub: 298383-2025, 662696-2026",https://ted.europa.eu/en/notice/-/detail/189738-2025
190169-2025,DA,SPITAL CLINIC JUDETEAN DE URGENTA BIHOR,DACORUM GRUP / FRESENIUS KABI ROMANIA,1214600,valoare maxima a acordului-cadru (TED eForms BT-118 (valoarea maxima a acordului)),1200600,TED eForms (valoarea totala a rezultatului),1214600,TED eForms BT-118 (valoarea maxima a acordului),1240650,DA,Acord cadru aparatura ATI 5,33194100,2025-03-24,24,2027-03-24,TED eForms (durata publicata),DA,,"data = prima incheiere de contract publicata in TED; cea mai mare valoare totala publicata dintre 4 anunturi de atribuire (din anuntul 663382-2026; valorile pe anunturi pot fi partiale sau cumulative); aceeasi procedura publicata si sub: 299366-2025, 401516-2026, 651761-2025, 663382-2026",https://ted.europa.eu/en/notice/-/detail/190169-2025
190908-2025,DA,SPITAL CLINIC JUDETEAN DE URGENTA BIHOR,DACORUM GRUP,1854000,valoare maxima a acordului-cadru (TED eForms BT-118 (valoarea maxima a acordului)),1990000,TED eForms (valoarea totala a rezultatului),1854000,TED eForms BT-118 (valoarea maxima a acordului),1890000,DA,Acord cadru aparatura ATI 4,33192120,2025-03-24,24,2027-03-24,TED eForms (durata publicata),DA,"acelasi spital a atribuit un contract nou aceluiasi castigator la 2025-12-15 (837531-2025), inainte de expirarea calculata => probabil inlocuit","data = prima incheiere de contract publicata in TED; cea mai mare valoare totala publicata dintre 2 anunturi de atribuire (din anuntul 663655-2026; valorile pe anunturi pot fi partiale sau cumulative); aceeasi procedura publicata si sub: 298454-2025, 663655-2026; valoarea atribuita publicata depaseste valoarea maxima publicata (asa apar in anunturi)",https://ted.europa.eu/en/notice/-/detail/190908-2025
274077-2025,DA,"Institutul National de Diabet, Nutritie si Boli Metabolice ""Prof. dr. N. C. Paulescu""",MEDTRONIC ROMANIA,2149500,valoare maxima a acordului-cadru (TED eForms BT-118 (valoarea maxima a acordului)),793820,TED eForms (valoarea totala a rezultatului),2149500,TED eForms BT-118 (valoarea maxima a acordului),2149500,DA,Consumabile compatibile cu pompele de insulina Medtronic Paradigm si 720G,33140000,2025-03-24,24,2027-03-24,TED eForms (durata publicata),DA,"acelasi spital a atribuit un contract nou aceluiasi castigator la 2025-07-09 (461364-2025), inainte de expirarea calculata => probabil inlocuit","data = prima incheiere de contract publicata in TED; cea mai mare valoare totala publicata dintre 2 anunturi de atribuire (din anuntul 656556-2026; valorile pe anunturi pot fi partiale sau cumulative); aceeasi procedura publicata si sub: 423949-2025, 656556-2026",https://ted.europa.eu/en/notice/-/detail/274077-2025
183593-2024,DA,Spitalul Clinic Judetean de Urgenta Targu.Mures,B. BRAUN AVITUM S.R.L.,940160,valoare maxima a acordului-cadru (TED eForms (suma valorilor maxime pe loturi)),,,940160,TED eForms (suma valorilor maxime pe loturi),1012600,DA,Acord cadru de furnizare consumabile pentru dializa renala,33181520,2024-03-25,36,2027-03-25,TED eForms (durata publicata),DA,,data = prima incheiere de contract publicata in TED,https://ted.europa.eu/en/notice/-/detail/183593-2024
200524-2025,DA,SPITALUL CLINIC JUDETEAN DE URGENTA CLUJ,DVC MEDICAL VISION SRL / S.C. DRAEGER ROMANIA S.R.L.,796000,valoare maxima a acordului-cadru (TED eForms BT-118 (valoarea maxima a acordului)),,,796000,TED eForms BT-118 (valoarea maxima a acordului),2230000,DA,"Aparate de anestezie si mese de operatie pentru Bloc Operator-Furnizare, instalare și punere în funcțiune",33100000,2025-03-25,24,2027-03-25,TED eForms (durata publicata),DA,,data = prima incheiere de contract publicata in TED,https://ted.europa.eu/en/notice/-/detail/200524-2025
266824-2025,DA,"Institutul National de Diabet, Nutritie si Boli Metabolice ""Prof. dr. N. C. Paulescu""",RUBICON PHARMACEUTICALS,2635100,valoare maxima a acordului-cadru (TED eForms BT-118 (valoarea maxima a acordului)),191810,TED eForms (valoarea totala a rezultatului),2635100,TED eForms BT-118 (valoarea maxima a acordului),2588300,DA,Acord cadru de furnizare consumabile compatibile pentru pompele de insulina Accu-Chek Spirit,33140000,2025-03-26,24,2027-03-26,TED eForms (durata publicata),DA,,data = prima incheiere de contract publicata in TED; valoare atribuita din anuntul 502082-2025; aceeasi procedura publicata si sub: 502082-2025,https://ted.europa.eu/en/notice/-/detail/266824-2025
200415-2025,DA,Spitalul Clinic Municipal de Urgenta Timisoara,AUDIOLOGOS,2140000,valoare maxima a acordului-cadru (TED eForms BT-118 (valoarea maxima a acordului)),428000,TED eForms (valoarea totala a rezultatului),2140000,TED eForms BT-118 (valoarea maxima a acordului),1965420,DA,Sistem implant COHLEAR cu electrod pentru toata lungimea cohleei,33185200,2025-03-27,24,2027-03-27,TED eForms (durata publicata),DA,"acelasi spital a atribuit un contract nou aceluiasi castigator la 2025-12-02 (857798-2025), inainte de expirarea calculata => probabil inlocuit",data = prima incheiere de contract publicata in TED; valoare atribuita din anuntul 294473-2025; aceeasi procedura publicata si sub: 294473-2025,https://ted.europa.eu/en/notice/-/detail/200415-2025
200757-2025,DA,Spitalul Clinic Municipal de Urgenta Timisoara,NOVA FIT 2000 / PAPAPOSTOLOU S.R.L / PARTNERS MEDICAL SOLUTION S.R.L. / SANROTEX TRADING SRL / SANTOMED / TUNIC PROD / VETRO DESIGN,4725958,valoare maxima a acordului-cadru (TED eForms BT-118 (valoarea maxima a acordului)),403,TED eForms (valoarea totala a rezultatului),4725958,TED eForms BT-118 (valoarea maxima a acordului),5324205,DA,CIRCUITE SI CONSUMABILE,33157000,2025-03-27,24,2027-03-27,TED eForms (durata publicata),DA,,data = prima incheiere de contract publicata in TED; valoare atribuita din anuntul 252417-2025; aceeasi procedura publicata si sub: 252417-2025,https://ted.europa.eu/en/notice/-/detail/200757-2025
232731-2025,DA,Spitalul Clinic Municipal de Urgenta Timisoara,CRIO - 2 / DASCO DISTRIBUTION CONCEPT / DELUXE MEDICRAFTS / MLM MEDICAL S.R.L. / NOVOMED INTERNATIONAL SRL / ORTOMEDICA S.R.L. / PAUL HARTMANN / PRODCONFARM S.R.L. / ROVAL MED / SANROTEX TRADING SRL / SANTOMED / SINOFARM ROMANIA S.R.L. / ZARYS INTERNATIONAL GROUP,6245340,valoare maxima a acordului-cadru (TED eForms BT-118 (valoarea maxima a acordului)),110131,TED eForms (valoarea totala a rezultatului),6245340,TED eForms BT-118 (valoarea maxima a acordului),8521230,DA,MATERIAL MOALE,33141119,2025-03-27,24,2027-03-27,TED eForms (durata publicata),DA,,data = prima incheiere de contract publicata in TED; valoare atribuita din anuntul 254471-2025; aceeasi procedura publicata si sub: 254471-2025,https://ted.europa.eu/en/notice/-/detail/232731-2025
212596-2025,DA,"Spitalul Universitar de Urgenta Militar Central ""Dr. Carol Davila""",BIO HYGIENE SRL,9400000,valoare maxima a acordului-cadru (TED eForms BT-118 (valoarea maxima a acordului)),1066500,TED eForms (valoarea totala a rezultatului),9400000,TED eForms BT-118 (valoarea maxima a acordului),9400000,DA,Materiale sanitare neurochirurgie-4 LOTURI,33141110,2025-03-28,24,2027-03-28,TED eForms (durata publicata),DA,"acelasi spital a atribuit un contract nou aceluiasi castigator la 2025-11-06 (741712-2025), inainte de expirarea calculata => probabil inlocuit","unitate militara cu profil de spital; data = prima incheiere de contract publicata in TED; cea mai mare valoare totala publicata dintre 3 anunturi de atribuire (din anuntul 661505-2026; valorile pe anunturi pot fi partiale sau cumulative); aceeasi procedura publicata si sub: 210684-2026, 498237-2026, 661505-2026",https://ted.europa.eu/en/notice/-/detail/212596-2025
217651-2025,DA,SPITALUL MUNICIPAL CAMPULUNG MOLDOVENESC,ALPHA BRIO MEDICAL S.R.L. / ALPHA NED 2000 EXIM / BIZMED / CO&CO Consumer 2002 S.R.L. / CRAD RO / CRIO - 2 / DELUXE MEDICRAFTS / DEMOPHORIUS HEALTHCARE / IOANA N & M SRL / MEDICAL GRUP / SANROTEX TRADING SRL / TZMO ROMANIA / VETRO DESIGN,1056829,valoare maxima a acordului-cadru (TED eForms BT-118 (valoarea maxima a acordului)),,,1056829,TED eForms BT-118 (valoarea maxima a acordului),1856580,DA,"Furnizare materiale sanitare, pe o perioadă de 24 luni pentru Spitalul Municipal Câmpulung Moldovenesc",33141121,2025-03-31,24,2027-03-31,TED eForms (durata publicata),DA,,data = prima incheiere de contract publicata in TED; aceeasi procedura publicata si sub: 548119-2025,https://ted.europa.eu/en/notice/-/detail/217651-2025
295762-2025,DA,Institutul National de Gerontologie si Geriatrie ANA ASLAN,MEDINTEL SRL,29898000,valoare maxima a acordului-cadru (TED eForms BT-118 (valoarea maxima a acordului)),,,29898000,TED eForms BT-118 (valoarea maxima a acordului),29969500,DA,Echipamente medicale pentru dermatologie si RMFB,33100000,2025-03-31,24,2027-03-31,TED eForms (durata publicata),DA,,data = prima incheiere de contract publicata in TED,https://ted.europa.eu/en/notice/-/detail/295762-2025
305983-2025,DA,SPITALUL UNIVERSITAR DE URGENTA ELIAS,ADAR UNIC SOLUTIONS / ALPHA MEDICAL / ALPHA NED 2000 EXIM / ANGIOSPECTRU MED S.R.L. / ARTISANA MEDICAL S.R.L. / Alliance Impex SRL / B.BRAUN MEDICAL / CARDIOTECH / CLARFON / CO&CO Consumer 2002 S.R.L. / CRIO - 2 / DELUXE MEDICRAFTS / DRAEGER ROMANIA / GISCO MED / ICU DARMED S.R.L. / MAC'S MEDICAL SURGICAL / MEDICA ADVANCED SOLUTIONS (M.A.S.) / MEDICAL GRUP / MEDICAL ORTOVIT / MEDICAL TECHNOLOGIES INFINITY / MEDIMPACT / MEDTRONIC ROMANIA / MEGACONS-BRILLAGO / MLM MEDICAL S.R.L. / NOVOMED INTERNATIONAL SRL / NUTRIENT SOLUTIONS / Natural Es-medical S.R.L / Novaintermed S.R.L. / PAPAPOSTOLOU S.R.L / PAUL HARTMANN / PRIME HEALTHCARE S.R.L. / PRIMEX MEDICAL / ROMBIOMEDICA / ROSALVAMED PLUS / SH MEDICAL SRL / SYNTTERGY CONSULT / TEHNO ELECTRO MEDICAL COMPANY S.R.L. / TETRA MED INSPIRE / THREE PHARM / TMS - TOP MEDICAL SUPPLIER / TZMO ROMANIA / VAVIAN TRADING / ZENMED SOLUTIONS / ZIMMER BIOMET ROMANIA,131133704,valoare maxima a acordului-cadru (TED eForms BT-118 (valoarea maxima a acordului)),5716580,TED eForms (valoarea totala a rezultatului),131133704,TED eForms BT-118 (valoarea maxima a acordului),154807310,DA,CONSUMABILE MEDICALE,33140000,2025-03-31,24,2027-03-31,TED eForms (durata publicata),DA,valorile totale atribuite publicate pentru aceeasi procedura difera de peste 50 de ori intre anunturi (37485 - 5716580 RON); posibil eroare de publicare - verificati anunturile,"data = prima incheiere de contract publicata in TED; cea mai mare valoare totala publicata dintre 3 anunturi de atribuire (din anuntul 484286-2026; valorile pe anunturi pot fi partiale sau cumulative); aceeasi procedura publicata si sub: 711439-2025, 271314-2026, 484286-2026",https://ted.europa.eu/en/notice/-/detail/305983-2025
218320-2024,DA,Institutul Regional de Oncologie Iasi,A&A FARMA DISTRIBUTION S.R.L / ALCA DUO MEDICAL S.R.L. / ALPHA BRIO MEDICAL S.R.L. / ALPHA MEDICAL S.R.L. / ALPHA NED 2000 EXIM / B.BRAUN MEDICAL / Balton Med / CARDIOTECH / CORAMED MEDIZINISCHE PRODUKTE / CRIO - 2 S.R.L. / DELUXE MEDICRAFTS / FRESENIUS KABI ROMANIA / FRESENIUS MEDICAL CARE ROMANIA S.R.L. / HELLIMED / LUAN VISION / M-G EXIM ROMITALIA S.R.L. / MEDTRONIC ROMANIA SRL / MLM MEDICAL S.R.L. / NAFKA GRUP S.R.L. / NOVOMED INTERNATIONAL SRL / PAUL HARTMANN / ROMBIOMEDICA / RUBICON EDITECH 89 S.R.L. / Rosalvamed Plus S.R.L. / S.C. BIOTECHNICS IMPLANT S.R.L. / S.C. FARMACIA OMNIA S.R.L. / S.C.MEDICAL GRUP S.R.L. / SANROTEX TRADING SRL / SH MEDICAL SRL / SMART MEDICAL SOLUTIONS S.R.L. / THREE PHARM / TRANS-MENTOR S.R.L. / VALDOMEDICA TRADING / AXIOMED SOLUTIONS SRL / Limas Group S.R.L. / NOVITRADE SRL / STERIL ROMANIA,27309610,valoare maxima a acordului-cadru (TED eForms BT-118 (valoarea maxima a acordului)),,,27309610,TED eForms BT-118 (valoarea maxima a acordului),65110400,DA,Acord cadru furnizare materiale sanitare 36 luni,33140000,2024-04-01,36,2027-04-01,TED eForms (durata publicata),DA,,"data = prima incheiere de contract publicata in TED; aceeasi procedura publicata si sub: 692171-2024, 715365-2024",https://ted.europa.eu/en/notice/-/detail/218320-2024
224946-2025,DA,SPITALUL JUDETEAN SATU MARE,Novaintermed S.R.L.,7259165,valoare atribuita (TED eForms (valoarea totala a rezultatului)),7259165,TED eForms (valoarea totala a rezultatului),,,,,ECHIPAMENTE IN PROIECTUL “INVESTITII IN INFRASTRUCTURA LABORATOARULUI DE GENETICA SI DE ANATOMIE PATOLOGICA A SJUSM”,33100000,2025-04-01,24,2027-04-01,TED eForms (durata publicata),DA,,data = prima incheiere de contract publicata in TED,https://ted.europa.eu/en/notice/-/detail/224946-2025
708509-2025,DA,Spitalul Judetean de Urgenta Miercurea Ciuc,B.BRAUN MEDICAL / CARTO PLAST SRL / GENERAL ELECTRIC MEDICAL SYSTEMS ROMANIA / GLOBAL MEDICAL SOLUTIONS / KARL STORZ ENDOSCOPIA ROMANIA / MEDIQ INNOVATIVE TECHNOLOGIES SRL / RAFI MEDICAL / Sof Medica / THREE PHARM,19392038,valoare atribuita (TED eForms (valoarea totala a rezultatului)),19392038,TED eForms (valoarea totala a rezultatului),,,,,Aparate și echipamente medicale în cadrul proiectului ”Investiții în infrastructura secției de oncologie a Spitalului Județean de Urgență Mi,33100000,2025-10-01,18,2027-04-01,TED eForms (durata publicata),DA,,data = prima incheiere de contract publicata in TED; cea mai mare valoare totala publicata dintre 2 anunturi de atribuire (din anuntul 62128-2026; valorile pe anunturi pot fi partiale sau cumulative); aceeasi procedura publicata si sub: 62128-2026,https://ted.europa.eu/en/notice/-/detail/708509-2025
350384-2024,DA,Spitalul Clinic de Urgenta pentru Copii Cluj-Napoca,ALPHA BRIO MEDICAL S.R.L. / ALPHA NED 2000 EXIM / B.BRAUN MEDICAL / DRAEGER ROMANIA / FRESENIUS KABI ROMANIA / MEDDO IMPORT-EXPORT / MEDICAL GRUP / NOVITRADE / Novaintermed S.R.L. / SANROTEX TRADING SRL,2102004,valoare maxima a acordului-cadru (TED eForms (suma valorilor maxime pe loturi)),,,2102004,TED eForms (suma valorilor maxime pe loturi),3276612,DA,"Materiale sanitare - Dispozitive de punctie venoasa, prelevare sange, sonde si filtre electrostatice si HME.",33141300,2024-04-02,36,2027-04-02,TED eForms (durata publicata),DA,,data = prima incheiere de contract publicata in TED,https://ted.europa.eu/en/notice/-/detail/350384-2024
219469-2025,DA,Spitalul Clinic Municipal de Urgenta Timisoara,AXIOMED SOLUTIONS SRL / DELUXE MEDICRAFTS / INPOINT MEDICARE / Limas Group S.R.L. / RAFI MEDICAL / STERIL ROMANIA / STERISACO / TZMO ROMANIA,2262312,valoare maxima a acordului-cadru (TED eForms BT-118 (valoarea maxima a acordului)),132019,TED eForms (valoarea totala a rezultatului),2262312,TED eForms BT-118 (valoarea maxima a acordului),3495990,DA,CONSUMABILE PENTRU STERILIZARE,33198200,2025-04-02,24,2027-04-02,TED eForms (durata publicata),DA,,"data = prima incheiere de contract publicata in TED; cea mai mare valoare totala publicata dintre 2 anunturi de atribuire (din anuntul 537481-2025; valorile pe anunturi pot fi partiale sau cumulative); aceeasi procedura publicata si sub: 410887-2025, 537481-2025",https://ted.europa.eu/en/notice/-/detail/219469-2025
261608-2025,DA,Institutul Oncologic Prof. Dr. I. Chiricuta Cluj-Napoca,ALCA DUO MEDICAL S.R.L. / ALPHA MEDICAL S.R.L. / ALPHA NED 2000 EXIM SRL / ARTISANA MEDICAL S.R.L. / AXIA MEDICAL SRL / B.BRAUN MEDICAL SRL / BIOLIFE GRUP S.R.L. / BIOSENS MEDICA S.R.L. / BIZMED SRL / CO&CO Consumer 2002 S.R.L. / CRAD RO SRL / CREATIVE MED SRL / CRIO - 2 S.R.L. / CRISMED S.R.L. / DACO MEDICAL TECHNOLOGIES SRL / DASCO DISTRIBUTION CONCEPT / DELUXE MEDICRAFTS SRL / DIGI MEDICAL TEHNIC / EURO PHARMAMED / Esomed Solution Srl-D / FRESENIUS KABI ROMANIA SRL / GENODYNAMIC SRL / GLOBAL MED CARE / GRAZY PRICE MEDICAL IMPORT EXPORT S.R.L. / HELLIMED SRL / HEXAMEDICAL HEALTH / INPOINT MEDICARE / LUAN VISION SRL / Limas Group S.R.L. / M-G EXIM ROMITALIA S.R.L. / MEDICA ADVANCED SOLUTIONS (M.A.S.) S.R.L. / MEDICAL ORTOVIT / MEDIMPACT SRL / MEDTRONIC ROMANIA SRL / MERCATOR MEDICAL / MLM MEDICAL S.R.L. / Medical Express S.R.L. / NAFKA GRUP S.R.L. / NOVENTIS International / NOVOMED INTERNATIONAL SRL / Novaintermed S.R.L. / OLVIT MED / ONCO SYSTEMS / PAPAPOSTOLOU S.R.L / PARTNERS MEDICAL SOLUTION S.R.L. / PAUL HARTMANN SRL / PRIMEX MEDICAL SRL / PRODCONFARM S.R.L. / RAFI MEDICAL / ROMBIOMEDICA / ROVAL MED SRL / RUBICON EDITECH 89 S.R.L. / S.C. ACCURIS MEDICAL S.R.L. / S.C. IOANA N & M SRL S.R.L. / S.C. Medplaza Health S.R.L. / S.C. Natural Es-medical S.R.L / S.C. TRIDENT MEDICAL COMPANY S.R.L. S.R.L. / S.C.MEDICAL GRUP S.R.L. / SANROTEX TRADING SRL / SC CARTO PLAST SRL / SC PURAMA SRL / SH MEDICAL SRL / SMART MEDICAL SOLUTIONS S.R.L. / STERIL ROMANIA SRL / TEHNOPLUS MEDICAL / THREE PHARM / TMS - TOP MEDICAL SUPPLIER SRL / TRANS-MENTOR S.R.L. / TZMO ROMANIA SRL / VALDOMEDICA TRADING SRL / VETRO DESIGN S.R.L. / VODIMEDICOR S.R.L. / ZARYS INTERNATIONAL GROUP MEDICAL EQUIPMENT S.R.L. / ZARYS INTERNATIONAL GROUP,44173742,valoare maxima a acordului-cadru (TED eForms BT-118 (valoarea maxima a acordului)),2854639,TED eForms (valoarea totala a rezultatului),44173742,TED eForms BT-118 (valoarea maxima a acordului),55164104,DA,Furnizare consumabile medicale,33140000,2025-04-02,24,2027-04-02,TED eForms (durata publicata),DA,,"data = prima incheiere de contract publicata in TED; cea mai mare valoare totala publicata dintre 5 anunturi de atribuire (din anuntul 520072-2026; valorile pe anunturi pot fi partiale sau cumulative); aceeasi procedura publicata si sub: 448395-2025, 674071-2025, 20087-2026, 259319-2026, 520072-2026",https://ted.europa.eu/en/notice/-/detail/261608-2025
57679-2024,DA,Spitalul Clinic de Urgenta Bucuresti,BOSTON SCIENTIFIC ROMANIA,3925000,valoare maxima a acordului-cadru (TED eForms (suma valorilor maxime pe loturi)),,,3925000,TED eForms (suma valorilor maxime pe loturi),,DA,"STENTURI METALICE ,CATETER SI PROCESOR PENTRU CALEA BILIARA",33140000,2023-04-04,48,2027-04-04,TED eForms (durata publicata),DA,"acelasi spital a atribuit un contract nou aceluiasi castigator la 2024-08-21 (328337-2025), inainte de expirarea calculata => probabil inlocuit",data = prima incheiere de contract publicata in TED; aceeasi procedura publicata si sub: CN1049038,https://ted.europa.eu/en/notice/-/detail/57679-2024
237060-2025,DA,SPITALUL CLINIC DE RECUPERARE CLUJ-NAPOCA,AXIOMED SOLUTIONS SRL / DELUXE MEDICRAFTS SRL / DIAPRO TOP / INPOINT MEDICARE / MEDICO INTERNATIONAL S.R.L. / RAFI MEDICAL / STERIL ROMANIA SRL,872708,valoare maxima a acordului-cadru (TED eForms BT-118 (valoarea maxima a acordului)),156116,TED eForms (valoarea totala a rezultatului),872708,TED eForms BT-118 (valoarea maxima a acordului),1136650,DA,CONSUMABILE MEDICALE PENTRU STERILIZARE SI UNITATEA DE TRANSFUZII SANGUINE,33140000,2025-04-04,24,2027-04-04,TED eForms (durata publicata),DA,,"data = prima incheiere de contract publicata in TED; cea mai mare valoare totala publicata dintre 8 anunturi de atribuire (din anuntul 498334-2026; valorile pe anunturi pot fi partiale sau cumulative); aceeasi procedura publicata si sub: 379351-2025, 401799-2025, 455724-2025, 665554-2025, 747286-2025, 865059-2025, 195049-2026, 430531-2026, 498334-2026",https://ted.europa.eu/en/notice/-/detail/237060-2025
312341-2025,DA,"SPITALUL JUDETEAN ""DR.FOGOLYAN KRISTOF""SFANTU GHEORGHE",DEYAN KRAFT MEDICAL,1588248,valoare maxima a acordului-cadru (TED eForms BT-118 (valoarea maxima a acordului)),,,1588248,TED eForms BT-118 (valoarea maxima a acordului),1593000,DA,"Achiziţie - Consumabile pentru pacienti initiati anterior pe sisteme de automonitorizare continua a glicemiei si pompe de insulina, inclusi ",33190000,2025-04-04,24,2027-04-04,TED eForms (durata publicata),DA,,data = prima incheiere de contract publicata in TED,https://ted.europa.eu/en/notice/-/detail/312341-2025
259579-2026,DA,Spitalul Clinic Judetean de Urgenta Craiova,MEDICAMED MARKET S.R.L.,42431,valoare atribuita (TED eForms (valoarea totala a rezultatului)),42431,TED eForms (valoarea totala a rezultatului),42431,TED eForms (valoare estimata),,,Achizitie consumabile ELISA,33140000,2026-04-06,12,2027-04-06,TED eForms (durata publicata),DA,"acelasi spital a atribuit un contract nou aceluiasi castigator la 2026-04-14 (261384-2026), inainte de expirarea calculata => probabil inlocuit",data = prima incheiere de contract publicata in TED,https://ted.europa.eu/en/notice/-/detail/259579-2026
259756-2026,DA,Spitalul Clinic Judetean de Urgenta Craiova,BIOGENETIX S.R.L.,117024,valoare atribuita (TED eForms (valoarea totala a rezultatului)),117024,TED eForms (valoarea totala a rezultatului),117024,TED eForms (valoare estimata),,,Achizitie consumabile secventiere,33140000,2026-04-06,12,2027-04-06,TED eForms (durata publicata),DA,,data = prima incheiere de contract publicata in TED,https://ted.europa.eu/en/notice/-/detail/259756-2026
262666-2025,DA,SPITALUL CLINIC JUDETEAN MURES,CRIO - 2 / DELUXE MEDICRAFTS / MLM MEDICAL S.R.L. / ROMBIOMEDICA / VALDOMEDICA TRADING,197808,valoare maxima a acordului-cadru (TED eForms BT-118 (valoarea maxima a acordului)),40269,TED eForms (valoarea totala a rezultatului),197808,TED eForms BT-118 (valoarea maxima a acordului),216600,DA,"Acord cadru de furnizare materiale sanitare -” camp de incizie steril, antimicrobian impregnat cu iod, bandaj autoadeziv mijlociu, bandaj au",33141111,2025-04-08,24,2027-04-08,TED eForms (durata publicata),DA,,"data = prima incheiere de contract publicata in TED; cea mai mare valoare totala publicata dintre 5 anunturi de atribuire (din anuntul 459470-2026; valorile pe anunturi pot fi partiale sau cumulative); aceeasi procedura publicata si sub: 429245-2025, 656676-2025, 38191-2026, 273215-2026, 459470-2026",https://ted.europa.eu/en/notice/-/detail/262666-2025
399937-2026,DA,SPITALUL JUDETEAN DE URGENTA DROBETA TURNU SEVERIN,MEDIZIN TECHNOLOGIES / PIXELDATA S.R.L.,504300,valoare atribuita (TED eForms (valoarea totala a rezultatului)),504300,TED eForms (valoarea totala a rezultatului),504355,TED eForms (valoare estimata),,,"Contract de furnizare echipamente medicale, inclusiv operatiunile de instalare si punere in functiune",33100000,2026-04-08,12,2027-04-08,TED eForms (durata publicata),DA,,data = prima incheiere de contract publicata in TED,https://ted.europa.eu/en/notice/-/detail/399937-2026
246485-2023,DA,SPITALUL JUDETEAN DE URGENTA BACAU,ADAR UNIC SOLUTIONS / ALPHA MEDICAL / ALPHA NED 2000 EXIM / ARTISANA MEDICAL S.R.L. / AVA MEDICAL SERVICES SRL / B.BRAUN MEDICAL / BIO HYGIENE / BIOLIFE GRUP S.R.L. / Balton Med / CO&CO Consumer 2002 S.R.L. / CORAMED MEDIZINISCHE PRODUKTE / CRAD RO / DELUXE MEDICRAFTS / FRESENIUS KABI ROMANIA / GENODYNAMIC SRL / GRAZY PRICE MEDICAL IMPORT EXPORT S.R.L. / HDL Union / HELLIMED / INFOMED / KAPAMED INTERNATIONAL / MEDICAL GRUP / MEDTRONIC ROMANIA / MEGACONS-BRILLAGO / MERCATOR MEDICAL / MLM MEDICAL S.R.L. / NAFKA GRUP / ORTOMEDICA S.R.L. / PAUL HARTMANN / RADIMED S.R.L. / ROMBIOMEDICA / ROVAL MED / SANROTEX TRADING SRL / SANTOMED / TAISSIS CONCEPT / TEHNOPLUS MEDICAL / TMS - TOP MEDICAL SUPPLIER / TOP TRADE MEDICAL / TZMO ROMANIA / VODIMEDICOR S.R.L.,10169955,valoare maxima a acordului-cadru (TED eForms BT-118 (valoarea maxima a acordului)),10169955,TED F03 (II.1.7 valoarea totala a achizitiei),10169955,TED eForms BT-118 (valoarea maxima a acordului),13893407,DA,Materiale sanitare- Acord cadru 48 luni,33140000,2023-04-11,48,2027-04-11,TED eForms (durata publicata),DA,,"data = prima incheiere de contract publicata in TED; cea mai mare valoare totala publicata dintre 30 anunturi de atribuire (din anuntul 246485-2023; valorile pe anunturi pot fi partiale sau cumulative); aceeasi procedura publicata si sub: 179541-2024, 244850-2025, 367250-2024, 48042-2024, 235311-2024, 60877-2024, 72230-2024, 117438-2024, 248907-2024, 491247-2024, 529909-2024, 148664-2025, 303910-2025, 762956-2025, 226634-2026, 654359-2026, 485360-2023, 263266-2023, 292069-2023, 316378-2023, 325805-2023, 342045-2023, 418437-2023, 438581-2023, 473590-2023, 512188-2023, 529072-2023, 538243-2023, 608257-2023, 675137-2023, 693118-2023, 708571-2023, 721486-2023",https://ted.europa.eu/en/notice/-/detail/246485-2023
300791-2025,DA,"Spitalul Universitar de Urgenta Militar Central ""Dr. Carol Davila""",MEDIST IMAGING & P.O.C. S.R.L. / PHILIPS ROMANIA,31064072,valoare maxima a acordului-cadru (TED eForms BT-118 (valoarea maxima a acordului)),20655043,TED eForms (valoarea totala a rezultatului),31064072,TED eForms BT-118 (valoarea maxima a acordului),36633075,DA,ECHIPAMENTE MEDICALE,33112200,2025-04-11,24,2027-04-11,TED eForms (durata publicata),DA,,"unitate militara cu profil de spital; data = prima incheiere de contract publicata in TED; cea mai mare valoare totala publicata dintre 2 anunturi de atribuire (din anuntul 49962-2026; valorile pe anunturi pot fi partiale sau cumulative); aceeasi procedura publicata si sub: 476287-2025, 49962-2026",https://ted.europa.eu/en/notice/-/detail/300791-2025
225333-2024,DA,"INSTITUTUL INIMII DE URGENTA PENTRU BOLI CARDIOVASCULARE""Niculae Stancioiu"" Cluj-Napoca",BTL ROMANIA APARATURA MEDICALA S.R.L. / HELLIMED,1041000,valoare maxima a acordului-cadru (TED eForms (suma valorilor maxime pe loturi)),,,1041000,TED eForms (suma valorilor maxime pe loturi),1121100,DA,Acordului Cadru pentru furnizare “APARATURA MEDICALA”,33100000,2024-04-12,36,2027-04-12,TED eForms (durata publicata),DA,,"data = prima incheiere de contract publicata in TED; aceeasi procedura publicata si sub: 67460-2024, CN1064756",https://ted.europa.eu/en/notice/-/detail/225333-2024
282004-2025,DA,INSTITUTUL DE URGENTA PENTRU BOLI CARDIOVASCULARE SI TRANSPLANT TARGU MURES,ANGIOSPECTRU MED S.R.L. / BIOTECHNICS IMPLANT / ENDOTECHNOLOGY / HELLIMED / M-G EXIM ROMITALIA / MAC'S MEDICAL SURGICAL / MEDI -TECH BUSINESS / MEDTRONIC ROMANIA / PHARMICS / REVISMED / Sante International / Sof Medica / THREE PHARM,115118700,valoare maxima a acordului-cadru (TED eForms BT-118 (valoarea maxima a acordului)),,,115118700,TED eForms BT-118 (valoarea maxima a acordului),144887670,DA,Dispozitive pentru blocul operator,33162100,2025-04-14,24,2027-04-14,TED eForms (durata publicata),DA,,data = prima incheiere de contract publicata in TED,https://ted.europa.eu/en/notice/-/detail/282004-2025
261384-2026,DA,Spitalul Clinic Judetean de Urgenta Craiova,MEDICAMED MARKET S.R.L.,443919,valoare atribuita (TED eForms (valoarea totala a rezultatului)),443919,TED eForms (valoarea totala a rezultatului),443947,TED eForms (valoare estimata),,,Achizitie consumabile analizor biochimie + imunologie,33140000,2026-04-14,12,2027-04-14,TED eForms (durata publicata),DA,,data = prima incheiere de contract publicata in TED,https://ted.europa.eu/en/notice/-/detail/261384-2026
230768-2024,DA,Spitalul Clinic Judetean de Urgenta Targu.Mures,HELLIMED,1528700,valoare maxima a acordului-cadru (TED eForms (suma valorilor maxime pe loturi)),,,1528700,TED eForms (suma valorilor maxime pe loturi),2295400,DA,Acord cadru de furnizare consumabile medicale,33140000,2024-04-15,36,2027-04-15,TED eForms (durata publicata),DA,,data = prima incheiere de contract publicata in TED,https://ted.europa.eu/en/notice/-/detail/230768-2024
355931-2025,DA,SPITALUL CLINIC NICOLAE MALAXA,ALPHA NED 2000 EXIM SRL / B.BRAUN MEDICAL / CARDIOTECH SRL / CO&CO Consumer 2002 S.R.L. / DELUXE MEDICRAFTS SRL / DISPOLINE / Dask Vision / EVOREVO / FRESENIUS KABI ROMANIA SRL / HELLIMED SRL / KARL STORZ ENDOSCOPIA ROMANIA / Kembli Med / LUAN VISION SRL / Labelmark Solution SRL / Limas Group S.R.L. / MED - AL TRADING SRL / MEDTRONIC ROMANIA SRL / NAFKA GRUP S.R.L. / ROMBIOMEDICA / S.C. ADAR UNIC SOLUTIONS S.R.L. / S.C.MEDICAL GRUP S.R.L. / SANROTEX TRADING SRL / SPECTRA VISION SRL / STERIL ROMANIA SRL / TEHNOPLUS MEDICAL / THREE PHARM / TMS - TOP MEDICAL SUPPLIER SRL / TZMO ROMANIA / VETRO DESIGN S.R.L.,5591366,valoare maxima a acordului-cadru (TED eForms BT-118 (valoarea maxima a acordului)),,,5591366,TED eForms BT-118 (valoarea maxima a acordului),11385819,DA,Materiale Sanitare/Dispozitive Medicale,33140000,2025-04-15,24,2027-04-15,TED eForms (durata publicata),DA,,data = prima incheiere de contract publicata in TED,https://ted.europa.eu/en/notice/-/detail/355931-2025
277928-2025,DA,"Spitalul Clinic Judetean de Urgenta""Sfantul Apostol Andrei""",BIO TECHNIC ROMANIA S.R.L. / MEDICAL ORTOVIT / NEOS EUROPE,1872000,valoare maxima a acordului-cadru (TED eForms BT-118 (valoarea maxima a acordului)),,,1872000,TED eForms BT-118 (valoarea maxima a acordului),3230976,DA,ENDOPROTEZE,33183200,2025-04-17,24,2027-04-17,TED eForms (durata publicata),DA,,data = prima incheiere de contract publicata in TED,https://ted.europa.eu/en/notice/-/detail/277928-2025
359163-2025,DA,Spitalul Clinic Municipal de Urgenta Timisoara,ADAR UNIC SOLUTIONS / ALPHA NED 2000 EXIM / BIZMED / CREATIVE & INNOVATIVE MANAGEMENT / CRIO - 2 / D&G GROUP / DELUXE MEDICRAFTS / Filtre Aer Curat S.R.L. / HEALTHTIM / IOANA N & M / LUAN VISION / MED - AL TRADING SRL / MTM BEST SUPPLY / Medi Power Trading / NERAMO DISTRIBUTION / NOVENTIS International / Novaintermed S.R.L. / PAUL HARTMANN / ROMBIOMEDICA / ROVAL MED / SANROTEX TRADING SRL / SINOFARM ROMANIA S.R.L. / STERIL ROMANIA / TZMO ROMANIA / ZARYS INTERNATIONAL GROUP,11764476,valoare maxima a acordului-cadru (TED eForms BT-118 (valoarea maxima a acordului)),374799,TED eForms (valoarea totala a rezultatului),11764476,TED eForms BT-118 (valoarea maxima a acordului),22632735,DA,MATERIALE PROTECTIE SI SERINGI,33141420,2025-04-17,24,2027-04-17,TED eForms (durata publicata),DA,,data = prima incheiere de contract publicata in TED; valoare atribuita din anuntul 413017-2025; aceeasi procedura publicata si sub: 413017-2025,https://ted.europa.eu/en/notice/-/detail/359163-2025
244021-2023,DA,"Institutul National de Diabet, Nutritie si Boli Metabolice "" N. C. Paulescu""",DIRECT PHARMA LOGISTICS S.R.L.,10115688,valoare maxima a acordului-cadru (TED eForms BT-118 (valoarea maxima a acordului)),10115688,TED F03 (II.1.7 valoarea totala a achizitiei),10115688,TED eForms BT-118 (valoarea maxima a acordului),10653792,DA,Acord cadru furnizare materiale consumabile hemodializa,33181520,2023-04-18,48,2027-04-18,TED eForms (durata publicata),DA,"acelasi spital a atribuit un contract nou aceluiasi castigator la 2023-06-06 (375373-2023), inainte de expirarea calculata => probabil inlocuit","data = prima incheiere de contract publicata in TED; cea mai mare valoare totala publicata dintre 2 anunturi de atribuire (din anuntul 244021-2023; valorile pe anunturi pot fi partiale sau cumulative); aceeasi procedura publicata si sub: 73639-2023, 500723-2025, 507631-2025, CN1051540, CN1053667",https://ted.europa.eu/en/notice/-/detail/244021-2023
284831-2024,DA,SPITAL CLINIC JUDETEAN DE URGENTA BIHOR,KARL STORZ ENDOSCOPIA ROMANIA,2389476,valoare maxima a acordului-cadru (TED eForms BT-118 (valoarea maxima a acordului)),3172339,TED eForms (valoarea totala a rezultatului),2389476,TED eForms BT-118 (valoarea maxima a acordului),2389476,DA,Instrumente si consumabile pentru laparoscopie,33162200,2024-04-18,36,2027-04-18,TED eForms (durata publicata),DA,"acelasi spital a atribuit un contract nou aceluiasi castigator la 2024-06-13 (507078-2024), inainte de expirarea calculata => probabil inlocuit","data = prima incheiere de contract publicata in TED; cea mai mare valoare totala publicata dintre 4 anunturi de atribuire (din anuntul 389901-2026; valorile pe anunturi pot fi partiale sau cumulative); aceeasi procedura publicata si sub: 361557-2025, 375597-2025, 821927-2025, 265742-2026, 389901-2026, CN1065627; valoarea atribuita publicata depaseste valoarea maxima publicata (asa apar in anunturi)",https://ted.europa.eu/en/notice/-/detail/284831-2024
323767-2026,DA,PENITENCIARUL SPITAL DEJ,AVENA MEDICA S.R.L. / CLINI-LAB / CO&CO Consumer 2002 S.R.L. / CRIO - 2 S.R.L. / DEMOPHORIUS HEALTHCARE SRL / DM IMPORT EXPORT / Esomed Solution Srl-D / HDL Union / HELLIMED SRL / MERCATOR MEDICAL / MLM MEDICAL S.R.L. / NOVENTIS International / PARTNERS MEDICAL SOLUTION S.R.L. / PRODCONFARM S.R.L. / RAFI MEDICAL / S.C. IOANA N & M SRL S.R.L. / S.C. Medplaza Health S.R.L. / SANPRODMED S.R.L. / SANROTEX TRADING SRL / SC CREATIVE & INNOVATIVE MANAGEMENT SRL / TEHNOPLUS MEDICAL / TMS - TOP MEDICAL SUPPLIER SRL / TODY LABORATORIES MED / TUNIC PROD S.R.L. / TZMO ROMANIA SRL,129204,valoare maxima a acordului-cadru (TED eForms BT-118 (valoarea maxima a acordului)),,,129204,TED eForms BT-118 (valoarea maxima a acordului),285908,DA,ACORD CADRU 12 LUNI FURNIZARE MATERIALE SANITARE 2026 - 2027,33140000,2026-04-20,12,2027-04-20,TED eForms (durata publicata),DA,,spital penitenciar; data = prima incheiere de contract publicata in TED,https://ted.europa.eu/en/notice/-/detail/323767-2026
292956-2025,DA,SPITALUL JUDETEAN DE URGENTA RESITA,ALPHA BRIO MEDICAL S.R.L. / ALPHA NED 2000 EXIM / B.BRAUN MEDICAL / BIZMED / DELUXE MEDICRAFTS / HDL Union / MEDIMAX MEDICAL SRL / MEDTRONIC ROMANIA / PARTNERS MEDICAL SOLUTION S.R.L. / THREE PHARM / TUNIC PROD / TZMO ROMANIA / VALDOMEDICA TRADING / ZARYS INTERNATIONAL GROUP,6088488,valoare maxima a acordului-cadru (TED eForms BT-118 (valoarea maxima a acordului)),2148713,TED eForms (valoarea totala a rezultatului),6088488,TED eForms BT-118 (valoarea maxima a acordului),8546970,DA,Acord cadru furnizare consumabile medicale/echipamente medicale de protectie,33140000,2025-04-22,24,2027-04-22,TED eForms (durata publicata),DA,,"data = prima incheiere de contract publicata in TED; cea mai mare valoare totala publicata dintre 4 anunturi de atribuire (din anuntul 437205-2026; valorile pe anunturi pot fi partiale sau cumulative); aceeasi procedura publicata si sub: 541430-2025, 474951-2025, 407174-2026, 437205-2026",https://ted.europa.eu/en/notice/-/detail/292956-2025
306388-2025,DA,SPITALUL CLINIC DE URGENTA SF.IOAN,ALCA DUO MEDICAL S.R.L. / ALPHA MEDICAL S.R.L. / AVENA MEDICA S.R.L. / BIZMED SRL / CO&CO Consumer 2002 S.R.L. / CRIO - 2 S.R.L. / DELUXE MEDICRAFTS SRL / LEVELUP INNOVATION / Limas Group S.R.L. / M-G EXIM ROMITALIA S.R.L. / MEDICAL TECHNOLOGIES INFINITY / MEDIMPACT SRL / MERCATOR MEDICAL / NAFKA GRUP S.R.L. / NOVENTIS International / ONE MED LOGISTIC S.R.L. / SC JUSTIR DESIGN SRL / SPORTMED SYSTEMS / STERIL ROMANIA SRL / TZMO ROMANIA SRL,4598786,valoare maxima a acordului-cadru (TED eForms BT-118 (valoarea maxima a acordului)),,,4598786,TED eForms BT-118 (valoarea maxima a acordului),9052056,DA,ACORD CADRU FURNIZARE MATERIALE SANITARE,33140000,2025-04-22,24,2027-04-22,TED eForms (durata publicata),DA,,data = prima incheiere de contract publicata in TED,https://ted.europa.eu/en/notice/-/detail/306388-2025
329789-2025,DA,Institutul Clinic de Urologie si Transplant Renal Cluj,ARTISANA MEDICAL S.R.L. / AVENA MEDICA S.R.L. / AXIOMED SOLUTIONS SRL / BIZMED SRL / BOSTON SCIENTIFIC ROMANIA / CARDIOTECH SRL / CO&CO Consumer 2002 S.R.L. / CORAMED MEDIZINISCHE PRODUKTE / CRAD RO SRL / CRIO - 2 S.R.L. / Esomed Solution / FRESENIUS KABI ROMANIA SRL / FRESENIUS MEDICAL CARE ROMANIA S.R.L. / GRAZY PRICE MEDICAL IMPORT EXPORT S.R.L. / HDL Union / HELLIMED SRL / INNOVOTECH S.R.L. / LIAMED / LUAN VISION SRL / MACRO INTERNATIONAL DISTRIBUTION / MEDIMPACT SRL / MEDIST LIFE SCIENCE S.R.L. / MEGACONS-BRILLAGO SRL / MLM MEDICAL S.R.L. / NAFKA GRUP S.R.L. / NOVENTIS International / NOVOMED INTERNATIONAL SRL / PAUL HARTMANN SRL / RENAMED FARMA S.R.L. / ROVAL MED SRL / S.C. BIOTECHNICS IMPLANT S.R.L. / S.C. Medplaza Health S.R.L. / S.C. OMNIMED DEVICES S.R.L. S.R.L. / S.C.MEDICAL GRUP S.R.L. / SANROTEX TRADING SRL / SC BIOPHARM INTERNATIONAL SRL / STERIL ROMANIA SRL / STORK MEDICAL / Sof Medica / TEHNOPLUS MEDICAL / TMS - TOP MEDICAL SUPPLIER SRL / TODY LABORATORIES MED / TRANSMEDIC IMPEX / TUNIC PROD S.R.L. / TZMO ROMANIA SRL / VALDOMEDICA TRADING,5773249,valoare maxima a acordului-cadru (TED eForms BT-118 (valoarea maxima a acordului)),,,5773249,TED eForms BT-118 (valoarea maxima a acordului),8996216,DA,Consumabile medicale,33140000,2025-04-23,24,2027-04-23,TED eForms (durata publicata),DA,,data = prima incheiere de contract publicata in TED,https://ted.europa.eu/en/notice/-/detail/329789-2025
742683-2023,DA,Spitalul Clinic de Urgenta Bucuresti,CO&CO Consumer 2002 S.R.L. / Klaus Distribution / TZMO ROMANIA,3556800,valoare maxima a acordului-cadru (TED eForms (suma valorilor maxime pe loturi)),,,3556800,TED eForms (suma valorilor maxime pe loturi),,DA,Aleze si Scutece absorbante,33140000,2023-04-24,48,2027-04-24,TED eForms (durata publicata),DA,,data = prima incheiere de contract publicata in TED; aceeasi procedura publicata si sub: SCN1120554,https://ted.europa.eu/en/notice/-/detail/742683-2023
292560-2024,DA,SPITALUL JUDETEAN DE URGENTA BUZAU,DEYAN KRAFT MEDICAL,2639995,valoare maxima a acordului-cadru (TED eForms (suma valorilor maxime pe loturi)),,,2639995,TED eForms (suma valorilor maxime pe loturi),2640000,DA,FURNIZARE SISTEM DE MONITORIZARE CONTINUA A GLICEMIEI,33195000,2024-04-24,36,2027-04-24,TED eForms (durata publicata),DA,"acelasi spital a atribuit un contract nou aceluiasi castigator la 2025-01-28 (82363-2025), inainte de expirarea calculata => probabil inlocuit",data = prima incheiere de contract publicata in TED; aceeasi procedura publicata si sub: 158052-2024,https://ted.europa.eu/en/notice/-/detail/292560-2024
290750-2025,DA,MINISTERUL APARARII - UNITATEA MILITARA 02497 PITESTI,ALCON ROMANIA / B.BRAUN MEDICAL / LUAN VISION / MEDICAL ORTOVIT / MEDTRONIC ROMANIA / MERCATOR MEDICAL / MLM MEDICAL S.R.L. / NICONSULTING TECHNICS SRL / Natural Es-medical S.R.L / ROSALVAMED PLUS / RUBICON EDITECH 89 S.R.L. / SANROTEX TRADING SRL / TMS - TOP MEDICAL SUPPLIER / TODY LABORATORIES MED / TRANS-MENTOR / VETRO DESIGN,1168950,valoare maxima a acordului-cadru (TED eForms BT-118 (valoarea maxima a acordului)),1621672,TED eForms (valoarea totala a rezultatului),1168950,TED eForms BT-118 (valoarea maxima a acordului),1459760,DA,Produse materiale sanitare - 41 loturi,33140000,2025-04-24,24,2027-04-24,TED eForms (durata publicata),DA,,"unitate militara cu profil de spital; data = prima incheiere de contract publicata in TED; cea mai mare valoare totala publicata dintre 15 anunturi de atribuire (din anuntul 659769-2026; valorile pe anunturi pot fi partiale sau cumulative); aceeasi procedura publicata si sub: 472756-2025, 308382-2025, 401860-2025, 600415-2025, 84264-2026, 177772-2026, 182067-2026, 265152-2026, 298450-2026, 323380-2026, 342227-2026, 373382-2026, 484746-2026, 526265-2026, 659769-2026; valoarea atribuita publicata depaseste valoarea maxima publicata (asa apar in anunturi)",https://ted.europa.eu/en/notice/-/detail/290750-2025
333972-2025,DA,INSTITUTUL DE URGENTA PENTRU BOLI CARDIOVASCULARE SI TRANSPLANT TARGU MURES,DELUXE MEDICRAFTS / LUAN VISION / MAC'S MEDICAL SURGICAL / MEDTRONIC ROMANIA / MLM MEDICAL S.R.L. / Natural Es-medical S.R.L / PHARMICS / PURAMA / REVISMED / THREE PHARM,78175800,valoare maxima a acordului-cadru (TED eForms BT-118 (valoarea maxima a acordului)),,,78175800,TED eForms BT-118 (valoarea maxima a acordului),85184920,DA,"DISPOZITIVE PENTRU BLOC OPERATOR (OXIGENATOARE, CANULE SI ALTE DISPOZITIVE)",33162100,2025-04-24,24,2027-04-24,TED eForms (durata publicata),DA,,data = prima incheiere de contract publicata in TED,https://ted.europa.eu/en/notice/-/detail/333972-2025
294253-2025,DA,SPITALUL JUDETEAN DE URGENTA SLATINA,ALPHA MEDICAL S.R.L. / B.BRAUN MEDICAL SRL / DELUXE MEDICRAFTS SRL / DEMOPHORIUS HEALTHCARE SRL / DIRECT PHARMA LOGISTICS S.R.L. / MLM MEDICAL S.R.L. / RENAMED FARMA S.R.L. / S.C. OPREMI MEDFARM S.R.L. / SC JUSTIR DESIGN SRL / VALDOMEDICA TRADING SRL,4646026,valoare maxima a acordului-cadru (TED eForms BT-118 (valoarea maxima a acordului)),5879826,TED eForms (valoarea totala a rezultatului),4646026,TED eForms BT-118 (valoarea maxima a acordului),6001780,DA,Acord Cadru 24 luni-achizitie materiale sanitare si consumabile dializa utilizate in cadrul ”Programului National de supleere a functiei ren,33181520,2025-04-25,24,2027-04-25,TED eForms (durata publicata),DA,,"data = prima incheiere de contract publicata in TED; cea mai mare valoare totala publicata dintre 3 anunturi de atribuire (din anuntul 500502-2025; valorile pe anunturi pot fi partiale sau cumulative); aceeasi procedura publicata si sub: 327313-2025, 500502-2025, 123324-2026; valoarea atribuita publicata depaseste valoarea maxima publicata (asa apar in anunturi)",https://ted.europa.eu/en/notice/-/detail/294253-2025
314525-2025,DA,"SPITALUL JUDETEAN ""DR.FOGOLYAN KRISTOF""SFANTU GHEORGHE",LUAN VISION / MEDTRONIC ROMANIA / RUBICON PHARMACEUTICALS,813610,valoare maxima a acordului-cadru (TED eForms BT-118 (valoarea maxima a acordului)),,,813610,TED eForms BT-118 (valoarea maxima a acordului),837000,DA,Consumabile compatibile cu pompele de insulina Accu-Chek Spirit şi Paradigm Medtronic (Programul Naţional – DIABET ZAHARAT ),33190000,2025-04-25,24,2027-04-25,TED eForms (durata publicata),DA,,data = prima incheiere de contract publicata in TED,https://ted.europa.eu/en/notice/-/detail/314525-2025
563994-2025,DA,Spitalul Clinic Judetean de Urgenta Craiova,MEDICAL ORTOVIT / VALDOMEDICA TRADING SRL,16191790,valoare maxima a acordului-cadru (TED eForms BT-118 (valoarea maxima a acordului)),,,16191790,TED eForms BT-118 (valoarea maxima a acordului),20128500,DA,“Materiale de osteosinteza si implant ortopedic”,33183100,2025-04-25,24,2027-04-25,TED eForms (durata publicata),DA,,data = prima incheiere de contract publicata in TED,https://ted.europa.eu/en/notice/-/detail/563994-2025
644868-2023,DA,SPITALUL JUDETEAN DE URGENTA DEVA,TRANSMEDIC IMPEX,17354576,valoare maxima a acordului-cadru (TED F02 (valoare estimata totala)),17192053,TED F03 (II.1.7 valoarea totala a achizitiei),17354576,TED F02 (valoare estimata totala),,DA,ACORD CADRU DE FURNIZARE CONSUMABILE PENTRU DIALIZA RENALA,33181520,2023-04-26,48,2027-04-26,TED F02 (durata publicata),DA,,data = prima incheiere de contract publicata in TED,https://ted.europa.eu/en/notice/-/detail/644868-2023
290010-2025,DA,SPITALUL CLINIC JUDETEAN DE URGENTA SIBIU,ALPHA MEDICAL / DELUXE MEDICRAFTS / HELLIMED / INFOMED FLUIDS S.R.L. / KAPAMED INTERNATIONAL / NOVOMED INTERNATIONAL SRL / SYNTTERGY CONSULT / CORAMED MEDIZINISCHE PRODUKTE / GRAZY PRICE MEDICAL IMPORT EXPORT S.R.L. / HEMATRONIC / LUAN VISION / MEDICAL GRUP / SH MEDICAL SRL / THREE PHARM / TMS - TOP MEDICAL SUPPLIER,32831386,valoare maxima a acordului-cadru (TED eForms BT-118 (valoarea maxima a acordului)),,,32831386,TED eForms BT-118 (valoarea maxima a acordului),36621138,DA,"ACORD - CADRU FURNIZARE PRODUSE PENTRU MONITORIZAREA, TRATAMENTUL SI INGRIJIREA PACIENTILOR CRITICI – PN AP ATI ADULTI, PN AP ATI NN s.a.",33140000,2025-04-28,24,2027-04-28,TED eForms (durata publicata),DA,,"data = prima incheiere de contract publicata in TED; aceeasi procedura publicata si sub: 508473-2025, 569424-2025, 43518-2026",https://ted.europa.eu/en/notice/-/detail/290010-2025
260704-2024,DA,Spitalul Clinic Judetean de Urgenta Targu.Mures,AXIOMED SOLUTIONS SRL / STERISACO,385140,valoare maxima a acordului-cadru (TED eForms (suma valorilor maxime pe loturi)),,,385140,TED eForms (suma valorilor maxime pe loturi),1824000,DA,Acord cadru de furnizare consumabile medicale,33140000,2024-04-29,36,2027-04-29,TED eForms (durata publicata),DA,,data = prima incheiere de contract publicata in TED,https://ted.europa.eu/en/notice/-/detail/260704-2024
310717-2025,DA,"Institutul de Pneumoftiziologie ""Marius Nasta""",CO&CO Consumer 2002 S.R.L. / DELUXE MEDICRAFTS SRL / HEXAMEDICAL HEALTH,600480,valoare maxima a acordului-cadru (TED eForms BT-118 (valoarea maxima a acordului)),17087,TED eForms (valoarea totala a rezultatului),600480,TED eForms BT-118 (valoarea maxima a acordului),9408480,DA,Materiale Sanitare – Bloc Operator,33140000,2025-04-29,24,2027-04-29,TED eForms (durata publicata),DA,,"data = prima incheiere de contract publicata in TED; cea mai mare valoare totala publicata dintre 2 anunturi de atribuire (din anuntul 571188-2025; valorile pe anunturi pot fi partiale sau cumulative); aceeasi procedura publicata si sub: 399034-2025, 571188-2025",https://ted.europa.eu/en/notice/-/detail/310717-2025
313093-2025,DA,SPITALUL JUDETEAN DE URGENTA PIATRA NEAMT,DEYAN KRAFT MEDICAL / LUAN VISION / MEDTRONIC ROMANIA / RUBICON PHARMACEUTICALS,4883262,valoare maxima a acordului-cadru (TED eForms BT-118 (valoarea maxima a acordului)),,,4883262,TED eForms BT-118 (valoarea maxima a acordului),4905154,DA,"MATERIALE SANITARE PNS DIABET - CONSUMABILE SISTEM DE MONITORIZARE CONTINUA A GLICEMIEI, CONSUMABILE POMPE DE INSULINĂ",33195000,2025-04-30,24,2027-04-30,TED eForms (durata publicata),DA,,data = prima incheiere de contract publicata in TED,https://ted.europa.eu/en/notice/-/detail/313093-2025
300230-2023,DA,"Spitalul Clinic de Urgenta pentru Copii ""Sf.Maria"" Iasi",ALCA DUO MEDICAL S.R.L. / ALPHA BRIO MEDICAL S.R.L. / ALPHA MEDICAL S.R.L. / ALPHA NED 2000 EXIM SRL / ATLAS MEDICAL / B.BRAUN MEDICAL SRL / BEST ACHIZITII / BIOLIFE GRUP S.R.L. / CO&CO Consumer 2002 S.R.L. / CORAMED MEDIZINISCHE PRODUKTE / CRAD RO SRL / CRIO - 2 S.R.L. / DELTAROM SRL / DELUXE MEDICRAFTS SRL / DUTCHMED S.R.L. / FRESENIUS KABI ROMANIA SRL / GRAZY PRICE MEDICAL IMPORT EXPORT S.R.L. / HDL Union / HELLIMED SRL / KAPAMED INTERNATIONAL SRL / LUAN VISION SRL / MEDIMPACT SRL / MEDTRONIC ROMANIA SRL / MEGACONS-BRILLAGO SRL / MLM MEDICAL S.R.L. / NAFKA GRUP S.R.L. / PAPAPOSTOLOU S.R.L / PARTNERS MEDICAL SOLUTION S.R.L. / PAUL HARTMANN SRL / ROMBIOMEDICA / ROVAL MED SRL / S.C. FARMACIA OMNIA S.R.L. / S.C. Filtre Aer Curat S.R.L. S.R.L. / S.C. Natural Es-medical S.R.L / SANROTEX TRADING SRL / SANTOMED / SC Tody Laboratories Int SRL / THREE PHARM / TMS - TOP MEDICAL SUPPLIER SRL / VALDOMEDICA TRADING SRL / VETRO DESIGN S.R.L. / ZARYS INTERNATIONAL GROUP MEDICAL EQUIPMENT S.R.L.,18885294,valoare maxima a acordului-cadru (TED eForms BT-118 (valoarea maxima a acordului)),18886062,TED F03 (II.1.7 valoarea totala a achizitiei),18885294,TED eForms BT-118 (valoarea maxima a acordului),30714338,DA,ACORD CADRU FURNIZARE MATERIALE SANITARE,33140000,2023-05-03,48,2027-05-03,TED eForms (durata publicata),DA,,"data = prima incheiere de contract publicata in TED; cea mai mare valoare totala publicata dintre 14 anunturi de atribuire (din anuntul 300230-2023; valorile pe anunturi pot fi partiale sau cumulative); aceeasi procedura publicata si sub: 218763-2025, 316368-2025, 539572-2026, 809627-2025, 235496-2025, 230394-2026, 526117-2025, 571078-2025, 650271-2025, 146230-2026, 306453-2026, 378239-2026, 459397-2026, 604798-2026",https://ted.europa.eu/en/notice/-/detail/300230-2023
741413-2023,DA,Spitalul Clinic de Urgenta Bucuresti,CRIO - 2 S.R.L. / MLM MEDICAL S.R.L. / PAUL HARTMANN,6715680,valoare maxima a acordului-cadru (TED eForms (suma valorilor maxime pe loturi)),,,6715680,TED eForms (suma valorilor maxime pe loturi),,DA,Plasturi,33140000,2023-05-04,48,2027-05-04,TED eForms (durata publicata),DA,,data = prima incheiere de contract publicata in TED,https://ted.europa.eu/en/notice/-/detail/741413-2023
288713-2025,DA,"Spital Clinic Judetean de Urgenta ""Pius Brinzeu"" Timisoara",HELLIMED / MDW MEDICAL SRL / MEDICAL GRUP / NAFKA GRUP / Novaintermed S.R.L. / TEHNO ELECTRO MEDICAL COMPANY S.R.L.,22762105,valoare maxima a acordului-cadru (TED eForms BT-118 (valoarea maxima a acordului)),,,22762105,TED eForms BT-118 (valoarea maxima a acordului),23015250,DA,Acord cadru de furnizare materiale sanitare I,33140000,2025-05-05,24,2027-05-05,TED eForms (durata publicata),DA,,data = prima incheiere de contract publicata in TED,https://ted.europa.eu/en/notice/-/detail/288713-2025
362675-2025,DA,SPITALUL JUDETEAN DE URGENTA PIATRA NEAMT,A&A FARMA DISTRIBUTION S.R.L / ADAR UNIC SOLUTIONS / ALPHA BRIO MEDICAL S.R.L. / ALPHA NED 2000 EXIM / ARTISANA MEDICAL S.R.L. / AVENA MEDICA S.R.L. / AVMED PLUS / B.BRAUN MEDICAL / BIZMED / CERTINVEST / CO&CO Consumer 2002 S.R.L. / CORAMED MEDIZINISCHE PRODUKTE / CRAD RO / CRIO - 2 / DELUXE MEDICRAFTS / EXIMIA MEDICAL / GENODYNAMIC SRL / LUAN VISION / M-G EXIM ROMITALIA / MEDI -TECH BUSINESS / MEDICAL GRUP / MEGACONS-BRILLAGO / MERCATOR MEDICAL / Medplaza Health / NAFKA GRUP / NOVA FIT 2000 / NOVOMED INTERNATIONAL SRL / Natural Es-medical S.R.L / PARTNERS MEDICAL SOLUTION S.R.L. / PAUL HARTMANN / PRODCONFARM S.R.L. / ROVAL MED / SAB TRANS CONSULT / SANROTEX TRADING SRL / SC JUSTIR DESIGN SRL / STERIL ROMANIA / TAISSIS CONCEPT / TZMO ROMANIA / VETRO DESIGN / ZARYS INTERNATIONAL GROUP,2539640,valoare maxima a acordului-cadru (TED eForms BT-118 (valoarea maxima a acordului)),,,2539640,TED eForms BT-118 (valoarea maxima a acordului),3708508,DA,MATERIALE SANITARE I,33141000,2025-05-05,24,2027-05-05,TED eForms (durata publicata),DA,,data = prima incheiere de contract publicata in TED,https://ted.europa.eu/en/notice/-/detail/362675-2025
410463-2025,DA,"Spitalul Universitar de Urgenta Militar Central ""Dr. Carol Davila""",MEDICAL INNOVATION SOLUTIONS / Sof Medica,89850000,valoare maxima a acordului-cadru (TED eForms BT-118 (valoarea maxima a acordului)),44925000,TED eForms (valoarea totala a rezultatului),89850000,TED eForms BT-118 (valoarea maxima a acordului),132000000,DA,Roboți chirurgicali,33100000,2025-05-05,24,2027-05-05,TED eForms (durata publicata),DA,,unitate militara cu profil de spital; data = prima incheiere de contract publicata in TED; valoare atribuita din anuntul 816632-2025; aceeasi procedura publicata si sub: 816632-2025,https://ted.europa.eu/en/notice/-/detail/410463-2025
557823-2025,DA,INSTITUTUL NATIONAL DE ENDOCRINOLOGIE C.I. PARHON,Novaintermed S.R.L.,1170840,valoare maxima a acordului-cadru (TED eForms BT-118 (valoarea maxima a acordului)),138040,TED eForms (valoarea totala a rezultatului),1170840,TED eForms BT-118 (valoarea maxima a acordului),1173000,DA,"Achizitia de seturi de recoltare – ace si accesorii, cu/fara sisteme de protectie",33141320,2025-05-05,24,2027-05-05,TED eForms (durata publicata),DA,,"data = prima incheiere de contract publicata in TED; cea mai mare valoare totala publicata dintre 4 anunturi de atribuire (din anuntul 616876-2026; valorile pe anunturi pot fi partiale sau cumulative); aceeasi procedura publicata si sub: 393455-2026, 484007-2026, 546772-2026, 616876-2026",https://ted.europa.eu/en/notice/-/detail/557823-2025
324522-2026,DA,Spitalul Clinic Judetean de Urgenta Craiova,ULTRASONIC / HELLIMED SRL / LUAN VISION SRL / NITECH / PRIMERA MED TECHNOLOGY,544310,valoare atribuita (TED eForms (valoarea totala a rezultatului)),544310,TED eForms (valoarea totala a rezultatului),574865,TED eForms (valoare estimata),,,ECHIPAMENTE MEDICALE pentru MODERNIZAREA COMPARTIMENTULUI DE TERAPIE INTENSIVĂ NOU-NĂSCUȚI AL SCJU CRAIOVA,33100000,2026-05-06,12,2027-05-06,TED eForms (durata publicata),DA,,data = prima incheiere de contract publicata in TED; cea mai mare valoare totala publicata dintre 2 anunturi de atribuire (din anuntul 352656-2026; valorile pe anunturi pot fi partiale sau cumulative); aceeasi procedura publicata si sub: 352656-2026,https://ted.europa.eu/en/notice/-/detail/324522-2026
305974-2025,DA,SPITALUL CLINIC SFANTA MARIA,STERIL ROMANIA,1096200,valoare maxima a acordului-cadru (TED eForms BT-118 (valoarea maxima a acordului)),,,1096200,TED eForms BT-118 (valoarea maxima a acordului),1116300,DA,Acord cadru consumabile urologie,33140000,2025-05-07,24,2027-05-07,TED eForms (durata publicata),DA,,data = prima incheiere de contract publicata in TED,https://ted.europa.eu/en/notice/-/detail/305974-2025
347697-2025,DA,"Institutul de Urgenta pentru Boli Cardiovasculare ""Prof. Dr. C.C. Iliescu""",BOSTON SCIENTIFIC ROMANIA / CARDIOTECH / MEDTRONIC ROMANIA,56600000,valoare maxima a acordului-cadru (TED eForms BT-118 (valoarea maxima a acordului)),,,56600000,TED eForms BT-118 (valoarea maxima a acordului),63799750,DA,achizitie de VALVE TRANSCATETER COD CPV 33182220-7;SONDE STIMULARE COD CPV 33196000-0,33182220,2025-05-07,24,2027-05-07,TED eForms (durata publicata),DA,,data = prima incheiere de contract publicata in TED,https://ted.europa.eu/en/notice/-/detail/347697-2025
301437-2024,DA,SPITALUL CLINIC COLTEA,ALLIANCE HEALTHCARE ROMÂNIA SRL / DR.MAX / THREE PHARM,1786420,valoare maxima a acordului-cadru (TED eForms BT-118 (valoarea maxima a acordului)),3818208,TED eForms (valoarea totala a rezultatului),1786420,TED eForms BT-118 (valoarea maxima a acordului),1905436,DA,CONSUMABILE SI SUBSTANTE CONTRAST COMPATIBILE 100 % SAU ECHIVALENT CU APARATUL RMN OPTISTAR®ELITE,33140000,2024-05-08,36,2027-05-08,TED eForms (durata publicata),DA,valoarea atribuita publicata depaseste de peste 2 ori valoarea maxima/estimata publicata; posibil eroare de publicare,"data = prima incheiere de contract publicata in TED; cea mai mare valoare totala publicata dintre 5 anunturi de atribuire (din anuntul 202992-2026; valorile pe anunturi pot fi partiale sau cumulative); aceeasi procedura publicata si sub: 123655-2026, 136074-2026, 488467-2025, 779944-2025, 202992-2026; valoarea atribuita publicata depaseste valoarea maxima publicata (asa apar in anunturi)",https://ted.europa.eu/en/notice/-/detail/301437-2024
477830-2026,DA,INSTITUTUL DE BOLI CARDIOVASCULARE TIMISOARA,ALPHA MEDICAL / BOSTON SCIENTIFIC ROMANIA / BTL ROMANIA APARATURA MEDICALA / CARTO PLAST SRL / DRAEGER ROMANIA / MEDICAL DEVICE STORE SRL / MEDIST IMAGING & P.O.C. / PAPAPOSTOLOU S.R.L / Sante International / MEDICAL DEVICES & DIAGNOSTICS,7592815,valoare atribuita (TED eForms (valoarea totala a rezultatului)),7592815,TED eForms (valoarea totala a rezultatului),11473874,TED eForms (valoare estimata),,,Echipamente medicale,33100000,2026-05-08,12,2027-05-08,TED eForms (durata publicata),DA,,data = prima incheiere de contract publicata in TED; cea mai mare valoare totala publicata dintre 2 anunturi de atribuire (din anuntul 486084-2026; valorile pe anunturi pot fi partiale sau cumulative); aceeasi procedura publicata si sub: 486084-2026,https://ted.europa.eu/en/notice/-/detail/477830-2026
318021-2025,DA,SPITALUL CLINIC DE RECUPERARE IASI,IMBIOMED CONSULTING,1350000,valoare maxima a acordului-cadru (TED eForms BT-118 (valoarea maxima a acordului)),675000,TED eForms (valoarea totala a rezultatului),1350000,TED eForms BT-118 (valoarea maxima a acordului),1517350,DA,Turn complex artroscopie,33100000,2025-05-09,24,2027-05-09,TED eForms (durata publicata),DA,,data = prima incheiere de contract publicata in TED; valoare atribuita din anuntul 781733-2025; aceeasi procedura publicata si sub: 781733-2025,https://ted.europa.eu/en/notice/-/detail/318021-2025
345347-2023,DA,SPITALUL JUDETEAN DE URGENTA BISTRITA,AXIA MEDICAL SRL / B. BRAUN AVITUM S.R.L. / KAPAMED INTERNATIONAL SRL / VALDOMEDICA TRADING,12381718,valoare maxima a acordului-cadru (TED F02 (valoare estimata totala)),5589218,TED F03 (II.1.7 valoarea totala a achizitiei),12381718,TED F02 (valoare estimata totala),,DA,FURNIZARE Materiale consumabile si solutii de dializa - 12 Loturi,33181520,2023-05-10,48,2027-05-10,TED F02 (durata publicata),DA,,data = prima incheiere de contract publicata in TED; aceeasi procedura publicata si sub: 665949-2022,https://ted.europa.eu/en/notice/-/detail/345347-2023
309187-2025,DA,Spitalul Clinic Judetean de Urgenta Targu.Mures,PHARMICS S.R.L.,9090000,valoare maxima a acordului-cadru (TED eForms BT-118 (valoarea maxima a acordului)),3300000,TED eForms (valoarea totala a rezultatului),9090000,TED eForms BT-118 (valoarea maxima a acordului),9309200,DA,Acord cadru de furnizare Ecocardiografe,33112340,2025-05-12,24,2027-05-12,TED eForms (durata publicata),DA,"acelasi spital a atribuit un contract nou aceluiasi castigator la 2025-05-30 (426552-2025), inainte de expirarea calculata => probabil inlocuit",data = prima incheiere de contract publicata in TED; valoare atribuita din anuntul 553039-2026; aceeasi procedura publicata si sub: 553039-2026,https://ted.europa.eu/en/notice/-/detail/309187-2025
311204-2025,DA,Spitalul Clinic Judetean de Urgenta Targu.Mures,PHARMICS,13231400,valoare maxima a acordului-cadru (TED eForms BT-118 (valoarea maxima a acordului)),,,13231400,TED eForms BT-118 (valoarea maxima a acordului),13496000,DA,Acord cadru de furnizare Sistem de monitorizare cardiacă,33123210,2025-05-12,24,2027-05-12,TED eForms (durata publicata),DA,"acelasi spital a atribuit un contract nou aceluiasi castigator la 2025-05-30 (426552-2025), inainte de expirarea calculata => probabil inlocuit",data = prima incheiere de contract publicata in TED,https://ted.europa.eu/en/notice/-/detail/311204-2025
373417-2025,DA,Spitalul Municipal de Urgenta Roman,EVO HEALTHCARE CONSULTING S.R.L / SC IMBIOMED CONSULTING S.R.L / TIMBERSTAR S.R.L.,516944,valoare maxima a acordului-cadru (TED eForms BT-118 (valoarea maxima a acordului)),,,516944,TED eForms BT-118 (valoarea maxima a acordului),1028317,DA,Instrumentar pentru diverse specialitati chirurgicale,33169000,2025-05-12,24,2027-05-12,TED eForms (durata publicata),DA,,data = prima incheiere de contract publicata in TED,https://ted.europa.eu/en/notice/-/detail/373417-2025
393863-2024,DA,SPITALUL CLINIC MUNICIPAL CLUJ-NAPOCA,ALPHA MEDICAL / DELUXE MEDICRAFTS / FRESENIUS KABI ROMANIA / KAPAMED INTERNATIONAL / MEDICAL GRUP / NOVOMED INTERNATIONAL SRL / RADIMED S.R.L. / RAFI MEDICAL / RAMIDO STAFF S.R.L. / STERIL ROMANIA / Sof Medica / TEHNO ELECTRO MEDICAL COMPANY S.R.L. / VALDOMEDICA TRADING / ZARYS INTERNATIONAL GROUP,3297198,valoare maxima a acordului-cadru (TED eForms BT-118 (valoarea maxima a acordului)),1603678,TED eForms (valoarea totala a rezultatului),3297198,TED eForms BT-118 (valoarea maxima a acordului),4183460,DA,ACORD-CADRU DE FURNIZARE MATERIALE SANITARE SPITAL,33140000,2024-05-13,36,2027-05-13,TED eForms (durata publicata),DA,,"data = prima incheiere de contract publicata in TED; cea mai mare valoare totala publicata dintre 15 anunturi de atribuire (din anuntul 648307-2026; valorile pe anunturi pot fi partiale sau cumulative); aceeasi procedura publicata si sub: 407609-2024, 571982-2024, 792470-2024, 679358-2024, 125670-2025, 178033-2025, 191711-2025, 234375-2025, 443556-2025, 623916-2025, 844209-2025, 90548-2026, 171221-2026, 334989-2026, 648307-2026",https://ted.europa.eu/en/notice/-/detail/393863-2024
342024-2024,DA,SPITALUL JUDETEAN DE URGENTA PITESTI,ANGIOSPECTRU MED S.R.L. / B.BRAUN MEDICAL / BOSTON SCIENTIFIC ROMANIA / DELUXE MEDICRAFTS / DEMOPHORIUS HEALTHCARE SRL / DIRECT PHARMA LOGISTICS S.R.L. / EXIMIA MEDICAL / Eximrom Biocard S.R.L. / INNOVOTECH S.R.L. / MEDI -TECH BUSINESS SRL / MEDICAL DEVICES & DIAGNOSTICS / MEDICAL TECHNOLOGIES WORLD SRL / MEDTRONIC ROMANIA SRL / NOVENTIS International / QUANTUSMED / S.C.MEDICAL GRUP S.R.L. / SALVIS VLD / SC JUSTIR DESIGN SRL / STARSHIP ENTERPRISE S.R.L. / TECMED,29948998,valoare maxima a acordului-cadru (TED eForms (suma valorilor maxime pe loturi)),,,29948998,TED eForms (suma valorilor maxime pe loturi),44566680,DA,Furnizare materiale sanitare - Laborator Angiografie,33111700,2024-05-15,36,2027-05-15,TED eForms (durata publicata),DA,,data = prima incheiere de contract publicata in TED,https://ted.europa.eu/en/notice/-/detail/342024-2024
383223-2024,DA,Spitalul Clinic Judetean de Urgenta Craiova,DEYAN KRAFT MEDICAL,4800000,valoare maxima a acordului-cadru (TED eForms (suma valorilor maxime pe loturi)),,,4800000,TED eForms (suma valorilor maxime pe loturi),4800000,DA,Consumabile pentru sistemele de monitorizare continuă a glicemiei existente (Dexcom),33140000,2024-05-15,36,2027-05-15,TED eForms (durata publicata),DA,,data = prima incheiere de contract publicata in TED,https://ted.europa.eu/en/notice/-/detail/383223-2024
328455-2025,DA,SPITALUL JUDETEAN DE URGENTA VASLUI,MEGACONS-BRILLAGO / SANROTEX TRADING SRL / SINOFARM ROMANIA S.R.L. / VETRO DESIGN,1049520,valoare maxima a acordului-cadru (TED eForms BT-118 (valoarea maxima a acordului)),,,1049520,TED eForms BT-118 (valoarea maxima a acordului),2038800,DA,Materiale sanitare,33194000,2025-05-19,24,2027-05-19,TED eForms (durata publicata),DA,,data = prima incheiere de contract publicata in TED,https://ted.europa.eu/en/notice/-/detail/328455-2025
342734-2025,DA,SPITALUL CLINIC DE RECUPERARE IASI,AVENA MEDICA S.R.L. / BALMED S.R.L. / GYMED Oxigen S.R.L. / M-G EXIM ROMITALIA S.R.L. / MEDTRONIC ROMANIA SRL / NAFKA GRUP S.R.L. / Novaintermed S.R.L. / PAUL HARTMANN / PRODCONFARM S.R.L. / SC BIOPHARM INTERNATIONAL SRL / SC Nova Fit 2000 S.R.L. / TIMBERSTAR S.R.L. / VALDOMEDICA TRADING SRL,11719745,valoare maxima a acordului-cadru (TED eForms BT-118 (valoarea maxima a acordului)),254444,TED eForms (valoarea totala a rezultatului),11719745,TED eForms BT-118 (valoarea maxima a acordului),12136134,DA,MATERIALE SANITARE SI CONSUMABILE MEDICALE (III),33140000,2025-05-19,24,2027-05-19,TED eForms (durata publicata),DA,,"data = prima incheiere de contract publicata in TED; cea mai mare valoare totala publicata dintre 2 anunturi de atribuire (din anuntul 16419-2026; valorile pe anunturi pot fi partiale sau cumulative); aceeasi procedura publicata si sub: 512246-2025, 16419-2026",https://ted.europa.eu/en/notice/-/detail/342734-2025
346779-2026,DA,SPITALUL CLINIC JUDETEAN DE URGENTA CLUJ,SIEMENS HEALTHCARE SRL,4087000,valoare atribuita (TED eForms (valoarea totala a rezultatului)),4087000,TED eForms (valoarea totala a rezultatului),4289000,TED eForms (valoare estimata),,,"Sistem de imagistica de rezonanta magnetica cu intensitatea campului magnetic de minim 1.5 Tesla -Furnizare, instalare, punere in functiune,",33113000,2026-05-19,12,2027-05-19,TED eForms (durata publicata),DA,,data = prima incheiere de contract publicata in TED,https://ted.europa.eu/en/notice/-/detail/346779-2026
326820-2025,DA,SPITAL CLINIC JUDETEAN DE URGENTA BIHOR,NOVOMED INTERNATIONAL SRL,1509570,valoare maxima a acordului-cadru (TED eForms BT-118 (valoarea maxima a acordului)),1362045,TED eForms (valoarea totala a rezultatului),1509570,TED eForms BT-118 (valoarea maxima a acordului),1545090,DA,Acord cadru Mobilier spital pentru sectia ATI,33192000,2025-05-20,24,2027-05-20,TED eForms (durata publicata),DA,,data = prima incheiere de contract publicata in TED; valoare atribuita din anuntul 610553-2025; aceeasi procedura publicata si sub: 610553-2025,https://ted.europa.eu/en/notice/-/detail/326820-2025
345295-2025,DA,SPITALUL CLINIC JUDETEAN DE URGENTA SIBIU,MEDICAL DEVICES & DIAGNOSTICS / MEDTRONIC ROMANIA / Sante International / L&P MEDICAL,13792045,valoare maxima a acordului-cadru (TED eForms BT-118 (valoarea maxima a acordului)),,,13792045,TED eForms BT-118 (valoarea maxima a acordului),17644160,DA,ACORD - CADRU FURNIZARE APARATE DE SUPORT CARDIAC,33182000,2025-05-20,24,2027-05-20,TED eForms (durata publicata),DA,,data = prima incheiere de contract publicata in TED; aceeasi procedura publicata si sub: 353207-2025,https://ted.europa.eu/en/notice/-/detail/345295-2025
355684-2025,DA,"Spitalul Universitar de Urgenta Militar Central ""Dr. Carol Davila""",VAVIAN TRADING,7329900,valoare maxima a acordului-cadru (TED eForms BT-118 (valoarea maxima a acordului)),2934200,TED eForms (valoarea totala a rezultatului),7329900,TED eForms BT-118 (valoarea maxima a acordului),7329900,DA,ECHIPAMENTE MEDICALE ENDOSCOPIE,33168000,2025-05-20,24,2027-05-20,TED eForms (durata publicata),DA,,"unitate militara cu profil de spital; data = prima incheiere de contract publicata in TED; cea mai mare valoare totala publicata dintre 2 anunturi de atribuire (din anuntul 53183-2026; valorile pe anunturi pot fi partiale sau cumulative); aceeasi procedura publicata si sub: 475988-2025, 53183-2026",https://ted.europa.eu/en/notice/-/detail/355684-2025
543254-2026,DA,Spitalulul Clinic de Ortopedie Traumatologie si TBC Osteoarticular Foisor,KRAL MEDICAL SOLUTIONS,19021014,valoare atribuita (TED eForms (valoarea totala a rezultatului)),19021014,TED eForms (valoarea totala a rezultatului),22687440,TED eForms (valoare estimata),,,Aparatura si echipamente medicale,33100000,2026-05-20,12,2027-05-20,TED eForms (durata publicata),DA,"acelasi spital a atribuit un contract nou aceluiasi castigator la 2026-07-15 (540948-2026), inainte de expirarea calculata => probabil inlocuit",data = prima incheiere de contract publicata in TED,https://ted.europa.eu/en/notice/-/detail/543254-2026
333609-2025,DA,Spitalul Clinic de Urgenta Bagdasar-Arseni,KRAL MEDICAL SOLUTIONS / LIVMED IMPULS,55228218,valoare maxima a acordului-cadru (TED eForms BT-118 (valoarea maxima a acordului)),7770600,TED eForms (valoarea totala a rezultatului),55228218,TED eForms BT-118 (valoarea maxima a acordului),55679373,DA,ECHIPAMENTE MEDICALE PENTRU NEUROCHIRURGIE,33100000,2025-05-21,24,2027-05-21,TED eForms (durata publicata),DA,,data = prima incheiere de contract publicata in TED; valoare atribuita din anuntul 696242-2025; aceeasi procedura publicata si sub: 696242-2025,https://ted.europa.eu/en/notice/-/detail/333609-2025
549753-2025,DA,SPITALUL JUDETEAN DE URGENTA DEVA,MEDICAL ORTOVIT / ZIMMER BIOMET ROMANIA,4368000,valoare maxima a acordului-cadru (TED eForms BT-118 (valoarea maxima a acordului)),,,4368000,TED eForms BT-118 (valoarea maxima a acordului),4377600,DA,ACORD CADRU DE FURNIZARE „ PROTEZE ORTOPEDICE,33183200,2025-05-22,24,2027-05-22,TED eForms (durata publicata),DA,,data = prima incheiere de contract publicata in TED,https://ted.europa.eu/en/notice/-/detail/549753-2025
314024-2023,DA,SPITALUL ORASENESC DR. GHEORGHE CONSTANTINESCU BUMBESTI-JIU,BTL ROMANIA APARATURA MEDICALA S.R.L. / HELLIMED / KARL STORZ ENDOSCOPIA ROMANIA / LIAMED / RAFI MEDICAL / SAPACO 2000 / SUPERMEDICAL,1247045,valoare maxima a acordului-cadru (TED eForms BT-118 (valoarea maxima a acordului)),1247045,TED F03 (II.1.7 valoarea totala a achizitiei),1247045,TED eForms BT-118 (valoarea maxima a acordului),1504202,DA,Furnizare aparatura medicala,33100000,2023-05-23,48,2027-05-23,TED eForms (durata publicata),DA,,"data = prima incheiere de contract publicata in TED; cea mai mare valoare totala publicata dintre 2 anunturi de atribuire (din anuntul 314024-2023; valorile pe anunturi pot fi partiale sau cumulative); aceeasi procedura publicata si sub: 441089-2026, 444742-2026",https://ted.europa.eu/en/notice/-/detail/314024-2023
324019-2024,DA,INSTITUTUL DE BOLI CARDIOVASCULARE TIMISOARA,ANGIOSPECTRU MED S.R.L. / B.BRAUN MEDICAL / CORAMED MEDIZINISCHE PRODUKTE / DELUXE MEDICRAFTS / EXIMIA MEDICAL / GENODYNAMIC SRL / INNOVOTECH S.R.L. / MEDI -TECH BUSINESS / MEDICAL DEVICES & DIAGNOSTICS / MEDTRONIC ROMANIA / NOVENTIS International / QUANTUSMED / SC JUSTIR DESIGN SRL / Sante International / TECMED,21131400,valoare maxima a acordului-cadru (TED eForms (suma valorilor maxime pe loturi)),,,21131400,TED eForms (suma valorilor maxime pe loturi),22684001,DA,Materiale sanitare pentru proceduri de cardiologie intervențională,33184500,2024-05-23,36,2027-05-23,TED eForms (durata publicata),DA,,data = prima incheiere de contract publicata in TED,https://ted.europa.eu/en/notice/-/detail/324019-2024
337247-2025,DA,SPITALUL JUDETEAN DE URGENTA VASLUI,CRIO - 2,493200,valoare maxima a acordului-cadru (TED eForms BT-118 (valoarea maxima a acordului)),,,493200,TED eForms BT-118 (valoarea maxima a acordului),2520000,DA,Acoperitor igienic impermeabil pentru targa/pat/saltea,33198000,2025-05-23,24,2027-05-23,TED eForms (durata publicata),DA,,data = prima incheiere de contract publicata in TED,https://ted.europa.eu/en/notice/-/detail/337247-2025
388666-2025,DA,Institutul de Boli Cardiovasculare Prof. Dr. I. M. Georgescu,ALPHA BRIO MEDICAL S.R.L. / ARTISANA MEDICAL S.R.L. / B.BRAUN MEDICAL SRL / BIZMED SRL / CARDIOTECH SRL / CO&CO Consumer 2002 S.R.L. / CRAD RO SRL / CRIO - 2 S.R.L. / Esomed Solution Srl-D / FRESENIUS KABI ROMANIA SRL / FRESENIUS MEDICAL CARE ROMANIA S.R.L. / HELLIMED SRL / KAPAMED INTERNATIONAL SRL / LUAN VISION SRL / M-G EXIM ROMITALIA S.R.L. / MEDIMPACT SRL / MEDTRONIC ROMANIA SRL / MERCATOR MEDICAL / MLM MEDICAL S.R.L. / NAFKA GRUP S.R.L. / NOVOMED INTERNATIONAL SRL / PRIMEX MEDICAL SRL / RAFI MEDICAL / S.C.MEDICAL GRUP S.R.L. / SANROTEX TRADING SRL / SC BIOPHARM INTERNATIONAL SRL / SC CARTO PLAST SRL / VETRO DESIGN S.R.L. / ZARYS INTERNATIONAL GROUP MEDICAL EQUIPMENT S.R.L. / ALPHA MEDICAL S.R.L. / DELUXE MEDICRAFTS SRL / PAUL HARTMANN SRL / TZMO ROMANIA SRL,18867069,valoare maxima a acordului-cadru (TED eForms BT-118 (valoarea maxima a acordului)),,,18867069,TED eForms BT-118 (valoarea maxima a acordului),26736020,DA,MATERIALE SANITARE ATI,33140000,2025-05-23,24,2027-05-23,TED eForms (durata publicata),DA,,data = prima incheiere de contract publicata in TED; aceeasi procedura publicata si sub: 611802-2025,https://ted.europa.eu/en/notice/-/detail/388666-2025
339955-2025,DA,SPITALUL CLINIC DE URGENTA SF.IOAN,BIOSENS MEDICA S.R.L. / CRIO - 2 S.R.L. / DELUXE MEDICRAFTS SRL / HS MEDICAL SRL / VODIMEDICOR S.R.L.,23848883,valoare maxima a acordului-cadru (TED eForms BT-118 (valoarea maxima a acordului)),,,23848883,TED eForms BT-118 (valoarea maxima a acordului),35201053,DA,ACORD CADRU ACHIZITIE FIRE SUTURA,33141125,2025-05-26,24,2027-05-26,TED eForms (durata publicata),DA,,data = prima incheiere de contract publicata in TED,https://ted.europa.eu/en/notice/-/detail/339955-2025
402544-2025,DA,"Spital Clinic Judetean de Urgenta ""Pius Brinzeu"" Timisoara",ALPHA MEDICAL S.R.L. / ANGIOSPECTRU MED S.R.L. / DACORUM GRUP / EURO PHARMAMED / EXIMIA MEDICAL / FRESENIUS KABI ROMANIA SRL / GISCO MED / HELLIMED SRL / INFOMED FLUIDS S.R.L. / INNOVOTECH S.R.L. / MEDI -TECH BUSINESS SRL / MEGACONS-BRILLAGO SRL / NAFKA GRUP S.R.L. / S.C.MEDICAL GRUP S.R.L. / TMS - TOP MEDICAL SUPPLIER SRL,5388836,valoare maxima a acordului-cadru (TED eForms BT-118 (valoarea maxima a acordului)),,,5388836,TED eForms BT-118 (valoarea maxima a acordului),8169158,DA,Acord cadru furnizare materiale sanitare,33140000,2025-05-26,24,2027-05-26,TED eForms (durata publicata),DA,,data = prima incheiere de contract publicata in TED,https://ted.europa.eu/en/notice/-/detail/402544-2025
320068-2024,DA,Spitalul Clinic Judetean de Urgenta Targu.Mures,MICROMAT GRUP SRL / S.C.MEDICAL GRUP S.R.L. / VALDOMEDICA TRADING / AVA MEDICAL SERVICES SRL / M-G EXIM ROMITALIA S.R.L.,1025684,valoare maxima a acordului-cadru (TED eForms (suma valorilor maxime pe loturi)),,,1025684,TED eForms (suma valorilor maxime pe loturi),1145100,DA,Acord cadru de furnizare Catetere,33141200,2024-05-27,36,2027-05-27,TED eForms (durata publicata),DA,,"data = prima incheiere de contract publicata in TED; aceeasi procedura publicata si sub: 64087-2024, CN1065982",https://ted.europa.eu/en/notice/-/detail/320068-2024
324955-2024,DA,SPITALUL DE RECUPERARE BORSA,MED Q CLINEXPERT / MEDICAL ORTOVIT / MEDITECH S.R.L. / PURAMA,9426040,valoare maxima a acordului-cadru (TED eForms (suma valorilor maxime pe loturi)),,,9426040,TED eForms (suma valorilor maxime pe loturi),15777330,DA,ECHIPAMENTE MEDICALE,33100000,2024-05-27,36,2027-05-27,TED eForms (durata publicata),DA,,"data = prima incheiere de contract publicata in TED; aceeasi procedura publicata si sub: 167795-2024, CN1060068, CAN1127405",https://ted.europa.eu/en/notice/-/detail/324955-2024
CN1065101,NU,SPITALUL JUDETEAN DE URGENTA VALCEA,MEDIQ INNOVATIVE TECHNOLOGIES SRL,500000,valoare maxima a acordului-cadru (SICAP/OpenTender (valoare procedura)),250000,SICAP/OpenTender (valori pe atribuire),500000,SICAP/OpenTender (valoare procedura),,DA,ECOGRAF CHIRURGIE SI ORTOPEDIE PEDIATRICA -Acord cadru -36 luni -1,33112000,2024-06-11,35.5,2027-05-28,"SICAP/OpenTender (durata publicata, zile)",DA,,2 randuri SICAP cu valoare identica (posibil loturi egale sau acord cu mai multi castigatori); valoarea numarata o singura data,SICAP anunt nr. CN1065101
463466-2026,DA,"SPITALUL MUNICIPAL DE URGENTA ""ELENA BELDIMAN"" BARLAD",PHILIPS ROMANIA,7350000,valoare atribuita (TED eForms (valoarea totala a rezultatului)),7350000,TED eForms (valoarea totala a rezultatului),7350000,TED eForms (valoare estimata),,,ANGIOGRAF BIPLAN,33111720,2026-05-29,12,2027-05-29,TED eForms (durata publicata),DA,,data = prima incheiere de contract publicata in TED,https://ted.europa.eu/en/notice/-/detail/463466-2026
399287-2025,DA,SPITALUL CLINIC OBSTETRICA GINECOLOGIE CUZA-VODA,ADAR UNIC SOLUTIONS / ALPHA BRIO MEDICAL S.R.L. / AVENA MEDICA S.R.L. / B.BRAUN MEDICAL / BIZMED / Biolife Systems / CRIO - 2 / DELUXE MEDICRAFTS / DEMOPHORIUS HEALTHCARE / ENGLOBER S.R.L. / GYMED Oxigen S.R.L. / MEDICAL GRUP / MLM MEDICAL S.R.L. / Medplaza Health / NAFKA GRUP / PAUL HARTMANN / ROVAL MED / SANROTEX TRADING SRL / SC BIOPHARM INTERNATIONAL SRL / STERIL ROMANIA / TZMO ROMANIA / VALDOMEDICA TRADING / VETRO DESIGN,918814,valoare maxima a acordului-cadru (TED eForms BT-118 (valoarea maxima a acordului)),265786,TED eForms (valoarea totala a rezultatului),918814,TED eForms BT-118 (valoarea maxima a acordului),1289892,DA,DIVERSE MATERIALE SANITARE II,33140000,2025-05-30,24,2027-05-30,TED eForms (durata publicata),DA,,"data = prima incheiere de contract publicata in TED; cea mai mare valoare totala publicata dintre 7 anunturi de atribuire (din anuntul 285720-2026; valorile pe anunturi pot fi partiale sau cumulative); aceeasi procedura publicata si sub: 639702-2026, 655491-2026, 555515-2025, 123922-2026, 197239-2026, 285720-2026, 795651-2025",https://ted.europa.eu/en/notice/-/detail/399287-2025
426552-2025,DA,Spitalul Clinic Judetean de Urgenta Targu.Mures,PHARMICS,15970000,valoare maxima a acordului-cadru (TED eForms BT-118 (valoarea maxima a acordului)),,,15970000,TED eForms BT-118 (valoarea maxima a acordului),16770000,DA,Acord cadru de furnizare Sisteme de diagnosticare,33124110,2025-05-30,24,2027-05-30,TED eForms (durata publicata),DA,"acelasi spital a atribuit un contract nou aceluiasi castigator la 2025-07-14 (475612-2025), inainte de expirarea calculata => probabil inlocuit",data = prima incheiere de contract publicata in TED,https://ted.europa.eu/en/notice/-/detail/426552-2025
361176-2025,DA,SPITALUL CLINIC DR. C. I. PARHON,RENAMED FARMA S.R.L.,3529250,valoare maxima a acordului-cadru (TED eForms BT-118 (valoarea maxima a acordului)),,,3529250,TED eForms BT-118 (valoarea maxima a acordului),6950500,DA,Achizitie consumabile dializa pe loturi,33181520,2025-06-02,24,2027-06-02,TED eForms (durata publicata),DA,,data = prima incheiere de contract publicata in TED,https://ted.europa.eu/en/notice/-/detail/361176-2025
387518-2025,DA,"SPITALUL CLINIC JUDETEAN DE URGENTA""SFANTUL IOAN CEL NOU""SUCEAVA",BIO TECHNIC ROMANIA S.R.L. / HS MEDICAL SRL,11870100,valoare maxima a acordului-cadru (TED eForms BT-118 (valoarea maxima a acordului)),1016100,TED eForms (valoarea totala a rezultatului),11870100,TED eForms BT-118 (valoarea maxima a acordului),12738300,DA,Acord-cadru de achizitie publica de materiale sanitare – proteze ortopedice - divizate pe 6 loturi,33183200,2025-06-03,24,2027-06-03,TED eForms (durata publicata),DA,,data = prima incheiere de contract publicata in TED; valoare atribuita din anuntul 26436-2026; aceeasi procedura publicata si sub: 26436-2026,https://ted.europa.eu/en/notice/-/detail/387518-2025
389928-2025,DA,"INSTITUTUL INIMII DE URGENTA PENTRU BOLI CARDIOVASCULARE""Niculae Stancioiu"" Cluj-Napoca",ALPHA MEDICAL / ANGIOSPECTRU MED S.R.L. / BIZMED / Biolife Systems / CREATIVE & INNOVATIVE MANAGEMENT / CRIO - 2 / DELUXE MEDICRAFTS / INNOVOTECH S.R.L. / LUAN VISION / MEDICAL GRUP / NAFKA GRUP / NEURO MED THERAPY / NOVA FIT 2000 / NOVOMED INTERNATIONAL SRL / PAPAPOSTOLOU S.R.L / PRODCONFARM S.R.L. / QUANTUSMED / ROMBIOMEDICA / SANROTEX TRADING SRL / SELF CARE MEDICAL / SH MEDICAL SRL / SYNTTERGY CONSULT / TZMO ROMANIA / VALDOMEDICA TRADING / VETRO DESIGN,9109548,valoare maxima a acordului-cadru (TED eForms BT-118 (valoarea maxima a acordului)),,,9109548,TED eForms BT-118 (valoarea maxima a acordului),13597296,DA,"Acord Cadru pentru furnizare “CONSUMABILE MEDICALE""",33140000,2025-06-03,24,2027-06-03,TED eForms (durata publicata),DA,,data = prima incheiere de contract publicata in TED,https://ted.europa.eu/en/notice/-/detail/389928-2025
482157-2025,DA,"SPITALUL JUDETEAN ""DR.FOGOLYAN KRISTOF""SFANTU GHEORGHE",DEYAN KRAFT MEDICAL / MEDTRONIC ROMANIA,876555,valoare maxima a acordului-cadru (TED eForms BT-118 (valoarea maxima a acordului)),,,876555,TED eForms BT-118 (valoarea maxima a acordului),890400,DA,"Consumabile pentru pacienti initiati anterior sau noi pe sisteme de automonitorizare continua a glicemiei si pompe de insulina, inclusi in P",33190000,2025-06-03,24,2027-06-03,TED eForms (durata publicata),DA,,data = prima incheiere de contract publicata in TED; aceeasi procedura publicata si sub: 517375-2025,https://ted.europa.eu/en/notice/-/detail/482157-2025
410283-2025,DA,"Spitalul Universitar de Urgenta Militar Central ""Dr. Carol Davila""",KRAL MEDICAL SOLUTIONS SRL / Sante International S.A.,9253330,valoare maxima a acordului-cadru (TED eForms BT-118 (valoarea maxima a acordului)),3084443,TED eForms (valoarea totala a rezultatului),9253330,TED eForms BT-118 (valoarea maxima a acordului),9260880,DA,Echipamente pentru electrofiziologie,33123000,2025-06-04,24,2027-06-04,TED eForms (durata publicata),DA,,unitate militara cu profil de spital; data = prima incheiere de contract publicata in TED; valoare atribuita din anuntul 833379-2025; aceeasi procedura publicata si sub: 833379-2025,https://ted.europa.eu/en/notice/-/detail/410283-2025
375373-2023,DA,"Institutul National de Diabet, Nutritie si Boli Metabolice ""Prof. dr. N. C. Paulescu""",DIRECT PHARMA LOGISTICS S.R.L.,14037936,valoare maxima a acordului-cadru (TED eForms BT-118 (valoarea maxima a acordului)),14037936,TED F03 (II.1.7 valoarea totala a achizitiei),14037936,TED eForms BT-118 (valoarea maxima a acordului),14093472,DA,Acord cadru de furnizare materiale consumabile pentru dializa peritoneala,33181520,2023-06-06,48,2027-06-06,TED eForms (durata publicata),DA,,"data = prima incheiere de contract publicata in TED; cea mai mare valoare totala publicata dintre 2 anunturi de atribuire (din anuntul 375373-2023; valorile pe anunturi pot fi partiale sau cumulative); aceeasi procedura publicata si sub: 197609-2023, 490558-2025, 500691-2025, 507505-2025",https://ted.europa.eu/en/notice/-/detail/375373-2023
386936-2024,DA,"Institutul de Urgenta pentru Boli Cardiovasculare ""Prof. Dr. C.C. Iliescu""",CARDIOTECH / MEDTRONIC ROMANIA,29166176,valoare maxima a acordului-cadru (TED eForms (suma valorilor maxime pe loturi)),,,29166176,TED eForms (suma valorilor maxime pe loturi),30954240,DA,achizitie endoproteze coronariene cod CPV 33184500-8 -Pachet stent graft autoexpandabil tehnici operatorii cod CPV 33160000-9- Sistem de rep,33160000,2024-06-06,36,2027-06-06,TED eForms (durata publicata),DA,,data = prima incheiere de contract publicata in TED; aceeasi procedura publicata si sub: 191648-2024,https://ted.europa.eu/en/notice/-/detail/386936-2024
364380-2023,DA,SPITALUL UNIVERSITAR DE URGENTA BUCURESTI,MEDICAL ORTOVIT / Neos Europe,85927200,valoare maxima a acordului-cadru (TED F02 (valoare estimata totala)),82647840,TED F03 (II.1.7 valoarea totala a achizitiei),85927200,TED F02 (valoare estimata totala),,DA,"Furnizare piese de schimb, consumabile si materiale sanitare",33183100,2023-06-07,48,2027-06-07,TED F02 (durata publicata),DA,,"data = prima incheiere de contract publicata in TED; aceeasi procedura publicata si sub: 153305-2023, CN1052912",https://ted.europa.eu/en/notice/-/detail/364380-2023
366275-2024,DA,Spitalul Clinic de Urgenta Bucuresti,GEMA EQUIPMENTS / Sante International S.A.,8015112,valoare maxima a acordului-cadru (TED eForms (suma valorilor maxime pe loturi)),,,8015112,TED eForms (suma valorilor maxime pe loturi),73640477,DA,Materiale consumabile si reactivi ATI/SPITAL,33140000,2024-06-07,36,2027-06-07,TED eForms (durata publicata),DA,,data = prima incheiere de contract publicata in TED,https://ted.europa.eu/en/notice/-/detail/366275-2024
CN1056726,NU,SPITAL CLINIC JUDETEAN DE URGENTA BIHOR,KARL STORZ ENDOSCOPIA ROMANIA / HerniaFix / B.BRAUN MEDICAL,766099,valoare atribuita (SICAP/OpenTender (valori pe atribuire)),766099,SICAP/OpenTender (valori pe atribuire),,,,,Materiale sanitare 7,33140000,2023-06-29,47.3,2027-06-08,"SICAP/OpenTender (durata publicata, zile)",DA,"acelasi spital a atribuit un contract nou aceluiasi castigator la 2024-01-04 (126985-2024), inainte de expirarea calculata => probabil inlocuit",valoarea procedurii din SICAP/OpenTender (44.002.382 RON) ignorata: de peste 20 de ori valoarea atribuita (probabil eroare de unitate); suma loturi,SICAP anunt nr. CN1056726
742281-2023,DA,Spitalul Clinic de Urgenta Bucuresti,SAB TRANS CONSULT / TEHNO ELECTRO MEDICAL COMPANY S.R.L. / VALDOMEDICA TRADING,6996480,valoare maxima a acordului-cadru (TED eForms (suma valorilor maxime pe loturi)),,,6996480,TED eForms (suma valorilor maxime pe loturi),,DA,Electrod monopolar si bipolar,33140000,2023-06-09,48,2027-06-09,TED eForms (durata publicata),DA,,data = prima incheiere de contract publicata in TED,https://ted.europa.eu/en/notice/-/detail/742281-2023
742423-2023,DA,Spitalul Clinic de Urgenta Bucuresti,STERIL ROMANIA / VALDOMEDICA TRADING,775680,valoare maxima a acordului-cadru (TED eForms (suma valorilor maxime pe loturi)),,,775680,TED eForms (suma valorilor maxime pe loturi),,DA,SET NEFROSTROMIE SI CISTOSTOMIE,33140000,2023-06-09,48,2027-06-09,TED eForms (durata publicata),DA,"acelasi spital a atribuit un contract nou aceluiasi castigator la 2023-07-03 (747361-2023), inainte de expirarea calculata => probabil inlocuit",data = prima incheiere de contract publicata in TED; aceeasi procedura publicata si sub: SCN1120745,https://ted.europa.eu/en/notice/-/detail/742423-2023
347367-2024,DA,Spitalul Clinic Judetean de Urgenta Targu.Mures,STRYKER ROMANIA S.R.L.,7425000,valoare maxima a acordului-cadru (TED eForms (suma valorilor maxime pe loturi)),,,7425000,TED eForms (suma valorilor maxime pe loturi),14783775,DA,Acord cadru de furnizare Proteze,33184000,2024-06-10,36,2027-06-10,TED eForms (durata publicata),DA,"acelasi spital a atribuit un contract nou aceluiasi castigator la 2025-05-30 (359783-2025), inainte de expirarea calculata => probabil inlocuit",data = prima incheiere de contract publicata in TED,https://ted.europa.eu/en/notice/-/detail/347367-2024
347398-2024,DA,SPITALUL JUDETEAN DE URGENTA ZALAU,STRYKER ROMANIA / ZIMMER BIOMET ROMANIA,960250,valoare maxima a acordului-cadru (TED eForms (suma valorilor maxime pe loturi)),,,960250,TED eForms (suma valorilor maxime pe loturi),960250,DA,ENDOPROTEZE ORTOPEDICE,33183200,2024-06-10,36,2027-06-10,TED eForms (durata publicata),DA,,data = prima incheiere de contract publicata in TED,https://ted.europa.eu/en/notice/-/detail/347398-2024
347677-2024,DA,Spitalul Clinic Judetean de Urgenta Targu.Mures,MEDICAL ORTOVIT / STRYKER ROMANIA S.R.L.,15496275,valoare maxima a acordului-cadru (TED eForms (suma valorilor maxime pe loturi)),,,15496275,TED eForms (suma valorilor maxime pe loturi),15513675,DA,Acord cadru de furnizare Implanturi ortopedice,33183100,2024-06-10,36,2027-06-10,TED eForms (durata publicata),DA,,data = prima incheiere de contract publicata in TED; aceeasi procedura publicata si sub: 233540-2024,https://ted.europa.eu/en/notice/-/detail/347677-2024
392335-2025,DA,Institutul de Boli Cardiovasculare Prof. Dr. I. M. Georgescu,ALPHA BRIO MEDICAL S.R.L. / CUSTODIA GROUP S.R.L. / DELUXE MEDICRAFTS SRL / EUROFLEX S.R.L. / FLEXAL IMPEX S.R.L. / HISTRIA INTERNATIONAL S.R.L. / NOVEI COM S.R.L. / PREBOX EMS SRL / STERILECO S.R.L. / VETRO DESIGN S.R.L.,1988973,valoare maxima a acordului-cadru (TED eForms BT-118 (valoarea maxima a acordului)),,,1988973,TED eForms BT-118 (valoarea maxima a acordului),3127575,DA,ACHIZITIA DE RECIPIENTE MEDICALE SI SACI DESEURI,33141123,2024-06-10,36,2027-06-10,TED eForms (durata publicata),DA,,data = prima incheiere de contract publicata in TED,https://ted.europa.eu/en/notice/-/detail/392335-2025
388184-2025,DA,SPITALUL JUDETEAN DE URGENTA VASLUI,ROMBIOMEDICA / TZMO ROMANIA,1003872,valoare maxima a acordului-cadru (TED eForms BT-118 (valoarea maxima a acordului)),,,1003872,TED eForms BT-118 (valoarea maxima a acordului),3427200,DA,Manusi chirurgicale si Manusi examinare,33141420,2025-06-10,24,2027-06-10,TED eForms (durata publicata),DA,,data = prima incheiere de contract publicata in TED,https://ted.europa.eu/en/notice/-/detail/388184-2025
CN1065480,NU,SPITALUL CLINIC JUDETEAN MURES,Lumamed Health&Care SRL,86700,valoare maxima a acordului-cadru (SICAP/OpenTender (valoare procedura)),,,86700,SICAP/OpenTender (valoare procedura),,DA,"Acord cadru de furnizare materiale sanitare - ” Set consumabile compatibile 100 % sau echivalent cu injector IRM marca Medrad / Bayer, model",33141310,2024-06-25,35.5,2027-06-11,"SICAP/OpenTender (durata publicata, zile)",DA,,,SICAP anunt nr. CN1065480
379183-2025,DA,Spitalul Judetean de Urgenta Slobozia,MEDICAL ORTOVIT / STRYKER ROMANIA / VALDOMEDICA TRADING,6473760,valoare maxima a acordului-cadru (TED eForms BT-118 (valoarea maxima a acordului)),,,6473760,TED eForms BT-118 (valoarea maxima a acordului),6689424,DA,Acord cadru de furnizare Proteze Ortopedice,33183200,2025-06-11,24,2027-06-11,TED eForms (durata publicata),DA,,data = prima incheiere de contract publicata in TED,https://ted.europa.eu/en/notice/-/detail/379183-2025
480995-2025,DA,Spitalul Clinic de Pneumoftiziologie Iasi,ALPHA BRIO MEDICAL S.R.L. / ALPHA MEDICAL / ALPHA NED 2000 EXIM / AXIOMED SOLUTIONS SRL / B.BRAUN MEDICAL / BIZMED / Biolife Systems / CO&CO Consumer 2002 S.R.L. / CRIO - 2 / DACO MEDICAL TECHNOLOGIES / DELUXE MEDICRAFTS / DEMOPHORIUS HEALTHCARE / EST INVEST FARMA / FRESENIUS KABI ROMANIA / GRAZY PRICE MEDICAL IMPORT EXPORT S.R.L. / GYMED Oxigen S.R.L. / HDL Union / HELLIMED / INPOINT MEDICARE / M-G EXIM ROMITALIA / MEDICAL GRUP / MERCATOR MEDICAL / MLM MEDICAL S.R.L. / Medical Express S.R.L. / Medplaza Health / NAFKA GRUP / NOVA FIT 2000 / NOVENTIS International / Novaintermed / OMNIMED DEVICES S.R.L. / PARTNERS MEDICAL SOLUTION S.R.L. / PAUL HARTMANN / PRODALCOM / PRODCONFARM S.R.L. / ROMBIOMEDICA / ROVAL MED / RUBICON EDITECH 89 S.R.L. / SANROTEX TRADING SRL / SANTOMED IMPEX / SH MEDICAL SRL / STORK MEDICAL / TEHNO ELECTRO MEDICAL COMPANY S.R.L. / TMS - TOP MEDICAL SUPPLIER / TODAY SOLUTION / TODY LABORATORIES MED / TRANS-MENTOR / TZMO ROMANIA / VALDOMEDICA TRADING / ZARYS INTERNATIONAL GROUP,11862558,valoare maxima a acordului-cadru (TED eForms BT-118 (valoarea maxima a acordului)),,,11862558,TED eForms BT-118 (valoarea maxima a acordului),27827875,DA,Acord-Cadru furnizare de produse „ MATERIALE SANITARE”,33140000,2025-06-11,24,2027-06-11,TED eForms (durata publicata),DA,,"data = prima incheiere de contract publicata in TED; aceeasi procedura publicata si sub: 186427-2026, 540498-2025",https://ted.europa.eu/en/notice/-/detail/480995-2025
551805-2025,DA,"SPITALUL JUDETEAN DE URGENTA""DR. CONSTANTIN OPRIS"" BAIA MARE",EXIMIA MEDICAL / INNOVOTECH S.R.L. / Lumamed Health&Care SRL / MEDICAL DEVICES & DIAGNOSTICS,2731344,valoare maxima a acordului-cadru (TED eForms BT-118 (valoarea maxima a acordului)),,,2731344,TED eForms BT-118 (valoarea maxima a acordului),2997600,DA,ACORD CADRU DE FURNIZARE CONSUMABILE ANGIOGRAFIE SI ANGIOPLASTIE 2025,33111730,2025-06-12,24,2027-06-12,TED eForms (durata publicata),DA,,data = prima incheiere de contract publicata in TED,https://ted.europa.eu/en/notice/-/detail/551805-2025
507078-2024,DA,SPITAL CLINIC JUDETEAN DE URGENTA BIHOR,KARL STORZ ENDOSCOPIA ROMANIA,3113585,valoare maxima a acordului-cadru (TED eForms BT-118 (valoarea maxima a acordului)),3815083,TED eForms (valoarea totala a rezultatului),3113585,TED eForms BT-118 (valoarea maxima a acordului),3116110,DA,Instrumente si consumabile pentru urologie,33162200,2024-06-13,36,2027-06-13,TED eForms (durata publicata),DA,"acelasi spital a atribuit un contract nou aceluiasi castigator la 2024-11-23 (SCN1149932), inainte de expirarea calculata => probabil inlocuit","data = prima incheiere de contract publicata in TED; cea mai mare valoare totala publicata dintre 4 anunturi de atribuire (din anuntul 388859-2026; valorile pe anunturi pot fi partiale sau cumulative); aceeasi procedura publicata si sub: 360323-2025, 377024-2025, 821684-2025, 262049-2026, 388859-2026, SCN1140132, SCN1146145; valoarea atribuita publicata depaseste valoarea maxima publicata (asa apar in anunturi)",https://ted.europa.eu/en/notice/-/detail/507078-2024
746516-2023,DA,Spitalul Clinic de Urgenta Bucuresti,PRIME HEALTHCARE S.R.L.,1206960,valoare maxima a acordului-cadru (TED eForms (suma valorilor maxime pe loturi)),,,1206960,TED eForms (suma valorilor maxime pe loturi),,DA,DISPOZITIVE SPECIALE PENTRU OXIGENOTERAPIE,33140000,2023-06-14,48,2027-06-14,TED eForms (durata publicata),DA,"acelasi spital a atribuit un contract nou aceluiasi castigator la 2023-06-20 (745894-2023), inainte de expirarea calculata => probabil inlocuit","data = prima incheiere de contract publicata in TED; aceeasi procedura publicata si sub: SCN1121016, SCN1121017",https://ted.europa.eu/en/notice/-/detail/746516-2023
747231-2023,DA,Spitalul Clinic de Urgenta Bucuresti,PRIME HEALTHCARE S.R.L.,2636400,valoare maxima a acordului-cadru (TED eForms (suma valorilor maxime pe loturi)),,,2636400,TED eForms (suma valorilor maxime pe loturi),,DA,DISPOZITIVE PENTRU ASPIRATIE SI DRENAJ,33140000,2023-06-14,48,2027-06-14,TED eForms (durata publicata),DA,"acelasi spital a atribuit un contract nou aceluiasi castigator la 2023-06-20 (745894-2023), inainte de expirarea calculata => probabil inlocuit",data = prima incheiere de contract publicata in TED,https://ted.europa.eu/en/notice/-/detail/747231-2023
762229-2023,DA,Spitalul Clinic de Urgenta Bucuresti,SMART MEDICAL SOLUTIONS S.R.L.,3840000,valoare maxima a acordului-cadru (TED eForms (suma valorilor maxime pe loturi)),,,3840000,TED eForms (suma valorilor maxime pe loturi),,DA,CARTUS ADSORBANT PENTRU STARILE SEPTICE,33140000,2023-06-14,48,2027-06-14,TED eForms (durata publicata),DA,,data = prima incheiere de contract publicata in TED; aceeasi procedura publicata si sub: CN1053568,https://ted.europa.eu/en/notice/-/detail/762229-2023
762242-2023,DA,Spitalul Clinic de Urgenta Bucuresti,MDW MEDICAL SRL,69038496,valoare maxima a acordului-cadru (TED eForms (suma valorilor maxime pe loturi)),,,69038496,TED eForms (suma valorilor maxime pe loturi),,DA,SONDE SI CANULE,33140000,2023-06-14,48,2027-06-14,TED eForms (durata publicata),DA,,data = prima incheiere de contract publicata in TED,https://ted.europa.eu/en/notice/-/detail/762242-2023
762473-2023,DA,Spitalul Clinic de Urgenta Bucuresti,TEHNO ELECTRO MEDICAL COMPANY S.R.L.,77239200,valoare maxima a acordului-cadru (TED eForms (suma valorilor maxime pe loturi)),,,77239200,TED eForms (suma valorilor maxime pe loturi),,DA,ACCESORII PENTRU ANESTEZIE SI REANIMARE,33140000,2023-06-14,48,2027-06-14,TED eForms (durata publicata),DA,"acelasi spital a atribuit un contract nou aceluiasi castigator la 2023-07-18 (765649-2023), inainte de expirarea calculata => probabil inlocuit",data = prima incheiere de contract publicata in TED,https://ted.europa.eu/en/notice/-/detail/762473-2023
762658-2023,DA,Spitalul Clinic de Urgenta Bucuresti,MDW MEDICAL SRL,16191168,valoare maxima a acordului-cadru (TED eForms (suma valorilor maxime pe loturi)),,,16191168,TED eForms (suma valorilor maxime pe loturi),,DA,SISTEME DE DRENAJ,33140000,2023-06-14,48,2027-06-14,TED eForms (durata publicata),DA,,data = prima incheiere de contract publicata in TED,https://ted.europa.eu/en/notice/-/detail/762658-2023
358570-2024,DA,SPITALUL CLINIC MUNICIPAL CLUJ-NAPOCA,B. BRAUN AVITUM / KAPAMED INTERNATIONAL,3177257,valoare maxima a acordului-cadru (TED eForms BT-118 (valoarea maxima a acordului)),1717778,TED eForms (valoarea totala a rezultatului),3177257,TED eForms BT-118 (valoarea maxima a acordului),4325429,DA,ACORD-CADRU DE FURNIZARE CONSUMABILE PENTRU DIALIZA RENALA,33181520,2024-06-14,36,2027-06-14,TED eForms (durata publicata),DA,,"data = prima incheiere de contract publicata in TED; cea mai mare valoare totala publicata dintre 26 anunturi de atribuire (din anuntul 641676-2026; valorile pe anunturi pot fi partiale sau cumulative); aceeasi procedura publicata si sub: 388238-2024, 453673-2024, 558051-2024, 581085-2024, 671001-2024, 760036-2024, 43947-2025, 168011-2025, 204391-2025, 160630-2025, 303464-2025, 358410-2025, 436109-2025, 519609-2025, 602989-2025, 654200-2025, 778318-2025, 841751-2025, 118251-2026, 216719-2026, 342496-2026, 52715-2026, 370918-2026, 488435-2026, 569076-2026, 641676-2026",https://ted.europa.eu/en/notice/-/detail/358570-2024
388866-2025,DA,SPITALUL CLINIC DE URGENTA SF.IOAN,HS MEDICAL SRL / MEDICAL ORTOVIT / MEDICAL TECHNOLOGIES INFINITY / STRYKER ROMANIA S.R.L. / VALDOMEDICA TRADING SRL / ZIMMER BIOMET ROMANIA,27753094,valoare maxima a acordului-cadru (TED eForms BT-118 (valoarea maxima a acordului)),,,27753094,TED eForms BT-118 (valoarea maxima a acordului),28391928,DA,ACORD CADRU ACHIZITIE PROTEZE ORTOPEDICE,33183200,2025-06-16,24,2027-06-16,TED eForms (durata publicata),DA,,data = prima incheiere de contract publicata in TED,https://ted.europa.eu/en/notice/-/detail/388866-2025
407302-2025,DA,"Spitalul Universitar de Urgenta Militar Central ""Dr. Carol Davila""",ALPHA MEDICAL S.R.L. / BIO HYGIENE SRL / CRIO - 2 S.R.L. / DELUXE MEDICRAFTS SRL / EXIMIA MEDICAL / HELLIMED SRL / MEDIMPACT SRL / NAFKA GRUP S.R.L. / PAUL HARTMANN SRL / S.C. ADAR UNIC SOLUTIONS S.R.L. / S.C. DELTAMED S.R.L. / S.C.MEDICAL GRUP S.R.L. / TAISSIS CONCEPT / VALDOMEDICA TRADING SRL / ZARYS INTERNATIONAL GROUP MEDICAL EQUIPMENT S.R.L.,5894160,valoare maxima a acordului-cadru (TED eForms BT-118 (valoarea maxima a acordului)),205209,TED eForms (valoarea totala a rezultatului),5894160,TED eForms BT-118 (valoarea maxima a acordului),9379707,DA,Materiale sanitare UPU - 53 loturi,33141000,2025-06-16,24,2027-06-16,TED eForms (durata publicata),DA,,"unitate militara cu profil de spital; data = prima incheiere de contract publicata in TED; cea mai mare valoare totala publicata dintre 2 anunturi de atribuire (din anuntul 528607-2026; valorile pe anunturi pot fi partiale sau cumulative); aceeasi procedura publicata si sub: 350889-2026, 528607-2026",https://ted.europa.eu/en/notice/-/detail/407302-2025
414858-2026,DA,SPITALUL CLINIC DE URGENTA SF.IOAN,KRAL MEDICAL SOLUTIONS SRL / VAVIAN TRADING S.R.L.,7518485,valoare atribuita (TED eForms (valoarea totala a rezultatului)),7518485,TED eForms (valoarea totala a rezultatului),7518485,TED eForms (valoare estimata),,,CONTRACT ACHIZIE TRUSA NEFROLITOTOMIE PERCUTANATA SI SISTEM ROBOTIC AVANSAT DESTINAT INGRIJIRII PROSTATEI,33100000,2026-06-16,12,2027-06-16,TED eForms (durata publicata),DA,,data = prima incheiere de contract publicata in TED,https://ted.europa.eu/en/notice/-/detail/414858-2026
370491-2024,DA,SPITALUL JUDETEAN DE URGENTA ZALAU,BIZMED SRL / CREATIVE / DERATOINVEST2012 / MEGACONS-BRILLAGO / NOVENTIS International / S.C. ADAR UNIC SOLUTIONS S.R.L. / S.C.MEDICAL GRUP S.R.L.,2111820,valoare maxima a acordului-cadru (TED eForms (suma valorilor maxime pe loturi)),,,2111820,TED eForms (suma valorilor maxime pe loturi),3175500,DA,Echipamente medicale,33100000,2024-06-17,36,2027-06-17,TED eForms (durata publicata),DA,,data = prima incheiere de contract publicata in TED; aceeasi procedura publicata si sub: 192537-2024,https://ted.europa.eu/en/notice/-/detail/370491-2024
868308-2025,DA,SPITALUL JUDETEAN DE URGENTA TARGOVISTE,VICI EVOLUTION,6811000,valoare atribuita (TED eForms (valoarea totala a rezultatului)),6811000,TED eForms (valoarea totala a rezultatului),,,,,Achiziția de SPECT-CT (inclusiv consolidare si amenajare spatiu) in cadrul proiectului “ Dotarea Spitalului Județean de Urgență Târgoviște c,33111000,2025-12-17,18,2027-06-17,TED eForms (durata publicata),DA,,data = prima incheiere de contract publicata in TED,https://ted.europa.eu/en/notice/-/detail/868308-2025
466100-2024,DA,SPITALUL JUDETEAN DE URGENTA VALCEA,DTL Medical SRL / GLOBAL MEDICAL SOLUTIONS SRL / HELLIMED / MEDIST IMAGING & P.O.C. S.R.L. / SMGELECTRONICA S.R.L. / VICI EVOLUTION S.R.L. / S.C. SMG ULTRASOUND ROMANIA S.R.L. S.R.L.,6444700,valoare maxima a acordului-cadru (TED eForms BT-118 (valoarea maxima a acordului)),3891600,TED eForms (valoarea totala a rezultatului),6444700,TED eForms BT-118 (valoarea maxima a acordului),6850000,DA,"Aparatura medicala- Acord Cadru - 36 luni -2 (Ecografe, EKG, Test de effort cardiovascular)",33190000,2024-06-18,36,2027-06-18,TED eForms (durata publicata),DA,,"data = prima incheiere de contract publicata in TED; cea mai mare valoare totala publicata dintre 5 anunturi de atribuire (din anuntul 557455-2026; valorile pe anunturi pot fi partiale sau cumulative); aceeasi procedura publicata si sub: 503213-2024, 231986-2025, 478432-2025, 617727-2025, 859097-2025, 557455-2026",https://ted.europa.eu/en/notice/-/detail/466100-2024
745894-2023,DA,Spitalul Clinic de Urgenta Bucuresti,PRIME HEALTHCARE S.R.L.,877200,valoare maxima a acordului-cadru (TED eForms (suma valorilor maxime pe loturi)),,,877200,TED eForms (suma valorilor maxime pe loturi),,DA,DISPOZITIVE PENTRU INTUBATIE ORO-TRAHEALA CU MONITORIZARE,33140000,2023-06-20,48,2027-06-20,TED eForms (durata publicata),DA,"acelasi spital a atribuit un contract nou aceluiasi castigator la 2023-07-18 (766072-2023), inainte de expirarea calculata => probabil inlocuit","data = prima incheiere de contract publicata in TED; aceeasi procedura publicata si sub: CN1052566, CN1052567",https://ted.europa.eu/en/notice/-/detail/745894-2023
442937-2025,DA,INSTITUTUL DE URGENTA PENTRU BOLI CARDIOVASCULARE SI TRANSPLANT TARGU MURES,BOSTON SCIENTIFIC ROMANIA / DELUXE MEDICRAFTS / EXIMIA MEDICAL / INNOVOTECH S.R.L. / L&P MEDICAL / LIFETECH CONSULTING / MEDI -TECH BUSINESS / MEDICAL DEVICES & DIAGNOSTICS / MEDICAL TECHNOLOGIES WORLD SRL / MEDTRONIC ROMANIA / MEGACONS-BRILLAGO / NEURO MED THERAPY / NOVENTIS International / PHARMICS / SC BIOPHARM INTERNATIONAL SRL / SC JUSTIR DESIGN SRL / TECMED,33354775,valoare maxima a acordului-cadru (TED eForms BT-118 (valoarea maxima a acordului)),,,33354775,TED eForms BT-118 (valoarea maxima a acordului),39727000,DA,Accesorii pentru angiografie,33111710,2025-06-20,24,2027-06-20,TED eForms (durata publicata),DA,,data = prima incheiere de contract publicata in TED; aceeasi procedura publicata si sub: 500090-2025,https://ted.europa.eu/en/notice/-/detail/442937-2025
746160-2023,DA,Spitalul Clinic de Urgenta Bucuresti,ALPHA MEDICAL,7458000,valoare maxima a acordului-cadru (TED eForms (suma valorilor maxime pe loturi)),,,7458000,TED eForms (suma valorilor maxime pe loturi),,DA,KIT INGRIJIRE CATETERE SI PREVENTIA INFECTIILOR,33140000,2023-06-21,48,2027-06-21,TED eForms (durata publicata),DA,,data = prima incheiere de contract publicata in TED; aceeasi procedura publicata si sub: CN1052849,https://ted.europa.eu/en/notice/-/detail/746160-2023
746859-2023,DA,Spitalul Clinic de Urgenta Bucuresti,GRAZY PRICE MEDICAL IMPORT EXPORT S.R.L.,3015696,valoare maxima a acordului-cadru (TED eForms (suma valorilor maxime pe loturi)),,,3015696,TED eForms (suma valorilor maxime pe loturi),,DA,Dispozitive pentru suport volemic si respirator,33140000,2023-06-21,48,2027-06-21,TED eForms (durata publicata),DA,,"data = prima incheiere de contract publicata in TED; aceeasi procedura publicata si sub: CN1052841, CN1052848, CN1052850, CN1052851",https://ted.europa.eu/en/notice/-/detail/746859-2023
748837-2023,DA,Spitalul Clinic de Urgenta Bucuresti,GRAZY PRICE MEDICAL IMPORT EXPORT S.R.L.,705120,valoare maxima a acordului-cadru (TED eForms (suma valorilor maxime pe loturi)),,,705120,TED eForms (suma valorilor maxime pe loturi),,DA,Truse,33140000,2023-06-21,48,2027-06-21,TED eForms (durata publicata),DA,,data = prima incheiere de contract publicata in TED,https://ted.europa.eu/en/notice/-/detail/748837-2023
749181-2023,DA,Spitalul Clinic de Urgenta Bucuresti,GRAZY PRICE MEDICAL IMPORT EXPORT S.R.L.,2244048,valoare maxima a acordului-cadru (TED eForms (suma valorilor maxime pe loturi)),,,2244048,TED eForms (suma valorilor maxime pe loturi),,DA,DISPOZABILE SPECIALE PENTRU MONITORIZARE INVAZIVA SI SUPORT HEMODINAMIC,33140000,2023-06-21,48,2027-06-21,TED eForms (durata publicata),DA,,data = prima incheiere de contract publicata in TED,https://ted.europa.eu/en/notice/-/detail/749181-2023
749981-2023,DA,Spitalul Clinic de Urgenta Bucuresti,GRAZY PRICE MEDICAL IMPORT EXPORT S.R.L.,2893133,valoare maxima a acordului-cadru (TED eForms (suma valorilor maxime pe loturi)),,,2893133,TED eForms (suma valorilor maxime pe loturi),,DA,SISTEM DE MONITORIZARE A PACIENTILOR,33140000,2023-06-21,48,2027-06-21,TED eForms (durata publicata),DA,,data = prima incheiere de contract publicata in TED,https://ted.europa.eu/en/notice/-/detail/749981-2023
189749-2026,DA,"SPITALUL CLINIC JUDETEAN DE URGENTA""SFANTUL IOAN CEL NOU""SUCEAVA",ALCA DUO MEDICAL S.R.L. / ALPHA NED 2000 EXIM / AXIMEDICAL / B.BRAUN MEDICAL / Balton Med / CARDIOTECH / CO&CO Consumer 2002 S.R.L. / CORAMED MEDIZINISCHE PRODUKTE / CRIO - 2 / DACO MEDICAL TECHNOLOGIES / DELUXE MEDICRAFTS / EURODIAGONAL S.R.L. / Flexi Pro SRL / GRAZY PRICE MEDICAL IMPORT EXPORT S.R.L. / HELLIMED / HEXAMEDICAL HEALTH / INFOMED FLUIDS S.R.L. / INNOVOTECH / Lumamed Health&Care / MEDCLAS TRADING S.R.L. / MEDI -TECH BUSINESS / MEDICAL ORTOVIT / MEDTRONIC ROMANIA / MEGACONS-BRILLAGO / MICROMAT GRUP SRL / NAFKA GRUP / NOVA FIT 2000 / NOVOMED INTERNATIONAL SRL / PAUL HARTMANN / ROMBIOMEDICA / RUBICON EDITECH 89 S.R.L. / SAB TRANS CONSULT / SANROTEX TRADING SRL / SH MEDICAL SRL / THREE PHARM / TMS - TOP MEDICAL SUPPLIER / TRANS-MENTOR / TZMO ROMANIA / VAVIAN TRADING / VETRO DESIGN / ZARYS INTERNATIONAL GROUP,18737885,valoare maxima a acordului-cadru (TED eForms BT-118 (valoarea maxima a acordului)),,,18737885,TED eForms BT-118 (valoarea maxima a acordului),25375883,DA,Acord-cadru de achizitie publică de materiale sanitare divizate pe 108 loturi,33140000,2025-06-23,24,2027-06-23,TED eForms (durata publicata),DA,,data = prima incheiere de contract publicata in TED,https://ted.europa.eu/en/notice/-/detail/189749-2026
408537-2025,DA,Spitalul Clinic Municipal de Urgenta Timisoara,AVENA MEDICA S.R.L. / Abb Neopuls / HYPO TECH & CONSULTING / NOVA FIT 2000 / PARTNERS MEDICAL SOLUTION S.R.L.,520200,valoare maxima a acordului-cadru (TED eForms BT-118 (valoarea maxima a acordului)),,,520200,TED eForms BT-118 (valoarea maxima a acordului),633600,DA,CIRCUITE SI CONSUMABILE 2,33157000,2025-06-23,24,2027-06-23,TED eForms (durata publicata),DA,,data = prima incheiere de contract publicata in TED,https://ted.europa.eu/en/notice/-/detail/408537-2025
479571-2025,DA,Spitalul de Pediatrie Pitesti,A&A FARMA DISTRIBUTION S.R.L / DELUXE MEDICRAFTS / FRESENIUS KABI ROMANIA / MEDICAL GRUP / MEDICALEXPAND / Novaintermed S.R.L. / SANROTEX TRADING SRL / SH MEDICAL SRL / ZARYS INTERNATIONAL GROUP / ZENMED SOLUTIONS,1198998,valoare maxima a acordului-cadru (TED eForms BT-118 (valoarea maxima a acordului)),207218,TED eForms (valoarea totala a rezultatului),1198998,TED eForms BT-118 (valoarea maxima a acordului),1945800,DA,Dispozitive medicale pentru tratament,33140000,2025-06-24,24,2027-06-24,TED eForms (durata publicata),DA,,"data = prima incheiere de contract publicata in TED; cea mai mare valoare totala publicata dintre 2 anunturi de atribuire (din anuntul 494951-2026; valorile pe anunturi pot fi partiale sau cumulative); aceeasi procedura publicata si sub: 522114-2025, 494951-2026",https://ted.europa.eu/en/notice/-/detail/479571-2025
383411-2024,DA,Spitalul Clinic Judetean de Urgenta Targu.Mures,HS MEDICAL SRL / MEDICAL ORTOVIT / STRYKER ROMANIA S.R.L.,10919850,valoare maxima a acordului-cadru (TED eForms (suma valorilor maxime pe loturi)),,,10919850,TED eForms (suma valorilor maxime pe loturi),13260435,DA,Acord cadru de furnizare Implanturi ortopedice,33183100,2024-06-25,36,2027-06-25,TED eForms (durata publicata),DA,,"data = prima incheiere de contract publicata in TED; aceeasi procedura publicata si sub: 233043-2024, CN1068044, CN1068046",https://ted.europa.eu/en/notice/-/detail/383411-2024
385200-2024,DA,"INSTITUTUL INIMII DE URGENTA PENTRU BOLI CARDIOVASCULARE""Niculae Stancioiu"" Cluj-Napoca",LABORATORIUM LIFE SCIENCE SRL / MEDIST LIFE SCIENCE S.R.L.,2067530,valoare maxima a acordului-cadru (TED eForms (suma valorilor maxime pe loturi)),,,2067530,TED eForms (suma valorilor maxime pe loturi),2098000,DA,ECHIPAMENTE MEDICALE DESTINATE LABORATORULUI DE ANATOMIE PATOLOGICĂ,33100000,2024-06-25,36,2027-06-25,TED eForms (durata publicata),DA,,data = prima incheiere de contract publicata in TED,https://ted.europa.eu/en/notice/-/detail/385200-2024
432758-2024,DA,"Spitalul Clinic Judetean de Urgenta""Sfantul Apostol Andrei""",MEDICAL ORTOVIT / VALDOMEDICA TRADING,18511740,valoare maxima a acordului-cadru (TED eForms BT-118 (valoarea maxima a acordului)),,,18511740,TED eForms BT-118 (valoarea maxima a acordului),26355720,DA,MATERIALE DE OSTEOSINTEZA,33183100,2024-06-25,36,2027-06-25,TED eForms (durata publicata),DA,,"data = prima incheiere de contract publicata in TED; aceeasi procedura publicata si sub: 192086-2024, CN1067136",https://ted.europa.eu/en/notice/-/detail/432758-2024
417939-2025,DA,UM 0929 Bucuresti,ANGIOSPECTRU MED S.R.L. / B.BRAUN MEDICAL SRL / BOSTON SCIENTIFIC ROMANIA / CARDIOTECH SRL / DELUXE MEDICRAFTS SRL / MEDI -TECH BUSINESS SRL / MEDTRONIC ROMANIA SRL / NEURO MED THERAPY / RAFI MEDICAL / Sante International S.A.,268106160,valoare maxima a acordului-cadru (TED eForms BT-118 (valoarea maxima a acordului)),,,268106160,TED eForms BT-118 (valoarea maxima a acordului),280696640,DA,Furnizare materiale sanitare specifice secției de angiografie 2,33111730,2025-06-25,24,2027-06-25,TED eForms (durata publicata),DA,,unitate militara cu profil de spital; data = prima incheiere de contract publicata in TED,https://ted.europa.eu/en/notice/-/detail/417939-2025
562034-2023,DA,SPITAL MUNICIPAL GHEORGHENI,RAFI MEDICAL / RSR RACHO RIBAROV S.R.L.,8674767,valoare maxima a acordului-cadru (TED F02 (valoare estimata totala)),8672525,TED F03 (II.1.7 valoarea totala a achizitiei),8674767,TED F02 (valoare estimata totala),,DA,DOTARE BLOC OPERATOR,33100000,2023-06-26,48,2027-06-26,TED F02 (durata publicata),DA,,data = prima incheiere de contract publicata in TED; aceeasi procedura publicata si sub: 133391-2023,https://ted.europa.eu/en/notice/-/detail/562034-2023
408107-2024,DA,SPITALUL CLINIC JUDETEAN MURES,BIO TECHNIC ROMANIA S.R.L. / MEDICAL ORTOVIT / SANATMETAL RO SRL / ZIMMER BIOMET ROMANIA,26863250,valoare maxima a acordului-cadru (TED eForms BT-118 (valoarea maxima a acordului)),7713320,TED eForms (valoarea totala a rezultatului),26863250,TED eForms BT-118 (valoarea maxima a acordului),26968480,DA,"Acord cadru de furnizare materiale sanitare - ” endoproteze, componente protetice și cimenturi osoase ”",33184100,2024-06-26,36,2027-06-26,TED eForms (durata publicata),DA,,"data = prima incheiere de contract publicata in TED; cea mai mare valoare totala publicata dintre 11 anunturi de atribuire (din anuntul 456917-2026; valorile pe anunturi pot fi partiale sau cumulative); aceeasi procedura publicata si sub: 147043-2024, 419439-2024, 624208-2024, 17386-2025, 249356-2025, 425880-2025, 654002-2025, 655053-2025, 34780-2026, 239835-2026, 290712-2026, 456917-2026",https://ted.europa.eu/en/notice/-/detail/408107-2024
450898-2024,DA,Spitalul Judetean de Urgenta Miercurea Ciuc,ALCA DUO MEDICAL S.R.L. / ALPHA NED 2000 EXIM / AXIOMED SOLUTIONS SRL / CRIO - 2 S.R.L. / DELUXE MEDICRAFTS SRL / EURO PHARMAMED / INPOINT MEDICARE / MEDI -TECH BUSINESS SRL / MEDIMPACT / MEGACONS-BRILLAGO / NAFKA GRUP S.R.L. / NOVOMED INTERNATIONAL SRL / RS Medical Line / RUBICON EDITECH 89 S.R.L. / S.C. ADAR UNIC SOLUTIONS S.R.L. / S.C. Natural Es-medical S.R.L S.R.L. / S.C.MEDICAL GRUP S.R.L. / SAB TRANS CONSULT / SANTIMPEX S.R.L. / SANTOMED S.R.L. / SC Nova Fit 2000 S.R.L. / STERIL ROMANIA / STERISACO / Sante International S.A. / Sof Medica / TEHNOPLUS MEDICAL / TZMO ROMANIA / VALDOMEDICA TRADING / ZARYS INTERNATIONAL GROUP MEDICAL EQUIPMENT S.R.L.,5178072,valoare maxima a acordului-cadru (TED eForms BT-118 (valoarea maxima a acordului)),,,5178072,TED eForms BT-118 (valoarea maxima a acordului),7939687,DA,Consumabile medicale 1,33140000,2024-06-26,36,2027-06-26,TED eForms (durata publicata),DA,,data = prima incheiere de contract publicata in TED,https://ted.europa.eu/en/notice/-/detail/450898-2024
457112-2025,DA,"SPITALUL MUNICIPAL ""SFINTII DOCTORI COSMA SI DAMIAN"" RADAUTI",ALPHA BRIO MEDICAL S.R.L. / ALPHA NED 2000 EXIM SRL / BIZMED SRL / CRAD RO SRL / CRIO - 2 S.R.L. / DELUXE MEDICRAFTS SRL / LUAN VISION SRL / MEGACONS-BRILLAGO SRL / OPEN MIND LABORATORY S.R.L. / S.C. PRODALCOM S.A. / SANROTEX TRADING SRL / SANTOMED S.R.L. / TZMO ROMANIA SRL / VETRO DESIGN S.R.L. / ZARYS INTERNATIONAL GROUP MEDICAL EQUIPMENT S.R.L.,2644706,valoare maxima a acordului-cadru (TED eForms BT-118 (valoarea maxima a acordului)),1151997,TED eForms (valoarea totala a rezultatului),2644706,TED eForms BT-118 (valoarea maxima a acordului),4413002,DA,Acord-cadru achiziție materiale sanitare pentru anii 2025-2026,33140000,2025-06-26,24,2027-06-26,TED eForms (durata publicata),DA,valorile totale atribuite publicate pentru aceeasi procedura difera de peste 50 de ori intre anunturi (17013 - 1151997 RON); posibil eroare de publicare - verificati anunturile,"data = prima incheiere de contract publicata in TED; cea mai mare valoare totala publicata dintre 6 anunturi de atribuire (din anuntul 456397-2026; valorile pe anunturi pot fi partiale sau cumulative); aceeasi procedura publicata si sub: 471488-2025, 684447-2025, 712059-2025, 47292-2026, 271224-2026, 456397-2026",https://ted.europa.eu/en/notice/-/detail/457112-2025
519834-2026,DA,"SPITALUL CLINIC JUDETEAN DE URGENTA""SFANTUL IOAN CEL NOU""SUCEAVA",GENERAL DYNAMICS S.R.L.,1695221,valoare maxima a acordului-cadru (TED eForms BT-118 (valoarea maxima a acordului)),,,1695221,TED eForms BT-118 (valoarea maxima a acordului),1782649,DA,Acord-cadru de achizitie publică de furnizare sisteme nurse call -avertizare pacient,33195000,2026-06-26,12,2027-06-26,TED eForms (durata publicata),DA,,data = prima incheiere de contract publicata in TED,https://ted.europa.eu/en/notice/-/detail/519834-2026
562297-2026,DA,Spitalul Clinic de Recuperare Medicala Baile Felix,BTL ROMANIA APARATURA MEDICALA / ICEMED / LIAMED / PHYSIOMED APARATURA MEDICALA / PRO CARDIA,8806657,valoare maxima a acordului-cadru (TED eForms BT-118 (valoarea maxima a acordului)),,,8806657,TED eForms BT-118 (valoarea maxima a acordului),19742847,DA,Furnizare ECHIPAMENTE MEDICALE DE REABILITARE ȘI RECUPERARE FUNCȚIONALĂ,33100000,2026-06-26,12,2027-06-26,TED eForms (durata publicata),DA,,data = prima incheiere de contract publicata in TED,https://ted.europa.eu/en/notice/-/detail/562297-2026
439922-2024,DA,SPITALUL CLINIC JUDETEAN MURES,AVENA MEDICA S.R.L. / BIO AQUA GROUP / CLINI-LAB / LABORATORIUM LIFE SCIENCE SRL / PARTNERS MEDICAL SOLUTION S.R.L. / PRIMEX MEDICAL / TUNIC PROD S.R.L. / Tody Laboratories Int / VitroBioChem S.R.L.,776265,valoare maxima a acordului-cadru (TED eForms BT-118 (valoarea maxima a acordului)),146392,TED eForms (valoarea totala a rezultatului),776265,TED eForms BT-118 (valoarea maxima a acordului),895000,DA,Acord cadru de furnizare produse - ” CONSUMABILE DE LABORATOR ”,33192500,2024-06-27,36,2027-06-27,TED eForms (durata publicata),DA,,"data = prima incheiere de contract publicata in TED; cea mai mare valoare totala publicata dintre 10 anunturi de atribuire (din anuntul 457419-2026; valorile pe anunturi pot fi partiale sau cumulative); aceeasi procedura publicata si sub: 653247-2025, 638512-2024, 14991-2025, 273024-2026, 252431-2025, 428446-2025, 659427-2025, 35767-2026, 667785-2025, 457419-2026",https://ted.europa.eu/en/notice/-/detail/439922-2024
762058-2023,DA,Spitalul Clinic de Urgenta Bucuresti,NOVOMED INTERNATIONAL SRL,5050080,valoare maxima a acordului-cadru (TED eForms (suma valorilor maxime pe loturi)),,,5050080,TED eForms (suma valorilor maxime pe loturi),5938560,DA,CONSUMABILE MEDICALE SI MATERIALE SANITARE UPU SMURD,33140000,2023-06-28,48,2027-06-28,TED eForms (durata publicata),DA,,data = prima incheiere de contract publicata in TED; aceeasi procedura publicata si sub: CN1053724,https://ted.europa.eu/en/notice/-/detail/762058-2023
400629-2024,DA,Spitalul Clinic Judetean de Urgenta Targu.Mures,Amplitude Ortho srl / HS MEDICAL SRL / MEDICAL ORTOVIT,14710315,valoare maxima a acordului-cadru (TED eForms (suma valorilor maxime pe loturi)),,,14710315,TED eForms (suma valorilor maxime pe loturi),14724450,DA,Acord cadru de furnizare Proteze,33184000,2024-06-28,36,2027-06-28,TED eForms (durata publicata),DA,,data = prima incheiere de contract publicata in TED,https://ted.europa.eu/en/notice/-/detail/400629-2024
455302-2025,DA,SPITALUL CLINIC OBSTETRICA GINECOLOGIE CUZA-VODA,ALPHA MEDICAL / Abb Neopuls / DRAEGER ROMANIA / EXIMIA MEDICAL / HELLIMED / ICU DARMED S.R.L. / MEDICAL GRUP / MOBIL SERVICE S.R.L. / NAFKA GRUP / TEHNOPLUS MEDICAL / VALDOMEDICA TRADING / VODIMEDICOR,3158628,valoare maxima a acordului-cadru (TED eForms BT-118 (valoarea maxima a acordului)),674215,TED eForms (valoarea totala a rezultatului),3158628,TED eForms BT-118 (valoarea maxima a acordului),3678148,DA,Materiale consumabile pentru intretinere si functionare echipamente medicale II,33140000,2025-06-30,24,2027-06-30,TED eForms (durata publicata),DA,,"data = prima incheiere de contract publicata in TED; cea mai mare valoare totala publicata dintre 5 anunturi de atribuire (din anuntul 639929-2026; valorile pe anunturi pot fi partiale sau cumulative); aceeasi procedura publicata si sub: 213068-2026, 468412-2025, 553511-2025, 751406-2025, 639929-2026",https://ted.europa.eu/en/notice/-/detail/455302-2025
498052-2025,DA,SPITALUL JUDETEAN DE URGENTA TARGOVISTE,B.BRAUN MEDICAL / BIOLIFE GRUP S.R.L. / DELUXE MEDICRAFTS / DIRECT PHARMA LOGISTICS S.R.L. / KAPAMED INTERNATIONAL / PAUL HARTMANN / RENAMED FARMA S.R.L. / SMART MEDICAL SOLUTIONS / THREE PHARM,7931676,valoare maxima a acordului-cadru (TED eForms BT-118 (valoarea maxima a acordului)),,,7931676,TED eForms BT-118 (valoarea maxima a acordului),8106245,DA,ACORD CADRU FURNIZARE CONSUMABILE PENTRU DIALIZA RENALA si SOLUTII DE DIALIZA,33181520,2025-06-30,24,2027-06-30,TED eForms (durata publicata),DA,,data = prima incheiere de contract publicata in TED; aceeasi procedura publicata si sub: 272057-2026,https://ted.europa.eu/en/notice/-/detail/498052-2025
499267-2025,DA,"SPITALUL CLINIC JUDETEAN DE URGENTA""SFANTUL IOAN CEL NOU""SUCEAVA",ANGIOSPECTRU MED S.R.L. / B.BRAUN MEDICAL SRL / BOSTON SCIENTIFIC ROMANIA / Balton Med / ENLIFE SOLUTIONS SRL / EXIMIA MEDICAL / HDL Union / HELLIMED SRL / INNOVOTECH S.R.L. / L&P MEDICAL / LIFETECH CONSULTING / MEDI -TECH BUSINESS SRL / MEDICAL DEVICES & DIAGNOSTICS / MEDICAL TECHNOLOGIES WORLD SRL / MEDTRONIC ROMANIA SRL / MEGACONS-BRILLAGO SRL / NEURO MED THERAPY / NOVENTIS International / SC EPSYLON GROUP SRL / TECMED / THREE PHARM / ZARYS INTERNATIONAL GROUP,222702100,valoare maxima a acordului-cadru (TED eForms BT-118 (valoarea maxima a acordului)),2788160,TED eForms (valoarea totala a rezultatului),222702100,TED eForms BT-118 (valoarea maxima a acordului),238558300,DA,Acord-cadru de achizitie publică de materiale sanitare pentru cardiologie și radiologie intervențională divizate pe 113 loturi,33111710,2025-06-30,24,2027-06-30,TED eForms (durata publicata),DA,valoarea maxima publicata a acordului este de peste 50 de ori valoarea atribuita publicata; posibil eroare de publicare - verificati anuntul,data = prima incheiere de contract publicata in TED; valoare atribuita din anuntul 26358-2026; aceeasi procedura publicata si sub: 26358-2026,https://ted.europa.eu/en/notice/-/detail/499267-2025
523295-2026,DA,"SPITALUL CLINIC JUDETEAN DE URGENTA""SFANTUL IOAN CEL NOU""SUCEAVA",BPM TEHNOLOGICA,1818600,valoare maxima a acordului-cadru (TED eForms BT-118 (valoarea maxima a acordului)),,,1818600,TED eForms BT-118 (valoarea maxima a acordului),3010000,DA,Acord-cadru de achiziție publică de mobilier medical - noptieră din POLEASY,33192300,2026-06-30,12,2027-06-30,TED eForms (durata publicata),DA,,data = prima incheiere de contract publicata in TED,https://ted.europa.eu/en/notice/-/detail/523295-2026
435311-2025,DA,UM 0929 Bucuresti,ALPHA MEDICAL S.R.L. / ANGIOSPECTRU MED S.R.L. / B.BRAUN MEDICAL SRL / CARDIOTECH SRL / CHEMINST & INDUSTRY IMPORT EXPORT S.R.L. / CRIO - 2 S.R.L. / DELUXE MEDICRAFTS SRL / EXIMIA MEDICAL / HELLIMED SRL / HEXAMEDICAL HEALTH / MAC'S MEDICAL SURGICAL / MEDI -TECH BUSINESS SRL / MEDSURGICAL / MEDTRONIC ROMANIA SRL / NAFKA GRUP S.R.L. / NOVENTIS International / QUANTUSMED / RAFI MEDICAL / REVISMED MEDICAL / RUBICON EDITECH 89 S.R.L. / Rosalvamed Plus S.R.L. / S.C. Natural Es-medical S.R.L / S.C.MEDICAL GRUP S.R.L. / Sante International S.A. / THREE PHARM / VALDOMEDICA TRADING / ZARYS INTERNATIONAL GROUP MEDICAL EQUIPMENT S.R.L.,61132409,valoare maxima a acordului-cadru (TED eForms BT-118 (valoarea maxima a acordului)),,,61132409,TED eForms BT-118 (valoarea maxima a acordului),113352178,DA,Furnizare materiale sanitare specifice sectiei Bloc Operator Chirurgie Cardiovasculară,33162000,2025-07-01,24,2027-07-01,TED eForms (durata publicata),DA,,unitate militara cu profil de spital; data = prima incheiere de contract publicata in TED,https://ted.europa.eu/en/notice/-/detail/435311-2025
453428-2025,DA,"Spitalul Clinic Judetean de Urgenta""Sfantul Apostol Andrei""",CO&CO Consumer 2002 S.R.L. / CRIO - 2 / DELUXE MEDICRAFTS / LUAN VISION / M-G EXIM ROMITALIA / MEDICAL GRUP / RUBICON EDITECH 89 S.R.L. / SANROTEX TRADING SRL / VALDOMEDICA TRADING / ZARYS INTERNATIONAL GROUP,1203226,valoare maxima a acordului-cadru (TED eForms BT-118 (valoarea maxima a acordului)),14223,TED eForms (valoarea totala a rezultatului),1203226,TED eForms BT-118 (valoarea maxima a acordului),3079560,DA,Diverse materiale sanitare,33141642,2025-07-01,24,2027-07-01,TED eForms (durata publicata),DA,,"data = prima incheiere de contract publicata in TED; cea mai mare valoare totala publicata dintre 2 anunturi de atribuire (din anuntul 485510-2025; valorile pe anunturi pot fi partiale sau cumulative); aceeasi procedura publicata si sub: 468364-2025, 485510-2025",https://ted.europa.eu/en/notice/-/detail/453428-2025
524434-2026,DA,SPITAL MUNICIPAL GHEORGHENI,HELLIMED,213000,valoare atribuita (TED eForms (valoarea totala a rezultatului)),213000,TED eForms (valoarea totala a rezultatului),385080,TED eForms (valoare estimata),,,PATURI ATI,33192120,2026-07-01,12,2027-07-01,TED eForms (durata publicata),DA,,data = prima incheiere de contract publicata in TED,https://ted.europa.eu/en/notice/-/detail/524434-2026
400082-2024,DA,Spitalul Clinic Judetean de Urgenta Targu.Mures,AVA MEDICAL SERVICES SRL / M-G EXIM ROMITALIA S.R.L. / MICROMAT GRUP SRL / VALDOMEDICA TRADING,3273560,valoare maxima a acordului-cadru (TED eForms (suma valorilor maxime pe loturi)),,,3273560,TED eForms (suma valorilor maxime pe loturi),5922500,DA,Acord cadru de furnizare Accesorii de drenaj,33141642,2024-07-02,36,2027-07-02,TED eForms (durata publicata),DA,,data = prima incheiere de contract publicata in TED,https://ted.europa.eu/en/notice/-/detail/400082-2024
437042-2024,DA,SPITALUL CLINIC JUDETEAN MURES,Sof Medica / VALDOMEDICA TRADING,784360,valoare maxima a acordului-cadru (TED eForms BT-118 (valoarea maxima a acordului)),518866,TED eForms (valoarea totala a rezultatului),784360,TED eForms BT-118 (valoarea maxima a acordului),895000,DA,"Acord cadru de furnizare de materiale sanitare – ” Consumabile medicale compatibile 100% sau echivalent cu aparatul de tip""AQUARIUS",33181520,2024-07-02,36,2027-07-02,TED eForms (durata publicata),DA,,"data = prima incheiere de contract publicata in TED; cea mai mare valoare totala publicata dintre 7 anunturi de atribuire (din anuntul 460470-2026; valorile pe anunturi pot fi partiale sau cumulative); aceeasi procedura publicata si sub: 624285-2024, 17092-2025, 253635-2025, 440154-2025, 35725-2026, 460470-2026, 655559-2025",https://ted.europa.eu/en/notice/-/detail/437042-2024
447255-2025,DA,Spitalul Clinic de Urgenta Bagdasar-Arseni,MEDICAL DEVICES & DIAGNOSTICS / MEDTRONIC ROMANIA / Sante International,22175960,valoare maxima a acordului-cadru (TED eForms BT-118 (valoarea maxima a acordului)),5413500,TED eForms (valoarea totala a rezultatului),22175960,TED eForms BT-118 (valoarea maxima a acordului),26832250,DA,STIMULATOARE CARDIACE,33184100,2025-07-02,24,2027-07-02,TED eForms (durata publicata),DA,,data = prima incheiere de contract publicata in TED; valoare atribuita din anuntul 695509-2025; aceeasi procedura publicata si sub: 695509-2025,https://ted.europa.eu/en/notice/-/detail/447255-2025
741459-2023,DA,Spitalul Clinic de Urgenta Bucuresti,SAB TRANS CONSULT / STERIL ROMANIA,7468800,valoare maxima a acordului-cadru (TED eForms (suma valorilor maxime pe loturi)),,,7468800,TED eForms (suma valorilor maxime pe loturi),,DA,Set catetere ureterale JJ,33140000,2023-07-03,48,2027-07-03,TED eForms (durata publicata),DA,,data = prima incheiere de contract publicata in TED,https://ted.europa.eu/en/notice/-/detail/741459-2023
745868-2023,DA,Spitalul Clinic de Urgenta Bucuresti,STERIL ROMANIA,2246400,valoare maxima a acordului-cadru (TED eForms (suma valorilor maxime pe loturi)),,,2246400,TED eForms (suma valorilor maxime pe loturi),,DA,Sonda uretrovezicala cu 3 cai,33140000,2023-07-03,48,2027-07-03,TED eForms (durata publicata),DA,,"data = prima incheiere de contract publicata in TED; aceeasi procedura publicata si sub: CN1052139, CN1052320, CN1052321, CN1052324, CN1052417",https://ted.europa.eu/en/notice/-/detail/745868-2023
746517-2023,DA,Spitalul Clinic de Urgenta Bucuresti,ALPHA MEDICAL / SAB TRANS CONSULT / STERIL ROMANIA,817920,valoare maxima a acordului-cadru (TED eForms (suma valorilor maxime pe loturi)),,,817920,TED eForms (suma valorilor maxime pe loturi),,DA,Set catetere ureterale interventionale,33140000,2023-07-03,48,2027-07-03,TED eForms (durata publicata),DA,,data = prima incheiere de contract publicata in TED,https://ted.europa.eu/en/notice/-/detail/746517-2023
747350-2023,DA,Spitalul Clinic de Urgenta Bucuresti,SAB TRANS CONSULT / STERIL ROMANIA / VALDOMEDICA TRADING,6163200,valoare maxima a acordului-cadru (TED eForms (suma valorilor maxime pe loturi)),,,6163200,TED eForms (suma valorilor maxime pe loturi),,DA,Extractoare de calculi,33140000,2023-07-03,48,2027-07-03,TED eForms (durata publicata),DA,,data = prima incheiere de contract publicata in TED,https://ted.europa.eu/en/notice/-/detail/747350-2023
747361-2023,DA,Spitalul Clinic de Urgenta Bucuresti,STERIL ROMANIA / VALDOMEDICA TRADING,2073600,valoare maxima a acordului-cadru (TED eForms (suma valorilor maxime pe loturi)),,,2073600,TED eForms (suma valorilor maxime pe loturi),,DA,Sonde urinare cu 3 cai,33140000,2023-07-03,48,2027-07-03,TED eForms (durata publicata),DA,,data = prima incheiere de contract publicata in TED,https://ted.europa.eu/en/notice/-/detail/747361-2023
459728-2023,DA,SPITALUL JUDETEAN DE URGENTA ALEXANDRIA,ADAR UNIC SOLUTIONS / ALISON HAYES (ROMANIA) / ALPHA MEDICAL / ALPHA NED 2000 EXIM / ARTISANA MEDICAL S.R.L. / AVENA MEDICA S.R.L. / AXIA MEDICAL SRL / B.BRAUN MEDICAL / BIOTECHNICS IMPLANT / BIZMED / CO&CO Consumer 2002 S.R.L. / CORAMED MEDIZINISCHE PRODUKTE / CRAD RO / CRIO - 2 S.R.L. / DAC MEDICAL PLUS S.R.L. / DANCRI MEDICAL / DELUXE MEDICRAFTS / DEMOPHORIUS HEALTHCARE / DIAPRO TOP / EUROMEDICAL IMPORT EXPORT / Euroexpand Impex / FARMACIA OMNIA / FRESENIUS KABI ROMANIA / Filtre Aer Curat S.R.L. / Flexi Pro SRL / GRAZY PRICE MEDICAL IMPORT EXPORT S.R.L. / HELLIMED / HEXAMEDICAL HEALTH / INFOMED / IOANA N & M SRL / KAPAMED INTERNATIONAL / LIAMED / Limas Group S.R.L. / M-G EXIM ROMITALIA / MED - AL TRADING SRL / MEDI -TECH BUSINESS / MEDICAL GRUP / MEDIMPACT / MEGACONS-BRILLAGO / MLM MEDICAL S.R.L. / Medplaza Health / NAFKA GRUP / NOVA FIT 2000 SRL / NOVENTIS International / NOVITRADE / NOVOMED INTERNATIONAL SRL / Natural Es-medical S.R.L / ONE MED LOGISTIC S.R.L. / ORTOPROFIL PROD ROMANIA / PARTNERS MEDICAL SOLUTION S.R.L. / PAUL HARTMANN / PRODCONFARM S.R.L. / RICOMED / ROVAL MED / RUBICON EDITECH 89 S.R.L. / SANROTEX TRADING SRL / SANTOMED / SARTEH MEDICAL S.R.L. / SH MEDICAL SRL / STERIL ROMANIA / TEHNOMED SERVICE S.R.L. / TMS - TOP MEDICAL SUPPLIER / TOP TRADE MEDICAL / TUNIC PROD S.R.L. / TZMO ROMANIA / Tody Laboratories Int / VETRO DESIGN / VLADI MED DISTRIBUTION S.R.L.,33101087,valoare maxima a acordului-cadru (TED eForms BT-118 (valoarea maxima a acordului)),33101087,TED F03 (II.1.7 valoarea totala a achizitiei),33101087,TED eForms BT-118 (valoarea maxima a acordului),61176506,DA,ACHIZITIE MATERIALE SANITARE SI CONSUMABILE MEDICALE,33140000,2023-07-04,48,2027-07-04,TED eForms (durata publicata),DA,,"data = prima incheiere de contract publicata in TED; cea mai mare valoare totala publicata dintre 18 anunturi de atribuire (din anuntul 459728-2023; valorile pe anunturi pot fi partiale sau cumulative); aceeasi procedura publicata si sub: 600924-2022, 491452-2023, 693708-2023, 724613-2023, 106624-2024, 514863-2026, 145768-2026, 163658-2024, 693212-2024, 369688-2024, 65666-2025, 587349-2026, 160176-2025, 246650-2025, 523263-2025, 736949-2025, 168404-2026, 281710-2026, 361793-2026",https://ted.europa.eu/en/notice/-/detail/459728-2023
404095-2024,DA,"Institutul de Boli Infectioase ""Prof. Dr. Matei Bals""",ALPHA NED 2000 EXIM / B.BRAUN MEDICAL / CARDIOTECH / CELLBIT S.R.L. / CRIO - 2 S.R.L. / DELUXE MEDICRAFTS SRL / DUTCHMED S.R.L. / FRESENIUS KABI ROMANIA / GB INDCO S.R.L. / INFOMED S.R.L. / Jensen Pharma SRL / LUAN VISION SRL / Limas Group S.R.L. / PRIME HEALTHCARE S.R.L. / S.C. ADAR UNIC SOLUTIONS S.R.L. / S.C. Filtre Aer Curat S.R.L. S.R.L. / S.C. Medplaza Health S.R.L. / SANROTEX TRADING SRL / SC Nova Fit 2000 S.R.L. / SH MEDICAL SRL / Sof Medica / TUNIC PROD S.R.L. / VALDOMEDICA TRADING / VETRO DESIGN S.R.L. / ZARYS INTERNATIONAL GROUP MEDICAL EQUIPMENT S.R.L.,19076431,valoare maxima a acordului-cadru (TED eForms BT-118 (valoarea maxima a acordului)),1224659,TED eForms (valoarea totala a rezultatului),19076431,TED eForms BT-118 (valoarea maxima a acordului),28330803,DA,Materiale sanitare și de laborator 1,33140000,2024-07-04,36,2027-07-04,TED eForms (durata publicata),DA,,"data = prima incheiere de contract publicata in TED; cea mai mare valoare totala publicata dintre 19 anunturi de atribuire (din anuntul 492147-2026; valorile pe anunturi pot fi partiale sau cumulative); aceeasi procedura publicata si sub: 429270-2024, 460335-2025, 553625-2025, 511252-2024, 532642-2024, 44351-2026, 646378-2025, 566328-2024, 580534-2024, 29496-2025, 41835-2025, 232378-2025, 441120-2025, 266875-2026, 672480-2025, 659988-2025, 28064-2026, 241045-2026, 481624-2026, 492147-2026",https://ted.europa.eu/en/notice/-/detail/404095-2024
433833-2023,DA,SPITALUL CLINIC DE RECUPERARE IASI,MEDICAL ORTOVIT,2545000,valoare maxima a acordului-cadru (TED eForms (suma valorilor maxime pe loturi)),2545000,TED F03 (II.1.7 valoarea totala a achizitiei),2545000,TED eForms (suma valorilor maxime pe loturi),2875000,DA,ENDOPROTEZE SOLD DE PRIMA INTENTIE: PROTEZE TOTALE NECIMENTATE DE SOLD CU COTIL ELASTIC -DIN PROGRAMUL NATIONAL DE ORTOPEDIE,33183100,2023-07-05,48,2027-07-05,TED eForms (durata publicata),DA,"acelasi spital a atribuit un contract nou aceluiasi castigator la 2023-12-22 (CN1062925), inainte de expirarea calculata => probabil inlocuit","data = prima incheiere de contract publicata in TED; cea mai mare valoare totala publicata dintre 5 anunturi de atribuire (din anuntul 433833-2023; valorile pe anunturi pot fi partiale sau cumulative); aceeasi procedura publicata si sub: 18052-2024, 408239-2024, 260458-2024, 604898-2023, 681490-2023",https://ted.europa.eu/en/notice/-/detail/433833-2023
480383-2024,DA,SPITALUL DE URGENTA AL MAI PROF. DR. DIMITRIE GEROTA BUCURESTI,ALPHA MEDICAL S.R.L. / M-G EXIM ROMITALIA S.R.L. / PRIME HEALTHCARE S.R.L.,9195912,valoare maxima a acordului-cadru (TED eForms BT-118 (valoarea maxima a acordului)),,,9195912,TED eForms BT-118 (valoarea maxima a acordului),10190844,DA,Consumabile medicale uz renal 6 loturi,33181500,2024-07-05,36,2027-07-05,TED eForms (durata publicata),DA,,data = prima incheiere de contract publicata in TED; aceeasi procedura publicata si sub: 140378-2024,https://ted.europa.eu/en/notice/-/detail/480383-2024
746138-2023,DA,Spitalul Clinic de Urgenta Bucuresti,MEDICAL ORTOVIT / MEDICAL TECHNOLOGIES INTERNATIONAL / SPORTMED SYSTEMS / STRYKER ROMANIA S.R.L.,85970688,valoare maxima a acordului-cadru (TED eForms (suma valorilor maxime pe loturi)),,,85970688,TED eForms (suma valorilor maxime pe loturi),89505216,DA,IMPLANTURI PENTRU OSTEOSINTEZA,33140000,2023-07-07,48,2027-07-07,TED eForms (durata publicata),DA,,data = prima incheiere de contract publicata in TED,https://ted.europa.eu/en/notice/-/detail/746138-2023
419253-2024,DA,Spitalul Clinic Judetean de Urgenta Targu.Mures,S.C.MEDICAL GRUP S.R.L.,363424,valoare maxima a acordului-cadru (TED eForms (suma valorilor maxime pe loturi)),,,363424,TED eForms (suma valorilor maxime pe loturi),738000,DA,Acord cadru de furnizare Consumabile medicale,33140000,2024-07-08,36,2027-07-08,TED eForms (durata publicata),DA,,data = prima incheiere de contract publicata in TED,https://ted.europa.eu/en/notice/-/detail/419253-2024
430143-2024,DA,Spital Clinic Judetean de Urgenta Arad,ALCON ROMANIA S.R.L. / ALPHA MEDICAL S.R.L. / ANTISEL RO SRL / AXIOMED SOLUTIONS SRL / B.BRAUN MEDICAL / BOSTON SCIENTIFIC ROMANIA / DACO MEDICAL TECHNOLOGIES SRL / DELUXE MEDICRAFTS SRL / EXIMIA MEDICAL / Flexi Pro SRL / KAPAMED INTERNATIONAL SRL / LIFETECH CONSULTING / MEDI -TECH BUSINESS SRL / MEDICAL DEVICES & DIAGNOSTICS / RAFI MEDICAL / RAMIDO STAFF S.R.L. / S.C.MEDICAL GRUP S.R.L. / SAB TRANS CONSULT / SC JUSTIR DESIGN SRL / STERISACO / VETRO DESIGN S.R.L.,22173931,valoare maxima a acordului-cadru (TED eForms BT-118 (valoarea maxima a acordului)),22806582,TED eForms (valoarea totala a rezultatului),22173931,TED eForms BT-118 (valoarea maxima a acordului),34475576,DA,Achiziționare consumabile medicale (82 loturi),33140000,2024-07-08,36,2027-07-08,TED eForms (durata publicata),DA,valorile totale atribuite publicate pentru aceeasi procedura difera de peste 50 de ori intre anunturi (13860 - 22806582 RON); posibil eroare de publicare - verificati anunturile,"data = prima incheiere de contract publicata in TED; cea mai mare valoare totala publicata dintre 53 anunturi de atribuire (din anuntul 16487-2026; valorile pe anunturi pot fi partiale sau cumulative); aceeasi procedura publicata si sub: 120225-2025, 146306-2025, 164291-2025, 444140-2024, 125007-2025, 510470-2024, 21598-2025, 49512-2025, 576105-2024, 60238-2025, 603331-2024, 622626-2024, 654811-2024, 532171-2026, 708041-2024, 718693-2024, 743501-2024, 779289-2024, 320277-2025, 195607-2026, 202111-2026, 238463-2026, 186179-2025, 195405-2025, 295312-2025, 308622-2025, 772036-2025, 402716-2025, 423218-2025, 488310-2025, 535287-2025, 607682-2025, 482188-2026, 630113-2025, 647255-2025, 691350-2025, 785484-2025, 16487-2026, 821216-2025, 859995-2025, 98827-2026, 122074-2026, 153503-2026, 259815-2026, 304726-2026, 333623-2026, 362135-2026, 414641-2026, 468101-2026, 494523-2026, 584142-2026, 598462-2026, 636582-2026; valoarea atribuita publicata depaseste valoarea maxima publicata (asa apar in anunturi)",https://ted.europa.eu/en/notice/-/detail/430143-2024
493818-2025,DA,MINISTERUL APARARII NATIONALE- U.M. 02587 (INSTITUTUL NATIONAL DE MEDICINA AERONAUTICA SI SPATIALA),MEDIST IMAGING & P.O.C. S.R.L.,2672740,valoare maxima a acordului-cadru (TED eForms BT-118 (valoarea maxima a acordului)),,,2672740,TED eForms BT-118 (valoarea maxima a acordului),2700000,DA,Echipamente medicale 2,33112000,2025-07-08,24,2027-07-08,TED eForms (durata publicata),DA,,unitate militara cu profil de spital; data = prima incheiere de contract publicata in TED,https://ted.europa.eu/en/notice/-/detail/493818-2025
461253-2025,DA,"SPITALUL JUDETEAN DE URGENTA""DR. CONSTANTIN OPRIS"" BAIA MARE",B.BRAUN MEDICAL SRL / DELUXE MEDICRAFTS SRL / DIRECT PHARMA LOGISTICS S.R.L / DUTCHMED S.R.L. / KAPAMED INTERNATIONAL SRL,3896205,valoare maxima a acordului-cadru (TED eForms BT-118 (valoarea maxima a acordului)),2948521,TED eForms (valoarea totala a rezultatului),3896205,TED eForms BT-118 (valoarea maxima a acordului),4952621,DA,ACORD CADRU DE FURNIZARE MATERIALE SANITARE SI CONSUMABILE HEMODIALIZA,33181520,2025-07-09,24,2027-07-09,TED eForms (durata publicata),DA,,data = prima incheiere de contract publicata in TED; valoare atribuita din anuntul 167570-2026; aceeasi procedura publicata si sub: 167570-2026,https://ted.europa.eu/en/notice/-/detail/461253-2025
461364-2025,DA,"Institutul National de Diabet, Nutritie si Boli Metabolice ""Prof. dr. N. C. Paulescu""",MEDTRONIC ROMANIA,4246452,valoare maxima a acordului-cadru (TED eForms BT-118 (valoarea maxima a acordului)),,,4246452,TED eForms BT-118 (valoarea maxima a acordului),4246452,DA,Consumabile pompe insulina augmentate cu sistem de monitorizare glicemica continua compatibile cu pompele de insulină Medtronic 640G si 740G,33140000,2025-07-09,24,2027-07-09,TED eForms (durata publicata),DA,"acelasi spital a atribuit un contract nou aceluiasi castigator la 2025-07-14 (468645-2025), inainte de expirarea calculata => probabil inlocuit",data = prima incheiere de contract publicata in TED,https://ted.europa.eu/en/notice/-/detail/461364-2025
521742-2024,DA,Spitalul Judetean de Urgenta Miercurea Ciuc,ALPHA BRIO MEDICAL S.R.L. / BIZMED SRL / CRAD RO / CRIO - 2 S.R.L. / DACO MEDICAL TECHNOLOGIES SRL / DELUXE MEDICRAFTS SRL / GRAZY PRICE MEDICAL IMPORT EXPORT S.R.L. / HELLIMED SRL / LUAN VISION SRL / M-G EXIM ROMITALIA S.R.L. / MEDIXFARM TEHNOPLUS SRL / MEGACONS-BRILLAGO SRL / NAFKA GRUP S.R.L. / NOVOMED INTERNATIONAL SRL / REVISMED MEDICAL / RUBICON EDITECH 89 S.R.L. / Rosalvamed Plus S.R.L. / S.C. BIOTECHNICS IMPLANT S.R.L. / S.C. ELMED MEDICALS.R.L. / S.C. SAPACO 2000 S.A. S.C.S. / S.C.MEDICAL GRUP S.R.L. / SANROTEX TRADING SRL / SC TOTAL HORECA SRL / SPORTMED SYSTEMS / Sof Medica / TEHNOPLUS MEDICAL / THREE PHARM / TMS - TOP MEDICAL SUPPLIER SRL,11086721,valoare maxima a acordului-cadru (TED eForms BT-118 (valoarea maxima a acordului)),,,11086721,TED eForms BT-118 (valoarea maxima a acordului),17348707,DA,Consumabile medicale 2,33140000,2024-07-10,36,2027-07-10,TED eForms (durata publicata),DA,,data = prima incheiere de contract publicata in TED,https://ted.europa.eu/en/notice/-/detail/521742-2024
458198-2025,DA,Spitalul Clinic de Urgenta Bagdasar-Arseni,BRAINS M & A CONSULTING / MEDICAL TECHNOLOGIES INTERNATIONAL,64425100,valoare maxima a acordului-cadru (TED eForms BT-118 (valoarea maxima a acordului)),15889100,TED eForms (valoarea totala a rezultatului),64425100,TED eForms BT-118 (valoarea maxima a acordului),64812863,DA,APARATURA MEDICALA,33100000,2025-07-10,24,2027-07-10,TED eForms (durata publicata),DA,,data = prima incheiere de contract publicata in TED; valoare atribuita din anuntul 697661-2025; aceeasi procedura publicata si sub: 697661-2025,https://ted.europa.eu/en/notice/-/detail/458198-2025
500226-2024,DA,SPITALUL CLINIC DE URGENTA SF. PANTELIMON,MEDICAL ORTOVIT / SPORTMED SYSTEMS / STRYKER ROMANIA / VALDOMEDICA TRADING / ZIMMER BIOMET ROMANIA,8041240,valoare maxima a acordului-cadru (TED eForms BT-118 (valoarea maxima a acordului)),,,8041240,TED eForms BT-118 (valoarea maxima a acordului),8277720,DA,Furnizare Implanturi instabilitati articulare cronice,33183100,2024-07-12,36,2027-07-12,TED eForms (durata publicata),DA,,data = prima incheiere de contract publicata in TED; aceeasi procedura publicata si sub: 244204-2024,https://ted.europa.eu/en/notice/-/detail/500226-2024
220766-2026,DA,SPITALUL CLINIC JUDETEAN DE URGENTA SF. APOSTOL ANDREI,CRIO - 2 / DELUXE MEDICRAFTS / DEMOPHORIUS HEALTHCARE / M-G EXIM ROMITALIA / MEDTRONIC ROMANIA / ROMBIOMEDICA,1035945,valoare maxima a acordului-cadru (TED eForms BT-118 (valoarea maxima a acordului)),,,1035945,TED eForms BT-118 (valoarea maxima a acordului),5130636,DA,Achizitie de fire sutura,33141121,2025-07-14,24,2027-07-14,TED eForms (durata publicata),DA,,data = prima incheiere de contract publicata in TED,https://ted.europa.eu/en/notice/-/detail/220766-2026
466160-2025,DA,"Institutul National de Diabet, Nutritie si Boli Metabolice ""Prof. dr. N. C. Paulescu""",DEYAN KRAFT MEDICAL / MEDTRONIC ROMANIA,48428000,valoare maxima a acordului-cadru (TED eForms BT-118 (valoarea maxima a acordului)),263571,TED eForms (valoarea totala a rezultatului),48428000,TED eForms BT-118 (valoarea maxima a acordului),48474000,DA,Acord cadru de furnizare Sisteme de monitorizare continua a glicemiei -consumabile - Lot 1 Senzori de tip 1 si Lot 2 Senzori de tip 2,33140000,2025-07-14,24,2027-07-14,TED eForms (durata publicata),DA,valoarea maxima publicata a acordului este de peste 50 de ori valoarea atribuita publicata; posibil eroare de publicare - verificati anuntul,data = prima incheiere de contract publicata in TED; valoare atribuita din anuntul 501399-2025; aceeasi procedura publicata si sub: 501399-2025,https://ted.europa.eu/en/notice/-/detail/466160-2025
468645-2025,DA,"Institutul National de Diabet, Nutritie si Boli Metabolice ""Prof. dr. N. C. Paulescu""",MEDTRONIC ROMANIA,8010300,valoare maxima a acordului-cadru (TED eForms BT-118 (valoarea maxima a acordului)),7814089,TED eForms (valoarea totala a rezultatului),8010300,TED eForms BT-118 (valoarea maxima a acordului),8010300,DA,Acord cadru de furnizare Sisteme de monitorizare continua a glicemiei - consumabile compatibile inclusiv cu sistem de monitorizare glicemica,33140000,2025-07-14,24,2027-07-14,TED eForms (durata publicata),DA,"acelasi spital a atribuit un contract nou aceluiasi castigator la 2026-06-29 (550045-2026), inainte de expirarea calculata => probabil inlocuit","data = prima incheiere de contract publicata in TED; cea mai mare valoare totala publicata dintre 2 anunturi de atribuire (din anuntul 654599-2026; valorile pe anunturi pot fi partiale sau cumulative); aceeasi procedura publicata si sub: 518716-2025, 654599-2026",https://ted.europa.eu/en/notice/-/detail/468645-2025
475612-2025,DA,Spitalul Clinic Judetean de Urgenta Targu.Mures,PHARMICS,1561000,valoare maxima a acordului-cadru (TED eForms BT-118 (valoarea maxima a acordului)),,,1561000,TED eForms BT-118 (valoarea maxima a acordului),1583600,DA,"Acord cadru de furnizare Echipament de imagistică ecografică, cu ultrasunete şi Doppler",33112000,2025-07-14,24,2027-07-14,TED eForms (durata publicata),DA,"acelasi spital a atribuit un contract nou aceluiasi castigator la 2026-01-22 (305455-2026), inainte de expirarea calculata => probabil inlocuit",data = prima incheiere de contract publicata in TED,https://ted.europa.eu/en/notice/-/detail/475612-2025
519709-2025,DA,SPITALUL ORASANESC REGELE CAROL I COSTESTI,BIZMED / CRAD RO / CRIO - 2 / IOANA N & M / MEDICAL GRUP / Medplaza Health / NOVA FIT 2000 / NOVENTIS International / SANROTEX TRADING SRL / SC JUSTIR DESIGN SRL / STORK MEDICAL / TMS - TOP MEDICAL SUPPLIER / TODY LABORATORIES MED / TZMO ROMANIA / VETRO DESIGN,194243,valoare maxima a acordului-cadru (TED eForms BT-118 (valoarea maxima a acordului)),,,194243,TED eForms BT-118 (valoarea maxima a acordului),865607,DA,Achizitie Materiale Sanitare,33140000,2025-07-14,24,2027-07-14,TED eForms (durata publicata),DA,,data = prima incheiere de contract publicata in TED,https://ted.europa.eu/en/notice/-/detail/519709-2025
462647-2025,DA,"Spitalul Clinic de Urgenta pentru Copii ""Grigore Alexandrescu""",HS MEDICAL SRL / SPORTMED SYSTEMS,21187200,valoare maxima a acordului-cadru (TED eForms BT-118 (valoarea maxima a acordului)),,,21187200,TED eForms BT-118 (valoarea maxima a acordului),21192000,DA,Acord cadru Materiale de fixare instabilitati articulare – din cadrul Programului National de ortopedie – Subprogramul Tratamentul instabili,33183100,2025-07-15,24,2027-07-15,TED eForms (durata publicata),DA,,data = prima incheiere de contract publicata in TED,https://ted.europa.eu/en/notice/-/detail/462647-2025
468741-2025,DA,Spitalul Clinic Judetean de Urgenta Targu.Mures,Med Tech Distributions,558400,valoare maxima a acordului-cadru (TED eForms BT-118 (valoarea maxima a acordului)),,,558400,TED eForms BT-118 (valoarea maxima a acordului),716800,DA,Acord cadru de furnizare Sistem de diagnosticare,33124110,2025-07-15,24,2027-07-15,TED eForms (durata publicata),DA,"acelasi spital a atribuit un contract nou aceluiasi castigator la 2026-02-02 (81340-2026), inainte de expirarea calculata => probabil inlocuit",data = prima incheiere de contract publicata in TED,https://ted.europa.eu/en/notice/-/detail/468741-2025
479847-2025,DA,SPITALUL CLINIC JUDETEAN DE URGENTA CLUJ,CLARFON / FIX IMPORT EXPORT,24025000,valoare maxima a acordului-cadru (TED eForms BT-118 (valoarea maxima a acordului)),,,24025000,TED eForms BT-118 (valoarea maxima a acordului),23081825,DA,Implant cohlear si Proteze Auditive 2,33185200,2025-07-15,24,2027-07-15,TED eForms (durata publicata),DA,,data = prima incheiere de contract publicata in TED,https://ted.europa.eu/en/notice/-/detail/479847-2025
501802-2025,DA,"SPITALUL JUDETEAN DE URGENTA ""SFANTA CHIRIACHI"" VASLUI",DR COLOS MEDICAL / KARL STORZ ENDOSCOPIA ROMANIA / RAFI MEDICAL,1246458,valoare maxima a acordului-cadru (TED eForms BT-118 (valoarea maxima a acordului)),,,1246458,TED eForms BT-118 (valoarea maxima a acordului),1358356,DA,Truse de instrumentar 2025-2027,33169000,2025-07-15,24,2027-07-15,TED eForms (durata publicata),DA,,data = prima incheiere de contract publicata in TED,https://ted.europa.eu/en/notice/-/detail/501802-2025
507167-2025,DA,"Spitalul Universitar de Urgenta Militar Central ""Dr. Carol Davila""",Sof Medica,4206000,valoare maxima a acordului-cadru (TED eForms BT-118 (valoarea maxima a acordului)),,,4206000,TED eForms BT-118 (valoarea maxima a acordului),5005170,DA,Platforma laser urologie,33169100,2025-07-15,24,2027-07-15,TED eForms (durata publicata),DA,,unitate militara cu profil de spital; data = prima incheiere de contract publicata in TED,https://ted.europa.eu/en/notice/-/detail/507167-2025
540948-2026,DA,Spitalulul Clinic de Ortopedie Traumatologie si TBC Osteoarticular Foisor,KRAL MEDICAL SOLUTIONS,5173754,valoare atribuita (TED eForms (valoarea totala a rezultatului)),5173754,TED eForms (valoarea totala a rezultatului),5226900,TED eForms (valoare estimata),,,ECHIPAMENTE STERILIZARE,33191000,2026-07-15,12,2027-07-15,TED eForms (durata publicata),DA,,data = prima incheiere de contract publicata in TED,https://ted.europa.eu/en/notice/-/detail/540948-2026
432193-2024,DA,"SPITALUL MUNICIPAL ""SFINTII DOCTORI COSMA SI DAMIAN"" RADAUTI",MEDICAL ORTOVIT,12598560,valoare maxima a acordului-cadru (TED eForms BT-118 (valoarea maxima a acordului)),8803330,TED eForms (valoarea totala a rezultatului),12598560,TED eForms BT-118 (valoarea maxima a acordului),12795120,DA,Acord cadru achizitie proteze ortopedice,33183200,2024-07-16,36,2027-07-16,TED eForms (durata publicata),DA,"acelasi spital a atribuit un contract nou aceluiasi castigator la 2026-07-01 (458942-2026), inainte de expirarea calculata => probabil inlocuit; valorile totale atribuite publicate pentru aceeasi procedura difera de peste 50 de ori intre anunturi (127350 - 8803330 RON); posibil eroare de publicare - verificati anunturile","data = prima incheiere de contract publicata in TED; cea mai mare valoare totala publicata dintre 8 anunturi de atribuire (din anuntul 454820-2026; valorile pe anunturi pot fi partiale sau cumulative); aceeasi procedura publicata si sub: 620616-2024, 20336-2025, 269745-2026, 226606-2025, 434784-2025, 700326-2025, 41610-2026, 454820-2026",https://ted.europa.eu/en/notice/-/detail/432193-2024
510606-2025,DA,SPITALUL CLINIC JUDETEAN DE URGENTA CLUJ,DUTCHMED S.R.L.,3152000,valoare atribuita (TED eForms (valoarea totala a rezultatului)),3152000,TED eForms (valoarea totala a rezultatului),,,,,"Furnizare, instalare și punere în funcțiune Monitor functii vitale 12 inch, Monitor functii vitale 12 inch pentru ATI, Monitor functii vital",33195000,2025-07-16,24,2027-07-16,TED eForms (durata publicata),DA,,data = prima incheiere de contract publicata in TED,https://ted.europa.eu/en/notice/-/detail/510606-2025
515310-2023,DA,SPITAL CLINIC JUDETEAN DE URGENTA BIHOR,GRAZY PRICE MEDICAL IMPORT EXPORT S.R.L. / HELLIMED / LUAN VISION / M-G EXIM ROMITALIA / MEDICAL GRUP / MEDIMPACT / MEDIST IMAGING & P.O.C. / NOVOMED INTERNATIONAL SRL / TAISSIS CONCEPT / ALPHA MEDICAL S.R.L. / HDL Union / ROVAL MED / CRAD RO / LIAMED / MEGACONS-BRILLAGO / RUBICON EDITECH 89 S.R.L. / X-Lab Solutions S.R.L. / DELUXE MEDICRAFTS,9572180,valoare maxima a acordului-cadru (TED eForms (valoare estimata)),3232396,TED eForms (valoarea totala a rezultatului),9572180,TED eForms (valoare estimata),9572180,DA,TRUSE MEDICALE 2023,33141620,2023-07-17,48,2027-07-17,TED eForms (durata publicata),DA,,"data = prima incheiere de contract publicata in TED; cea mai mare valoare totala publicata dintre 33 anunturi de atribuire (din anuntul 637768-2026; valorile pe anunturi pot fi partiale sau cumulative); aceeasi procedura publicata si sub: 269763-2025, 279801-2024, 328943-2024, 372162-2024, 401448-2025, 429744-2025, 792321-2024, 799832-2024, 99184-2024, 109550-2024, 281381-2025, 838446-2025, 156951-2024, 262236-2026, 336433-2026, 458878-2024, 537517-2024, 627776-2024, 693185-2024, 116785-2025, 198835-2025, 514710-2025, 320228-2025, 553942-2025, 647004-2025, 654212-2025, 702408-2025, 89620-2026, 135389-2026, 224121-2026, 524192-2026, 637768-2026, 535507-2023, 596984-2023, 680833-2023, CN1057959",https://ted.europa.eu/en/notice/-/detail/515310-2023
434791-2024,DA,Spitalul Clinic Judetean de Urgenta Targu.Mures,FARMEXIM S.A.,11056600,valoare maxima a acordului-cadru (TED eForms BT-118 (valoarea maxima a acordului)),,,11056600,TED eForms BT-118 (valoarea maxima a acordului),13193600,DA,Acord cadru de furnizare albumina,33141540,2024-07-17,36,2027-07-17,TED eForms (durata publicata),DA,,data = prima incheiere de contract publicata in TED,https://ted.europa.eu/en/notice/-/detail/434791-2024
498638-2025,DA,Spitalul Clinic Judetean de Urgenta Craiova,ZIMMER BIOMET ROMANIA,7320000,valoare maxima a acordului-cadru (TED eForms BT-118 (valoarea maxima a acordului)),,,7320000,TED eForms BT-118 (valoarea maxima a acordului),7806000,DA,MATERIALE SANITARE PENTRU ENDOPROTEZARE,33183200,2025-07-17,24,2027-07-17,TED eForms (durata publicata),DA,,data = prima incheiere de contract publicata in TED,https://ted.europa.eu/en/notice/-/detail/498638-2025
525174-2025,DA,SPITALUL CLINIC DE RECUPERARE IASI,AUDIOLOGOS / CLARFON / FIX IMPORT EXPORT,39192000,valoare maxima a acordului-cadru (TED eForms BT-118 (valoarea maxima a acordului)),,,39192000,TED eForms BT-118 (valoarea maxima a acordului),59332878,DA,"SISTEME DE IMPLANT COHLEAR, TRUNCHI CEREBRAL, PROTEZE AUDITIVE SI PROCESOARE DE SUNET",33185200,2025-07-17,24,2027-07-17,TED eForms (durata publicata),DA,,data = prima incheiere de contract publicata in TED,https://ted.europa.eu/en/notice/-/detail/525174-2025
764991-2023,DA,Spitalul Clinic de Urgenta Bucuresti,VALDOMEDICA TRADING,1267200,valoare maxima a acordului-cadru (TED eForms (suma valorilor maxime pe loturi)),,,1267200,TED eForms (suma valorilor maxime pe loturi),,DA,Sonde Tiemann,33140000,2023-07-18,48,2027-07-18,TED eForms (durata publicata),DA,,data = prima incheiere de contract publicata in TED,https://ted.europa.eu/en/notice/-/detail/764991-2023
765649-2023,DA,Spitalul Clinic de Urgenta Bucuresti,TEHNO ELECTRO MEDICAL COMPANY S.R.L.,1200000,valoare maxima a acordului-cadru (TED eForms (suma valorilor maxime pe loturi)),,,1200000,TED eForms (suma valorilor maxime pe loturi),,DA,Senzor intraparenchimatos de monitorizare a presiunii intracraniene compatibil cu monitorul Sophysa,33140000,2023-07-18,48,2027-07-18,TED eForms (durata publicata),DA,"acelasi spital a atribuit un contract nou aceluiasi castigator la 2023-08-08 (765798-2023), inainte de expirarea calculata => probabil inlocuit",data = prima incheiere de contract publicata in TED; aceeasi procedura publicata si sub: CN1053351,https://ted.europa.eu/en/notice/-/detail/765649-2023
766072-2023,DA,Spitalul Clinic de Urgenta Bucuresti,PRIME HEALTHCARE S.R.L.,15302400,valoare maxima a acordului-cadru (TED eForms (suma valorilor maxime pe loturi)),,,15302400,TED eForms (suma valorilor maxime pe loturi),,DA,Consumabile laringoscoape,33140000,2023-07-18,48,2027-07-18,TED eForms (durata publicata),DA,"acelasi spital a atribuit un contract nou aceluiasi castigator la 2023-11-20 (43179-2024), inainte de expirarea calculata => probabil inlocuit",data = prima incheiere de contract publicata in TED,https://ted.europa.eu/en/notice/-/detail/766072-2023
437736-2024,DA,Spitalul Clinic Judetean de Urgenta Targu.Mures,Amplitude Ortho srl / STRYKER ROMANIA S.R.L. / VALDOMEDICA TRADING / ZIMMER BIOMET ROMANIA,11772000,valoare maxima a acordului-cadru (TED eForms BT-118 (valoarea maxima a acordului)),,,11772000,TED eForms BT-118 (valoarea maxima a acordului),11772000,DA,Acord cadru de furnizare Proteze,33184000,2024-07-18,36,2027-07-18,TED eForms (durata publicata),DA,,data = prima incheiere de contract publicata in TED,https://ted.europa.eu/en/notice/-/detail/437736-2024
438880-2024,DA,Spitalul Clinic Judetean de Urgenta Targu.Mures,PHARMICS S.R.L.,1847050,valoare maxima a acordului-cadru (TED eForms BT-118 (valoarea maxima a acordului)),,,1847050,TED eForms BT-118 (valoarea maxima a acordului),2338000,DA,Acord cadru de furnizare seringi,33141310,2024-07-18,36,2027-07-18,TED eForms (durata publicata),DA,"acelasi spital a atribuit un contract nou aceluiasi castigator la 2024-08-12 (565827-2024), inainte de expirarea calculata => probabil inlocuit",data = prima incheiere de contract publicata in TED; aceeasi procedura publicata si sub: CAN1130333,https://ted.europa.eu/en/notice/-/detail/438880-2024
459183-2024,DA,SPITALUL JUDETEAN SATU MARE,DEYAN KRAFT MEDICAL,15881940,valoare maxima a acordului-cadru (TED eForms BT-118 (valoarea maxima a acordului)),2369644,TED eForms (valoarea totala a rezultatului),15881940,TED eForms BT-118 (valoarea maxima a acordului),15882356,DA,SISTEM DE MONITORIZARE GLICEMICA CONTINUA DEXCOM ONE PLUS,33124130,2024-07-18,36,2027-07-18,TED eForms (durata publicata),DA,,"data = prima incheiere de contract publicata in TED; cea mai mare valoare totala publicata dintre 22 anunturi de atribuire (din anuntul 660997-2026; valorile pe anunturi pot fi partiale sau cumulative); aceeasi procedura publicata si sub: 530887-2024, 687662-2024, 197419-2026, 234578-2026, 200487-2025, 242481-2025, 261862-2025, 344855-2025, 396324-2025, 468734-2025, 555585-2025, 641865-2025, 789731-2025, 831479-2025, 109865-2026, 119878-2026, 280987-2026, 428563-2026, 453719-2026, 530407-2026, 619876-2026, 660997-2026, CN1069800",https://ted.europa.eu/en/notice/-/detail/459183-2024
473318-2024,DA,SPITALUL UNIVERSITAR DE URGENTA BUCURESTI,NEOS EUROPE,28879920,valoare maxima a acordului-cadru (TED eForms BT-118 (valoarea maxima a acordului)),,,28879920,TED eForms BT-118 (valoarea maxima a acordului),31797000,DA,Furnizare implante si consumabile,33183200,2024-07-18,36,2027-07-18,TED eForms (durata publicata),DA,"acelasi spital a atribuit un contract nou aceluiasi castigator la 2025-11-04 (746086-2025), inainte de expirarea calculata => probabil inlocuit",data = prima incheiere de contract publicata in TED; aceeasi procedura publicata si sub: 215354-2024,https://ted.europa.eu/en/notice/-/detail/473318-2024
178699-2026,DA,SPITALUL UNIVERSITAR DE URGENTA ELIAS,BOSTON SCIENTIFIC ROMANIA / HELLIMED / L&P MEDICAL / MEDI -TECH BUSINESS / MEDICAL DEVICES & DIAGNOSTICS / MEDTRONIC ROMANIA / Sante International,78215400,valoare maxima a acordului-cadru (TED eForms BT-118 (valoarea maxima a acordului)),,,78215400,TED eForms BT-118 (valoarea maxima a acordului),85061640,DA,MATERIALE SANITARE ELECTROFIZIOLOGIE,33140000,2025-07-18,24,2027-07-18,TED eForms (durata publicata),DA,,data = prima incheiere de contract publicata in TED,https://ted.europa.eu/en/notice/-/detail/178699-2026
501159-2025,DA,SPITALUL CLINIC DE URGENTA SF.IOAN,KRAL MEDICAL SOLUTIONS,16244133,valoare atribuita (TED eForms (valoarea totala a rezultatului)),16244133,TED eForms (valoarea totala a rezultatului),,,,,CONTRACT FURNIZARE PATURI MEDICALE,33192100,2025-07-18,24,2027-07-18,TED eForms (durata publicata),DA,"acelasi spital a atribuit un contract nou aceluiasi castigator la 2025-07-21 (500945-2025), inainte de expirarea calculata => probabil inlocuit",data = prima incheiere de contract publicata in TED,https://ted.europa.eu/en/notice/-/detail/501159-2025
478310-2025,DA,Spitalul de Pneumoftiziologie Braila,TEHNO ELECTRO MEDICAL COMPANY S.R.L.,924000,valoare maxima a acordului-cadru (TED eForms BT-118 (valoarea maxima a acordului)),,,924000,TED eForms BT-118 (valoarea maxima a acordului),940000,DA,Furnizare Bronhoscop,33168100,2025-07-21,24,2027-07-21,TED eForms (durata publicata),DA,,data = prima incheiere de contract publicata in TED,https://ted.europa.eu/en/notice/-/detail/478310-2025
478860-2025,DA,"Spitalul Clinic de Urgenta pentru Copii ""Grigore Alexandrescu""",BIZMED SRL / LUAN VISION SRL / MEGACONS-BRILLAGO SRL / S.C. ADAR UNIC SOLUTIONS S.R.L. / S.C. Medplaza Health S.R.L. / SANROTEX TRADING SRL / SARAH DSF MEDICAL S.R.L. / ZARYS INTERNATIONAL GROUP / INFINITY MEDTECH S.R.L. / S.C. ICU DARMED S.R.L. S.R.L.,7294944,valoare maxima a acordului-cadru (TED eForms BT-118 (valoarea maxima a acordului)),,,7294944,TED eForms BT-118 (valoarea maxima a acordului),8782080,DA,ACORD CADRU DE Furnizare materiale sanitare diverse de uz general – 6 loturi,33141310,2025-07-21,24,2027-07-21,TED eForms (durata publicata),DA,,data = prima incheiere de contract publicata in TED; aceeasi procedura publicata si sub: 586405-2025,https://ted.europa.eu/en/notice/-/detail/478860-2025
479876-2025,DA,"Spital Clinic Judetean de Urgenta ""Pius Brinzeu"" Timisoara",ANGIOSPECTRU MED S.R.L. / BOSTON SCIENTIFIC ROMANIA / DELUXE MEDICRAFTS / EXIMIA MEDICAL / MEDTRONIC ROMANIA / QUANTUSMED / TECMED,25403400,valoare maxima a acordului-cadru (TED eForms BT-118 (valoarea maxima a acordului)),,,25403400,TED eForms BT-118 (valoarea maxima a acordului),26005900,DA,Materiale sanitare Radiologie Intervențională I,33140000,2025-07-22,24,2027-07-22,TED eForms (durata publicata),DA,,data = prima incheiere de contract publicata in TED,https://ted.europa.eu/en/notice/-/detail/479876-2025
861295-2025,DA,SPITALUL CLINIC CAI FERATE IASI,ALPHA BRIO MEDICAL S.R.L. / ALPHA MEDICAL / ALPHA NED 2000 EXIM / B.BRAUN MEDICAL / BIOLIFE GRUP S.R.L. / BIOTECHNICS IMPLANT / BIZMED / Balton Med / CO&CO Consumer 2002 S.R.L. / CORAMED MEDIZINISCHE PRODUKTE / CRAD RO / CRIO - 2 / DELUXE MEDICRAFTS / DEMOPHORIUS HEALTHCARE / DM IMPORT EXPORT / Dyomedica CND / EST INVEST FARMA / FRESENIUS KABI ROMANIA / Filtre Aer Curat S.R.L. / GRAZY PRICE MEDICAL IMPORT EXPORT S.R.L. / HDL Union / IOANA N & M / M-G EXIM ROMITALIA / MEDI -TECH BUSINESS / MEDICAL GRUP / MEGACONS-BRILLAGO / MERCATOR MEDICAL / MLM MEDICAL S.R.L. / MedKit / NAFKA GRUP / NOVA FIT 2000 / NOVENTIS International / OFTAMEDICA / PAUL HARTMANN / PRODCONFARM S.R.L. / ROMBIOMEDICA / ROVAL MED / RUBICON EDITECH 89 S.R.L. / SANROTEX TRADING SRL / SANTOMED / SH MEDICAL SRL / STERIL ROMANIA / TEHNO ELECTRO MEDICAL COMPANY S.R.L. / TMS - TOP MEDICAL SUPPLIER / TZMO ROMANIA / VALDOMEDICA TRADING / VETRO DESIGN / ZARYS INTERNATIONAL GROUP / ZENMED SOLUTIONS,3843081,valoare maxima a acordului-cadru (TED eForms BT-118 (valoarea maxima a acordului)),,,3843081,TED eForms BT-118 (valoarea maxima a acordului),5648776,DA,Acord Cadru Furnizare Materiale Sanitare,33140000,2025-07-22,24,2027-07-22,TED eForms (durata publicata),DA,,data = prima incheiere de contract publicata in TED,https://ted.europa.eu/en/notice/-/detail/861295-2025
471520-2024,DA,Spitalul Judetean de Urgenta Miercurea Ciuc,KARL STORZ ENDOSCOPIA ROMANIA,4493041,valoare maxima a acordului-cadru (TED eForms BT-118 (valoarea maxima a acordului)),,,4493041,TED eForms BT-118 (valoarea maxima a acordului),4493041,DA,CONSUMABILE ȘI ACCESORII PENTRU APARATURA KARL STORZ,33140000,2024-07-23,36,2027-07-23,TED eForms (durata publicata),DA,,data = prima incheiere de contract publicata in TED,https://ted.europa.eu/en/notice/-/detail/471520-2024
529973-2025,DA,SPITALUL JUDETEAN DE URGENTA DROBETA TURNU SEVERIN,ALPHA NED 2000 EXIM SRL / DELUXE MEDICRAFTS SRL / MEGACONS-BRILLAGO SRL / S.C. DANCRI MEDICAL S.R.L.,605520,valoare maxima a acordului-cadru (TED eForms BT-118 (valoarea maxima a acordului)),,,605520,TED eForms BT-118 (valoarea maxima a acordului),761040,DA,"A.C. de furnizare de truse perfuzie, de transfuzie sange, tub prelungitor, tud de dren",33141420,2025-07-23,24,2027-07-23,TED eForms (durata publicata),DA,,data = prima incheiere de contract publicata in TED,https://ted.europa.eu/en/notice/-/detail/529973-2025
683911-2025,DA,SPITALUL JUDETEAN DE URGENTA ZALAU,AXIOMED SOLUTIONS SRL / INPOINT MEDICARE / Limas Group S.R.L. / STERISACO / THREE PHARM,774560,valoare maxima a acordului-cadru (TED eForms BT-118 (valoarea maxima a acordului)),,,774560,TED eForms BT-118 (valoarea maxima a acordului),1136625,DA,MATERIALE DE STERILIZARE SI SOLUTIE DE ELECTROLITI PENTRU TERAPII CONTINUE,33198200,2025-07-23,24,2027-07-23,TED eForms (durata publicata),DA,,data = prima incheiere de contract publicata in TED,https://ted.europa.eu/en/notice/-/detail/683911-2025
466315-2023,DA,SPITAL CLINIC JUDETEAN DE URGENTA BIHOR,ARTISANA MEDICAL S.R.L. / DRAEGER ROMANIA / GISCO MED / LUAN VISION / NAFKA GRUP S.R.L. / MEDIMPACT / PAPAPOSTOLOU S.R.L / HELLIMED / TMS - TOP MEDICAL SUPPLIER,1360392,valoare maxima a acordului-cadru (TED eForms (valoare estimata)),301129,TED eForms (valoarea totala a rezultatului),1360392,TED eForms (valoare estimata),1360392,DA,Materiale sanitare pentru neonatologie,33157000,2023-07-24,48,2027-07-24,TED eForms (durata publicata),DA,,"data = prima incheiere de contract publicata in TED; cea mai mare valoare totala publicata dintre 17 anunturi de atribuire (din anuntul 638836-2026; valorile pe anunturi pot fi partiale sau cumulative); aceeasi procedura publicata si sub: 178355-2023, 533025-2023, 735648-2023, 158999-2024, 428806-2024, 327662-2024, 541382-2024, 796688-2024, 198213-2025, 320700-2025, 340428-2025, 515642-2025, 690920-2024, 845800-2025, 299472-2026, 524303-2026, 581549-2026, 638836-2026, CN1068566",https://ted.europa.eu/en/notice/-/detail/466315-2023
468259-2023,DA,Spitalul Judetean de Urgenta Tulcea,Carl Zeiss Instruments / LIAMED,1520000,valoare maxima a acordului-cadru (TED F02 (valoare estimata totala)),1519999,TED F03 (II.1.7 valoarea totala a achizitiei),1520000,TED F02 (valoare estimata totala),,DA,Achizitie Echipamente Medicale,33100000,2023-07-24,48,2027-07-24,TED F02 (durata publicata),DA,,"data = prima incheiere de contract publicata in TED; cea mai mare valoare totala publicata dintre 3 anunturi de atribuire (din anuntul 468259-2023; valorile pe anunturi pot fi partiale sau cumulative); aceeasi procedura publicata si sub: 488286-2023, 523717-2023",https://ted.europa.eu/en/notice/-/detail/468259-2023
486805-2024,DA,SPITALUL CLINIC JUDETEAN DE URGENTA SF.SPIRIDON IASI,BOSTON SCIENTIFIC ROMANIA / EURO PHARMAMED / HELLIMED / L&P MEDICAL / MEDI -TECH BUSINESS SRL / MEDTRONIC ROMANIA SRL / Sante International S.A.,21073860,valoare maxima a acordului-cadru (TED eForms BT-118 (valoarea maxima a acordului)),,,21073860,TED eForms BT-118 (valoarea maxima a acordului),25989120,DA,ACORD CADRU furnizare de “STIMULATOARE CARDIACE SI DEFIBRILATOARE AUTOMATE INTERNE”,33182240,2024-07-24,36,2027-07-24,TED eForms (durata publicata),DA,,data = prima incheiere de contract publicata in TED; aceeasi procedura publicata si sub: 226148-2024,https://ted.europa.eu/en/notice/-/detail/486805-2024
520328-2025,DA,Spitalul Judetean de Urgenta Slobozia,CO&CO Consumer 2002 S.R.L.,2375626,valoare maxima a acordului-cadru (TED eForms BT-118 (valoarea maxima a acordului)),,,2375626,TED eForms BT-118 (valoarea maxima a acordului),6090048,DA,Achizitia de FIRE CHIRURGICALE,33141121,2025-07-24,24,2027-07-24,TED eForms (durata publicata),DA,,data = prima incheiere de contract publicata in TED,https://ted.europa.eu/en/notice/-/detail/520328-2025
546699-2025,DA,Spitalul Clinic Municipal de Urgenta Timisoara,ALL IN PHARMA MED / HS MEDICAL SRL / MEDICAL ORTOVIT / VALDOMEDICA TRADING / ZIMMER BIOMET ROMANIA,13968260,valoare maxima a acordului-cadru (TED eForms BT-118 (valoarea maxima a acordului)),,,13968260,TED eForms BT-118 (valoarea maxima a acordului),14399550,DA,IMPLANTURI ORTOPEDICE,33183300,2025-07-24,24,2027-07-24,TED eForms (durata publicata),DA,,data = prima incheiere de contract publicata in TED,https://ted.europa.eu/en/notice/-/detail/546699-2025
492348-2025,DA,"Spitalul Universitar de Urgenta Militar Central ""Dr. Carol Davila""",THREE PHARM,7787120,valoare maxima a acordului-cadru (TED eForms BT-118 (valoarea maxima a acordului)),1136346,TED eForms (valoarea totala a rezultatului),7787120,TED eForms BT-118 (valoarea maxima a acordului),8521120,DA,Materiale sanitare ATI-I-7 Loturi,33141000,2025-07-25,24,2027-07-25,TED eForms (durata publicata),DA,,unitate militara cu profil de spital; data = prima incheiere de contract publicata in TED; valoare atribuita din anuntul 569808-2026; aceeasi procedura publicata si sub: 569808-2026,https://ted.europa.eu/en/notice/-/detail/492348-2025
CN1058499,NU,SPITAL CLINIC JUDETEAN DE URGENTA BIHOR,VALDOMEDICA TRADING / AVA MEDICAL SERVICES SRL / TRANS-MENTOR / MEDICAL GRUP,175300,valoare atribuita (SICAP/OpenTender (valori pe atribuire)),175300,SICAP/OpenTender (valori pe atribuire),,,,,ACCESORII DE DRENAJ,33141642,2023-08-16,47.3,2027-07-26,"SICAP/OpenTender (durata publicata, zile)",DA,"acelasi spital a atribuit un contract nou aceluiasi castigator la 2024-05-24 (374271-2024), inainte de expirarea calculata => probabil inlocuit",valoarea procedurii din SICAP/OpenTender (20.006.625 RON) ignorata: de peste 20 de ori valoarea atribuita (probabil eroare de unitate); suma loturi,SICAP anunt nr. CN1058499
459157-2024,DA,SPITALUL JUDETEAN SATU MARE,ALPHA MEDICAL S.R.L. / AXIOMED SOLUTIONS SRL / B.BRAUN MEDICAL / CO&CO Consumer 2002 S.R.L. / FRESENIUS MEDICAL CARE ROMANIA S.R.L. / Flexi Pro SRL / GRAZY PRICE MEDICAL IMPORT EXPORT S.R.L. / HELLIMED / Limas Group S.R.L. / MEDICAL DEVICES & DIAGNOSTICS / MEDICAL TECHNOLOGIES INFINITY / MEDIMPACT / Med Tech Distributions / NOVOMED INTERNATIONAL SRL / NUTRIENT SOLUTIONS / RAFI MEDICAL / REVISMED MEDICAL / S.C. FARMACIA OMNIA S.R.L. / S.C. GENERAL ELECTRIC MEDICAL SYSTEMS ROMANIA S.R.L. / S.C. MEDCLAS TRADING S.R.L. S.R.L. / SH MEDICAL SRL / STERISACO / TECMED / THREE PHARM / TZMO ROMANIA,48654292,valoare maxima a acordului-cadru (TED eForms BT-118 (valoarea maxima a acordului)),6179247,TED eForms (valoarea totala a rezultatului),48654292,TED eForms BT-118 (valoarea maxima a acordului),56684760,DA,MATERIALE SANITARE - SPITAL - UPU - SMURD,33140000,2024-07-26,36,2027-07-26,TED eForms (durata publicata),DA,,"data = prima incheiere de contract publicata in TED; cea mai mare valoare totala publicata dintre 26 anunturi de atribuire (din anuntul 556360-2026; valorile pe anunturi pot fi partiale sau cumulative); aceeasi procedura publicata si sub: 580313-2024, 606749-2024, 686549-2024, 697130-2025, 714405-2024, 38571-2025, 106838-2025, 260289-2025, 346219-2025, 172565-2025, 187158-2025, 201011-2025, 212458-2025, 658940-2025, 685101-2025, 548378-2025, 595803-2025, 20261-2026, 759062-2025, 108245-2026, 119902-2026, 136874-2026, 198006-2026, 273378-2026, 430711-2026, 556360-2026",https://ted.europa.eu/en/notice/-/detail/459157-2024
535549-2025,DA,SPITALUL CLINIC JUDETEAN MURES,ALPHA NED 2000 EXIM / ARTISANA MEDICAL S.R.L. / BIOTECHNICS IMPLANT / DELUXE MEDICRAFTS / HDL Union / NAFKA GRUP / OMNIMPORT MEDICAL / STERIL ROMANIA / VALDOMEDICA TRADING,778820,valoare maxima a acordului-cadru (TED eForms BT-118 (valoarea maxima a acordului)),87900,TED eForms (valoarea totala a rezultatului),778820,TED eForms BT-118 (valoarea maxima a acordului),893750,DA,"Acord cadru de furnizare materiale sanitare - ” Alte dispozitive pentru blocul operator – filtre, electrozi, dispozitive drenaj ”",33162100,2025-07-28,24,2027-07-28,TED eForms (durata publicata),DA,,"data = prima incheiere de contract publicata in TED; cea mai mare valoare totala publicata dintre 4 anunturi de atribuire (din anuntul 460967-2026; valorile pe anunturi pot fi partiale sau cumulative); aceeasi procedura publicata si sub: 652375-2025, 34293-2026, 276457-2026, 460967-2026",https://ted.europa.eu/en/notice/-/detail/535549-2025
602866-2025,DA,"SPITALUL JUDETEAN DE URGENTA ""SF. PANTELIMON"" FOCSANI",B.BRAUN MEDICAL SRL / SH MEDICAL SRL,3464104,valoare maxima a acordului-cadru (TED eForms BT-118 (valoarea maxima a acordului)),,,3464104,TED eForms BT-118 (valoarea maxima a acordului),4485360,DA,"ACORD CADRU FURNIZARE CATETERE, CONSUMABILE",33141200,2025-07-29,24,2027-07-29,TED eForms (durata publicata),DA,,data = prima incheiere de contract publicata in TED,https://ted.europa.eu/en/notice/-/detail/602866-2025
501915-2024,DA,MINISTERUL APARARII UM 02534 IASI,BIO TECHNIC ROMANIA S.R.L. / MEDICAL ORTOVIT / MEDICAL TECHNOLOGIES INTERNATIONAL / ZIMMER BIOMET ROMANIA,8001040,valoare maxima a acordului-cadru (TED eForms BT-118 (valoarea maxima a acordului)),428816,TED eForms (valoarea totala a rezultatului),8001040,TED eForms BT-118 (valoarea maxima a acordului),8012010,DA,Acord-cadru de furnizare materiale pentru endoprotezare,33183200,2024-07-30,36,2027-07-30,TED eForms (durata publicata),DA,,unitate militara cu profil de spital; data = prima incheiere de contract publicata in TED; valoare atribuita din anuntul 202291-2025; aceeasi procedura publicata si sub: 202291-2025,https://ted.europa.eu/en/notice/-/detail/501915-2024
444329-2025,DA,Spitalul Orasenesc Sannicolau Mare,Integra Medical Business / SMGELECTRONICA,3966107,valoare atribuita (TED eForms (valoarea totala a rezultatului)),3966107,TED eForms (valoarea totala a rezultatului),,,,,Achizitie echipamente medicale,33100000,2025-06-30,25,2027-07-30,TED eForms (durata publicata),DA,,data = prima incheiere de contract publicata in TED,https://ted.europa.eu/en/notice/-/detail/444329-2025
734486-2025,DA,SPITALUL JUDETEAN DE URGENTA DROBETA TURNU SEVERIN,DELUXE MEDICRAFTS SRL / MEGACONS-BRILLAGO SRL / Novaintermed S.R.L. / S.C. Medplaza Health S.R.L. / ZARYS INTERNATIONAL GROUP MEDICAL EQUIPMENT S.R.L.,5054784,valoare maxima a acordului-cadru (TED eForms BT-118 (valoarea maxima a acordului)),,,5054784,TED eForms BT-118 (valoarea maxima a acordului),6343356,DA,"A.C. de furnizare de ace medicale, ace de anestezie, ace de biopsie, catetere, seturi toracocenteza",33141320,2025-07-31,24,2027-07-31,TED eForms (durata publicata),DA,,data = prima incheiere de contract publicata in TED,https://ted.europa.eu/en/notice/-/detail/734486-2025
542071-2026,DA,Spitalul Clinic de Urgenta pentru Copii Brasov,DEYAN KRAFT MEDICAL / MEDTRONIC ROMANIA,4823642,valoare maxima a acordului-cadru (TED eForms BT-118 (valoarea maxima a acordului)),,,4823642,TED eForms BT-118 (valoarea maxima a acordului),4923150,DA,Achizitie de consumabile si pompe pentru monitorizarea glicemiei ;,33140000,2026-07-31,12,2027-07-31,TED eForms (durata publicata),DA,,data = prima incheiere de contract publicata in TED,https://ted.europa.eu/en/notice/-/detail/542071-2026
137647-2026,DA,MINISTERUL APARARII - UNITATEA MILITARA 02497 PITESTI,ALPHA MEDICAL / DIAMEDIX IMPEX / DRAEGER ROMANIA / HISTRIA INTERNATIONAL S.R.L. / MEDIZIN TECHNOLOGIES / NANO BIO MEDICAL S.R.L. / PAPAPOSTOLOU S.R.L / PHILIPS ROMANIA / PRO CARDIA,15447159,valoare maxima a acordului-cadru (TED eForms BT-118 (valoarea maxima a acordului)),,,15447159,TED eForms BT-118 (valoarea maxima a acordului),23540290,DA,"Acord cadru centralizat pentru 24 luni de furnizare Aparatură medicală 5 (audiometru clinic cu impedanta si camera audiometrie, ecograf pent",33100000,2025-08-01,24,2027-08-01,TED eForms (durata publicata),DA,,unitate militara cu profil de spital; data = prima incheiere de contract publicata in TED; aceeasi procedura publicata si sub: 142494-2026,https://ted.europa.eu/en/notice/-/detail/137647-2026
481748-2024,DA,Spitalul Județean de Urgență Dr.Constantin Andreoiu Ploiești,Medica Impex 2003 S.R.L.,2690506,valoare maxima a acordului-cadru (TED eForms BT-118 (valoarea maxima a acordului)),,,2690506,TED eForms BT-118 (valoarea maxima a acordului),2690506,DA,consumabile urologie,33141200,2024-08-02,36,2027-08-02,TED eForms (durata publicata),DA,,data = prima incheiere de contract publicata in TED; aceeasi procedura publicata si sub: 326233-2024,https://ted.europa.eu/en/notice/-/detail/481748-2024
686673-2024,DA,Spitalulul Clinic de Ortopedie Traumatologie si TBC Osteoarticular Foisor,ARTISANA MEDICAL S.R.L. / Alliance Impex SRL / MEGACONS-BRILLAGO / NEOS EUROPE / NOVA FIT 2000 / RADIMED S.R.L. / TZMO ROMANIA / ZARYS INTERNATIONAL GROUP,4976973,valoare maxima a acordului-cadru (TED eForms BT-118 (valoarea maxima a acordului)),,,4976973,TED eForms BT-118 (valoarea maxima a acordului),6854085,DA,Materiale sanitare diverse,33140000,2024-08-02,36,2027-08-02,TED eForms (durata publicata),DA,,data = prima incheiere de contract publicata in TED,https://ted.europa.eu/en/notice/-/detail/686673-2024
593424-2025,DA,MINISTERUL APARARII NATIONALE- U.M. 02587 (INSTITUTUL NATIONAL DE MEDICINA AERONAUTICA SI SPATIALA),HALMADENT SRL,656000,valoare maxima a acordului-cadru (TED eForms BT-118 (valoarea maxima a acordului)),656000,TED eForms (valoarea totala a rezultatului),656000,TED eForms BT-118 (valoarea maxima a acordului),1004800,DA,Echipamente medicale 3,33126000,2025-08-04,24,2027-08-04,TED eForms (durata publicata),DA,,unitate militara cu profil de spital; data = prima incheiere de contract publicata in TED; valoare atribuita din anuntul 792093-2025; aceeasi procedura publicata si sub: 792093-2025,https://ted.europa.eu/en/notice/-/detail/593424-2025
831894-2025,DA,Spitalul Clinic de Boli Infectioase Constanta,ALCA DUO MEDICAL S.R.L. / ALPHA NED 2000 EXIM / ARTISANA MEDICAL S.R.L. / AVENA MEDICA S.R.L. / BIZMED / CRIO - 2 / DELUXE MEDICRAFTS / DEXTER COM S.R.L. / DIALAB SOLUTIONS / DIAMEDIX IMPEX / FRESENIUS KABI ROMANIA / HDL Union / IOANA N & M / LUAN VISION / MARLYD MEDICAL DEVICES / MEDICAL GRUP / MEDIST IMAGING & P.O.C. / MEGACONS-BRILLAGO / MERCATOR MEDICAL / MESSYSTECH S.R.L. / NAFKA GRUP / Novaintermed / PRIMEX MEDICAL / RICOMED / ROSALVAMED PLUS / SANROTEX TRADING SRL / SANTOMED / STERIL ROMANIA / TRIDENT MEDICAL COMPANY S.R.L. / TUNIC PROD / TZMO ROMANIA / Tody Laboratories Int / VALDOMEDICA TRADING / VETRO DESIGN,38571881,valoare maxima a acordului-cadru (TED eForms BT-118 (valoarea maxima a acordului)),,,38571881,TED eForms BT-118 (valoarea maxima a acordului),140044556,DA,Materiale sanitare,33140000,2025-08-04,24,2027-08-04,TED eForms (durata publicata),DA,,data = prima incheiere de contract publicata in TED,https://ted.europa.eu/en/notice/-/detail/831894-2025
CN1058838,NU,SPITAL CLINIC JUDETEAN DE URGENTA BIHOR,MLM MEDICAL S.R.L. / ZARYS INTERNATIONAL GROUP / DELUXE MEDICRAFTS / TZMO ROMANIA / VETRO DESIGN / PAUL HARTMANN / CRIO - 2 S.R.L. / GRAZY PRICE MEDICAL IMPORT EXPORT S.R.L. / MEDICAL GRUP / SANROTEX TRADING SRL,877470,valoare atribuita (SICAP/OpenTender (valori pe atribuire)),877470,SICAP/OpenTender (valori pe atribuire),,,,,Pansamente,33141111,2023-08-26,47.3,2027-08-05,"SICAP/OpenTender (durata publicata, zile)",DA,,valoarea procedurii din SICAP/OpenTender (68.305.445 RON) ignorata: de peste 20 de ori valoarea atribuita (probabil eroare de unitate); suma loturi,SICAP anunt nr. CN1058838
178513-2025,DA,Spitalul Clinic Judetean de Urgenta Targu.Mures,THREE PHARM,1749000,valoare maxima a acordului-cadru (TED eForms BT-118 (valoarea maxima a acordului)),,,1749000,TED eForms BT-118 (valoarea maxima a acordului),5723500,DA,Acord cadru de furnizare suturi chirurgicale,33141121,2024-08-05,36,2027-08-05,TED eForms (durata publicata),DA,"acelasi spital a atribuit un contract nou aceluiasi castigator la 2024-10-29 (675622-2024), inainte de expirarea calculata => probabil inlocuit",data = prima incheiere de contract publicata in TED,https://ted.europa.eu/en/notice/-/detail/178513-2025
475027-2024,DA,"Institutul de Boli Infectioase ""Prof. Dr. Matei Bals""",A.M.S. 2000 TRADING IMPEX / ALPHA BRIO MEDICAL S.R.L. / ALPHA MEDICAL / AVENA MEDICA S.R.L. / CRIO - 2 S.R.L. / DELUXE MEDICRAFTS / DUTCHMED S.R.L. / FRESENIUS MEDICAL CARE ROMANIA S.R.L. / GISCO MED / HELLIMED SRL / LORD MEDICAL S.R.L. / MEDICAL GRUP / MEDIMPACT / MEGACONS-BRILLAGO / PRODCONFARM S.R.L. / ROVAL MED / SANROTEX TRADING SRL / SMART MEDICAL SOLUTIONS S.R.L. / TMS - TOP MEDICAL SUPPLIER SRL / TZMO ROMANIA / VETRO DESIGN,25897362,valoare maxima a acordului-cadru (TED eForms BT-118 (valoarea maxima a acordului)),1999903,TED eForms (valoarea totala a rezultatului),25897362,TED eForms BT-118 (valoarea maxima a acordului),35609534,DA,Materiale sanitare și de laborator 2,33140000,2024-08-05,36,2027-08-05,TED eForms (durata publicata),DA,,"data = prima incheiere de contract publicata in TED; cea mai mare valoare totala publicata dintre 14 anunturi de atribuire (din anuntul 482052-2026; valorile pe anunturi pot fi partiale sau cumulative); aceeasi procedura publicata si sub: 542341-2024, 568861-2024, 660038-2024, 234157-2025, 35822-2025, 40628-2025, 442386-2025, 684417-2025, 549529-2025, 618242-2025, 636492-2025, 26897-2026, 46187-2026, 241225-2026, 482052-2026",https://ted.europa.eu/en/notice/-/detail/475027-2024
478111-2024,DA,Spitalul Clinic Judetean de Urgenta Targu.Mures,B.BRAUN MEDICAL / CONTROL LINE 21 / SC PURAMA SRL,735990,valoare maxima a acordului-cadru (TED eForms BT-118 (valoarea maxima a acordului)),,,735990,TED eForms BT-118 (valoarea maxima a acordului),1625900,DA,Acord cadru de furnizare cleme chirurgicale,33141122,2024-08-06,36,2027-08-06,TED eForms (durata publicata),DA,,data = prima incheiere de contract publicata in TED; aceeasi procedura publicata si sub: 145369-2024,https://ted.europa.eu/en/notice/-/detail/478111-2024
765271-2023,DA,Spitalul Clinic de Urgenta Bucuresti,DAC MEDICAL PLUS S.R.L.,49945680,valoare maxima a acordului-cadru (TED eForms (suma valorilor maxime pe loturi)),,,49945680,TED eForms (suma valorilor maxime pe loturi),51145440,DA,PRODUSE IGIENA SI CURATENIE UPU SMURD,33140000,2023-08-07,48,2027-08-07,TED eForms (durata publicata),DA,,data = prima incheiere de contract publicata in TED; aceeasi procedura publicata si sub: CN1053946,https://ted.europa.eu/en/notice/-/detail/765271-2023
164400-2026,DA,SPITALUL UNIVERSITAR DE URGENTA ELIAS,BIO TECHNIC ROMANIA S.R.L. / MEDICAL ORTOVIT / VALDOMEDICA TRADING / ZIMMER BIOMET ROMANIA,19466541,valoare maxima a acordului-cadru (TED eForms BT-118 (valoarea maxima a acordului)),944274,TED eForms (valoarea totala a rezultatului),19466541,TED eForms BT-118 (valoarea maxima a acordului),21392375,DA,Materiale de endoprotezare – proteze ortopedice,33183200,2024-08-07,36,2027-08-07,TED eForms (durata publicata),DA,,data = prima incheiere de contract publicata in TED; valoare atribuita din anuntul 264910-2026; aceeasi procedura publicata si sub: 264910-2026,https://ted.europa.eu/en/notice/-/detail/164400-2026
530487-2024,DA,"Spitalul Orasenesc ""dr. George Trifon"" Nasaud",SIEMENS HEALTHCARE SRL,4930000,valoare atribuita (TED eForms (valoarea totala a rezultatului)),4930000,TED eForms (valoarea totala a rezultatului),4932000,SICAP/OpenTender (valoare procedura),,,Contract furnizare Echipament de imagistica cu rezonanta magnetica,33113000,2024-08-07,36,2027-08-07,TED eForms (durata publicata),DA,,data = prima incheiere de contract publicata in TED,https://ted.europa.eu/en/notice/-/detail/530487-2024
566212-2025,DA,"Spitalul Universitar de Urgenta Militar Central ""Dr. Carol Davila""",CARDO OPTIM,723600,valoare maxima a acordului-cadru (TED eForms BT-118 (valoarea maxima a acordului)),150750,TED eForms (valoarea totala a rezultatului),723600,TED eForms BT-118 (valoarea maxima a acordului),3833200,DA,MATERIALE CONSUMABILE DISPOZITIVE MEDICALE,33140000,2025-08-07,24,2027-08-07,TED eForms (durata publicata),DA,,unitate militara cu profil de spital; data = prima incheiere de contract publicata in TED; valoare atribuita din anuntul 51139-2026; aceeasi procedura publicata si sub: 51139-2026,https://ted.europa.eu/en/notice/-/detail/566212-2025
512678-2023,DA,SPITAL CLINIC JUDETEAN DE URGENTA BIHOR,ADAR UNIC SOLUTIONS / ALCA DUO MEDICAL S.R.L. / ALISON HAYES (ROMANIA) / AVMED PLUS / CORAMED MEDIZINISCHE PRODUKTE / CRIO - 2 S.R.L. / DELUXE MEDICRAFTS / LUAN VISION / M-G EXIM ROMITALIA / MEGACONS-BRILLAGO / NOVENTIS International / Natural Es-medical S.R.L / PAUL HARTMANN / RUBICON EDITECH 89 S.R.L. / STERIL ROMANIA / TZMO ROMANIA / VALDOMEDICA TRADING / VETRO DESIGN / VOGUE ART,7857400,valoare maxima a acordului-cadru (TED eForms (valoare estimata)),2052053,TED eForms (valoarea totala a rezultatului),7857400,TED eForms (valoare estimata),7857400,DA,Materiale sanitare 4,33199000,2023-08-08,48,2027-08-08,TED eForms (durata publicata),DA,,"data = prima incheiere de contract publicata in TED; cea mai mare valoare totala publicata dintre 33 anunturi de atribuire (din anuntul 438413-2026; valorile pe anunturi pot fi partiale sau cumulative); aceeasi procedura publicata si sub: 651064-2025, 241012-2024, 273750-2024, 98638-2024, 126352-2024, 156945-2024, 208235-2024, 326896-2024, 148874-2026, 545877-2024, 623758-2024, 690641-2024, 703475-2025, 719785-2025, 796289-2024, 105540-2025, 124153-2025, 180175-2025, 198754-2025, 307501-2025, 399678-2025, 427120-2025, 459519-2025, 487031-2025, 659845-2025, 801346-2025, 846879-2025, 868642-2025, 132997-2026, 264249-2026, 296543-2026, 438413-2026, 533427-2023, 598894-2023",https://ted.europa.eu/en/notice/-/detail/512678-2023
765094-2023,DA,Spitalul Clinic de Urgenta Bucuresti,Novaintermed S.R.L.,8304000,valoare maxima a acordului-cadru (TED eForms (suma valorilor maxime pe loturi)),,,8304000,TED eForms (suma valorilor maxime pe loturi),,DA,Catetere venoase,33140000,2023-08-08,48,2027-08-08,TED eForms (durata publicata),DA,,data = prima incheiere de contract publicata in TED,https://ted.europa.eu/en/notice/-/detail/765094-2023
765295-2023,DA,Spitalul Clinic de Urgenta Bucuresti,CARDIOTECH,1344000,valoare maxima a acordului-cadru (TED eForms (suma valorilor maxime pe loturi)),,,1344000,TED eForms (suma valorilor maxime pe loturi),,DA,Monitorizare hemodinamica minim invaziva avansata,33140000,2023-08-08,48,2027-08-08,TED eForms (durata publicata),DA,,data = prima incheiere de contract publicata in TED,https://ted.europa.eu/en/notice/-/detail/765295-2023
765798-2023,DA,Spitalul Clinic de Urgenta Bucuresti,TEHNO ELECTRO MEDICAL COMPANY S.R.L.,21597120,valoare maxima a acordului-cadru (TED eForms (suma valorilor maxime pe loturi)),,,21597120,TED eForms (suma valorilor maxime pe loturi),,DA,CONSUMABILE PENTRU ABORDUL VENOS LA PACIENTUL SPITALIZAT,33140000,2023-08-08,48,2027-08-08,TED eForms (durata publicata),DA,"acelasi spital a atribuit un contract nou aceluiasi castigator la 2024-08-22 (328312-2025), inainte de expirarea calculata => probabil inlocuit",data = prima incheiere de contract publicata in TED,https://ted.europa.eu/en/notice/-/detail/765798-2023
526456-2025,DA,"Spital Clinic Judetean de Urgenta ""Pius Brinzeu"" Timisoara",ALPHA MEDICAL / BOSTON SCIENTIFIC ROMANIA / CREATIVE & INNOVATIVE MANAGEMENT / Flexi Pro SRL / INNOVOTECH / INSIGHT TRADING SRL / LIFETECH CONSULTING / MEDI -TECH BUSINESS / MEDICAL DEVICES & DIAGNOSTICS / NEURO MED THERAPY / Novaintermed S.R.L. / THREE PHARM / TORUS PHARMA COMPANY SRL / TRANS-MENTOR,24571800,valoare maxima a acordului-cadru (TED eForms BT-118 (valoarea maxima a acordului)),,,24571800,TED eForms BT-118 (valoarea maxima a acordului),25898140,DA,Materiale sanitare Radiologie Interventionala II,33140000,2025-08-11,24,2027-08-11,TED eForms (durata publicata),DA,,data = prima incheiere de contract publicata in TED,https://ted.europa.eu/en/notice/-/detail/526456-2025
540295-2025,DA,SPITALUL CLINIC DE RECUPERARE IASI,BIO TECHNIC ROMANIA S.R.L. / STRYKER ROMANIA S.R.L. / VALDOMEDICA TRADING SRL / ZIMMER BIOMET ROMANIA,5273100,valoare maxima a acordului-cadru (TED eForms BT-118 (valoarea maxima a acordului)),121462,TED eForms (valoarea totala a rezultatului),5273100,TED eForms BT-118 (valoarea maxima a acordului),5303600,DA,ENDOPROTEZE SI ELEMENTE DE REVIZIE VOL II DIN CADRUL PROGRAMULUI NATIONAL DE ORTOPEDIE SUBPROGRAMUL 2.9 “PREVENIRE SI TERAPIE IN ORTOPEDIE,33183100,2025-08-11,24,2027-08-11,TED eForms (durata publicata),DA,,data = prima incheiere de contract publicata in TED; valoare atribuita din anuntul 209369-2026; aceeasi procedura publicata si sub: 209369-2026,https://ted.europa.eu/en/notice/-/detail/540295-2025
546977-2025,DA,SPITALUL CLINIC OBSTETRICA GINECOLOGIE CUZA-VODA,CARTO PLAST SRL / Danson S.R.L. / KARL STORZ ENDOSCOPIA ROMANIA / LIAMED / MEDIST IMAGING & P.O.C. / MEGA LIFE CARE S.R.L.,17019646,valoare maxima a acordului-cadru (TED eForms BT-118 (valoarea maxima a acordului)),3187099,TED eForms (valoarea totala a rezultatului),17019646,TED eForms BT-118 (valoarea maxima a acordului),17255000,DA,"Acord cadru Furnizare, transport, instalare, punere în funcţiune, instruire utilizare şi service în garanţie Echipamente Medicale pentru dot",33100000,2025-08-11,24,2027-08-11,TED eForms (durata publicata),DA,,"data = prima incheiere de contract publicata in TED; cea mai mare valoare totala publicata dintre 3 anunturi de atribuire (din anuntul 625034-2026; valorile pe anunturi pot fi partiale sau cumulative); aceeasi procedura publicata si sub: 551007-2025, 609029-2026, 625034-2026",https://ted.europa.eu/en/notice/-/detail/546977-2025
740731-2025,DA,SPITALUL JUDETEAN DE URGENTA DROBETA TURNU SEVERIN,CRIO - 2 S.R.L. / DELUXE MEDICRAFTS SRL / PRODCONFARM S.R.L. / SANROTEX TRADING SRL,1843488,valoare maxima a acordului-cadru (TED eForms BT-118 (valoarea maxima a acordului)),,,1843488,TED eForms BT-118 (valoarea maxima a acordului),2639496,DA,"A.C. de furnizare de tifon, fesi tifon fesi gipsate, comprese sterile si vata medicala.",33141114,2025-08-11,24,2027-08-11,TED eForms (durata publicata),DA,,data = prima incheiere de contract publicata in TED,https://ted.europa.eu/en/notice/-/detail/740731-2025
541751-2025,DA,SPITALUL JUDETEAN DE URGENTA PITESTI,MEDICAL ORTOVIT / ORTOPEDICS HYPOKRAT / STRYKER ROMANIA / VALDOMEDICA TRADING,2824720,valoare maxima a acordului-cadru (TED eForms BT-118 (valoarea maxima a acordului)),,,2824720,TED eForms BT-118 (valoarea maxima a acordului),3587950,DA,Furnizare consumabile osteosinteza,33183100,2025-08-12,24,2027-08-12,TED eForms (durata publicata),DA,,data = prima incheiere de contract publicata in TED,https://ted.europa.eu/en/notice/-/detail/541751-2025
519581-2024,DA,SPITALUL JUDETEAN DE URGENTA VALCEA,A&A FARMA DISTRIBUTION S.R.L / A.M.S. 2000 TRADING IMPEX S.R.L. / ALLIANCE HEALTHCARE ROMÂNIA SRL / ALPHA BRIO MEDICAL S.R.L. / ALPHA MEDICAL S.R.L. / ALPHA NED 2000 EXIM SRL / ARTISANA MEDICAL S.R.L. / AVENA MEDICA S.R.L. / AXIOMED SOLUTIONS SRL / BIZMED SRL / CRAD RO / CREATIVE MED SRL / CRIO - 2 S.R.L. / DDS Diagnostic / DELUXE MEDICRAFTS SRL / HEALTHTIM SRL / HELLIMED SRL / Kembli Med / LABORATORIUM LIFE SCIENCE SRL / LUAN VISION SRL / Limas Group S.R.L. / MEGACONS-BRILLAGO SRL / MLM MEDICAL S.R.L. / NAFKA GRUP S.R.L. / NOVENTIS International / OFTAMEDICA / ONE MED LOGISTIC S.R.L. / PARTNERS MEDICAL SOLUTION S.R.L. / PAUL HARTMANN SRL / PRODCONFARM S.R.L. / PROPERMED SUPPLIES / ROMBIOMEDICA / ROVAL MED SRL / S.C. FARMACIA OMNIA S.R.L. / S.C. Medplaza Health S.R.L. / S.C. Natural Es-medical S.R.L / S.C. TODAY SOLUTION S.R.L. / S.C.MEDICAL GRUP S.R.L. / SANROTEX TRADING SRL / SC Nova Fit 2000 S.R.L. / SC Tody Laboratories Int SRL / SPECTRA VISION SRL / STERISACO / TEST TRADING S.R.L. / TMS - TOP MEDICAL SUPPLIER SRL / TZMO ROMANIA SRL / VALDOMEDICA TRADING SRL / VitroBioChem S.R.L. / ZARYS INTERNATIONAL GROUP MEDICAL EQUIPMENT S.R.L.,5778482,valoare maxima a acordului-cadru (TED eForms BT-118 (valoarea maxima a acordului)),2489599,TED eForms (valoarea totala a rezultatului),5778482,TED eForms BT-118 (valoarea maxima a acordului),7509175,DA,Consumabile medicale - Acord cadru 36 luni - 1,33140000,2024-08-13,36,2027-08-13,TED eForms (durata publicata),DA,,"data = prima incheiere de contract publicata in TED; cea mai mare valoare totala publicata dintre 33 anunturi de atribuire (din anuntul 631905-2026; valorile pe anunturi pot fi partiale sau cumulative); aceeasi procedura publicata si sub: 564664-2025, 589064-2025, 598201-2025, 668471-2025, 531641-2024, 604675-2024, 703069-2024, 746556-2024, 759675-2024, 36036-2025, 92459-2025, 154890-2025, 146434-2025, 315721-2025, 347072-2025, 387548-2025, 515426-2026, 435054-2025, 441777-2025, 542255-2025, 685029-2025, 758060-2025, 776483-2025, 832996-2025, 58477-2026, 21377-2026, 103469-2026, 182781-2026, 224931-2026, 259988-2026, 325870-2026, 578523-2026, 631905-2026",https://ted.europa.eu/en/notice/-/detail/519581-2024
539261-2025,DA,SPITALUL CLINIC DE RECUPERARE IASI,SC IMBIOMED CONSULTING S.R.L / UNIVERSAL MEDICAL S.R.L.,6565600,valoare maxima a acordului-cadru (TED eForms BT-118 (valoarea maxima a acordului)),,,6565600,TED eForms BT-118 (valoarea maxima a acordului),7144552,DA,FURNIZARE ECHIPAMENTE MEDICALE,33100000,2025-08-14,24,2027-08-14,TED eForms (durata publicata),DA,,data = prima incheiere de contract publicata in TED,https://ted.europa.eu/en/notice/-/detail/539261-2025
579622-2026,DA,SPITALUL CLINIC DE RECUPERARE IASI,BTL ROMANIA APARATURA MEDICALA S.R.L. / MEDICAL ORTOVIT,349000,valoare atribuita (TED eForms (valoarea totala a rezultatului)),349000,TED eForms (valoarea totala a rezultatului),475803,TED eForms (valoare estimata),,,FURNIZARE ECHIPAMENTE SI DOTARI PENTRU ACTIVITATI PRACTICE in cadrul Proiectului: „FORSAN - Formare pentru sănătate - sprijinirea recuperări,33150000,2026-08-17,12,2027-08-17,TED eForms (durata publicata),DA,,data = prima incheiere de contract publicata in TED,https://ted.europa.eu/en/notice/-/detail/579622-2026
637420-2026,DA,Spitalul Municipal Campulung Muscel,ALPHA NED 2000 EXIM / AVENA MEDICA / BIOTECHNICS IMPLANT / CO&CO Consumer 2002 S.R.L. / CORAMED MEDIZINISCHE PRODUKTE / CRAD RO / CRIO - 2 / INTERMED GRUP DISTRIBUTION S.R.L. / MEDICAL GRUP / Medplaza Health / NAFKA GRUP / RICOMED / TEST TRADING S.R.L. / TZMO ROMANIA / VETRO DESIGN,2845841,valoare maxima a acordului-cadru (TED eForms BT-118 (valoarea maxima a acordului)),,,2845841,TED eForms BT-118 (valoarea maxima a acordului),4050942,DA,FURNIZARE CONSUMABILE MEDICALE,33140000,2026-08-17,12,2027-08-17,TED eForms (durata publicata),DA,,data = prima incheiere de contract publicata in TED,https://ted.europa.eu/en/notice/-/detail/637420-2026
598191-2025,DA,Spitalul Municipal Odorheiu Secuiesc,HS MEDICAL SRL / SANATMETAL RO SRL / SPORTMED SYSTEMS / STRYKER ROMANIA S.R.L. / ZIMMER BIOMET ROMANIA,19166500,valoare maxima a acordului-cadru (TED eForms BT-118 (valoarea maxima a acordului)),,,19166500,TED eForms BT-118 (valoarea maxima a acordului),20039400,DA,Acord-Cadru de furnizare MATERIALE DE OSTEOSINTEZA SI ENDOPROTEZARE pe o perioadă de 24 luni,33183200,2025-08-18,24,2027-08-18,TED eForms (durata publicata),DA,,data = prima incheiere de contract publicata in TED,https://ted.europa.eu/en/notice/-/detail/598191-2025
665403-2025,DA,"Spitalul Universitar de Urgenta Militar Central ""Dr. Carol Davila""",DELUXE MEDICRAFTS SRL / M-G EXIM ROMITALIA S.R.L. / MEDSURGICAL / PHARMEDIX / ROMBIOMEDICA / RUBICON EDITECH 89 S.R.L.,11307950,valoare maxima a acordului-cadru (TED eForms BT-118 (valoarea maxima a acordului)),682634,TED eForms (valoarea totala a rezultatului),11307950,TED eForms BT-118 (valoarea maxima a acordului),16443800,DA,Materiale sanitare diverse 9 – 48 loturi,33141642,2025-08-18,24,2027-08-18,TED eForms (durata publicata),DA,,"unitate militara cu profil de spital; data = prima incheiere de contract publicata in TED; cea mai mare valoare totala publicata dintre 4 anunturi de atribuire (din anuntul 662848-2026; valorile pe anunturi pot fi partiale sau cumulative); aceeasi procedura publicata si sub: 32219-2026, 573620-2026, 655588-2026, 662848-2026",https://ted.europa.eu/en/notice/-/detail/665403-2025
557145-2025,DA,"Spitalul Clinic Judetean de Urgenta""Sfantul Apostol Andrei""",ALPHA BRIO MEDICAL S.R.L. / ALPHA MEDICAL / ALPHA NED 2000 EXIM / CRIO - 2 / DELUXE MEDICRAFTS / MEDI -TECH BUSINESS / MEGACONS-BRILLAGO / SANROTEX TRADING SRL / SANTOMED / STERIL ROMANIA / ZARYS INTERNATIONAL GROUP,411420,valoare maxima a acordului-cadru (TED eForms BT-118 (valoarea maxima a acordului)),,,411420,TED eForms BT-118 (valoarea maxima a acordului),931800,DA,Seringi si Sonde,33141641,2025-08-19,24,2027-08-19,TED eForms (durata publicata),DA,,data = prima incheiere de contract publicata in TED,https://ted.europa.eu/en/notice/-/detail/557145-2025
560329-2025,DA,"Spitalul Municipal "" DR. AUREL TULBURE"" Fagaras",BIO TECHNIC ROMANIA S.R.L.,7522000,valoare maxima a acordului-cadru (TED eForms BT-118 (valoarea maxima a acordului)),,,7522000,TED eForms BT-118 (valoarea maxima a acordului),7849000,DA,ACORD CADRU FURNIZARE PROTEZE ORTOPEDICE,33183200,2025-08-19,24,2027-08-19,TED eForms (durata publicata),DA,,data = prima incheiere de contract publicata in TED,https://ted.europa.eu/en/notice/-/detail/560329-2025
560649-2025,DA,SPITALUL CLINIC DE RECUPERARE CLUJ-NAPOCA,MEDICAL DEVICES & DIAGNOSTICS / Sante International S.A.,695000,valoare maxima a acordului-cadru (TED eForms BT-118 (valoarea maxima a acordului)),176100,TED eForms (valoarea totala a rezultatului),695000,TED eForms BT-118 (valoarea maxima a acordului),970000,DA,Materiale sanitare Programul National de Boli Cardiovasculare - stimulatoare cardiace tricamerale (CRT),33182210,2025-08-19,24,2027-08-19,TED eForms (durata publicata),DA,,"data = prima incheiere de contract publicata in TED; cea mai mare valoare totala publicata dintre 3 anunturi de atribuire (din anuntul 219408-2026; valorile pe anunturi pot fi partiale sau cumulative); aceeasi procedura publicata si sub: 817311-2025, 219408-2026, 453044-2026",https://ted.europa.eu/en/notice/-/detail/560649-2025
568028-2025,DA,"Spitalul Clinic Judetean de Urgenta""Sfantul Apostol Andrei""",Novaintermed S.R.L.,6575448,valoare maxima a acordului-cadru (TED eForms BT-118 (valoarea maxima a acordului)),,,6575448,TED eForms BT-118 (valoarea maxima a acordului),6575448,DA,Reactivi si consumabile compatibilie cu analizorul de gaze sangvine ABL 835 FLEX,33140000,2025-08-19,24,2027-08-19,TED eForms (durata publicata),DA,,data = prima incheiere de contract publicata in TED,https://ted.europa.eu/en/notice/-/detail/568028-2025
518313-2024,DA,Institutul National de Neurologie si Boli Neurovasculare,WELLMED TRADE SRL,7841844,valoare maxima a acordului-cadru (TED eForms BT-118 (valoarea maxima a acordului)),,,7841844,TED eForms BT-118 (valoarea maxima a acordului),7841844,DA,Consumabile medicale pe 2 loturi,33140000,2024-08-20,36,2027-08-20,TED eForms (durata publicata),DA,,data = prima incheiere de contract publicata in TED,https://ted.europa.eu/en/notice/-/detail/518313-2024
546860-2025,DA,"Spitalul Universitar de Urgenta Militar Central ""Dr. Carol Davila""",CARDIOTECH SRL / S.C. CANBERRA PACKARD S.R.L. / S.C. SC AMS MEDICAL CONSULTING SRL S.R.L.,2641500,valoare maxima a acordului-cadru (TED eForms BT-118 (valoarea maxima a acordului)),385200,TED eForms (valoarea totala a rezultatului),2641500,TED eForms BT-118 (valoarea maxima a acordului),2641500,DA,Materiale sanitare ATI și Medicină Nucleară - 8 loturi,33141000,2025-08-20,24,2027-08-20,TED eForms (durata publicata),DA,,"unitate militara cu profil de spital; data = prima incheiere de contract publicata in TED; cea mai mare valoare totala publicata dintre 3 anunturi de atribuire (din anuntul 657052-2026; valorile pe anunturi pot fi partiale sau cumulative); aceeasi procedura publicata si sub: 106162-2026, 573184-2026, 657052-2026",https://ted.europa.eu/en/notice/-/detail/546860-2025
561632-2025,DA,ADMINISTRATIA SPITALELOR SI SERVICIILOR MEDICALE BUCURESTI,ADAR UNIC SOLUTIONS / CRIO - 2 / Dental Vladmed V&M SRL / GLOBAL PLAST S.R.L. / IOANA N & M / LUAN VISION / Medplaza Health / PAUL HARTMANN / SANROTEX TRADING SRL / TEHNICAL DENT / TIS FARMACEUTIC / TZMO ROMANIA / VETRO DESIGN,1516750,valoare maxima a acordului-cadru (TED eForms BT-118 (valoarea maxima a acordului)),515205,TED eForms (valoarea totala a rezultatului),1516750,TED eForms BT-118 (valoarea maxima a acordului),2608680,DA,Furnizare materiale sanitare si materiale stomatologice pentru cabinetele de medicina generala si stomatologie - 39 loturi,33140000,2025-08-20,24,2027-08-20,TED eForms (durata publicata),DA,,"data = prima incheiere de contract publicata in TED; cea mai mare valoare totala publicata dintre 8 anunturi de atribuire (din anuntul 509914-2026; valorile pe anunturi pot fi partiale sau cumulative); aceeasi procedura publicata si sub: 805338-2025, 849850-2025, 345684-2026, 456067-2026, 480767-2026, 509914-2026, 460445-2026, 470221-2026",https://ted.europa.eu/en/notice/-/detail/561632-2025
582845-2025,DA,SPITALUL CLINIC DE BOLI INFECTIOASE SI PNEUMOFTIZIOLOGIE DR VICTOR BABES TIMISOARA,ALPHA BRIO MEDICAL S.R.L. / ALPHA MEDICAL S.R.L. / ALPHA NED 2000 EXIM SRL / B.BRAUN MEDICAL SRL / BIZMED SRL / CO&CO Consumer 2002 S.R.L. / CRAD RO SRL / CRIO - 2 S.R.L. / DELUXE MEDICRAFTS SRL / FRESENIUS KABI ROMANIA SRL / HELLIMED SRL / LG PHARM S.R.L. / LUAN VISION SRL / M-G EXIM ROMITALIA S.R.L. / MLM MEDICAL S.R.L. / OTHERWAY BUSINESS GROUP S.R.L. / RUBICON EDITECH 89 S.R.L. / S.C. ADAR UNIC SOLUTIONS S.R.L. / S.C. Ac Rad Medical Consult&Service S.R.L. / S.C.MEDICAL GRUP S.R.L. / SANTOMED S.R.L. / SC CREATIVE & INNOVATIVE MANAGEMENT SRL / SH MEDICAL SRL / TZMO ROMANIA SRL / VALDOMEDICA TRADING SRL / ZARYS INTERNATIONAL GROUP MEDICAL EQUIPMENT S.R.L.,10297538,valoare maxima a acordului-cadru (TED eForms BT-118 (valoarea maxima a acordului)),,,10297538,TED eForms BT-118 (valoarea maxima a acordului),25343298,DA,Furnizare materiale sanitare Acord-cadru 24 luni,33141000,2025-08-20,24,2027-08-20,TED eForms (durata publicata),DA,,"data = prima incheiere de contract publicata in TED; aceeasi procedura publicata si sub: 80949-2026, 420618-2026",https://ted.europa.eu/en/notice/-/detail/582845-2025
CN1068428,NU,SPITALUL CLINIC JUDETEAN MURES,IDEAL OPTIONS / LUAN VISION,309015,valoare maxima a acordului-cadru (SICAP/OpenTender (valoare procedura)),33300,SICAP/OpenTender (valori pe atribuire),309015,SICAP/OpenTender (valoare procedura),,DA,Acord cadru de furnizare materiale sanitare - ” Halate chirurgicale de unica folosinta sterile ”,33199000,2024-09-04,35.5,2027-08-21,"SICAP/OpenTender (durata publicata, zile)",DA,,2 randuri SICAP cu valoare identica (posibil loturi egale sau acord cu mai multi castigatori); valoarea numarata o singura data,SICAP anunt nr. CN1068428
586769-2026,DA,"SPITALUL JUDETEAN DE URGENTA""DR. CONSTANTIN OPRIS"" BAIA MARE",ZIMMER BIOMET ROMANIA,493500,valoare atribuita (TED eForms (valoarea totala a rezultatului)),493500,TED eForms (valoarea totala a rezultatului),29979620,TED eForms (valoare estimata),,,CONTRACT DE FURNIZARE APARAT DE ANGIOGRAFIE MONOPLAN-ACCELERATOR LINIAR -APARAT ARTROSCOPIE SI APARAT DE ANESTEZIE COMPATIBIL RMN,33100000,2026-08-21,12,2027-08-21,TED eForms (durata publicata),DA,,data = prima incheiere de contract publicata in TED,https://ted.europa.eu/en/notice/-/detail/586769-2026
619955-2025,DA,SPITALUL CLINIC DE URGENTA SF.IOAN,ALPHA MEDICAL / ARCA PERFORMANCE SOLUTIONS / CO&CO Consumer 2002 S.R.L. / CRIO - 2 S.R.L. / DELUXE MEDICRAFTS SRL / GISCO MED / HELLIMED SRL / MEDTRONIC ROMANIA SRL / MLM MEDICAL S.R.L. / NAFKA GRUP S.R.L. / PAUL HARTMANN SRL / S.C. MEDCLAS TRADING S.R.L. S.R.L. / TZMO ROMANIA SRL / ZARYS INTERNATIONAL GROUP MEDICAL EQUIPMENT S.R.L.,541726,valoare maxima a acordului-cadru (TED eForms BT-118 (valoarea maxima a acordului)),,,541726,TED eForms BT-118 (valoarea maxima a acordului),2848634,DA,ACORD CADRU FURNIZARE MATERIALE SANITARE PENTRU NEONATOLOGIE,33140000,2025-08-22,24,2027-08-22,TED eForms (durata publicata),DA,,data = prima incheiere de contract publicata in TED; aceeasi procedura publicata si sub: 650563-2025,https://ted.europa.eu/en/notice/-/detail/619955-2025
611936-2025,DA,SPITALUL CLINIC DR. C. I. PARHON,DIRECT PHARMA LOGISTICS S.R.L.,2779000,valoare maxima a acordului-cadru (TED eForms BT-118 (valoarea maxima a acordului)),,,2779000,TED eForms BT-118 (valoarea maxima a acordului),2805000,DA,"Achizitie consumabile dializa pe loturi: linii, dezinfectanti, filtre",33181520,2025-08-25,24,2027-08-25,TED eForms (durata publicata),DA,,data = prima incheiere de contract publicata in TED,https://ted.europa.eu/en/notice/-/detail/611936-2025
551412-2024,DA,SPITALUL CLINIC JUDETEAN MURES,HEMATRONIC / SMART MEDICAL SOLUTIONS / THREE PHARM,815500,valoare maxima a acordului-cadru (TED eForms BT-118 (valoarea maxima a acordului)),687500,TED eForms (valoarea totala a rezultatului),815500,TED eForms BT-118 (valoarea maxima a acordului),989000,DA,Acord cadru de furnizare de materiale sanitare – ” Consumabile medicale compatibile 100% sau echivalent cu aparatul de tip PRISMAFLEX,33181520,2024-08-26,36,2027-08-26,TED eForms (durata publicata),DA,,"data = prima incheiere de contract publicata in TED; cea mai mare valoare totala publicata dintre 7 anunturi de atribuire (din anuntul 458775-2026; valorile pe anunturi pot fi partiale sau cumulative); aceeasi procedura publicata si sub: 26356-2025, 623876-2024, 251848-2025, 31430-2025, 654117-2025, 35076-2026, 458775-2026",https://ted.europa.eu/en/notice/-/detail/551412-2024
606663-2025,DA,"Spital Clinic Judetean de Urgenta ""Pius Brinzeu"" Timisoara",BIO TECHNIC ROMANIA S.R.L. / HS MEDICAL SRL / MEDICAL ORTOVIT / Neos Europe / ZIMMER BIOMET ROMANIA,32848700,valoare maxima a acordului-cadru (TED eForms BT-118 (valoarea maxima a acordului)),,,32848700,TED eForms BT-118 (valoarea maxima a acordului),34741700,DA,Acord cadru de furnizare - Proteze I,33183200,2025-08-27,24,2027-08-27,TED eForms (durata publicata),DA,,data = prima incheiere de contract publicata in TED,https://ted.europa.eu/en/notice/-/detail/606663-2025
747725-2025,DA,SPITALUL JUDETEAN DE URGENTA DROBETA TURNU SEVERIN,HS MEDICAL SRL / MEDICAL ORTOVIT / VALDOMEDICA TRADING SRL / ZIMMER BIOMET ROMANIA,32188062,valoare maxima a acordului-cadru (TED eForms BT-118 (valoarea maxima a acordului)),,,32188062,TED eForms BT-118 (valoarea maxima a acordului),32469438,DA,A.C. de furnizare proteze ortopedice,33183200,2025-08-27,24,2027-08-27,TED eForms (durata publicata),DA,,data = prima incheiere de contract publicata in TED,https://ted.europa.eu/en/notice/-/detail/747725-2025
681780-2025,DA,Spitalul Municipal de Urgenta Roman,ALPHA MEDICAL S.R.L. / ALTEX ROMANIA S.R.L. / BTL ROMANIA APARATURA MEDICALA S.R.L. / DVC MEDICAL VISION SRL / Elta 90 Medical Research SRL / HEALTHEXPERT / LIAMED / MEDICAL DEVICE STORE SRL / MEDIST IMAGING & P.O.C. S.R.L. / NOVOMED INTERNATIONAL SRL / RAFI MEDICAL / REO MEDICAL APARATURA MEDICALA / S.C. DRAEGER ROMANIA S.R.L. / STRYKER ROMANIA S.R.L. / Sof Medica / TOTALMED,7017146,valoare maxima a acordului-cadru (TED eForms BT-118 (valoarea maxima a acordului)),,,7017146,TED eForms BT-118 (valoarea maxima a acordului),7255200,DA,Acord cadru furnizare de echipamente medicale,33100000,2025-08-28,24,2027-08-28,TED eForms (durata publicata),DA,,data = prima incheiere de contract publicata in TED; aceeasi procedura publicata si sub: 121199-2026,https://ted.europa.eu/en/notice/-/detail/681780-2025
536451-2023,DA,Spitalul Judetean de Urgenta Tulcea,Lumamed Health&Care,1692000,valoare maxima a acordului-cadru (TED eForms BT-118 (valoarea maxima a acordului)),1692000,TED F03 (II.1.7 valoarea totala a achizitiei),1692000,TED eForms BT-118 (valoarea maxima a acordului),1692000,DA,CONSUMABILE MEDICALE,33140000,2023-08-30,48,2027-08-30,TED eForms (durata publicata),DA,,"data = prima incheiere de contract publicata in TED; cea mai mare valoare totala publicata dintre 6 anunturi de atribuire (din anuntul 536451-2023; valorile pe anunturi pot fi partiale sau cumulative); aceeasi procedura publicata si sub: 276103-2024, 261996-2024, 178052-2025, 590421-2024, 633320-2023",https://ted.europa.eu/en/notice/-/detail/536451-2023
CN1059759,NU,SPITALUL JUDETEAN DE URGENTA BACAU,AXIOMED SOLUTIONS SRL / Medico International / STERISACO / DELUXE MEDICRAFTS,833722,valoare atribuita (SICAP/OpenTender (valori pe atribuire)),833722,SICAP/OpenTender (valori pe atribuire),,,,,Materiale Sterilizare,33198200,2023-09-21,47.3,2027-08-31,"SICAP/OpenTender (durata publicata, zile)",DA,,valoarea procedurii din SICAP/OpenTender (21.793.745 RON) ignorata: de peste 20 de ori valoarea atribuita (probabil eroare de unitate); suma loturi,SICAP anunt nr. CN1059759
598204-2025,DA,"Spitalul Clinic de Urgenta pentru Copii ""Grigore Alexandrescu""",AXIOMED SOLUTIONS SRL / Limas Group S.R.L. / RAFI MEDICAL / STERISACO / TEHNOPLUS MEDICAL,2080344,valoare maxima a acordului-cadru (TED eForms BT-118 (valoarea maxima a acordului)),,,2080344,TED eForms BT-118 (valoarea maxima a acordului),2282333,DA,acord cadru de furnizare consumabile materiale sterilizare – 11 loturi,33198200,2025-09-02,24,2027-09-02,TED eForms (durata publicata),DA,,data = prima incheiere de contract publicata in TED,https://ted.europa.eu/en/notice/-/detail/598204-2025
576849-2025,DA,"Spital Clinic Judetean de Urgenta ""Pius Brinzeu"" Timisoara",ALPHA MEDICAL / DELUXE MEDICRAFTS / HELLIMED / THREE PHARM,20551200,valoare maxima a acordului-cadru (TED eForms BT-118 (valoarea maxima a acordului)),,,20551200,TED eForms BT-118 (valoarea maxima a acordului),20688900,DA,Materiale sanitare III,33140000,2025-09-03,24,2027-09-03,TED eForms (durata publicata),DA,,data = prima incheiere de contract publicata in TED,https://ted.europa.eu/en/notice/-/detail/576849-2025
630813-2025,DA,SPITALUL CLINIC JUDETEAN DE URGENTA CLUJ,ALCA DUO MEDICAL S.R.L. / CRIO - 2 / GRAZY PRICE MEDICAL IMPORT EXPORT S.R.L. / HELLIMED SRL / MEDIMPACT SRL / MERCATOR MEDICAL / MLM MEDICAL S.R.L. / NAFKA GRUP / PRIMEX MEDICAL / ROMBIOMEDICA / S.C. DRAEGER ROMANIA S.R.L. / S.C.MEDICAL GRUP S.R.L. / SC Nova Fit 2000 S.R.L.,2015999,valoare maxima a acordului-cadru (TED eForms BT-118 (valoarea maxima a acordului)),,,2015999,TED eForms BT-118 (valoarea maxima a acordului),4052389,DA,Consumabile pentru Aparatura si Materiale sanitare Neonatologie 3,33140000,2025-09-03,24,2027-09-03,TED eForms (durata publicata),DA,,data = prima incheiere de contract publicata in TED,https://ted.europa.eu/en/notice/-/detail/630813-2025
712435-2025,DA,SPITALUL CLINIC JUDETEAN DE URGENTA CLUJ,AXIOMED SOLUTIONS SRL / BIOSAN / DELUXE MEDICRAFTS / Limas Group S.R.L. / RAFI MEDICAL / STERIL ROMANIA / STERISACO / TEHNOPLUS MEDICAL,13006972,valoare maxima a acordului-cadru (TED eForms BT-118 (valoarea maxima a acordului)),,,13006972,TED eForms BT-118 (valoarea maxima a acordului),28303050,DA,Materiale pentru sterilizare,33198200,2025-09-03,24,2027-09-03,TED eForms (durata publicata),DA,,data = prima incheiere de contract publicata in TED; aceeasi procedura publicata si sub: 828665-2025,https://ted.europa.eu/en/notice/-/detail/712435-2025
582706-2025,DA,"Spitalul Universitar de Urgenta Militar Central ""Dr. Carol Davila""",ALPHA MEDICAL S.R.L. / HEXAMEDICAL HEALTH / RUBICON EDITECH 89 S.R.L. / S.C. BIOTECHNICS IMPLANT S.R.L. / VALDOMEDICA TRADING SRL,1061160,valoare maxima a acordului-cadru (TED eForms BT-118 (valoarea maxima a acordului)),6828,TED eForms (valoarea totala a rezultatului),1061160,TED eForms BT-118 (valoarea maxima a acordului),1460000,DA,Materiale Sanitare Diverse - 5 Loturi,33141125,2025-09-04,24,2027-09-04,TED eForms (durata publicata),DA,,unitate militara cu profil de spital; data = prima incheiere de contract publicata in TED; valoare atribuita din anuntul 576621-2026; aceeasi procedura publicata si sub: 576621-2026,https://ted.europa.eu/en/notice/-/detail/582706-2025
582796-2025,DA,SPITALUL UNIVERSITAR DE URGENTA ELIAS,BOSTON SCIENTIFIC ROMANIA / BTL ROMANIA APARATURA MEDICALA S.R.L. / CHRONOS TRADE MEDICAL / HYGIENE ONE S.R.L. / KRAL MEDICAL SOLUTIONS / Kembli-Med / SPORTMED SYSTEMS / Sante International / TEHNOPLUS MEDICAL / ANTISEL RO,10354790,valoare maxima a acordului-cadru (TED eForms BT-118 (valoarea maxima a acordului)),,,10354790,TED eForms BT-118 (valoarea maxima a acordului),12324769,DA,Echipamente medicale,33100000,2025-09-05,24,2027-09-05,TED eForms (durata publicata),DA,,"data = prima incheiere de contract publicata in TED; aceeasi procedura publicata si sub: 262749-2026, 416441-2026",https://ted.europa.eu/en/notice/-/detail/582796-2025
590056-2024,DA,SPITALUL CLINIC OBSTETRICA GINECOLOGIE CUZA-VODA,ALPHA MEDICAL / Abb Neopuls / B.BRAUN MEDICAL / BIOTECHNICS IMPLANT / CARDIOTECH / CARTO PLAST SRL / COMINF SRL / DRAEGER ROMANIA / EXIMIA MEDICAL / GENERAL ELECTRIC MEDICAL SYSTEMS ROMANIA / HELLIMED / KARL STORZ ENDOSCOPIA ROMANIA / MEDCLAS TRADING S.R.L. / MEDSURGICAL / Medical Corp S.R.L. / NAFKA GRUP / PAPAPOSTOLOU S.R.L / TEHNOPLUS MEDICAL / TMS - TOP MEDICAL SUPPLIER,3833432,valoare maxima a acordului-cadru (TED eForms BT-118 (valoarea maxima a acordului)),947383,TED eForms (valoarea totala a rezultatului),3833432,TED eForms BT-118 (valoarea maxima a acordului),5292923,DA,“ Materiale consumabile pentru intretinere si functionare echipamente medicale ” pentru Spitalul Clinic de Obstetrica si Ginecologie « Cuza ,33140000,2024-09-06,36,2027-09-06,TED eForms (durata publicata),DA,,"data = prima incheiere de contract publicata in TED; cea mai mare valoare totala publicata dintre 9 anunturi de atribuire (din anuntul 328450-2026; valorile pe anunturi pot fi partiale sau cumulative); aceeasi procedura publicata si sub: 128659-2025, 628582-2024, 732849-2024, 333781-2025, 551667-2025, 211875-2026, 753945-2025, 229373-2026, 328450-2026",https://ted.europa.eu/en/notice/-/detail/590056-2024
588190-2025,DA,SPITALUL JUDETEAN DE URGENTA VASLUI,SANROTEX TRADING SRL,904440,valoare maxima a acordului-cadru (TED eForms BT-118 (valoarea maxima a acordului)),,,904440,TED eForms BT-118 (valoarea maxima a acordului),2340000,DA,"Comprese din tifon, Fesi din tifon, Tifon medical",33141118,2025-09-08,24,2027-09-08,TED eForms (durata publicata),DA,,data = prima incheiere de contract publicata in TED,https://ted.europa.eu/en/notice/-/detail/588190-2025
606411-2025,DA,Spitalul Clinic de Obstetrica-Ginecologie Dr. I.A. Sbarcea Brasov,ALPHA MEDICAL / Abb Neopuls / DRAEGER ROMANIA / EVOREVO / GISCO MED / HELLIMED / ICU DARMED S.R.L. / KARL STORZ ENDOSCOPIA ROMANIA / MEDICAL GRUP / MEDTRONIC ROMANIA / Medical Corp S.R.L. / NAFKA GRUP / PAPAPOSTOLOU S.R.L / REVISMED / RUBICON EDITECH 89 S.R.L. / TEHNOPLUS MEDICAL,14266068,valoare maxima a acordului-cadru (TED eForms BT-118 (valoarea maxima a acordului)),,,14266068,TED eForms BT-118 (valoarea maxima a acordului),22147484,DA,Furnizare consumabile pentru echipamentele medicale,33140000,2025-09-08,24,2027-09-08,TED eForms (durata publicata),DA,,data = prima incheiere de contract publicata in TED,https://ted.europa.eu/en/notice/-/detail/606411-2025
603973-2024,DA,SPITALUL JUDETEAN DE URGENTA VALCEA,BIO TECHNIC ROMANIA S.R.L. / DELUXE MEDICRAFTS SRL / ENLIFE SOLUTIONS SRL / Flexi Pro SRL / HS MEDICAL SRL / MEDICAL ORTOVIT / STRYKER ROMANIA S.R.L. / VALDOMEDICA TRADING SRL / ZIMMER BIOMET ROMANIA,47702453,valoare maxima a acordului-cadru (TED eForms BT-118 (valoarea maxima a acordului)),5442856,TED eForms (valoarea totala a rezultatului),47702453,TED eForms BT-118 (valoarea maxima a acordului),55510237,DA,Consumabile medicale si Proteze (bloc operator) - Acord cadru 36 luni,33140000,2024-09-09,36,2027-09-09,TED eForms (durata publicata),DA,,"data = prima incheiere de contract publicata in TED; cea mai mare valoare totala publicata dintre 24 anunturi de atribuire (din anuntul 638137-2026; valorile pe anunturi pot fi partiale sau cumulative); aceeasi procedura publicata si sub: 91405-2025, 717781-2024, 327293-2025, 756168-2024, 38172-2025, 148931-2025, 348493-2025, 386448-2025, 436960-2025, 545171-2025, 592141-2025, 669741-2025, 755713-2025, 835450-2025, 51050-2026, 106313-2026, 638137-2026, 230070-2026, 259957-2026, 328544-2026, 435066-2026, 513702-2026, 578383-2026, 595170-2026",https://ted.europa.eu/en/notice/-/detail/603973-2024
592621-2025,DA,Spitalul Clinic Judetean de Urgenta Targu.Mures,HYGIENE ONE S.R.L.,7157500,valoare maxima a acordului-cadru (TED eForms BT-118 (valoarea maxima a acordului)),,,7157500,TED eForms BT-118 (valoarea maxima a acordului),7157500,DA,"Acord cadru de furnizare Echipament de imagistică ecografică, cu ultrasunete şi Doppler",33112000,2025-09-09,24,2027-09-09,TED eForms (durata publicata),DA,,data = prima incheiere de contract publicata in TED,https://ted.europa.eu/en/notice/-/detail/592621-2025
777735-2025,DA,SPITALUL CLINIC DE URGENTA SF. PANTELIMON,ANGIOSPECTRU MED S.R.L. / ENLIFE SOLUTIONS / EXIMIA MEDICAL / INNOVOTECH / Lumamed Health&Care / MEDI -TECH BUSINESS / MEDTRONIC ROMANIA / TECMED / THREE PHARM,130375975,valoare maxima a acordului-cadru (TED eForms BT-118 (valoarea maxima a acordului)),,,130375975,TED eForms BT-118 (valoarea maxima a acordului),135638475,DA,FURNIZARE CONSUMABILE RADIOLOGIE INTERVENTIONALA,33140000,2025-09-09,24,2027-09-09,TED eForms (durata publicata),DA,,data = prima incheiere de contract publicata in TED,https://ted.europa.eu/en/notice/-/detail/777735-2025
639955-2026,DA,Institutul Oncologic Prof. Dr. I. Chiricuta Cluj-Napoca,MEDIST LIFE SCIENCE S.R.L.,952780,valoare atribuita (TED eForms (valoarea totala a rezultatului)),952780,TED eForms (valoarea totala a rezultatului),952800,TED eForms (valoare estimata),,,FURNIZARE ANALIZOR AUTOMAT STANDALONE-proiect CLARA,33100000,2026-09-11,12,2027-09-11,TED eForms (durata publicata),DA,,data = prima incheiere de contract publicata in TED,https://ted.europa.eu/en/notice/-/detail/639955-2026
558312-2023,DA,Spitalul Judetean de Urgenta Miercurea Ciuc,ALPHA NED 2000 EXIM / AXIOMED SOLUTIONS SRL / B.BRAUN MEDICAL / BLISS CONCEPT DM / Biolife Systems / CRIO - 2 S.R.L. / DELUXE MEDICRAFTS / DIALAB SOLUTIONS / EDICENA MEDICAL S.R.L. / ESMED GROUP / EURO PHARMAMED / Euroexpand Impex / Flexi Pro SRL / GENODYNAMIC SRL / GRAZY PRICE MEDICAL IMPORT EXPORT S.R.L. / HDL Union / LIAMED / MAC'S MEDICAL SURGICAL / MEDI -TECH BUSINESS SRL / MEDIMPACT / MEDTRONIC ROMANIA SRL / Medical Express S.R.L. / NAFKA GRUP S.R.L. / NOBIS LABORDIAGNOSTICA S.R.L. / PARTNERS MEDICAL SOLUTION S.R.L. / PRIMEX MEDICAL / RAFI MEDICAL / RICOMED / RS Medical Line / RUBICON PHARMACEUTICALS SRL / S.C. BIOTECHNICS IMPLANT S.R.L. / S.C. DRAEGER ROMANIA S.R.L. / S.C. Natural Es-medical S.R.L S.R.L. / S.C.MEDICAL GRUP S.R.L. / SAB TRANS CONSULT / SANTOMED S.R.L. / SC JUSTIR DESIGN SRL / SC PURAMA SRL / SH MEDICAL SRL / SPORTMED SYSTEMS / STERIL ROMANIA / Sante International S.A. / TEHNO ELECTRO MEDICAL COMPANY S.R.L. / TIMBERSTAR S.R.L. / VALDOMEDICA TRADING / VETRO DESIGN S.R.L. / ZARYS INTERNATIONAL GROUP MEDICAL EQUIPMENT S.R.L.,16180933,valoare maxima a acordului-cadru (TED F02 (valoare estimata totala)),10081387,TED F03 (II.1.7 valoarea totala a achizitiei),16180933,TED F02 (valoare estimata totala),,DA,Consumabile medicale,33140000,2023-09-12,48,2027-09-12,TED F02 (durata publicata),DA,,"data = prima incheiere de contract publicata in TED; aceeasi procedura publicata si sub: 276318-2023, CN1054856",https://ted.europa.eu/en/notice/-/detail/558312-2023
789358-2023,DA,"Institutul Regional de Gastroenterologie-Hepatologie ""Prof. Dr. Octavian Fodor"" Cluj",BIOSAN / BIOSENS MEDICA S.R.L. / DELUXE MEDICRAFTS / HEXAMEDICAL HEALTH / Johnson & Johnson Romania SRL / PHARMICS S.R.L. / ROMBIOMEDICA / SC PURAMA SRL / STERIL ROMANIA,16315347,valoare maxima a acordului-cadru (TED eForms (suma valorilor maxime pe loturi)),,,16315347,TED eForms (suma valorilor maxime pe loturi),23491994,DA,ACORD CADRU - FIRE SUTURA SI HEMOSTATICE,33140000,2023-09-12,48,2027-09-12,TED eForms (durata publicata),DA,,data = prima incheiere de contract publicata in TED,https://ted.europa.eu/en/notice/-/detail/789358-2023
658580-2025,DA,SPITALUL CLINIC JUDETEAN MURES,ALCON ROMANIA,1639564,valoare maxima a acordului-cadru (TED eForms BT-118 (valoarea maxima a acordului)),273618,TED eForms (valoarea totala a rezultatului),1639564,TED eForms BT-118 (valoarea maxima a acordului),1852972,DA,Acord cadru de furnizare materiale sanitare - ” CONSUMABILE MEDICALE COMPATIBILE 100% SAU ECHIVALENT CU SISTEMUL OFTALMOLOGIC CONSTELLATION ,33162100,2025-09-12,24,2027-09-12,TED eForms (durata publicata),DA,,"data = prima incheiere de contract publicata in TED; cea mai mare valoare totala publicata dintre 3 anunturi de atribuire (din anuntul 462456-2026; valorile pe anunturi pot fi partiale sau cumulative); aceeasi procedura publicata si sub: 38644-2026, 462456-2026, 275143-2026",https://ted.europa.eu/en/notice/-/detail/658580-2025
660586-2026,DA,"Institutul National de Diabet, Nutritie si Boli Metabolice ""N. C. Paulescu""",DEYAN KRAFT MEDICAL / MEDTRONIC ROMANIA / ROCHE ROMANIA,2566500,valoare maxima a acordului-cadru (TED eForms BT-118 (valoarea maxima a acordului)),,,2566500,TED eForms BT-118 (valoarea maxima a acordului),4148100,DA,Acord cadru de furnizare Sistem de monitorizare glicemica continua - pachet initiere,33140000,2026-09-14,12,2027-09-14,TED eForms (durata publicata),DA,,data = prima incheiere de contract publicata in TED,https://ted.europa.eu/en/notice/-/detail/660586-2026
621587-2025,DA,SPITALUL JUDETEAN DE URGENTA PITESTI,ALPHA MEDICAL / BOSTON SCIENTIFIC ROMANIA / KARL STORZ ENDOSCOPIA ROMANIA / STERIL ROMANIA / VALDOMEDICA TRADING,2005050,valoare maxima a acordului-cadru (TED eForms BT-118 (valoarea maxima a acordului)),,,2005050,TED eForms BT-118 (valoarea maxima a acordului),2578250,DA,Furnizare consumabile urologie,33140000,2025-09-15,24,2027-09-15,TED eForms (durata publicata),DA,,data = prima incheiere de contract publicata in TED,https://ted.europa.eu/en/notice/-/detail/621587-2025
593723-2024,DA,Spitalul Clinic Judetean de Urgenta Craiova,BIO TECHNIC ROMANIA S.R.L. / MEDICAL ORTOVIT / VALDOMEDICA TRADING / ZIMMER BIOMET ROMANIA,39070300,valoare maxima a acordului-cadru (TED eForms BT-118 (valoarea maxima a acordului)),,,39070300,TED eForms BT-118 (valoarea maxima a acordului),40476800,DA,ACORD CADRU FURNIZARE PROTEZE SI COMPONENTE PROTEICE SPECIFICE PN ENDOPROTEZARE,33183100,2024-09-16,36,2027-09-16,TED eForms (durata publicata),DA,,data = prima incheiere de contract publicata in TED,https://ted.europa.eu/en/notice/-/detail/593723-2024
15196-2026,DA,SPITALUL JUDETEAN DE URGENTA ZALAU,B.BRAUN MEDICAL SRL / DELUXE MEDICRAFTS SRL / ESMED GROUP / Medical Express S.R.L. / NOVITRADE SRL / NOVOMED INTERNATIONAL SRL / OFTAMEDICA / PAUL HARTMANN SRL / S.C. TRIDENT MEDICAL COMPANY S.R.L. S.R.L. / SC BIOPHARM INTERNATIONAL SRL / SC CREATIVE & INNOVATIVE MANAGEMENT SRL / TZMO ROMANIA SRL / ZARYS INTERNATIONAL GROUP MEDICAL EQUIPMENT S.R.L.,10786408,valoare maxima a acordului-cadru (TED eForms BT-118 (valoarea maxima a acordului)),,,10786408,TED eForms BT-118 (valoarea maxima a acordului),20421650,DA,MATERIALE SANITARE 1,33100000,2025-09-16,24,2027-09-16,TED eForms (durata publicata),DA,,data = prima incheiere de contract publicata in TED,https://ted.europa.eu/en/notice/-/detail/15196-2026
761677-2025,DA,"Spital Clinic Judetean de Urgenta ""Pius Brinzeu"" Timisoara",DELUXE MEDICRAFTS SRL / DEYAN KRAFT MEDICAL / DIRECT PHARMA LOGISTICS S.R.L / KAPAMED INTERNATIONAL SRL / MEDTRONIC ROMANIA SRL / MEGACONS-BRILLAGO SRL / S.C.MEDICAL GRUP S.R.L. / TZMO ROMANIA SRL,12252676,valoare maxima a acordului-cadru (TED eForms BT-118 (valoarea maxima a acordului)),,,12252676,TED eForms BT-118 (valoarea maxima a acordului),12957948,DA,Acord cadru furnizare materiale sanitare,33140000,2025-09-16,24,2027-09-16,TED eForms (durata publicata),DA,,data = prima incheiere de contract publicata in TED,https://ted.europa.eu/en/notice/-/detail/761677-2025
666307-2025,DA,"Spitalul Universitar de Urgenta Militar Central ""Dr. Carol Davila""",KRAL MEDICAL SOLUTIONS SRL,2005602,valoare maxima a acordului-cadru (TED eForms BT-118 (valoarea maxima a acordului)),668534,TED eForms (valoarea totala a rezultatului),2005602,TED eForms BT-118 (valoarea maxima a acordului),2005608,DA,Modernizări mese operații,33192230,2025-09-17,24,2027-09-17,TED eForms (durata publicata),DA,,unitate militara cu profil de spital; data = prima incheiere de contract publicata in TED; valoare atribuita din anuntul 833869-2025; aceeasi procedura publicata si sub: 833869-2025,https://ted.europa.eu/en/notice/-/detail/666307-2025
759387-2025,DA,"Spital Clinic Judetean de Urgenta ""Pius Brinzeu"" Timisoara",Alliance Impex SRL / L&P MEDICAL / NAFKA GRUP S.R.L. / SC JUSTIR DESIGN SRL / SUPERMEDICAL SRL,850480,valoare maxima a acordului-cadru (TED eForms BT-118 (valoarea maxima a acordului)),,,850480,TED eForms BT-118 (valoarea maxima a acordului),20442560,DA,Acord cadru furnizare materiale sanitare,33140000,2025-09-18,24,2027-09-18,TED eForms (durata publicata),DA,,data = prima incheiere de contract publicata in TED,https://ted.europa.eu/en/notice/-/detail/759387-2025
652016-2025,DA,SPITALUL CLINIC JUDETEAN DE URGENTA SIBIU,DEYAN KRAFT MEDICAL / Glucopro / MEDTRONIC ROMANIA / ROCHE ROMANIA / RUBICON PHARMACEUTICALS,21050893,valoare maxima a acordului-cadru (TED eForms BT-118 (valoarea maxima a acordului)),,,21050893,TED eForms BT-118 (valoarea maxima a acordului),24339181,DA,"Achizitie consumabile diabet zaharat, nutritie si boli metabolice",33140000,2025-09-19,24,2027-09-19,TED eForms (durata publicata),DA,,data = prima incheiere de contract publicata in TED; aceeasi procedura publicata si sub: 26558-2026,https://ted.europa.eu/en/notice/-/detail/652016-2025
664068-2025,DA,SPITALUL MUNICIPAL MEDIAS,BIOMATRIX SYSTEM / MEDICAL ORTOVIT / S.C. OSTEOPHARM S.R.L. S.R.L. / SANATMETAL RO SRL / SPORTMED SYSTEMS / STRYKER ROMANIA S.R.L.,8809560,valoare maxima a acordului-cadru (TED eForms BT-118 (valoarea maxima a acordului)),,,8809560,TED eForms BT-118 (valoarea maxima a acordului),9622080,DA,Implanturi ortopedice,33183100,2025-09-22,24,2027-09-22,TED eForms (durata publicata),DA,,data = prima incheiere de contract publicata in TED,https://ted.europa.eu/en/notice/-/detail/664068-2025
660167-2024,DA,Spitalul Judetean de Urgenta Alba Iulia,VLADI MED DISTRIBUTION S.R.L.,1508282,valoare maxima a acordului-cadru (TED eForms BT-118 (valoarea maxima a acordului)),,,1508282,TED eForms BT-118 (valoarea maxima a acordului),1372819,DA,FIRE DE SUTURA -ACORD CADRU 36 LUNI,33141125,2024-09-23,36,2027-09-23,TED eForms (durata publicata),DA,,"data = prima incheiere de contract publicata in TED; aceeasi procedura publicata si sub: 351688-2024, CN1070013",https://ted.europa.eu/en/notice/-/detail/660167-2024
648427-2025,DA,"Spital Clinic Judetean de Urgenta ""Pius Brinzeu"" Timisoara",ANTISEL RO SRL / HYPO TECH & CONSULTING SRL / LABORATORIUM LIFE SCIENCE SRL / Novaintermed S.R.L. / PARTNERS MEDICAL SOLUTION S.R.L. / PRIMEX MEDICAL SRL / SC Nova Fit 2000 S.R.L. / SYNTTERGY CONSULT S.R.L. / Sante International S.A. / TUNIC PROD S.R.L. / Top Diagnostics S.R.L. / VETRO DESIGN S.R.L.,10035831,valoare maxima a acordului-cadru (TED eForms BT-118 (valoarea maxima a acordului)),,,10035831,TED eForms BT-118 (valoarea maxima a acordului),11474128,DA,Acord Cadru furnizare Consumabile de laborator,33141000,2025-09-23,24,2027-09-23,TED eForms (durata publicata),DA,,data = prima incheiere de contract publicata in TED,https://ted.europa.eu/en/notice/-/detail/648427-2025
715736-2025,DA,"Institutul de Pneumoftiziologie ""Marius Nasta""",ALPHA MEDICAL / CRIO - 2 / DELUXE MEDICRAFTS / KAPAMED INTERNATIONAL / KARL STORZ ENDOSCOPIA ROMANIA / LINDE GAZ ROMANIA S.R.L. / MEDIMPACT / Novaintermed / RICOMED / ZARYS INTERNATIONAL GROUP,4329712,valoare maxima a acordului-cadru (TED eForms BT-118 (valoarea maxima a acordului)),,,4329712,TED eForms BT-118 (valoarea maxima a acordului),4660600,DA,Acord cadru consumabile medicale,33140000,2025-09-23,24,2027-09-23,TED eForms (durata publicata),DA,,data = prima incheiere de contract publicata in TED,https://ted.europa.eu/en/notice/-/detail/715736-2025
622119-2024,DA,Spitalul Județean de Urgență Dr.Constantin Andreoiu Ploiești,DACORUM GRUP,3888126,valoare maxima a acordului-cadru (TED eForms BT-118 (valoarea maxima a acordului)),,,3888126,TED eForms BT-118 (valoarea maxima a acordului),3890000,DA,FURNIZARE APARATURA MEDICALA,33100000,2024-09-24,36,2027-09-24,TED eForms (durata publicata),DA,,data = prima incheiere de contract publicata in TED,https://ted.europa.eu/en/notice/-/detail/622119-2024
737779-2025,DA,SPITALUL JUDETEAN DE URGENTA DROBETA TURNU SEVERIN,Novaintermed S.R.L. / TZMO ROMANIA SRL,3732000,valoare maxima a acordului-cadru (TED eForms BT-118 (valoarea maxima a acordului)),,,3732000,TED eForms BT-118 (valoarea maxima a acordului),4113600,DA,"A.C. de furnizare de manusi chirurgicale, manusi de examinare din latex si manusi din nitril",33141420,2025-09-24,24,2027-09-24,TED eForms (durata publicata),DA,,data = prima incheiere de contract publicata in TED,https://ted.europa.eu/en/notice/-/detail/737779-2025
603926-2024,DA,"Spitalul Clinic Judetean de Urgenta""Sfantul Apostol Andrei""",RAFI MEDICAL / VODIMEDICOR,5767040,valoare maxima a acordului-cadru (TED eForms BT-118 (valoarea maxima a acordului)),,,5767040,TED eForms BT-118 (valoarea maxima a acordului),6282969,DA,Fire atraumatice de sutura chirurgicala,33141126,2024-09-25,36,2027-09-25,TED eForms (durata publicata),DA,,data = prima incheiere de contract publicata in TED; aceeasi procedura publicata si sub: CAN1134487,https://ted.europa.eu/en/notice/-/detail/603926-2024
