id_anunt,autoritate,castigator,valoare_ron,data,motiv_excludere
475330-2020,"Institutul National de Cercetare Dezvoltare pentru Fizica si Inginerie Nucleara ""Horia Hulubei""",APEL LASER S.R.L. / CANBERRA PACKARD S.R.L. / Euro Techsys S.R.L. / HISTERESIS S.R.L. / ROMTEK ELECTRONICS S.R.L.,1139278,2019-02-26,institut de cercetare / fara paturi de spital
156995-2020,Unitatea Militară 02433 București,ANALYTIK-JENA-ROMANIA S.R.L. / ANTISEL RO SRL / Agilrom Scientific / CROMATEC PLUS S.R.L. / Carl Zeiss Instruments / Elta 90 Medical Research SRL / NITECH / SAPACO 2000 S.A. / WATT DISTRIBUTOR S.R.L.,5853297,2019-08-22,unitate militara fara profil de spital
557152-2020,Consiliul Județean Buzău,Karl Storz Endoscopia Romania / Kral Medical Solutions S.R.L.,1658220,2019-09-29,autoritate non-spital
CAN1027534,SERVICIUL DE AMBULANTA BUCURESTI-ILFOV,Pansiprod Distributie / ALPHA NED 2000 EXIM / NANO BIO MEDICAL S.R.L. / Steril Romania S.R.L. / TRIDENT MEDICAL COMPANY S.R.L. / TUNIC PROD S.R.L. / TZMO ROMANIA / LUAN VISION / BIZMED SRL / X-Lab Solutions S.R.L. / MEDICAL GRUP / Natural Es-medical S.R.L / MLM MEDICAL S.R.L. / ARTISANA MEDICAL S.R.L. / Air Liquide Vitalaire Romania / MED - AL TRADING SRL / DELTAMED / PAUL HARTMANN / RUBICON EDITECH 89 S.R.L. / TAISSIS CONCEPT / NOVITRADE S.R.L. / CO&CO Consumer 2002 S.R.L. / NAFKA GRUP S.R.L.,,2020-01-09,autoritate non-spital
SCN1061288,S.N. AEROPORTUL INTERNATIONAL TIMISOARA TRAIAN VUIA S.A.,HORACE MEDIA / DUEVERDE srl / DATA LOGIC AZIMUR SRL / TRADECO ENGINEERING DGC,561027,2020-01-09,entitate privata (SRL/SA)
16044-2020,SERVICIUL DE AMBULANTA BUCURESTI-ILFOV,ALPHA NED 2000 EXIM / ARTISANA MEDICAL S.R.L. / Air Liquide Vitalaire Romania / BIZMED SRL / CO&CO Consumer 2002 S.R.L. / DELTAMED / LUAN VISION / MED - AL TRADING SRL / MEDICAL GRUP / MLM MEDICAL S.R.L. / NAFKA GRUP / NANO BIO MEDICAL S.R.L. / NOVITRADE / Natural Es-medical S.R.L / PAUL HARTMANN / Pansiprod Distributie / RUBICON EDITECH 89 S.R.L. / STERIL ROMANIA / TAISSIS CONCEPT / TRIDENT MEDICAL COMPANY S.R.L. / TUNIC PROD S.R.L. / TZMO ROMANIA / X-Lab Solutions S.R.L.,108000,2020-01-14,autoritate non-spital
SCN1061640,Municipiul Gheorgheni,TEHNO ELECTRO MEDICAL COMPANY S.R.L.,390025,2020-01-17,autoritate non-spital
36129-2020,Orașul Rovinari,Farmatin Medical,1605000,2020-01-21,autoritate non-spital
CAN1028107,Institutul National de Cercetare Dezvoltare Medico Militara Cantacuzino,SC BIOGENETIX SRL,19800,2020-01-22,institut de cercetare / fara paturi de spital
CAN1028108,Institutul National de Cercetare Dezvoltare Medico Militara Cantacuzino,DIALAB SOLUTIONS,23100,2020-01-22,institut de cercetare / fara paturi de spital
SCNA1023332,Directia Generala de Asistenta Sociala si Protectia Copilului Timis,COMTIB S.R.L.,249423,2020-01-23,autoritate non-spital
SCN1062015,SERVICIUL DE AMBULANTA JUDETEAN VRANCEA,PRIMEX MEDICAL / MEDIMPACT / ALPHA BRIO MEDICAL S.R.L. / DELTAMED / Pansiprod Distributie,1058226,2020-01-28,autoritate non-spital
SCN1062180,Directia Generala de Asistenta Sociala si Protectia Copilului Dolj,SANROTEX TRADING SRL / TZMO ROMANIA,173750,2020-01-30,autoritate non-spital
SCNA1031780,Directia Sanitara Veterinara si pentru Siguranta Alimentelor Hunedoara,Noack Romania S.R.L.,9400,2020-02-03,autoritate non-spital
SCN1062562,Comuna Tirsolt,MARSHAL S.R.L.,89500,2020-02-05,autoritate non-spital
SCNA1017826,Directia Generala de Asistenta Sociala si Protectia Copilului Arges,TZMO ROMANIA,238679,2020-02-05,autoritate non-spital
CN1018541,DIRECTIA SANITARA VETERINARA SI PENTRU SIGURANTA ALIMENTELOR IALOMITA,SEPADIN S.R.L. / A.M.S. 2000 TRADING IMPEX S.R.L. / SAPACO 2000 S.A. / ELECTRIC BACKUP / Omnivet Impex S.R.L. / ANTISEL RO SRL,438705,2020-02-06,autoritate non-spital
CN1018640,SC. SANADOR SRL,EXIMIA MEDICAL / HELLIMED / Sof Medica / M-G EXIM ROMITALIA / LUAN VISION / CARDIOTECH / FARMACEUTICA REMEDIA DISTRIBUTION & LOGISTICS S.R.L. / BIOLIFE GRUP S.R.L. / LIFETECH CONSULTING / MLM MEDICAL S.R.L. / MEDTRONIC ROMANIA / SC EPSYLON GROUP SRL / ALPHA MEDICAL S.R.L. / MEDI -TECH BUSINESS / ANGIOSPECTRU MED S.R.L.,,2020-02-06,entitate privata (SRL/SA)
CAN1028872,Universitatea din Bucuresti,SAPACO 2000 S.A.,6400,2020-02-10,autoritate non-spital
SCN1062866,Directia Sanitara Veterinara si pentru Siguranta Alimentelor Hunedoara,NOVA GROUP INVESTMENT / Noack Romania S.R.L. / MEDICLIM S.R.L. / DIALAB SOLUTIONS / EUROVET LAB S.R.L.,50416,2020-02-11,autoritate non-spital
SCN1062885,"Universitatea ""Alexandru Ioan Cuza"" Iasi",FABI TOTAL GRUP S.R.L. / S.C. GLOBAL PLAST INVEST SRL S.R.L.,228180,2020-02-11,autoritate non-spital
SCN1062949,Comuna Petricani,AMBIENT ROOF DAHA / MOBTECO PRODUCT S.R.L.,61372,2020-02-12,autoritate non-spital
92054-2020,JUDETUL GALATI,General Electric Medical Systems România,1690000,2020-02-18,autoritate non-spital
SCN1063272,SERVICIUL DE AMBULANTA JUDETEAN PRAHOVA,NAFKA GRUP S.R.L. / ARTISANA MEDICAL S.R.L. / Pansiprod Distributie / CRIO - 2 S.R.L. / LUAN VISION / CO&CO Consumer 2002 S.R.L. / TZMO ROMANIA / VALDOMEDICA TRADING / X-Lab Solutions S.R.L. / THREE PHARM / HDL Union / MEDIST IMAGING & P.O.C. S.R.L. / S.C. MEDCLAS TRADING S.R.L. S.R.L. / S.C. DELTAMED S.R.L. / S.C.MEDICAL GRUP S.R.L.,283744,2020-02-18,autoritate non-spital
SCN1063430,Apavital SA Iasi,SMART CHOICE S.R.L. / ALIANT BUSINESS SOLUTIONS / QUARTZ MATRIX,164109,2020-02-20,entitate privata (SRL/SA)
138397-2020,OFICIUL NATIONAL PENTRU ACHIZITII CENTRALIZATE,Chronos Trade Medical,9913825,2020-02-28,autoritate non-spital
SCN1064485,DIRECTIA DE ASISTENTA SOCIALA BAIA MARE,BTL ROMANIA APARATURA MEDICALA S.R.L. / INDECO SOFT S.R.L.,181610,2020-03-05,autoritate non-spital
SCN1064681,"UNIVERSITATEA ""LUCIAN BLAGA"" DIN SIBIU",COMTIB S.R.L.,324458,2020-03-06,autoritate non-spital
135643-2020,JUDETUL SIBIU,Papapostolou S.R.L / S.C. Elmed Medical S.R.L.,2747622,2020-03-09,autoritate non-spital
147992-2020,Orasul Simleu Silvaniei,BPM Tehnologica / Mobteco Product S.R.L.,6826107,2020-03-10,autoritate non-spital
SCN1064943,Directia Sanitar Veterinara si pentru Siguranta Alimentelor Braila,ANTISEL RO SRL / DIALAB SOLUTIONS / Noack Romania S.R.L. / Filara BioMed SRL / MEDICLIM S.R.L. / NOVA GROUP INVESTMENT / ROMVAC COMPANY,230271,2020-03-11,autoritate non-spital
150685-2020,OFICIUL NATIONAL PENTRU ACHIZITII CENTRALIZATE,NanoSystems MC,24600000,2020-03-16,autoritate non-spital
206758-2020,OFICIUL NATIONAL PENTRU ACHIZITII CENTRALIZATE,Romwine & Cofee S.R.L.,19162500,2020-03-17,autoritate non-spital
206762-2020,OFICIUL NATIONAL PENTRU ACHIZITII CENTRALIZATE,Viggo Fashion International S.R.L.,28000000,2020-03-17,autoritate non-spital
206773-2020,OFICIUL NATIONAL PENTRU ACHIZITII CENTRALIZATE,Viggo Fashion International S.R.L.,45000000,2020-03-17,autoritate non-spital
206775-2020,OFICIUL NATIONAL PENTRU ACHIZITII CENTRALIZATE,Romwine & Cofee S.R.L.,27912500,2020-03-17,autoritate non-spital
CAN1030636,JUDETUL GALATI,BIOMEDICA MEDIZINPRODUKTE ROMANIA SRL,345000,2020-03-18,autoritate non-spital
192134-2020,AEROPORTUL INTERNATIONAL AVRAM IANCU CLUJ RA,Info Med Expert S.R.L. / S.C. Danger S.R.L. / S.C. Mountain Industrial Resources S.R.L.,4755800,2020-03-19,autoritate non-spital
SCN1065521,DIRECTIA SANITARA VETERINARA SI PENTRU SIGURANTA ALIMENTELOR ALBA,NOVA GROUP INVESTMENT / DIALAB SOLUTIONS / ROMVAC COMPANY / Noack Romania S.R.L. / MEDICLIM S.R.L.,68707,2020-03-19,autoritate non-spital
SCN1065575,Ministerul Apararii U.M. 02412 Bucuresti,FRESENIUS KABI ROMANIA S.R.L. / PAUL HARTMANN / CRIO - 2 S.R.L. / CO&CO Consumer 2002 S.R.L. / TZMO ROMANIA / INFOMED S.R.L. / Lumamed Health&Care SRL,61286,2020-03-20,unitate militara fara profil de spital
SCN1065648,JUDETUL CARAS-SEVERIN,MEDICLIM S.R.L. / MEDIST IMAGING & P.O.C. S.R.L. / BTL ROMANIA APARATURA MEDICALA S.R.L. / S.C.MEDICAL GRUP S.R.L.,387320,2020-03-23,autoritate non-spital
SCN1065660,Directia Sanitar Veterinara si pentru Siguranta Alimentelor Braila,SYNTTERGY CONSULT S.R.L. / EMSAR S.R.L. / LABORSISTEM S.R.L. / S.C. REDOX RESEARCH & ANALYTIC S.R.L. S.R.L. / BROSSER TECHNICS / DIAMEDIX IMPEX / DEXTER COM S.R.L. / TYD ELAN S.R.L. / S.C. DELTAMED S.R.L. / Filara BioMed SRL / PARTNERS MEDICAL SOLUTION S.R.L. / TOPOMEV OPTOSCIENCE,109016,2020-03-23,autoritate non-spital
193199-2020,OFICIUL NATIONAL PENTRU ACHIZITII CENTRALIZATE,Sapaco 2000 S.A.,998200,2020-03-24,autoritate non-spital
SCN1065726,Ministerul Apararii U.M. 02412 Bucuresti,Novaintermed S.R.L. / Tody Laboratories Int / A.M.S. 2000 TRADING IMPEX S.R.L. / TRANSCOM VIDELE SRL / PARTNERS MEDICAL SOLUTION S.R.L. / INTEGRATOR TEAM / Medist / BIO AQUA GROUP / DIAMEDIX IMPEX,,2020-03-24,unitate militara fara profil de spital
163750-2020,CONSILIUL JUDETEAN GORJ,Drager Medical Romania / Evo Healthcare Consulting S.R.L. / S.C. Drager Medical Romania S.R.L. S.R.L. / Siemens Healthcare S.R.L.,1050000,2020-03-25,autoritate non-spital
163831-2020,JUDETUL SALAJ,S.C. Santimpex S.R.L.,760500,2020-03-25,autoritate non-spital
193400-2020,OFICIUL NATIONAL PENTRU ACHIZITII CENTRALIZATE,Proton Impex 2000,2540000,2020-03-25,autoritate non-spital
193416-2020,OFICIUL NATIONAL PENTRU ACHIZITII CENTRALIZATE,General Electric Medical Systems Romania,2940000,2020-03-25,autoritate non-spital
193419-2020,OFICIUL NATIONAL PENTRU ACHIZITII CENTRALIZATE,Farmatin Medical,3762000,2020-03-25,autoritate non-spital
193424-2020,OFICIUL NATIONAL PENTRU ACHIZITII CENTRALIZATE,Dacorum Grup,2460000,2020-03-25,autoritate non-spital
212016-2020,MUNICIPIUL ARAD,S.C. Christiana S.R.L.,884008,2020-03-25,autoritate non-spital
233655-2020,Complexul Multifuncțional Caraiman,Minimed Solutions S.R.L.,2100000,2020-03-26,autoritate non-spital
CAN1030980,Directia Generala de Asistenta Sociala si Protectia Copilului Bacau,EVIDENT VERIAN,64440,2020-03-26,autoritate non-spital
CAN1030982,OFICIUL NATIONAL PENTRU ACHIZITII CENTRALIZATE,ATUM MEDCARE,581550,2020-03-26,autoritate non-spital
253555-2020,Complexul Multifuncțional Caraiman,Minimed Solutions S.R.L.,54000000,2020-03-27,autoritate non-spital
SCN1066069,SERVICIUL DE AMBULANTA DOLJ,B.BRAUN MEDICAL / CO&CO Consumer 2002 S.R.L. / DELTAMED / LUAN VISION / MEDICAL GRUP / CRIO - 2 S.R.L. / Pansiprod Distributie / NAFKA GRUP S.R.L.,153435,2020-03-31,autoritate non-spital
SCN1066139,Directia Sanitara Veterinara si pentru Siguranta Alimentelor Cluj,Noack Romania S.R.L. / MEDICLIM S.R.L. / DIAMEDIX IMPEX / DIALAB SOLUTIONS / Filara BioMed SRL,325757,2020-04-01,autoritate non-spital
181902-2020,MUNICIPIUL SUCEAVA,BPM Tehnologica S.R.L.,712500,2020-04-06,autoritate non-spital
CAN1031669,DIRECTIA GENERALA DE ASISTENTA SOCIALA SI PROTECTIA COPILULUI BOTOSANI,ANCA FARM,13445,2020-04-07,autoritate non-spital
CAN1031707,JUDETUL TIMIS,SC EVATECH ELECTRONICS SRL,495000,2020-04-08,autoritate non-spital
SCN1066361,Directia Generala de Asistenta Sociala si Protectia Copilului Arges,SOCADANCE MD SRL / Target Point,326332,2020-04-08,autoritate non-spital
193447-2020,OFICIUL NATIONAL PENTRU ACHIZITII CENTRALIZATE,Proton Impex 2000,4200000,2020-04-09,autoritate non-spital
195708-2020,OFICIUL NATIONAL PENTRU ACHIZITII CENTRALIZATE,Farmatin Medical,2950000,2020-04-09,autoritate non-spital
CAN1031781,JUDETUL TULCEA,RUXMAR OFFICE SRL,1755,2020-04-09,autoritate non-spital
CAN1031800,JUDETUL TULCEA,S.C. PANAP S.R.L.,249480,2020-04-09,autoritate non-spital
206755-2020,MUNICIPIUL CONSTANTA,G & G Paper S.R.L.,826500,2020-04-10,autoritate non-spital
219494-2020,Ministerul Transporturilor și Infrastructurii,Alpha Cert,12997513,2020-04-10,autoritate non-spital
CN1020339,Institutul National de Cercetare Dezvoltare Medico Militara Cantacuzino,Tody Laboratories Int / AVENA MEDICA S.R.L. / MEDICLIM S.R.L.,,2020-04-10,institut de cercetare / fara paturi de spital
216730-2020,Ministerul Transporturilor și Infrastructurii,Ducos Trading S.R.L.,1090635,2020-04-13,autoritate non-spital
219336-2020,Ministerul Transporturilor și Infrastructurii,Ducos Trading S.R.L.,20636000,2020-04-13,autoritate non-spital
219404-2020,Ministerul Transporturilor și Infrastructurii,Ducos Trading S.R.L.,1000000,2020-04-13,autoritate non-spital
219430-2020,Ministerul Transporturilor și Infrastructurii,Ama Group,12945050,2020-04-13,autoritate non-spital
219484-2020,Ministerul Transporturilor și Infrastructurii,Alpha Medical,1332000,2020-04-13,autoritate non-spital
219502-2020,Ministerul Transporturilor și Infrastructurii,Alpha Medical,4000700,2020-04-13,autoritate non-spital
219530-2020,Ministerul Transporturilor și Infrastructurii,Alpha Medical,6466700,2020-04-13,autoritate non-spital
219553-2020,Ministerul Transporturilor și Infrastructurii,Tehnoplus Medical,1473606,2020-04-13,autoritate non-spital
219609-2020,Ministerul Transporturilor și Infrastructurii,Alpha Medical,1332000,2020-04-13,autoritate non-spital
219624-2020,Ministerul Transporturilor și Infrastructurii,Alpha Medical,1746000,2020-04-13,autoritate non-spital
240205-2020,Ministerul Transporturilor și Infrastructurii,Ducos Trading S.R.L.,12945050,2020-04-13,autoritate non-spital
CAN1031979,Directia Administrare Patrimoniu,DAVO QUALITY SOLUTIONS,92000,2020-04-13,autoritate non-spital
179550-2020,Consiliul Judetean Calarasi,BPM Tehnologica,8260000,2020-04-14,autoritate non-spital
SCN1066752,DIRECTIA SANITARA VETERINARA SI PENTRU SIGURANTA ALIMENTELOR TELEORMAN,EUROVET LAB S.R.L. / ROMVAC COMPANY / DIALAB SOLUTIONS / MEDICLIM S.R.L.,148482,2020-04-14,autoritate non-spital
SCN1066770,Unitatea Militara 02433 Bucuresti,LABORATORIUM LIFE SCIENCE SRL / WATT DISTRIBUTOR S.R.L.,115100,2020-04-14,unitate militara fara profil de spital
SCNA1019095,Directia Generala de Asistenta Sociala si Protectia Copilului Gorj,TZMO ROMANIA / S.C. GREENWOOD S.R.L.,924059,2020-04-14,autoritate non-spital
CAN1032089,Municipiul Slatina,DIVAMAR PRO HOLDING,138180,2020-04-15,autoritate non-spital
CAN1032129,MUNICIPIUL BACAU,MILENNIUM S.R.L.,222000,2020-04-15,autoritate non-spital
CAN1032133,MUNICIPIUL BACAU,SALOFARM,380000,2020-04-15,autoritate non-spital
SCN1066786,DIRECTIA POLITIEI LOCALE TIMISOARA,DENTSTORE / TZMO ROMANIA,191250,2020-04-15,autoritate non-spital
539996-2020,JUDETUL MEHEDINTI,General Electric Medical Systems Romania S.R.L.,999000,2020-04-16,autoritate non-spital
SCN1066892,DIRECTIA SANITARA VETERINARA SI PENTRU SIGURANTA ALIMENTELOR ALBA,Filara BioMed SRL / ANTISEL RO SRL / LABORATORIUM LIFE SCIENCE SRL,239559,2020-04-16,autoritate non-spital
219542-2020,Ministerul Transporturilor și Infrastructurii,Ducos Trading,3166800,2020-04-21,autoritate non-spital
219545-2020,Ministerul Transporturilor și Infrastructurii,Ducos Trading,6324500,2020-04-21,autoritate non-spital
219585-2020,Ministerul Transporturilor și Infrastructurii,Ducos Trading,35974685,2020-04-21,autoritate non-spital
CN1020531,INSTITUTUL DE CHIMIE MACROMOLECULARA PETRU PONI,REDOX RESEARCH & ANALYTIC S.R.L.,24530,2020-04-21,institut de cercetare / fara paturi de spital
CAN1032351,Directia Generala de Asistenta Sociala si Protectia Copilului Bacau,DENTSTORE,21000,2020-04-22,autoritate non-spital
SCN1067049,COMUNA CAMARZANA (PRIMARIA COMUNEI CAMARZANA),MARSHAL / S.C. DANGER S.R.L.,333747,2020-04-22,autoritate non-spital
188245-2020,MINISTERUL APARARII - UNITATEA MILITARA 02574,ADINA S.R.L. / ARTEGO S.A. / COMGAR International S.R.L. / DIVERS CONSULTING GRUP S.R.L. / ECHO INTERNATIONAL INDUSTRY SRL / MATEI CONF GRUP S.R.L. / NIMAR S.R.L. / R & C IMPEX S.R.L. / S&G COMERCIAL S.R.L. / STIMPEX S.A. / SUPER BALL SRL / TREXIMCO S.R.L.,36601056,2020-04-23,unitate militara fara profil de spital
234018-2020,MUNICIPIUL BACAU,BPM Tehnologica S.R.L.,946827,2020-04-23,autoritate non-spital
CAN1032380,Directia Generala de Asistenta Sociala si Protectia Copilului Bacau,MADIRAL S.R.L.,16000,2020-04-23,autoritate non-spital
CAN1032388,OFICIUL NATIONAL PENTRU ACHIZITII CENTRALIZATE,RENANIA TRADE S.R.L,92928,2020-04-23,autoritate non-spital
226632-2020,MUNICIPIUL ALBA IULIA,BPM Tehnologica,917938,2020-04-24,autoritate non-spital
CAN1032524,Municipiul Sfantu Gheorghe,PAPER-LINE,151632,2020-04-24,autoritate non-spital
CAN1032529,Municipiul Sfantu Gheorghe,PAPER-LINE,190823,2020-04-24,autoritate non-spital
SCN1067176,DIRECTIA SANITARA VETERINARA SI PENTRU SIGURANTA ALIMENTELOR ALBA,Noack Romania S.R.L. / PARTNERS MEDICAL SOLUTION S.R.L. / LABORSISTEM S.R.L. / Filara BioMed SRL / NOVACHIM TRADING / SYNTTERGY CONSULT S.R.L. / EUROVET LAB S.R.L. / MEDICAMED MARKET S.R.L. / DIAMEDIX IMPEX / AVENA MEDICA S.R.L. / TUNIC PROD S.R.L. / BIO AQUA GROUP / MEDICLIM S.R.L.,280481,2020-04-24,autoritate non-spital
193204-2020,SECTOR 3 (PRIMARIA SECTOR 3 BUCURESTI),DNS Birotica S.R.L. / Eurototal Comp S.R.L. / Office&More S.R.L.,2713270,2020-04-27,autoritate non-spital
214365-2020,OFICIUL NATIONAL PENTRU ACHIZITII CENTRALIZATE,Chronos Trade Medical,7473990,2020-04-27,autoritate non-spital
CAN1032607,Municipiul Carei,Agilrom Scientific S.R.L.,84947,2020-04-27,autoritate non-spital
CAN1032642,JUDETUL SALAJ,MEDICARE TECHNICS,198000,2020-04-27,autoritate non-spital
SCN1061214,Societatea COMPLEXUL ENERGETIC OLTENIA SA,MESSYSTECH S.R.L.,68995,2020-04-27,entitate privata (SRL/SA)
253560-2020,Complexul Multifuncțional Caraiman,Asociere S.C. Medical Gaz Plus S.R.L. – lider S.C. Cortech Med S.R.L.,4833000,2020-04-28,autoritate non-spital
CAN1032706,Consiliul Judetean Calarasi,COMPANIA NATIONALA UNIFARM,211250,2020-04-28,autoritate non-spital
CAN1032722,MUNICIPIUL BACAU,SEILAND,104000,2020-04-28,autoritate non-spital
198676-2020,Unitatea Militară 0461 București,CENSUS GROUP / INEDIT CAR&TRUCK / OFFICE&MORE / SC OBLIO COM S.R.L.,917265,2020-04-29,unitate militara fara profil de spital
229113-2020,Ministerul Transporturilor și Infrastructurii,ABB Medtec,3653433,2020-04-29,autoritate non-spital
229116-2020,Ministerul Transporturilor și Infrastructurii,ABB Medtec,988800,2020-04-29,autoritate non-spital
229124-2020,Ministerul Transporturilor și Infrastructurii,ABB Medtec,1347500,2020-04-29,autoritate non-spital
229226-2020,"UNIVERSITATEA PENTRU STIINTELE VIETII "" ION IONESCU DE LA BRAD"" DIN IASI",Ovo Design Furniture Group S.R.L. / Praxis Medica,1390816,2020-04-29,autoritate non-spital
CAN1032777,Municipiul Cluj-Napoca,SC Turamed SRL,127000,2020-04-29,autoritate non-spital
CAN1032797,MUNICIPIUL CONSTANTA,GLOBAL PLAST TRADING SRL,3953,2020-04-29,autoritate non-spital
201529-2020,INSTITUTUL NATIONAL DE HEMATOLOGIE TRANSFUZIONALA Prof.Dr.C.T.Nicolau,Englober S.R.L. / Novaintermed S.R.L. / Plastic Prod,1423907,2020-04-30,institut de cercetare / fara paturi de spital
SCN1067447,DIRECTIA GENERALA DE ASISTENTA SOCIALA SI PROTECTIA COPILULUI HUNEDOARA,FLYNG IMPEX S.R.L.,60403,2020-04-30,autoritate non-spital
240069-2020,Directia Generala de Asistenta Sociala si Protectia Copilului Sector 2,Dumitru Business House Impex S.R.L.,944614,2020-05-04,autoritate non-spital
CAN1032939,Municipiul Sfantu Gheorghe,ALUCO S.R.L.,352000,2020-05-04,autoritate non-spital
214375-2020,Municipiul Cluj-Napoca,Siemens Healthcare S.R.L.,1781000,2020-05-05,autoritate non-spital
295230-2020,ORASUL PUCIOASA,Cortech Med S.R.L.,1250000,2020-05-05,autoritate non-spital
CAN1033109,Jandarmeria Romana - U.M. 0260 Bucuresti,CODUCK BROTHERS SA,348860,2020-05-06,unitate militara fara profil de spital
CAN1033132,SERVICIUL PUBLIC ECOSAL GALATI,SONYA MOD,133200,2020-05-06,autoritate non-spital
CAN1033133,Serviciul Public de Management Salubrizare si Protectia Mediului,HAGLEITNER HYGIENE ROMANIA SRL,193626,2020-05-06,autoritate non-spital
SCN1067718,Directia Sanitara Veterinara si pentru Siguranta Alimentelor Botosani,NITECH S.R.L. / NOVA GROUP INVESTMENT,192558,2020-05-06,autoritate non-spital
CAN1033227,Ministerul Transporturilor,DUCOS TRADING SRL,303000,2020-05-07,autoritate non-spital
CAN1033250,Ministerul Transporturilor,TEHNOPLUS MEDICAL,255553,2020-05-07,autoritate non-spital
CAN1033252,Municipiul Cluj-Napoca,KARL STORZ ENDOSCOPIA ROMANIA,260000,2020-05-07,autoritate non-spital
CAN1033255,Consiliul Judetean Calarasi,MAZAR M.G.A.I. SRL,117149,2020-05-07,autoritate non-spital
CAN1033266,Ministerul Transporturilor,TEHNOPLUS MEDICAL,81600,2020-05-07,autoritate non-spital
248191-2020,Complexul Multifuncțional Caraiman,Astra Plus S.R.L.,690000,2020-05-08,autoritate non-spital
CAN1033312,MUNICIPIUL MIERCUREA CIUC,BTL ROMANIA APARATURA MEDICALA S.R.L.,579600,2020-05-08,autoritate non-spital
CAN1033341,MUNICIPIUL ALBA IULIA,CARESTA STORE,32000,2020-05-08,autoritate non-spital
CAN1033344,MUNICIPIUL ALBA IULIA,SANROTEX TRADING SRL,12500,2020-05-08,autoritate non-spital
CAN1033348,Municipiul Cluj-Napoca,THREE PHARM,125000,2020-05-08,autoritate non-spital
CAN1033399,MUNICIPIUL MEDGIDIA,SOUL MEDICAL,529451,2020-05-11,autoritate non-spital
CAN1033447,Municipiul Cluj-Napoca,SC DELTAMED SRL,105966,2020-05-11,autoritate non-spital
229122-2020,Ministerul Transporturilor și Infrastructurii,Tehnoplus Medical,11978783,2020-05-12,autoritate non-spital
240475-2020,"Institutul Național de Cercetare-Dezvoltare pentru Fizica Laserilor, Plasmei și Radiației",Apel Laser,724000,2020-05-12,institut de cercetare / fara paturi de spital
CAN1033615,Ministerul Transporturilor,ABB Medtec,618375,2020-05-13,autoritate non-spital
CAN1033627,SERVICIUL PUBLIC ECOSAL GALATI,DIMANIC CONSTRUCT VIROMET,85000,2020-05-13,autoritate non-spital
CN1021022,JUDETUL BOTOSANI,DIAMEDIX IMPEX / OVAVINCI SRL,423103,2020-05-13,autoritate non-spital
283499-2020,UM 0502 Bucuresti,Philips România,2076840,2020-05-14,unitate militara fara profil de spital
CAN1033640,MUNICIPIUL ALBA IULIA,CARESTA STORE,56960,2020-05-14,autoritate non-spital
CAN1033644,MUNICIPIUL ALBA IULIA,DEXTER COM S.R.L.,322500,2020-05-14,autoritate non-spital
CN1021117,Municipiul Sibiu,EYECON MEDICAL / CLINI-LAB S.R.L.,181400,2020-05-15,autoritate non-spital
SCN1062329,COMUNA GRADINARI,Reinigung,64791,2020-05-17,autoritate non-spital
47690-2020,MUNICIPIUL BAILESTI,,1077029,2020-05-18,autoritate non-spital
240325-2020,Directia Sanitar-Veterinara si pentru Siguranta Alimentelor Maramures,Diapro Top,1042671,2020-05-18,autoritate non-spital
256328-2020,COMUNA DUMBRAVENI,Dacorum Grup / Hellimed / Medist Imaging și P.O.C. S.R.L.,4335730,2020-05-18,autoritate non-spital
266612-2020,Jandarmeria Română – UM 0260 București,Biolab Scientific,2797470,2020-05-18,unitate militara fara profil de spital
336684-2021,OFICIUL NATIONAL PENTRU ACHIZITII CENTRALIZATE,Advanced Technologies,24500000,2020-05-18,autoritate non-spital
CAN1033906,MUNICIPIUL BACAU,BPM TEHNOLOGICA,286944,2020-05-18,autoritate non-spital
CAN1033908,MUNICIPIUL BACAU,DRAEGER ROMANIA,150000,2020-05-18,autoritate non-spital
CAN1033910,MUNICIPIUL BACAU,DUCOS TRADING SRL,124800,2020-05-18,autoritate non-spital
SCN1068333,Directia Sanitar Veterinara si pentru Siguranta Alimentelor Braila,DIALAB SOLUTIONS / Noack Romania S.R.L. / S.C. WATT DISTRIBUTOR S.R.L. S.R.L. / Omnivet Impex S.R.L. / MEDICLIM S.R.L.,217650,2020-05-18,autoritate non-spital
475002-2020,Directia Sanitara Veterinara si pentru Siguranta Alimentelor Botosani,EUROVET LAB,1805000,2020-05-19,autoritate non-spital
CAN1033976,Directia Sanitar Veterinara si pentru Siguranta Alimentelor Braila,SOCORO SUPPLY S.R.L.,26300,2020-05-19,autoritate non-spital
CAN1033987,Directia Sanitar Veterinara si pentru Siguranta Alimentelor Braila,MAX PAKING SOLUTION,75685,2020-05-19,autoritate non-spital
SCN1062601,DIRECTIA GENERALA DE ASISTENTA SOCIALA SI PROTECTIA COPILULUI ALBA,TZMO ROMANIA,160490,2020-05-19,autoritate non-spital
245951-2020,OFICIUL NATIONAL PENTRU ACHIZITII CENTRALIZATE,Renania Trade,926376,2020-05-20,autoritate non-spital
CAN1034164,DIRECTIA SANITARA VETERINARA SI PENTRU SIGURANTA ALIMENTELOR TIMIS,ANTISEL RO SRL,568478,2020-05-20,autoritate non-spital
CAN1034179,OFICIUL NATIONAL PENTRU ACHIZITII CENTRALIZATE,RENANIA TRADE S.R.L,528000,2020-05-20,autoritate non-spital
CN1021280,Directia generala de asistenta sociala si protectia copilului Cluj,TZMO ROMANIA,590760,2020-05-20,autoritate non-spital
248021-2020,JUDETUL VRANCEA(CONSILIUL JUDETEAN),Gema Equipments,1144924,2020-05-21,autoritate non-spital
256553-2020,PRIMARIA MUNICIPIULUI OLTENITA,Integrisoft Solutions,2089040,2020-05-21,autoritate non-spital
CAN1034244,DIRECTIA POLITIEI LOCALE TIMISOARA,FARMEC S.A.,17900,2020-05-21,autoritate non-spital
SCN1068542,SERVICIUL DE AMBULANTA JUDETEAN PRAHOVA,MEDIST IMAGING & P.O.C. S.R.L. / NAFKA GRUP S.R.L.,114425,2020-05-21,autoritate non-spital
CAN1034287,JUDETUL TULCEA,RUXMAR OFFICE SRL,960,2020-05-22,autoritate non-spital
SCN1068655,Directia Generala de Asistenta Sociala si Protectia Copilului a judetului Satu Mare,TZMO ROMANIA / BIZMED SRL,331938,2020-05-22,autoritate non-spital
CN1021322,"Universitatea de Medicina si Farmacie ""Iuliu Hatieganu"" Cluj-Napoca",S.C. Medica M3 Comexim S.R.L. / Dental Vladmed V&M SRL / S.C. Terra Dent SRL / RAFI MEDICAL / S.C. MEDIDENT EXIM S.R.L. S.R.L.,286699,2020-05-24,autoritate non-spital
CN1021415,Societatea Nationala de Gaze Naturale Romgaz S.A.,COMTIB S.R.L. / FLYNG IMPEX S.R.L.,145118,2020-05-25,entitate privata (SRL/SA)
278870-2020,UNITATEA MILITARA 02301,Goldnutrition EEC / Institutul Național de Cercetare-Dezvoltare Medico-Militară Cantacuzino / Professional Farma Line,1445809,2020-05-26,unitate militara fara profil de spital
CAN1034499,COMPLEXUL MULTIFUNCTIONAL CARAIMAN,CODUCK BROTHERS SA,175200,2020-05-26,autoritate non-spital
CAN1034503,COMPLEXUL MULTIFUNCTIONAL CARAIMAN,TOP OFFICE INTERNATIONAL SRL,61800,2020-05-26,autoritate non-spital
CAN1034505,COMPLEXUL MULTIFUNCTIONAL CARAIMAN,HOMY'S HERE,67000,2020-05-26,autoritate non-spital
281566-2020,Jandarmeria Română – UM 0260 București,Biolab Scientific,5472900,2020-05-27,unitate militara fara profil de spital
SCN1069016,INSTITUTUL NATIONAL DE CERCETARE-DEZVOLTARE ÎN SILVICULTURA “MARIN DRACEA”,siat consulting service srl / YORK FARM S.R.L.,,2020-05-29,institut de cercetare / fara paturi de spital
CN1021548,ACADEMIA DE STIINTE MEDICALE,ANGIOSPECTRU MED S.R.L.,52940,2020-06-02,autoritate non-spital
SCN1061274,Comuna Lunca,OVAVINCI,201166,2020-06-03,autoritate non-spital
SCN1069239,DIRECTIA GENERALA DE ASISTENTA SOCIALA A MUNICIPIULUI BUCURESTI,CANORI SYSTEMS / MEDLIFE,243310,2020-06-03,autoritate non-spital
SCN1063158,DIRECTIA GENERALA DE ASISTENTA SOCIALA SI PROTECTIA COPILULUI ALBA,BIZMED SRL,85056,2020-06-04,autoritate non-spital
CN1021730,INSPECTORATUL DE POLITIE JUDETEAN DOLJ,DOLEX COM / MEDICAL TECHNOLOGIES WORLD SRL / BIZMED SRL,400800,2020-06-05,autoritate non-spital
CAN1035202,Primaria Comunei Stefanestii de Jos,VAGMA GROUP DISTRIBUTION,169100,2020-06-09,autoritate non-spital
CN1018525,SECRETARIATUL GENERAL AL GUVERNULUI,Dataware Consulting S.R.L.,53000,2020-06-09,autoritate non-spital
CN1021735,Societatea Nationala NUCLEARELECTRICA S.A.,DOLEX COM / S.C. ANN REEVES & FRANCESCA S.A. / GB INDCO S.R.L. / BIZMED SRL / FLYNG IMPEX S.R.L. / MLM MEDICAL S.R.L.,2254112,2020-06-09,entitate privata (SRL/SA)
SCN1063932,Societatea Nationala de Gaze Naturale Romgaz S.A.,MOPEKA IMPEX S.R.L.,3310,2020-06-10,entitate privata (SRL/SA)
30094-2020,Consiliul Județean Buzău,,1074677,2020-06-11,autoritate non-spital
CAN1035325,UNIVERSITATEA TEHNICA DIN CLUJ NAPOCA,SERVICII PUBLICE S.A.,65500,2020-06-11,autoritate non-spital
299173-2020,OFICIUL NATIONAL PENTRU ACHIZITII CENTRALIZATE,Drager Medical România,,2020-06-12,autoritate non-spital
299182-2020,OFICIUL NATIONAL PENTRU ACHIZITII CENTRALIZATE,Alpha Medical,,2020-06-12,autoritate non-spital
CAN1035430,Directia de Sanatate Publica Buzau,WATT DISTRIBUTOR S.R.L.,25500,2020-06-12,autoritate non-spital
CAN1035440,Directia de Sanatate Publica Buzau,DIALAB SOLUTIONS,32800,2020-06-12,autoritate non-spital
CAN1035444,Directia de Sanatate Publica Buzau,ANTISEL RO SRL,169600,2020-06-12,autoritate non-spital
291777-2020,INSTITUTUL NATIONAL DE CERCETARE - DEZVOLTARE PENTRU SECURITATE MINIERA SI PROTECTIE ANTIEXPLOZIVA - INSEMEX PETROSANI,Horace Media,1830000,2020-06-15,institut de cercetare / fara paturi de spital
SCN1069819,CENTRUL DE SANATATE MULTIFUNCTIONAL “SFÂNTUL NECTARIE”,Sof Medica / INTRAMED S.R.L. / LIAMED / BTL ROMANIA APARATURA MEDICALA S.R.L. / Unic Medical Consulting SRL,562874,2020-06-15,autoritate non-spital
SCN1069922,DIRECTIA SANITARA VETERINARA SI PENTRU SIGURANTA ALIMENTELOR BACAU,TUNIC PROD S.R.L. / Filara BioMed SRL / MEDICLIM S.R.L. / AVENA MEDICA S.R.L. / DEXTER COM S.R.L. / A.M.S. 2000 TRADING IMPEX S.R.L. / Nova Fit 2000 S.R.L. / Global Event Solutions SRL / PARTNERS MEDICAL SOLUTION S.R.L. / LABORSISTEM S.R.L.,132918,2020-06-16,autoritate non-spital
SCN1069923,Institutul National de Medicina Legala Mina Minovici,Tody Laboratories Int / Altium International SRL / PARTNERS MEDICAL SOLUTION S.R.L. / DEXTER COM S.R.L. / TUNIC PROD S.R.L. / LABORATORIUM S.R.L. / LABORSISTEM S.R.L. / S.C. MUSO S.R.L. / DIAMEDIX IMPEX / AVENA MEDICA S.R.L.,,2020-06-16,autoritate non-spital
122866-2020,JUDETUL GALATI,,804193,2020-06-17,autoritate non-spital
SCN1062065,ORASUL ODOBESTI (CONSILIUL LOCAL al ORASULUI ODOBESTI),REO MEDICAL APARATURA MEDICALA,278300,2020-06-17,autoritate non-spital
128397-2020,"UNIVERSITATEA PENTRU STIINTELE VIETII "" ION IONESCU DE LA BRAD"" DIN IASI",,3738797,2020-06-18,autoritate non-spital
CAN1035848,Judetul Bistrita-Nasaud,GV CONCEPT TRADE,45900,2020-06-18,autoritate non-spital
SCN1064629,DIRECTIA SANITARA VETERINARA SI PENTRU SIGURANTA ALIMENTELOR TELEORMAN,Noack Romania S.R.L.,94000,2020-06-18,autoritate non-spital
SCN1064645,Directia Sanitara Veterinara si pentru Siguranta Alimentelor Buzau,MEDICLIM S.R.L.,160000,2020-06-18,autoritate non-spital
SCN1067958,Municipiul Cluj-Napoca,TEKSO FRIG ROMANIA,349000,2020-06-18,autoritate non-spital
200953-2020,"UNIVERSITATEA DE MEDICINA SI FARMACIE ""VICTOR BABES"" TIMISOARA",,4041941,2020-06-22,autoritate non-spital
SCN1070285,UM 0510 BUCURESTI,DIAMEDIX IMPEX / LABORATORIUM LIFE SCIENCE SRL / CLINI-LAB S.R.L.,1845000,2020-06-22,unitate militara fara profil de spital
310198-2020,OFICIUL NATIONAL PENTRU ACHIZITII CENTRALIZATE,Diaflux GmbH,,2020-06-24,autoritate non-spital
310202-2020,OFICIUL NATIONAL PENTRU ACHIZITII CENTRALIZATE,Drager Medical România,,2020-06-24,autoritate non-spital
CAN1036157,"CNCIR - COMPANIA NATIONALA PENTRU CONTROLUL CAZANELOR, INSTALATIILOR DE RIDICAT SI RECIPIENTELOR SUB PRESIUNE S.A.",Roval Med SRL,398000,2020-06-24,entitate privata (SRL/SA)
CAN1036212,Consiliul Judetean Arad,BTL ROMANIA APARATURA MEDICALA S.R.L.,5000,2020-06-24,autoritate non-spital
CAN1036213,Consiliul Judetean Arad,BTL ROMANIA APARATURA MEDICALA S.R.L.,20000,2020-06-24,autoritate non-spital
CAN1036214,Consiliul Judetean Arad,BTL ROMANIA APARATURA MEDICALA S.R.L.,75600,2020-06-24,autoritate non-spital
CAN1036215,Consiliul Judetean Arad,BTL ROMANIA APARATURA MEDICALA S.R.L.,9400,2020-06-24,autoritate non-spital
CAN1036216,Consiliul Judetean Arad,BTL ROMANIA APARATURA MEDICALA S.R.L.,4000,2020-06-24,autoritate non-spital
CAN1036218,Consiliul Judetean Arad,BTL ROMANIA APARATURA MEDICALA S.R.L.,36500,2020-06-25,autoritate non-spital
CAN1036219,Consiliul Judetean Arad,BTL ROMANIA APARATURA MEDICALA S.R.L.,264000,2020-06-25,autoritate non-spital
CAN1036220,Consiliul Judetean Arad,BTL ROMANIA APARATURA MEDICALA S.R.L.,69600,2020-06-25,autoritate non-spital
CAN1036222,Consiliul Judetean Arad,BTL ROMANIA APARATURA MEDICALA S.R.L.,140000,2020-06-25,autoritate non-spital
CAN1036223,Consiliul Judetean Arad,BTL ROMANIA APARATURA MEDICALA S.R.L.,150000,2020-06-25,autoritate non-spital
CAN1036225,Consiliul Judetean Arad,TEHNOPLUS MEDICAL,587248,2020-06-25,autoritate non-spital
CAN1036226,Consiliul Judetean Arad,KARL STORZ ENDOSCOPIA ROMANIA,296677,2020-06-25,autoritate non-spital
CAN1036232,Consiliul Judetean Arad,BTL ROMANIA APARATURA MEDICALA S.R.L.,127200,2020-06-25,autoritate non-spital
CAN1036236,Consiliul Judetean Arad,TEHNOPLUS MEDICAL,4900,2020-06-25,autoritate non-spital
CAN1036237,Consiliul Judetean Arad,BTL ROMANIA APARATURA MEDICALA S.R.L.,110000,2020-06-25,autoritate non-spital
CAN1036239,Consiliul Judetean Arad,BTL ROMANIA APARATURA MEDICALA S.R.L.,60000,2020-06-25,autoritate non-spital
CAN1036240,Consiliul Judetean Arad,GEMA EQUIPMENTS,51250,2020-06-25,autoritate non-spital
CAN1036241,Consiliul Judetean Arad,KARL STORZ ENDOSCOPIA ROMANIA,217930,2020-06-25,autoritate non-spital
CAN1036266,Consiliul Judetean Arad,BTL ROMANIA APARATURA MEDICALA S.R.L.,162000,2020-06-25,autoritate non-spital
CAN1036268,Consiliul Judetean Arad,INFO MED EXPERT S.R.L.,17640,2020-06-25,autoritate non-spital
CAN1036269,Consiliul Judetean Arad,EYECON MEDICAL,26500,2020-06-25,autoritate non-spital
CAN1036271,Consiliul Judetean Arad,BTL ROMANIA APARATURA MEDICALA S.R.L.,4400,2020-06-25,autoritate non-spital
CN1022135,"Universitatea de Medicina si Farmacie ""Iuliu Hatieganu"" Cluj-Napoca",BTL ROMANIA APARATURA MEDICALA S.R.L. / NITECH S.R.L. / GLOBAL SOURCE M.R.K. / SEPADIN S.R.L. / Danson S.R.L.,61680,2020-06-25,autoritate non-spital
SCN1070517,Serviciul Judetean de Ambulanta Botosani,ALPHA BRIO MEDICAL S.R.L. / Limas Group S.R.L. / K-ELICOM TRADING SRL / S.C. MEDCLAS TRADING S.R.L. S.R.L. / X-Lab Solutions S.R.L. / LUAN VISION / S.C.MEDICAL GRUP S.R.L. / CRIO - 2 S.R.L. / SANROTEX TRADING SRL / ARTISANA MEDICAL S.R.L. / NAFKA GRUP S.R.L. / VALDOMEDICA TRADING / MEDIMPACT,2880792,2020-06-25,autoritate non-spital
SCN1062946,PRIMARIA MORTENI,Proton Impex 2000 S.R.L.,123434,2020-06-26,autoritate non-spital
SCN1070624,CONSILIUL JUDETEAN SUCEAVA,COGNITROM S.R.L.,52311,2020-06-26,autoritate non-spital
SCN1070673,Directia Sanitara Veterinara si pentru Siguranta Alimentelor Cluj,Noack Romania S.R.L. / MEDICLIM S.R.L.,185711,2020-06-29,autoritate non-spital
CN1022253,MINISTERUL APARARII - UNITATEA MILITARA 02464 BUCURESTI,HALMADENT SRL / AVENA MEDICA S.R.L.,,2020-06-30,unitate militara fara profil de spital
SCN1070758,"COMPANIA NATIONALA DE TRANSPORT AL ENERGIEI ELECTRICE ""TRANSELECTRICA"" S.A.",DOLEX COM / TOPALIS ENGINEERING SRL,37429,2020-06-30,entitate privata (SRL/SA)
305676-2020,Ministerul Apărării – Unitatea Militară 02464 București,,785000,2020-07-01,unitate militara fara profil de spital
385500-2020,Municipiul Orastie,BIVARIA GRUP S.R.L. / CATTUS S.R.L. / EYECON MEDICAL / LIAMED / MEDIQ INNOVATIVE TECHNOLOGIES SRL / PIXELDATA S.R.L. / RETCO S.R.L. / S.C. ELMED MEDICAL S.R.L. / SUPERMEDICAL / TEHNO ELECTRO MEDICAL COMPANY S.R.L.,6588896,2020-07-01,autoritate non-spital
SCNA1019609,SERVICIUL JUDETEAN DE AMBULANTA ARGES,DELTAMED / LUAN VISION / NOVITRADE S.R.L.,1768801,2020-07-01,autoritate non-spital
CN1018417,DIRECTIA GENERALA DE ASISTENTA SOCIALA SI PROTECTIA COPILULUI HUNEDOARA,TZMO ROMANIA,98052,2020-07-02,autoritate non-spital
SCN1070910,DIRECTIA GENERALA ASISTENTA SOCIALA CONSTANTA,AQUATOR S.R.L.,471609,2020-07-02,autoritate non-spital
SCN1070997,Municipiul Orastie,PHYSIOMED APARATURA MEDICALA / OVAVINCI,382453,2020-07-03,autoritate non-spital
CN1022440,MINISTERUL APARARII - UNITATEA MILITARA 02464 BUCURESTI,RICOMED / X-Lab Solutions S.R.L. / S.C. NERAMO DISTRIBUTION S.R.L. / MEDIMPACT / ADION PRODIMPEXTRANS S.R.L. / Dental Vladmed V&M SRL,,2020-07-04,unitate militara fara profil de spital
CAN1036889,Directia Generala de Asistenta Sociala si Protectia Copilului Sector 5,S.C. NERAMO DISTRIBUTION SRL,256600,2020-07-06,autoritate non-spital
315601-2020,SERVICIUL DE AMBULANTA BUCURESTI-ILFOV,,2143695,2020-07-07,autoritate non-spital
316266-2020,INSTITUTUL NATIONAL DE HEMATOLOGIE TRANSFUZIONALA Prof.Dr.C.T.Nicolau,,243636515,2020-07-07,institut de cercetare / fara paturi de spital
CN1022455,SERVICIUL DE AMBULANTA BUCURESTI-ILFOV,ALPHA BRIO MEDICAL S.R.L. / ROVAL MED / ALPHA MEDICAL S.R.L. / X-Lab Solutions S.R.L. / FLEXAL IMPEX S.R.L. / MEDICAL GRUP / PRION POCT / NAGUMA MEDICAL SUPPLY / NOVITRADE S.R.L. / Steril Romania S.R.L. / Natural Es-medical S.R.L / BIZMED SRL / ALPHA NED 2000 EXIM / MEDCLAS TRADING S.R.L. / Pansiprod Distributie / VALDOMEDICA TRADING / LUAN VISION / NAFKA GRUP S.R.L.,,2020-07-07,autoritate non-spital
CAN1037052,Directia Generala de Asistenta Sociala si Protectia Copilului Timis,CLASSIMED SRL,18078,2020-07-08,autoritate non-spital
SCN1071209,Directia Sanitara Veterinara si pentru Siguranta Alimentelor Buzau,ROMVAC COMPANY / MEDICLIM S.R.L. / FARMAVET / DIAMEDIX IMPEX,31376,2020-07-08,autoritate non-spital
200785-2020,Direcția Sanitară Veterinară și pentru Siguranța Alimentelor Bacău,,777515,2020-07-09,autoritate non-spital
CN1022534,Municipiul Timisoara,PAPAPOSTOLOU S.R.L / KARL STORZ ENDOSCOPIA ROMANIA,441590,2020-07-09,autoritate non-spital
SCN1071290,"Cresa Municipiului Iasi ""Sfanta Maria""",BIOMIGA PHARM / STRUNGARIU & CO RIGAMS LM SNC,142112,2020-07-09,autoritate non-spital
CAN1037187,MUNICIPIUL CONSTANTA,OPTIMA STORE SRL,1770,2020-07-10,autoritate non-spital
CN1022690,Directia de Sanatate Publica Gorj,NAGUMA MEDICAL SUPPLY / Limas Group S.R.L.,,2020-07-10,autoritate non-spital
SCN1066024,DIRECTIA GENERALA DE ASISTENTA SOCIALA SI PROTECTIA COPILULUI ARAD,TZMO ROMANIA,120634,2020-07-10,autoritate non-spital
CAN1037238,Directia de Sanatate Publica Buzau,WATT DISTRIBUTOR S.R.L.,25500,2020-07-13,autoritate non-spital
SCN1071485,"UNIVERSITATEA DE MEDICINA SI FARMACIE ""VICTOR BABES"" DIN TIMISOARA",IRIS Robotics / MEDIDENT EXIM S.R.L.,138837,2020-07-13,autoritate non-spital
339004-2020,JUDETUL GALATI,INFO MED EXPERT S.R.L. / LIAMED / MEDIST IMAGING & P.O.C. S.R.L. / OVAVINCI SRL,1077600,2020-07-14,autoritate non-spital
331836-2020,Direcția de Sănătate Publică Harghita,,1980000,2020-07-15,autoritate non-spital
CN1022740,DIRECTIA DE SANATATE PUBLICA HARGHITA,WATT DISTRIBUTOR S.R.L. / A.M.S. 2000 TRADING IMPEX S.R.L.,,2020-07-16,autoritate non-spital
CN1022868,Societatea Nationala de Gaze Naturale Romgaz S.A.,FLYNG IMPEX S.R.L. / FARMEC,24340,2020-07-16,entitate privata (SRL/SA)
CN1022898,LABORATOR DE CONTROL DOPING,DIAMEDIX IMPEX / DEXTER COM S.R.L. / MUSO / Pro Analysis Systems / REDOX RESEARCH & ANALYTIC S.R.L. / EMSAR S.R.L. / ROCHE ROMANIA,164902,2020-07-16,autoritate non-spital
SCN1071736,SPORT CLUB MUNICIPAL DEVA,BTL ROMANIA APARATURA MEDICALA S.R.L.,114100,2020-07-16,autoritate non-spital
CN1022830,Consiliul Judetean Buzau,S.C. WMC GUARD SECURITY SRL S.R.L.,325800,2020-07-18,autoritate non-spital
253209-2020,"UNIVERSITATEA DE MEDICINA SI FARMACIE ""VICTOR BABES"" TIMISOARA",,976471,2020-07-20,autoritate non-spital
SCN1071824,Institutul National de Cercetare Dezvoltare Medico Militara Cantacuzino,ANTISEL RO SRL / DEXTER COM S.R.L.,285573,2020-07-20,institut de cercetare / fara paturi de spital
CN1022974,Ministerul Apararii U.M. 02412 Bucuresti,Nastimed Serv / Dentotal Protect S.R.L.,17463,2020-07-21,unitate militara fara profil de spital
CN1022976,Ministerul Apararii U.M. 02412 Bucuresti,MEDIDENT EXIM S.R.L. / Nastimed Serv / Dentotal Protect S.R.L.,30853,2020-07-21,unitate militara fara profil de spital
CAN1037810,SERVICIUL DE AMBULANTA JUDETEAN BISTRITA-NASAUD,ALPHA BRIO MEDICAL S.R.L.,1244,2020-07-22,autoritate non-spital
CAN1037811,SERVICIUL DE AMBULANTA JUDETEAN BISTRITA-NASAUD,MEDIMPACT,250,2020-07-22,autoritate non-spital
CAN1037812,SERVICIUL DE AMBULANTA JUDETEAN BISTRITA-NASAUD,TAPARO,4000,2020-07-22,autoritate non-spital
CAN1037813,SERVICIUL DE AMBULANTA JUDETEAN BISTRITA-NASAUD,ROVAL MED,1418,2020-07-22,autoritate non-spital
CAN1037815,SERVICIUL DE AMBULANTA JUDETEAN BISTRITA-NASAUD,MEDIMPACT,160,2020-07-22,autoritate non-spital
CAN1037816,SERVICIUL DE AMBULANTA JUDETEAN BISTRITA-NASAUD,ROVAL MED,283,2020-07-22,autoritate non-spital
CAN1037817,SERVICIUL DE AMBULANTA JUDETEAN BISTRITA-NASAUD,ALPHA BRIO MEDICAL S.R.L.,1490,2020-07-22,autoritate non-spital
CAN1037819,SERVICIUL DE AMBULANTA JUDETEAN BISTRITA-NASAUD,ALPHA BRIO MEDICAL S.R.L.,20535,2020-07-22,autoritate non-spital
CAN1037820,SERVICIUL DE AMBULANTA JUDETEAN BISTRITA-NASAUD,Limas Group S.R.L.,3975,2020-07-22,autoritate non-spital
CAN1037821,SERVICIUL DE AMBULANTA JUDETEAN BISTRITA-NASAUD,Limas Group S.R.L.,15000,2020-07-22,autoritate non-spital
CAN1037822,SERVICIUL DE AMBULANTA JUDETEAN BISTRITA-NASAUD,4 BRANDS SRL,964,2020-07-22,autoritate non-spital
CAN1037823,SERVICIUL DE AMBULANTA JUDETEAN BISTRITA-NASAUD,RIVER TRADE & SERVICES SRL,120000,2020-07-22,autoritate non-spital
CAN1037824,SERVICIUL DE AMBULANTA JUDETEAN BISTRITA-NASAUD,4 BRANDS SRL,4500,2020-07-22,autoritate non-spital
SCN1071986,INSPECTORATUL GENERAL AL POLITIEI ROMANE,RICOMED / LABORSISTEM S.R.L. / S.C. EXPERT TRADE S.R.L. S.R.L. / S.C. MUSO S.R.L. / MERC INTERNATIONAL IMPEX S.R.L. / TYD ELAN S.R.L. / Pro Analysis Systems / S.C. NOVACHIM TRADING S.R.L. / S.C. ROTMAN INDUSTRIES SRL S.R.L. / S.C. EVENT JUST S.R.L. / Altium International SRL,105173,2020-07-22,autoritate non-spital
CN1023018,Municipiul Timisoara,BIVARIA GRUP S.R.L. / EYECON MEDICAL / PAPAPOSTOLOU S.R.L,563050,2020-07-23,autoritate non-spital
SCN1072140,FEDERATIA ROMANA DE KAIAC CANOE,PROFESSIONAL FARMA LINE / GOLDNUTRITION EEC / FITT-BEAUTY S.R.L. / CALIFORNIA FITNESS ROMANIA S.R.L.,723311,2020-07-23,autoritate non-spital
SCNA1040033,CAMERA DEPUTATILOR,EUROTOTAL COMP / INEDIT CLEAN TOTAL / FABI TOTAL GRUP S.R.L.,81942,2020-07-23,autoritate non-spital
CN1023120,MINISTERUL MUNCII SI JUSTITIEI SOCIALE,SC KLINTENSIV SRL / S.C. Duplex S.A.,238863,2020-07-24,autoritate non-spital
SCN1072153,Directia Sanitar Veterinara si pentru Siguranta Alimentelor Braila,ANTISEL RO SRL / NOVA GROUP INVESTMENT / MEDICLIM S.R.L. / DIAMEDIX IMPEX,62799,2020-07-24,autoritate non-spital
SCN1072166,DIRECTIA SANITARA VETERINARA SI PENTRU SIGURANTA ALIMENTELOR GORJ,NITECH S.R.L. / MERC INTERNATIONAL IMPEX S.R.L. / A.M.S. 2000 TRADING IMPEX S.R.L. / COMLIBRIS S.R.L. / Dental Vladmed V&M SRL / NOVA GROUP INVESTMENT,155713,2020-07-24,autoritate non-spital
CAN1033108,Jandarmeria Romana - U.M. 0260 Bucuresti,NERAMO DISTRIBUTION,149976,2020-07-27,unitate militara fara profil de spital
CAN1038004,ACADEMIA DE STIINTE MEDICALE,SIEMENS HEALTHCARE SRL,214309,2020-07-27,autoritate non-spital
CAN1038052,Serviciul de Ambulanta Judetean Galati,JOLIDON INTERNATIONAL,112000,2020-07-27,autoritate non-spital
353696-2020,SERVICIUL DE AMBULANTA JUDETEAN CONSTANTA,,7352680,2020-07-28,autoritate non-spital
CAN1038134,Serviciul de Ambulanta Judetean Galati,SAFETY CONCEPT SOLUTIONS,6900,2020-07-29,autoritate non-spital
CAN1038140,Ministerul Finantelor Publice,DENTSTORE,29040,2020-07-29,autoritate non-spital
SCN1072375,MINISTERUL MUNCII SI JUSTITIEI SOCIALE,KLINTENSIV / BEST ACHIZITII,165085,2020-07-29,autoritate non-spital
CAN1038295,Ministerul Finantelor Publice,ALTEX ROMANIA,217800,2020-07-30,autoritate non-spital
CN1023280,Ministerul Apararii U.M. 02412 Bucuresti,INFOMED S.R.L. / CO&CO Consumer 2002 S.R.L. / PRODCONFARM S.R.L. / RS Medical Line / BEST ACHIZITII / SH MEDICAL SRL / Superfood Company S.R.L. / MEDICAL GRUP / RUBICON EDITECH 89 S.R.L. / TZMO ROMANIA / PAUL HARTMANN / VALDOMEDICA TRADING,77286,2020-07-30,unitate militara fara profil de spital
SCN1072577,COMUNA DICULESTI,EURODIDACTICA S.R.L. / Mikes Hardware,246514,2020-07-31,autoritate non-spital
CN1023233,"UNIVERSITATEA DE MEDICINA SI FARMACIE ""VICTOR BABES"" DIN TIMISOARA",DIALAB SOLUTIONS / GENERAL ELECTRIC MEDICAL SYSTEMS ROMANIA / NEOTECH / NITECH S.R.L. / BLUEBOX MEDICAL / MST SOLUTIONS SRL / BTL ROMANIA APARATURA MEDICALA S.R.L. / HEALTHTIM SRL / MEDICAL SIMULATOR PROJECTS,444431,2020-08-01,autoritate non-spital
CAN1038372,MINISTERUL AFACERILOR INTERNE,DIVINOL LUBRICANTS S.R.L.,4500,2020-08-03,autoritate non-spital
CAN1038374,MINISTERUL AFACERILOR INTERNE,Medplaza Health,19500,2020-08-03,autoritate non-spital
SCN1072697,Municipiul Carei,SIGNAL SPECTRUM SRL-D / NAGUMA MEDICAL SUPPLY,6890,2020-08-03,autoritate non-spital
CAN1038480,MUNICIPIUL ALBA IULIA,Filara BioMed SRL,50400,2020-08-04,autoritate non-spital
CN1020080,AGENTIA NATIONALA DE IMBUNATATIRI FUNCIARE,DNS BIROTICA S.R.L.,400419,2020-08-04,autoritate non-spital
SCN1072725,"Serviciul de Ambulanță Județean Harghita, Miercurea-Ciuc",HDL Union / ALPHA BRIO MEDICAL S.R.L. / NAFKA GRUP S.R.L. / VALDOMEDICA TRADING / AVANT MARIS MEDICAL S.R.L. / Steril Romania S.R.L. / DELTAMED / PRODCONFARM S.R.L. / INFOMED FLUIDS S.R.L. / TZMO ROMANIA / MEDCLAS TRADING S.R.L. / MEDITECH CMA,,2020-08-04,autoritate non-spital
CAN1038558,Directia de Sanatate Publica Buzau,DIALAB SOLUTIONS,32800,2020-08-05,autoritate non-spital
CAN1038562,Directia de Sanatate Publica Buzau,DIALAB SOLUTIONS,306685,2020-08-05,autoritate non-spital
CAN1038568,Directia de Sanatate Publica Buzau,Filara BioMed SRL,22000,2020-08-05,autoritate non-spital
CAN1038573,Directia de Sanatate Publica Buzau,Filara BioMed SRL,226800,2020-08-05,autoritate non-spital
CAN1038575,Directia de Sanatate Publica Buzau,Filara BioMed SRL,2806,2020-08-05,autoritate non-spital
CAN1038596,DIRECTIA DE SANATATE PUBLICA A MUNICIPIULUI BUCURESTI,BIOMEDICA MEDIZINPRODUKTE ROMANIA SRL,165000,2020-08-05,autoritate non-spital
414221-2020,"UNIVERSITATEA DE MEDICINA SI FARMACIE ""VICTOR BABES"" TIMISOARA",BTL România Aparatură Medicală S.R.L. / Healthtim S.R.L. / Hypo Tech & Consulting S.R.L. / Karl Storz Endoscopia România / Mediclim S.R.L.,1158245,2020-08-06,autoritate non-spital
CN1023389,Unitatea Militara 0251 Bucuresti,ZIPER SPORT S.R.L. / EXPLORE DIVISION / G.D. ESCAPADE S.R.L. / AB Invest Prod SRL,399357,2020-08-06,unitate militara fara profil de spital
370759-2020,DIRECTIA GENERALA DE ASISTENTA SOCIALA SI PROTECTIA COPILULUI SECTOR 6,Census Group / Internațional Merit S.R.L. / Loial Office S.R.L. / Target Point,1340413,2020-08-07,autoritate non-spital
CAN1038723,SERVICIUL DE AMBULANTA TULCEA,SANIMED INTERNATIONAL IMPEX S.R.L.,4460,2020-08-07,autoritate non-spital
CAN1038726,SERVICIUL DE AMBULANTA TULCEA,Sc SUNMED SRL,131340,2020-08-07,autoritate non-spital
CAN1038730,SERVICIUL DE AMBULANTA TULCEA,Melissa Farm,363592,2020-08-07,autoritate non-spital
CN1023583,JUDETUL TIMIS,HALLUNDA FOODS,38205,2020-08-07,autoritate non-spital
CAN1038837,SERVICIUL DE AMBULANTA JUDETEAN CONSTANTA,AVANT MARIS MEDICAL S.R.L.,267025,2020-08-10,autoritate non-spital
CN1023483,Serviciul de Ambulanta Judetean Bacau,LUAN VISION / NAGUMA MEDICAL SUPPLY / COMPANIA NATIONALA UNIFARM / CRIO - 2 S.R.L.,122710,2020-08-10,autoritate non-spital
SCN1073048,UNIVERSITATEA PETROL GAZE PLOIESTI,UNION CO S.R.L. / 2NET COMPUTER S.R.L. / S.C. EXPERTISSA HQ S.R.L. / VERASYS INTERNATIONAL S.R.L. / FLAT 4 SOLUTIONS,216566,2020-08-10,autoritate non-spital
SCN1073095,Directia Sanitara Veterinara si pentru Siguranta Alimentelor Bistrita-Nasaud,SEPADIN S.R.L. / MEDICLIM S.R.L. / BIO AQUA GROUP / Filara BioMed SRL / NITECH S.R.L. / LABEXPERT SERVICE / BENTLEY INSTRUMENTS SRL,339571,2020-08-10,autoritate non-spital
CAN1038847,SERVICIUL JUDETEAN DE AMBULANTA ARGES,SC ALPHA NED 2000 EXIM SRL,64745,2020-08-11,autoritate non-spital
CAN1038850,SERVICIUL JUDETEAN DE AMBULANTA ARGES,ALPHA NED 2000 EXIM,16116,2020-08-11,autoritate non-spital
SCN1067427,Directia Generala de Asistenta Sociala si Protectia Copilului Timis,B.N.BUSINESS S.R.L.,184189,2020-08-11,autoritate non-spital
SCN1073250,Institutul National de Medicina Legala Mina Minovici,NOVENTIS International / MLM MEDICAL S.R.L. / ALPHA HIPOMED SRL / S.C. SOS SECURITY SRL S.R.L. / TZMO ROMANIA / SPD STAR S.R.L. / BOGDAN INTER TUR / INSECO / NAGUMA MEDICAL SUPPLY / Superfood Company S.R.L. / PRODCONFARM S.R.L. / CRIO - 2 S.R.L.,,2020-08-12,autoritate non-spital
CN1023774,Compania APA Brasov,AMIA INVEST / COMTIB S.R.L.,82695,2020-08-14,autoritate non-spital
SCN1073375,INSPECTORATUL DE STAT PENTRU CONTROLUL IN TRANSPORTUL RUTIER,AMIA INVEST / G&M 2000 S.R.L. / BEST ACHIZITII / LABORSISTEM S.R.L. / BIO HYGIENE SRL,545559,2020-08-14,autoritate non-spital
CAN1039212,JUDETUL TULCEA,RUXMAR OFFICE SRL,9599,2020-08-18,autoritate non-spital
SCN1073584,Directia Generala de Asistenta Sociala si Protectia Copilului Bacau,VISA,85476,2020-08-18,autoritate non-spital
CAN1039313,"Centrul Medical De Diagnostic Si Tratament Ambulatoriu ""Dr. Nicolae Kretzulescu""",S.C TOPALIS ENGINEERING S.R.L,19552,2020-08-19,centru medical ambulatoriu (fara paturi)
CAN1039384,Directia Generala de Asistenta Sociala si Protectia Copilului Timis,CLASSIMED SRL,88330,2020-08-20,autoritate non-spital
SCN1073724,Directia Sanitara Veterinara si pentru Siguranta Alimentelor Suceava,NOVA GROUP INVESTMENT / TEKNOLEB LABORATORY SRL / A.M.S. 2000 TRADING IMPEX S.R.L. / DR COLOS MEDICAL / NITECH S.R.L.,276837,2020-08-20,autoritate non-spital
SCN1073732,Directia de Sanatate Publica Vaslui,PRAXIS MEDICA S.R.L. / NITECH S.R.L.,451318,2020-08-21,autoritate non-spital
CAN1039544,Directia de Sanatate Publica Buzau,TUNIC PROD S.R.L.,18280,2020-08-24,autoritate non-spital
CAN1039550,Directia de Sanatate Publica Buzau,Filara BioMed SRL,2679,2020-08-24,autoritate non-spital
CAN1039555,Directia de Sanatate Publica Buzau,Filara BioMed SRL,210,2020-08-24,autoritate non-spital
CAN1039569,Directia Generala de Asistenta Sociala si Protectia Copilului Sector 5,S.C. MT LINE DISTRIBUTION S.R.L.,16800,2020-08-24,autoritate non-spital
398103-2020,Serviciul de Ambulanță Județean Bistrița-Năsăud,,1481614,2020-08-25,autoritate non-spital
398302-2020,SERVICIUL DE AMBULANTA AL JUDETULUI CLUJ,ALPHA BRIO MEDICAL S.R.L. / ALPHA NED 2000 EXIM / AVMED PLUS / CRIO - 2 S.R.L. / JOLIDON INTERNATIONAL / LUAN VISION / Limas Group S.R.L. / MEDIMPACT / THREE PHARM / TZMO ROMANIA,1442928,2020-08-25,autoritate non-spital
CN1023950,Directia Sanitara Veterinara si pentru Siguranta Alimentelor Suceava,TUNIC PROD S.R.L. / ROMVAC COMPANY / S.C. NOVACHIM TRADING S.R.L. / TOPOMEV OPTOSCIENCE / S.C. MUSO S.R.L. / NITECH S.R.L. / A.M.S. 2000 TRADING IMPEX S.R.L. / Filara BioMed SRL / S.C. REDOX RESEARCH & ANALYTIC S.R.L. S.R.L. / MECRO SYSTEM S.R.L. / Altium International SRL / NOVA GROUP INVESTMENT / MERC INTERNATIONAL IMPEX S.R.L. / MEDICLIM S.R.L. / Global Event Solutions SRL / LABORATORIUM S.R.L. / DIALAB SOLUTIONS / Noack Romania S.R.L.,11679182,2020-08-25,autoritate non-spital
SCN1068165,Directia Generala de Asistenta Sociala si Protectia Copilului Timis,TZMO ROMANIA,309478,2020-08-25,autoritate non-spital
SCN1073991,MINISTERUL APARARII - UNITATEA MILITARA 02464 BUCURESTI,MEDICAL LOGISTIC PARTNER S.R.L. / Hemarom S.R.L.,39720,2020-08-26,unitate militara fara profil de spital
SCN1074115,INSPECTORATUL DE POLITIE JUDETEAN HARGHITA,CORPORATION ROM-CONS EQUIPMENT / DOLEX COM,495585,2020-08-28,autoritate non-spital
CN1021469,INSTITUTUL DE CHIMIE MACROMOLECULARA PETRU PONI,DACCHIM S.R.L.,82653,2020-08-29,institut de cercetare / fara paturi de spital
CAN1040026,MUNICIPIUL ALBA IULIA,Filara BioMed SRL,78200,2020-09-01,autoritate non-spital
CAN1040029,MUNICIPIUL ALBA IULIA,SANROTEX TRADING SRL,35550,2020-09-01,autoritate non-spital
CAN1040031,MUNICIPIUL ALBA IULIA,CARESTA STORE,340000,2020-09-01,autoritate non-spital
CAN1040045,Directia de Sanatate Publica Buzau,SC AVENA MEDICA SRL,1400,2020-09-01,autoritate non-spital
CAN1040049,Directia de Sanatate Publica Buzau,Filara BioMed SRL,6916,2020-09-01,autoritate non-spital
411280-2020,Inspectoratul General al Poliției de Frontieră,Ann Reeves & Francesca / Best Achiziții / CRIO – 2 S.R.L. / Dolex Com / Hallunda Foods / Naguma Medical Supply / Roval Med / S.I.A.T. Consulting Service,3600000,2020-09-02,autoritate non-spital
450091-2020,Municipiul Gheorgheni,Mediq Innovative Technologies S.R.L. / Siemens Healthcare S.R.L.,5277300,2020-09-02,autoritate non-spital
SCN1068206,Unitatea Administrativ Teritoriala (UAT) Orasul Jibou,Datasec Consulting,194900,2020-09-02,autoritate non-spital
SCN1068525,"SNTFC ""CFR CALATORI"" S.A.",GLOBAL PLAST HORECA,14060,2020-09-02,entitate privata (SRL/SA)
SCN1074365,DIRECTIA SANITAR VETERINARA SI PENTRU SIGURANTA ALIMENTELOR MARAMURES,Filara BioMed SRL,139200,2020-09-02,autoritate non-spital
CAN1040251,Ministerul Afacerilor Externe,SANROTEX TRADING SRL,19800,2020-09-03,autoritate non-spital
CAN1040258,INSPECTORATUL JUDETEAN DE POLITIE BRAILA,S.C. TIMAR TRADING IMPEX S.R.L.,78986,2020-09-03,autoritate non-spital
SCN1074469,JUDETUL SIBIU,MEDIQ INNOVATIVE TECHNOLOGIES SRL / NEOTECH,423000,2020-09-03,autoritate non-spital
SCN1074478,CLUBUL SPORTIV MUNICIPAL BUCURESTI,PROFESSIONAL FARMA LINE,,2020-09-03,autoritate non-spital
414519-2020,Directia Generala de Politie a Municipiului Bucuresti,Medical Technologies World S.R.L.,2100000,2020-09-04,autoritate non-spital
SCN1067059,ORASUL CERNAVODA,BIOMEDICA MEDIZINPRODUKTE ROMANIA SRL,161454,2020-09-04,autoritate non-spital
SCN1074528,DIRECTIA SANITARA VETERINARA SI PENTRU SIGURANTA ALIMENTELOR TULCEA,A.M.S. 2000 TRADING IMPEX S.R.L. / NOVA GROUP INVESTMENT,112766,2020-09-04,autoritate non-spital
SCN1067191,"SCOALA NATIONALA DE SANATATE PUBLICA, MANAGEMENT SI PERFECTIONARE IN DOMENIUL SANITAR BUCURESTI",Gursk Medica SRL,298690,2020-09-06,autoritate non-spital
SCN1070448,Politia Locala Sector 2,FINAL MANAGEMENT SOLUTION,70179,2020-09-07,autoritate non-spital
SCN1074675,SERVICIUL DE PROTECTIE SI PAZA – U.M. 0149 F BUCURESTI,E-LABORATOR FEERIA S.R.L.,164629,2020-09-07,unitate militara fara profil de spital
256250-2020,Academia de Științe Medicale,,1463510,2020-09-08,autoritate non-spital
159381-2020,"UNIVERSITATEA PENTRU STIINTELE VIETII "" ION IONESCU DE LA BRAD"" DIN IASI",,9083217,2020-09-09,autoritate non-spital
425080-2020,Complexul Multifuncțional Caraiman,,7608000,2020-09-11,autoritate non-spital
471348-2020,Jandarmeria Română – UM 0260 București,Med-AL Trading S.R.L.,2312528,2020-09-11,unitate militara fara profil de spital
SCN1072712,DIRECTIA POLITIEI LOCALE TIMISOARA,NAGUMA MEDICAL SUPPLY,11900,2020-09-11,autoritate non-spital
SCN1074899,"SNTFC ""CFR CALATORI"" S.A.",TECHTEX,18400,2020-09-11,entitate privata (SRL/SA)
147609-2020,ORASUL HOREZU - CONSILIUL LOCAL HOREZU,,7319672,2020-09-14,autoritate non-spital
429426-2020,SERVICIUL DE AMBULANTA JUDETEAN BRASOV,,4089534,2020-09-14,autoritate non-spital
449927-2020,Directia Sanitara Veterinara si pentru Siguranta Alimentelor Ialomita,Antisel RO / Dialab Solutions / Electric Backup / Elta 90 Medical Research S.R.L. / Sapaco 2000 S.A. / Watt Distributor,710260,2020-09-14,autoritate non-spital
566657-2020,JUDETUL SIBIU,ARCMED NET SRL / GENERAL ELECTRIC MEDICAL SYSTEMS ROMANIA / INFOMED FLUIDS S.R.L. / KARL STORZ ENDOSCOPIA ROMANIA / MEDIQ INNOVATIVE TECHNOLOGIES SRL / NOVOMED INTERNATIONAL SRL / PAPAPOSTOLOU S.R.L / PHARMICS S.R.L. / Sante International S.A. / TEHNOPLUS MEDICAL,12925723,2020-09-14,autoritate non-spital
CAN1040968,Directia Generala de Protectie Interna,TZMO ROMANIA,8000,2020-09-14,autoritate non-spital
431857-2020,Institutul National de Cercetare Dezvoltare Medico Militara Cantacuzino,AVENA MEDICA S.R.L. / MEDICLIM S.R.L. / Tody Laboratories Int,791296,2020-09-15,institut de cercetare / fara paturi de spital
441768-2020,JUDETUL BACAU,Alara International SRL,7259300,2020-09-15,autoritate non-spital
SCN1075060,DIRECTIA GENERALA DE ASISTENTA SOCIALA SI PROTECTIA COPILULUI BOTOSANI,Conti Grup / MOBTECO PRODUCT S.R.L. / TELETIM S.R.L.,120407,2020-09-15,autoritate non-spital
CAN1041088,COMPANIA NATIONALA LOTERIA ROMÂNA S.A.,BEST ACHIZITII,23824,2020-09-16,entitate privata (SRL/SA)
CAN1041094,COLEGIUL NATIONAL ION MINULESCU,GERO MULTIOPTION,174510,2020-09-16,autoritate non-spital
CAN1041103,"LICEUL TEORETIC ""NICOLAE TITULESCU""",DOCTOR SWISS,162529,2020-09-16,autoritate non-spital
CAN1041114,Directia de Sanatate Publica Buzau,DIALAB SOLUTIONS,82650,2020-09-16,autoritate non-spital
CAN1041116,Directia de Sanatate Publica Buzau,Filara BioMed SRL,104400,2020-09-16,autoritate non-spital
SCN1075206,Directia Sanitar Veterinara si pentru Siguranta Alimentelor Braila,ANALYTIK-JENA-ROMANIA S.R.L. / ANTISEL RO SRL / NITECH S.R.L.,93322,2020-09-16,autoritate non-spital
460225-2020,Județul Ialomița,Construcții Erbașu S.A.,56301470,2020-09-17,autoritate non-spital
SCN1075229,DIRECTIA DE ASISTENTA SOCIALA PIATRA NEAMT,Altamira Impex,127705,2020-09-17,autoritate non-spital
SCNA1042826,DIRECTIA DE ASISTENTA SOCIALA SI MEDICALA,BEST ACHIZITII / FLYNG IMPEX S.R.L. / RICOMED / ATLAS SPORT / INEDIT CLEAN TOTAL / BIZMED SRL,,2020-09-17,autoritate non-spital
CAN1041275,SERVICIUL DE AMBULANTA BUCURESTI-ILFOV,ALPHA BRIO MEDICAL S.R.L.,4600,2020-09-18,autoritate non-spital
CN1024562,MUNICIPIUL TARGOVISTE,GERMROM TRADING IMPORT EXPORT S.R.L. / MOBTECO PRODUCT S.R.L.,77231,2020-09-18,autoritate non-spital
CN1024677,DIRECTIA SANITARA VETERINARA SI PENTRU SIGURANTA ALIMENTELOR CALARASI,NITECH S.R.L. / ANTISEL RO SRL / LABORATORIUM S.R.L.,367259,2020-09-18,autoritate non-spital
SCN1075315,DIRECTIA GENERALA DE ASISTENTA SOCIALA SI PROTECTIA COPILULUI,CENSUS GROUP / TZMO ROMANIA,1336426,2020-09-18,autoritate non-spital
CAN1041379,"Centrul Medical De Diagnostic Si Tratament Ambulatoriu ""Dr. Nicolae Kretzulescu""",VETRO DESIGN,4200,2020-09-21,centru medical ambulatoriu (fara paturi)
CAN1041385,"Centrul Medical De Diagnostic Si Tratament Ambulatoriu ""Dr. Nicolae Kretzulescu""",ALPHA NED 2000 EXIM,4600,2020-09-21,centru medical ambulatoriu (fara paturi)
CAN1041386,"Centrul Medical De Diagnostic Si Tratament Ambulatoriu ""Dr. Nicolae Kretzulescu""",ALPHA NED 2000 EXIM,25300,2020-09-21,centru medical ambulatoriu (fara paturi)
CAN1041387,"Centrul Medical De Diagnostic Si Tratament Ambulatoriu ""Dr. Nicolae Kretzulescu""",ALPHA NED 2000 EXIM,6900,2020-09-21,centru medical ambulatoriu (fara paturi)
CAN1041388,"Centrul Medical De Diagnostic Si Tratament Ambulatoriu ""Dr. Nicolae Kretzulescu""",DINA MED IMPEX,28000,2020-09-21,centru medical ambulatoriu (fara paturi)
CAN1041391,Directia Generala de Asistenta Sociala si Protectia Copilului Sector 2,ROSSETA DEVELOPMENT,474467,2020-09-21,autoritate non-spital
SCN1075402,SERVICIUL JUDETEAN AMBULANTA MEHEDINTI,ATLAS SPORT / ARTISANA MEDICAL S.R.L. / NAGUMA MEDICAL SUPPLY / DELUXE MEDICRAFTS,210830,2020-09-21,autoritate non-spital
CAN1041490,UM 0502 BUCURESTI,B.BRAUN MEDICAL,17920,2020-09-22,unitate militara fara profil de spital
CAN1041493,UM 0502 BUCURESTI,RABO LEGACY,35960,2020-09-22,unitate militara fara profil de spital
SCN1075526,Directia de Sanatate Publica Vaslui,Proton Impex 2000 S.R.L. / NITECH S.R.L.,82457,2020-09-22,autoritate non-spital
SCN1075528,DIRECTIA GENERALA DE ASISTENTA SOCIALA SI PROTECTIA COPILULUI HUNEDOARA,COMTIB S.R.L. / FLYNG IMPEX S.R.L.,68259,2020-09-22,autoritate non-spital
SCN1075530,Institutul National de Cercetare Dezvoltare in Domeniul Patologiei si Stiintelor Biomedicale Victor Babes,DIALAB SOLUTIONS / DEXTER COM S.R.L. / EMSAR S.R.L.,36111,2020-09-22,institut de cercetare / fara paturi de spital
SCN1075533,Directia Generala de Asistenta Sociala si Protectia Copilului Timis,KLINTENSIV / Medplaza Health / RIVER TRADE & SERVICES SRL,158108,2020-09-22,autoritate non-spital
SCN1075554,"UNIVERSITATEA DE MEDICINA SI FARMACIE ""VICTOR BABES"" DIN TIMISOARA",S.C. MEDIDENT EXIM S.R.L. S.R.L.,27428,2020-09-23,autoritate non-spital
SCN1075559,DIRECTIA DE ASISTENTA SOCIALA A MUNICIPIULUI TIMISOARA,INEDIT CLEAN TOTAL / NEVADA DUAL S.R.L. / MEDCHIM EXPERT SRL,51534,2020-09-23,autoritate non-spital
CAN1041656,SERVICIUL DE AMBULANTA JUDETEAN SATU MARE,TZMO ROMANIA,23310,2020-09-24,autoritate non-spital
SCN1075641,Directia Generala de Asistenta Sociala si Protectia Copilului Gorj,GREENWOOD / TZMO ROMANIA,207455,2020-09-24,autoritate non-spital
SCN1069385,Societatea COMPLEXUL ENERGETIC OLTENIA SA,PRODIVEX,163460,2020-09-25,entitate privata (SRL/SA)
SCN1075770,INSPECTORATUL SCOLAR JUDETEAN SALAJ,KYNITA S.R.L. / FLYNG IMPEX S.R.L. / SANROTEX TRADING SRL,154541,2020-09-25,autoritate non-spital
SCN1075839,INSPECTORATUL SCOLAR PRAHOVA,DOLEX COM,180000,2020-09-28,autoritate non-spital
CAN1041858,SERVICIUL DE AMBULANTA JUDETEAN SATU MARE,ESMED GROUP,44000,2020-09-29,autoritate non-spital
CAN1041882,COMPLEXUL MULTIFUNCTIONAL CARAIMAN,NEED FARM,259000,2020-09-29,autoritate non-spital
SCN1069827,Institutul National de Cercetare Dezvoltare Medico Militara Cantacuzino,SAPACO 2000 S.A.,412580,2020-09-29,institut de cercetare / fara paturi de spital
CAN1041948,Directia de Sanatate Publica Buzau,Filara BioMed SRL,208000,2020-09-30,autoritate non-spital
CAN1041950,Directia de Sanatate Publica Buzau,DIALAB SOLUTIONS,220000,2020-09-30,autoritate non-spital
CAN1041958,Directia de Sanatate Publica Buzau,TUNIC PROD S.R.L.,22750,2020-09-30,autoritate non-spital
CAN1041962,Directia de Sanatate Publica Buzau,SC AVENA MEDICA SRL,1750,2020-09-30,autoritate non-spital
CAN1042000,ACADEMIA DE STIINTE MEDICALE,SIEMENS HEALTHCARE SRL,29309,2020-09-30,autoritate non-spital
SCN1076042,DIRECTIA SANITARA VETERINARA SI PENTRU SIGURANTA ALIMENTELOR ALBA,AVENA MEDICA S.R.L. / Noack Romania S.R.L. / Filara BioMed SRL / MERC INTERNATIONAL IMPEX S.R.L.,138006,2020-09-30,autoritate non-spital
SCN1070299,INSPECTORATUL TERITORIAL AL POLITIEI DE FRONTIERA TIMISOARA,DOLEX COM / TOPALIS ENGINEERING SRL,9810,2020-10-01,autoritate non-spital
SCN1076076,PRIMARIA MUNICIPIULUI ZALAU,MADCIB COMERT,61307,2020-10-01,autoritate non-spital
SCN1076099,DIRECTIA GENERALA DE ASISTENTA SOCIALA SI PROTECTIA COPILULUI BOTOSANI,LIAMED / SOFTMET SRL / OVAVINCI,18807,2020-10-01,autoritate non-spital
SCN1076140,DIRECTIA GENERALA DE ASISTENTA SOCIALA SI PROTECTIA COPILULUI - SALAJ,TZMO ROMANIA,191503,2020-10-01,autoritate non-spital
SCN1076182,SERVICIUL PUBLIC MANAGEMENT SPITALE ȘI CABINETE MEDICALE DIN MUNICIPIUL CRAIOVA,CATTUS S.R.L. / S.C. KAYANA S.R.L.,129700,2020-10-02,autoritate non-spital
SCN1076219,Institutul National de Cercetare Dezvoltare in Domeniul Patologiei si Stiintelor Biomedicale Victor Babes,BIOMEDICA MEDIZINPRODUKTE ROMANIA SRL / DIALAB SOLUTIONS / EMSAR S.R.L.,41146,2020-10-02,institut de cercetare / fara paturi de spital
CAN1042238,"Universitatea de Medicina si Farmacie ""Iuliu Hatieganu"" Cluj-Napoca",Filara BioMed SRL,8270,2020-10-06,autoritate non-spital
CN1025178,LABORATOR DE CONTROL DOPING,EMSAR S.R.L. / PARTNERS MEDICAL SOLUTION S.R.L. / ANTISEL RO SRL / MUSO / LABORSISTEM S.R.L. / Pro Analysis Systems,49400,2020-10-06,autoritate non-spital
SCN1076382,"COMPANIA NATIONALA DE TRANSPORT AL ENERGIEI ELECTRICE ""TRANSELECTRICA"" S.A.",DOLEX COM,80685,2020-10-06,entitate privata (SRL/SA)
516489-2020,Municipiul Marghita,SC REGIO MED SRL,774201,2020-10-07,autoritate non-spital
CAN1042393,COMUNA VOINESTI (PRIMARIA VOINESTI IASI),OPEN MIND LABORATORY S.R.L.,146969,2020-10-07,autoritate non-spital
SCN1076460,INSPECTORATUL SCOLAR JUDETEAN SUCEAVA,Medplaza Health,148200,2020-10-07,autoritate non-spital
233269-2020,Ministerul Culturii,,2798406,2020-10-08,autoritate non-spital
CAN1042565,"Centrul Medical De Diagnostic Si Tratament Ambulatoriu ""Dr. Nicolae Kretzulescu""",TOPALIS ENGINEERING SRL,30000,2020-10-09,centru medical ambulatoriu (fara paturi)
CN1025252,MINISTERUL APARARII - UNITATEA MILITARA 02464 BUCURESTI,Hemarom S.R.L.,,2020-10-09,unitate militara fara profil de spital
SCN1076672,Centrul de Recuperare si Reabilitare a Persoanelor cu Handicap - Pastraveni,SC FARMACIA ARDEALUL SRL,216112,2020-10-09,autoritate non-spital
SCN1070570,CONSILIUL LOCAL PALTINIS,MAXIGEL S.R.L.,219000,2020-10-10,autoritate non-spital
597062-2020,Institutul National de Cercetare Dezvoltare Medico Militara Cantacuzino,Antisel RO,675000,2020-10-12,institut de cercetare / fara paturi de spital
597322-2020,Institutul National de Cercetare Dezvoltare Medico Militara Cantacuzino,Roche România,1202688,2020-10-12,institut de cercetare / fara paturi de spital
CAN1042616,Directia de Sanatate Publica Buzau,Filara BioMed SRL,208000,2020-10-12,autoritate non-spital
CAN1042619,Directia de Sanatate Publica Buzau,Filara BioMed SRL,2240,2020-10-12,autoritate non-spital
CAN1042627,Directia de Sanatate Publica Buzau,SC AVENA MEDICA SRL,3200,2020-10-12,autoritate non-spital
482127-2020,Serviciul de Ambulanță Județean Mureș,A&A FARMA DISTRIBUTION S.R.L / AVANT MARIS MEDICAL S.R.L. / CO&CO Consumer 2002 S.R.L. / CRIO - 2 S.R.L. / JOLIDON INTERNATIONAL / Limas Group S.R.L. / MEDCLAS TRADING S.R.L. / MEDICAL GRUP / NAFKA GRUP,1900462,2020-10-13,autoritate non-spital
CAN1042725,UNIVERSITATEA TEHNICA DIN CLUJ NAPOCA,SERVICII PUBLICE S.A.,239700,2020-10-13,autoritate non-spital
SCN1076791,"SNTFC ""CFR CALATORI"" S.A.",FITERMAN DISTRIBUTION,16875,2020-10-13,entitate privata (SRL/SA)
SCN1076811,Universitatea din Oradea,HALMADENT SRL / AMEX IMPORT EXPORT S.R.L. / NITECH S.R.L.,74261,2020-10-13,autoritate non-spital
CAN1042773,SERVICIUL DE AMBULANTA JUDETEAN BISTRITA-NASAUD,CORAMED MEDIZINISCHE PRODUKTE,9231,2020-10-14,autoritate non-spital
SCN1076870,MINISTERUL APARARII - UNITATEA MILITARA 02464 BUCURESTI,MLM MEDICAL S.R.L. / PROMED SOLUTION MD SRL / MEDIMPACT / LIAMED / PRO RSQ / NEOMED S.R.L.,264925,2020-10-14,unitate militara fara profil de spital
SCN1076889,MINISTERUL APARARII - UNITATEA MILITARA 02464 BUCURESTI,PROMED SOLUTION MD SRL / NITECH S.R.L.,10793,2020-10-14,unitate militara fara profil de spital
SCN1076890,INSPECTORATUL SCOLAR JUDETEAN ARAD,BEST ACHIZITII / WEST MEDIA GLOBAL / FLYNG IMPEX S.R.L.,155866,2020-10-14,autoritate non-spital
SCN1076895,BIROUL ROMAN DE METROLOGIE LEGALA,FITERMAN DISTRIBUTION / NAGUMA MEDICAL SUPPLY,14890,2020-10-14,autoritate non-spital
SCN1076923,Penitenciarul cu Regim de Maxima Siguranta Iasi,AL-CARINA S.R.L. / FITERMAN DISTRIBUTION / BIOLAB SCIENTIFIC SRL / Media2door / NERAMO DISTRIBUTION / AMIA INVEST / INEDIT CLEAN TOTAL,36078,2020-10-14,autoritate non-spital
SCN1076941,Compania de Apa Arad S.A.,TECHTEX / YORK FARM,45900,2020-10-14,entitate privata (SRL/SA)
SCN1076951,DIRECTIA DE SANATATE PUBLICA JUDETEANA TIMIS,DELUXE MEDICRAFTS,19950,2020-10-14,autoritate non-spital
362528-2020,ADMINISTRATIA NATIONALA A REZERVELOR DE STAT SI PROBLEME SPECIALE,,1379197,2020-10-15,autoritate non-spital
526734-2020,SERVICIUL DE PROTECTIE SI PAZA – U.M. 0149 F BUCURESTI,Diamedix Impex / Unicomp,1361116,2020-10-16,unitate militara fara profil de spital
CAN1042933,SERVICIUL JUDETEAN DE AMBULANTA GORJ,ROVAL MED,11714,2020-10-16,autoritate non-spital
CAN1042935,SERVICIUL JUDETEAN DE AMBULANTA GORJ,DELTAMED,564,2020-10-16,autoritate non-spital
CAN1042936,SERVICIUL JUDETEAN DE AMBULANTA GORJ,MEDIMPACT,1421,2020-10-16,autoritate non-spital
SCN1077131,Institutul National de Cercetare Dezvoltare in Domeniul Patologiei si Stiintelor Biomedicale Victor Babes,SC NUTRICOR BUSINESS SRL / S.C. Bio Zyme S.R.L.,12559,2020-10-16,institut de cercetare / fara paturi de spital
493192-2020,Complexul Multifuncțional Caraiman,MINIMED SOLUTIONS S.R.L.,36000000,2020-10-19,autoritate non-spital
SCN1077199,Inspectoratul Scolar Judetean Dolj,INEDIT CLEAN TOTAL / SC KLINTENSIV SRL / DOLEX COM,183672,2020-10-19,autoritate non-spital
CAN1043114,Primaria Municipiului Tirgu-Mures,FARMACIA OMNIA,6032,2020-10-20,autoritate non-spital
SCN1071106,Ministerul Apararii-Unitatea Militara nr.01483 Zalau,DOLEX COM,,2020-10-20,unitate militara fara profil de spital
SCN1071271,Serviciul Judetean de Ambulanta Salaj,ATLAS SPORT,,2020-10-21,autoritate non-spital
CN1025609,MUNICIPIUL ARAD,BIZMED SRL,,2020-10-22,autoritate non-spital
CAN1043502,DIRECTIA DE SANATATE PUBLICA A MUNICIPIULUI BUCURESTI,SANIMED INTERNATIONAL IMPEX S.R.L.,30100,2020-10-23,autoritate non-spital
CAN1043550,SERVICIUL DE AMBULANTA BUCURESTI-ILFOV,Limas Group S.R.L.,35000,2020-10-23,autoritate non-spital
CAN1043551,SERVICIUL DE AMBULANTA BUCURESTI-ILFOV,Limas Group S.R.L.,30000,2020-10-23,autoritate non-spital
CAN1043552,SERVICIUL DE AMBULANTA BUCURESTI-ILFOV,MED - AL TRADING SRL,27500,2020-10-23,autoritate non-spital
CAN1043553,SERVICIUL DE AMBULANTA BUCURESTI-ILFOV,MATEI CONF GRUP,35050,2020-10-23,autoritate non-spital
CAN1043554,SERVICIUL DE AMBULANTA BUCURESTI-ILFOV,MATEI CONF GRUP,29500,2020-10-23,autoritate non-spital
SCN1077535,Serviciul Judetean de Ambulanta Valcea,NERAMO DISTRIBUTION / LUAN VISION / ATLAS SPORT / BEST ACHIZITII,423210,2020-10-23,autoritate non-spital
SCN1077540,JUDETUL IASI,QUARTZ MATRIX / 2NET COMPUTER S.R.L.,9612,2020-10-23,autoritate non-spital
509811-2020,SERVICIUL DE AMBULANTA BUCURESTI-ILFOV,,1882500,2020-10-27,autoritate non-spital
526771-2020,OFICIUL NATIONAL PENTRU ACHIZITII CENTRALIZATE,BTL România Aparatură Medicală S.R.L.,4425435,2020-10-27,autoritate non-spital
CN1025617,SERVICIUL DE AMBULANTA BUCURESTI-ILFOV,SH MEDICAL SRL / DELUXE MEDICRAFTS / BEST ACHIZITII / SOS SECURITY SRL,,2020-10-27,autoritate non-spital
SCN1070702,PARCHETUL DE PE LANGA INALTA CURTE DE CASATIE SI JUSTITIE,STIMPEX,365155,2020-10-27,autoritate non-spital
SCN1071465,DIRECTIA GENERALA DE ASISTENTA SOCIALA SI PROTECTIA COPILULUI ALBA,TEHNOFARM SRL,197519,2020-10-27,autoritate non-spital
SCN1071969,"SNTFC ""CFR CALATORI"" S.A.",BEST ACHIZITII,3266,2020-10-28,entitate privata (SRL/SA)
CAN1043843,Directia Generala de Asistenta Sociala si Protectia Copilului Olt,Klaus Distribution,45654,2020-10-29,autoritate non-spital
SCN1077839,"UNIVERSITATEA DE MEDICINA SI FARMACIE ""VICTOR BABES"" DIN TIMISOARA",MEDIST IMAGING & P.O.C. S.R.L. / TEHNO ELECTRO MEDICAL COMPANY S.R.L.,146408,2020-10-29,autoritate non-spital
SCN1071427,MUNICIPIUL DOROHOI,BIVARIA GRUP S.R.L.,243450,2020-10-30,autoritate non-spital
SCN1078027,INSTITUTUL NATIONAL CERCETARE DEZVOLTARE PENTRU ECOLOGIE INDUSTRIALA,EMSAR S.R.L. / TOPOMEV OPTOSCIENCE / Agilrom Scientific / TYD ELAN S.R.L.,401126,2020-10-30,institut de cercetare / fara paturi de spital
301103-2020,MUNICIPIUL ORSOVA,,1302700,2020-11-02,autoritate non-spital
CAN1044008,Serviciul de Ambulanta Judetean Galati,ROVAL PRINT,121700,2020-11-03,autoritate non-spital
CN1022380,INSTITUTUL DE CHIMIE MACROMOLECULARA PETRU PONI,Decorias,11708,2020-11-03,institut de cercetare / fara paturi de spital
CN1025814,SERVICIUL DE AMBULANTA BUCURESTI-ILFOV,NAFKA GRUP S.R.L. / MEDCLAS TRADING S.R.L. / ALPHA NED 2000 EXIM / Steril Romania S.R.L. / VALDOMEDICA TRADING / LUAN VISION / NANO BIO MEDICAL S.R.L. / MEDIMPACT / MLM MEDICAL S.R.L. / CO&CO Consumer 2002 S.R.L. / ALPHA BRIO MEDICAL S.R.L. / MEDICAL GRUP / TEHNOPLUS MEDICAL / PAUL HARTMANN / TZMO ROMANIA / TRIDENT MEDICAL COMPANY S.R.L. / PRION POCT / CERVA ROMANIA / DELUXE MEDICRAFTS / CRIO - 2 S.R.L.,,2020-11-03,autoritate non-spital
563974-2020,OFICIUL NATIONAL PENTRU ACHIZITII CENTRALIZATE,Deltamed,,2020-11-04,autoritate non-spital
564012-2020,OFICIUL NATIONAL PENTRU ACHIZITII CENTRALIZATE,General Electric Medical Systems România,,2020-11-04,autoritate non-spital
SCN1078209,DIRECTIA SANITARA VETERINARA SI PENTRU SIGURANTA ALIMENTELOR BIHOR,NOVA GROUP INVESTMENT / DIALAB SOLUTIONS / Noack Romania S.R.L.,105728,2020-11-04,autoritate non-spital
SCN1078220,JUDETUL BACAU,UNION CO S.R.L. / OFFICE HQ SRL / CYBERNET S.R.L.,174781,2020-11-04,autoritate non-spital
SCN1072056,DIRECTIA GENERALA DE ASISTENTA SOCIALA SI PROTECTIA COPILULUI - SALAJ,SOLARAMI CRIS SRL,264217,2020-11-05,autoritate non-spital
SCN1078294,DIRECŢIA DE SĂNĂTATE PUBLICĂ JUDEŢEANĂ SUCEAVA,SANIMED INTERNATIONAL IMPEX S.R.L. / S.C. NERAMO DISTRIBUTION S.R.L. / DELUXE MEDICRAFTS,45258,2020-11-05,autoritate non-spital
CAN1044296,JUDETUL MEHEDINTI,PRIMERA MED TECHNOLOGY,19100,2020-11-06,autoritate non-spital
CAN1044301,JUDETUL MEHEDINTI,ANA CONCEPT,30000,2020-11-06,autoritate non-spital
CAN1044311,JUDETUL MEHEDINTI,DACORUM GRUP,207000,2020-11-06,autoritate non-spital
CAN1044315,JUDETUL MEHEDINTI,DACORUM GRUP,198000,2020-11-06,autoritate non-spital
CAN1044316,JUDETUL MEHEDINTI,ANA CONCEPT,7000,2020-11-06,autoritate non-spital
CAN1044328,JUDETUL MEHEDINTI,DACORUM GRUP,33700,2020-11-06,autoritate non-spital
CAN1044331,JUDETUL MEHEDINTI,ANA CONCEPT,3000,2020-11-06,autoritate non-spital
CAN1044334,JUDETUL MEHEDINTI,DACORUM GRUP,156000,2020-11-06,autoritate non-spital
CAN1042614,Directia de Sanatate Publica Buzau,DEXTER COM S.R.L.,4700,2020-11-09,autoritate non-spital
CAN1044406,JUDETUL MEHEDINTI,X-Lab Solutions S.R.L.,20000,2020-11-09,autoritate non-spital
CAN1044451,JUDETUL MEHEDINTI,PRIMERA MED TECHNOLOGY,19100,2020-11-09,autoritate non-spital
CAN1044452,JUDETUL MEHEDINTI,ANA CONCEPT,30000,2020-11-09,autoritate non-spital
CAN1044453,JUDETUL MEHEDINTI,DACORUM GRUP,207000,2020-11-09,autoritate non-spital
CAN1044454,JUDETUL MEHEDINTI,DACORUM GRUP,198000,2020-11-09,autoritate non-spital
CAN1044456,JUDETUL MEHEDINTI,ANA CONCEPT,7000,2020-11-09,autoritate non-spital
CAN1044457,JUDETUL MEHEDINTI,DACORUM GRUP,33700,2020-11-09,autoritate non-spital
CAN1044458,JUDETUL MEHEDINTI,ANA CONCEPT,3000,2020-11-09,autoritate non-spital
CAN1044459,JUDETUL MEHEDINTI,DACORUM GRUP,156000,2020-11-09,autoritate non-spital
CAN1044460,JUDETUL MEHEDINTI,BROKMED S.R.L.,13920,2020-11-09,autoritate non-spital
CAN1044461,JUDETUL MEHEDINTI,MEDICARE TECHNICS,203350,2020-11-09,autoritate non-spital
CAN1044462,JUDETUL MEHEDINTI,B. BRAUN AVITUM S.R.L.,48890,2020-11-09,autoritate non-spital
CAN1044463,JUDETUL MEHEDINTI,BTL ROMANIA APARATURA MEDICALA S.R.L.,32700,2020-11-09,autoritate non-spital
CN1026083,MUNICIPIUL CONSTANTA,BEST ACHIZITII / MMTOP SAFE,43623,2020-11-09,autoritate non-spital
SCN1068662,SOCIETATEA DE DISTRIBUTIE A ENERGIEI ELECTRICE MUNTENIA NORD S.A.,MW ILMED,387396,2020-11-09,entitate privata (SRL/SA)
138306-2020,MUNICIPIUL ORSOVA,,3974043,2020-11-10,autoritate non-spital
CN1026029,Municipiul Cluj-Napoca,VODIMEDICOR S.R.L. / S.C. DRAGER MEDICAL ROMANIA S.R.L. S.R.L.,110630,2020-11-10,autoritate non-spital
CAN1044619,SERVICIUL DE AMBULANTA JUDETEAN SATU MARE,ESMED GROUP,98800,2020-11-11,autoritate non-spital
CAN1044636,Directia de Sanatate Publica Buzau,DIALAB SOLUTIONS,220000,2020-11-11,autoritate non-spital
SCN1072557,Ministerul Afacerilor Externe,NAGUMA MEDICAL SUPPLY,61200,2020-11-11,autoritate non-spital
SCN1074021,COMUNA COSULA (PRIMARIA COSULA),BISCOP SRL,545693,2020-11-11,autoritate non-spital
SCN1078561,"UNIVERSITATEA DE MEDICINA SI FARMACIE ""VICTOR BABES"" DIN TIMISOARA",TEHNODENT POKA S.R.L.,16700,2020-11-11,autoritate non-spital
SCN1078605,DIRECTIA SANITARA VETERINARA SI PENTRU SIGURANTA ALIMENTELOR ARAD,NITECH S.R.L. / A.M.S. 2000 TRADING IMPEX S.R.L. / LABEXPERT SERVICE / Omnivet Impex S.R.L.,232810,2020-11-11,autoritate non-spital
CAN1044721,Directia Generala de Asistenta Sociala si Protectia Copilului Olt,NAGUMA MEDICAL SUPPLY,1200,2020-11-12,autoritate non-spital
CAN1044723,Directia Generala de Asistenta Sociala si Protectia Copilului Olt,SH MEDICAL SRL,16000,2020-11-12,autoritate non-spital
CAN1044724,Directia Generala de Asistenta Sociala si Protectia Copilului Olt,PROFIPACK,3800,2020-11-12,autoritate non-spital
SCN1068687,SOCIETATEA DE DISTRIBUTIE A ENERGIEI ELECTRICE MUNTENIA NORD S.A.,INNOVATIVE TEX SOLUTIONS,38500,2020-11-12,entitate privata (SRL/SA)
SCN1078664,Centrul Român pentru Pregatirea si Perfectionarea Personalului din Transporturi Navale,S.C. ALPINPOLARIS S.R.L. / EUROTOTAL COMP,307040,2020-11-12,autoritate non-spital
593245-2020,OFICIUL NATIONAL PENTRU ACHIZITII CENTRALIZATE,Farmatin Medical,3116800,2020-11-13,autoritate non-spital
596972-2020,OFICIUL NATIONAL PENTRU ACHIZITII CENTRALIZATE,Adion Prodimpextrans S.R.L.,2540000,2020-11-13,autoritate non-spital
596997-2020,OFICIUL NATIONAL PENTRU ACHIZITII CENTRALIZATE,LIAMED,1564000,2020-11-13,autoritate non-spital
597111-2020,OFICIUL NATIONAL PENTRU ACHIZITII CENTRALIZATE,Dacorum Grup,4400000,2020-11-13,autoritate non-spital
597137-2020,OFICIUL NATIONAL PENTRU ACHIZITII CENTRALIZATE,PRO Cardia,2200000,2020-11-13,autoritate non-spital
597138-2020,OFICIUL NATIONAL PENTRU ACHIZITII CENTRALIZATE,DUTCHMED S.R.L.,2580000,2020-11-13,autoritate non-spital
597154-2020,OFICIUL NATIONAL PENTRU ACHIZITII CENTRALIZATE,Proton Impex 2000,2398000,2020-11-13,autoritate non-spital
597219-2020,OFICIUL NATIONAL PENTRU ACHIZITII CENTRALIZATE,Hellimed,4344000,2020-11-13,autoritate non-spital
SCN1078716,DIRECTIA SANITARA VETERINARA SI PENTRU SIGURANTA ALIMENTELOR DOLJ,NOVA GROUP INVESTMENT / NITECH S.R.L. / WATT DISTRIBUTOR S.R.L.,185830,2020-11-13,autoritate non-spital
SCN1072629,CONSILIUL LOCAL PALTINIS,INFO MED EXPERT S.R.L.,28676,2020-11-14,autoritate non-spital
548239-2020,Institutul National de Cercetare Dezvoltare Medico Militara Cantacuzino,A.M.S. 2000 TRADING IMPEX S.R.L. / ANTISEL RO SRL / BIOMEDICA MEDIZINPRODUKTE ROMANIA SRL / DEXTER COM S.R.L. / DIALAB SOLUTIONS / Elta 90 Medical Research SRL / MEDIST LIFE SCIENCE S.R.L. / Novaintermed S.R.L. / Omnivet Impex S.R.L.,9278033,2020-11-16,institut de cercetare / fara paturi de spital
611976-2020,Direcția de Sănătate Publică a Municipiului București,Deltarom S.R.L.,682500,2020-11-16,autoritate non-spital
SCN1078812,MUNICIPIUL ALEXANDRIA,NAGUMA MEDICAL SUPPLY,2850,2020-11-16,autoritate non-spital
SCN1078845,PENITENCIARUL MIOVENI,BIZMED SRL / SANROTEX TRADING SRL,341332,2020-11-17,autoritate non-spital
601377-2020,Institutul National de Cercetare Dezvoltare Medico Militara Cantacuzino,Antisel RO,700000,2020-11-18,institut de cercetare / fara paturi de spital
601401-2020,Institutul National de Cercetare Dezvoltare Medico Militara Cantacuzino,Novaintermed S.R.L.,1616748,2020-11-18,institut de cercetare / fara paturi de spital
CAN1045054,DIRECTIA DE SANATATE PUBLICA A MUNICIPIULUI BUCURESTI,SANIMED INTERNATIONAL IMPEX S.R.L.,52031,2020-11-18,autoritate non-spital
CAN1045235,UNITATEA MILITARA 0565 BISTRITA - JANDARMERIA,MILENIUM EXPERT FINANCE,17918,2020-11-20,unitate militara fara profil de spital
SCN1072678,MUNICIPIUL BAIA MARE,Nastimed Serv,84052,2020-11-20,autoritate non-spital
563990-2020,Serviciul de Ambulanță Județean Satu Mare,B.Braun Medical / Limas Group S.R.L. / Luan Vision / Medimpact / Ricomed / TZMO România / Tehno Electro Medical Company S.R.L.,5795303,2020-11-24,autoritate non-spital
564047-2020,Serviciul de Ambulanta Judetean Vaslui,ARTISANA MEDICAL S.R.L. / BIZMED SRL / COMPANIA NATIONALA UNIFARM / CRIO - 2 S.R.L. / DELTAMED / FRESENIUS KABI ROMANIA / GRAZY PRICE MEDICAL IMPORT EXPORT S.R.L. / HELLIMED / JOLIDON INTERNATIONAL / LUAN VISION / Limas Group S.R.L. / MEDCLAS TRADING S.R.L. / MEDICAL GRUP / MEDIMPACT / MEDIST IMAGING & P.O.C. S.R.L. / NAFKA GRUP / Pansiprod Distributie / S.C. MEDCLAS TRADING S.R.L. S.R.L. / S.C. NERAMO DISTRIBUTION S.R.L. / S.C.MEDICAL GRUP S.R.L. / THREE PHARM / TZMO ROMANIA / VALDOMEDICA TRADING,1950228,2020-11-24,autoritate non-spital
590502-2020,Orașul Vișeu de Sus,BPM Tehnologica,5395331,2020-11-24,autoritate non-spital
CAN1045401,SERVICIUL DE AMBULANTA JUDETEAN VRANCEA,BRIFARM,200515,2020-11-24,autoritate non-spital
CAN1045414,ADMINISTRATIA DOMENIULUI PUBLIC SI DEZVOLTARE URBANA SECTOR 6,S.I.A.T. Consulting Service,29000,2020-11-24,autoritate non-spital
CN1023078,DISTRIBUȚIE ENERGIE ELECTRICĂ ROMANIA S.A.,DELTA MOBIL,360960,2020-11-24,entitate privata (SRL/SA)
SCN1073300,MUNICIPIUL BACAU,BEST ACHIZITII,9300,2020-11-24,autoritate non-spital
SCN1067012,MUNICIPIUL TARGOVISTE,OVAMED EXPERT S.R.L.,10327,2020-11-26,autoritate non-spital
SCN1079402,Institutul National de Medicina Legala Mina Minovici,MEDIMPACT / S.C. ADAR UNIC SOLUTIONS S.R.L. / DELUXE MEDICRAFTS / INEDIT CLEAN TOTAL,126543,2020-11-26,autoritate non-spital
CAN1045621,SERVICIUL DE AMBULANTA JUDETEAN IASI,VALDOMEDICA TRADING,13750,2020-11-27,autoritate non-spital
CAN1045625,SERVICIUL DE AMBULANTA JUDETEAN IASI,MEDICAL GRUP,2270,2020-11-27,autoritate non-spital
CAN1045632,SERVICIUL DE AMBULANTA JUDETEAN IASI,ALPHA BRIO MEDICAL S.R.L.,22820,2020-11-27,autoritate non-spital
CAN1045635,ORAS OTOPENI,SMART PREST SOLUTION,21500,2020-11-27,autoritate non-spital
CN1026531,SERVICIUL JUDETEAN DE AMBULANTA GORJ,PRODCONFARM S.R.L. / ROVAL MED / BIZMED / CO&CO Consumer 2002 S.R.L. / BEST ACHIZITII / ALPHA NED 2000 EXIM / TAISSIS CONCEPT / TMS - TOP MEDICAL SUPPLIER / LUAN VISION / BIOLAB SCIENTIFIC SRL / NAFKA GRUP S.R.L. / ATLAS MEDICAL / MEDICAL GRUP / DELUXE MEDICRAFTS / SH MEDICAL SRL / CRIO - 2 S.R.L. / VALDOMEDICA TRADING,,2020-11-27,autoritate non-spital
SCN1071640,DIRECTIA GENERALA ASISTENTA SOCIALA CONSTANTA,BTL ROMANIA APARATURA MEDICALA S.R.L.,48500,2020-11-27,autoritate non-spital
SCN1077327,DIRECTIA POLITIEI LOCALE TIMISOARA,BEST ACHIZITII,17000,2020-11-27,autoritate non-spital
CN1026601,JUDETUL CARAS-SEVERIN,Hospital Technical Solutions,479350,2020-12-01,autoritate non-spital
SCN1071997,MINISTERUL APARARII - UNITATEA MILITARA 02464 BUCURESTI,PRIMERA MED TECHNOLOGY,,2020-12-01,unitate militara fara profil de spital
SCN1073707,DIRECTIA SANITARA VETERINARA SI PENTRU SIGURANTA ALIMENTELOR ALBA,ANALYTIK-JENA-ROMANIA S.R.L.,278200,2020-12-01,autoritate non-spital
SCN1079573,Cresa pentru Educatie Timpurie,OVIVA DISTRIBUTION S.R.L. / H.B.P. EKO DISTRIBUTION,313253,2020-12-02,autoritate non-spital
CAN1045805,Banca Nationala a Romaniei,GENERAL MEDICALS ACTIVE SRL,72000,2020-12-03,autoritate non-spital
CAN1045808,Banca Nationala a Romaniei,GENERAL MEDICALS ACTIVE SRL,16940,2020-12-03,autoritate non-spital
CAN1045812,Banca Nationala a Romaniei,GENERAL MEDICALS ACTIVE SRL,29975,2020-12-03,autoritate non-spital
CAN1045814,Banca Nationala a Romaniei,GENERAL MEDICALS ACTIVE SRL,8800,2020-12-03,autoritate non-spital
CAN1045820,Banca Nationala a Romaniei,DOLEX COM,586710,2020-12-03,autoritate non-spital
CAN1045824,Banca Nationala a Romaniei,DOLEX COM,84000,2020-12-03,autoritate non-spital
CAN1045826,Banca Nationala a Romaniei,DOLEX COM,94554,2020-12-03,autoritate non-spital
CAN1045828,Banca Nationala a Romaniei,DOLEX COM,45900,2020-12-03,autoritate non-spital
SCN1079636,DIRECTIA DE ASISTENTA SOCIALA PIATRA NEAMT,G&M 2000 S.R.L. / S.C. ALISON HAYES (ROMANIA) S.R.L.,6905,2020-12-03,autoritate non-spital
596851-2020,OFICIUL NATIONAL PENTRU ACHIZITII CENTRALIZATE,Linde Gaz România S.R.L.,3127625,2020-12-04,autoritate non-spital
606836-2020,JUDETUL GALATI,Proton Impex 2000 S.R.L. / S.C. ELMED MEDICAL S.R.L.,1111408,2020-12-04,autoritate non-spital
CAN1045902,"Centrul Medical De Diagnostic Si Tratament Ambulatoriu ""Dr. Nicolae Kretzulescu""",STIP PRODEXPO S.R.L.,840,2020-12-04,centru medical ambulatoriu (fara paturi)
CAN1045905,"Centrul Medical De Diagnostic Si Tratament Ambulatoriu ""Dr. Nicolae Kretzulescu""",NERAMO DISTRIBUTION,42960,2020-12-04,centru medical ambulatoriu (fara paturi)
CAN1045906,"Centrul Medical De Diagnostic Si Tratament Ambulatoriu ""Dr. Nicolae Kretzulescu""",AXEL PROJECT SRL,37600,2020-12-04,centru medical ambulatoriu (fara paturi)
CAN1045970,MUNICIPIUL ALBA IULIA,3D DERATIZARE,119400,2020-12-04,autoritate non-spital
364682-2020,ORASUL SINAIA (Primaria Orasului Sinaia),,7112975,2020-12-07,autoritate non-spital
488059-2020,"Universitatea de Medicina si Farmacie ""Iuliu Hatieganu"" Cluj-Napoca",,1009000,2020-12-07,autoritate non-spital
CAN1046003,INSTITUTUL NATIONAL CERCETARE DEZVOLTARE PENTRU ECOLOGIE INDUSTRIALA,SOLAGEN LABORATORY,1056,2020-12-07,institut de cercetare / fara paturi de spital
CAN1046006,INSTITUTUL NATIONAL CERCETARE DEZVOLTARE PENTRU ECOLOGIE INDUSTRIALA,TOPOMEV OPTOSCIENCE,2344,2020-12-07,institut de cercetare / fara paturi de spital
CAN1046010,INSTITUTUL NATIONAL CERCETARE DEZVOLTARE PENTRU ECOLOGIE INDUSTRIALA,Agilrom Scientific,2251,2020-12-07,institut de cercetare / fara paturi de spital
CAN1046077,Institutul National de Cercetare Dezvoltare Medico Militara Cantacuzino,ANTISEL RO SRL,198150,2020-12-07,institut de cercetare / fara paturi de spital
CAN1046082,Institutul National de Cercetare Dezvoltare Medico Militara Cantacuzino,Elta 90 Medical Research SRL,140000,2020-12-07,institut de cercetare / fara paturi de spital
CAN1046084,Institutul National de Cercetare Dezvoltare Medico Militara Cantacuzino,DEXTER COM S.R.L.,307000,2020-12-07,institut de cercetare / fara paturi de spital
SCN1075638,Politia Locala Sector 2,FINAL MANAGEMENT SOLUTION,88970,2020-12-07,autoritate non-spital
489143-2020,Inspectoratul Școlar Județean Vaslui,,1506050,2020-12-08,autoritate non-spital
606804-2020,OFICIUL NATIONAL PENTRU ACHIZITII CENTRALIZATE,MCM Eva S.R.L.,91500000,2020-12-08,autoritate non-spital
606908-2020,OFICIUL NATIONAL PENTRU ACHIZITII CENTRALIZATE,HDL Union,13320000,2020-12-08,autoritate non-spital
629046-2020,OFICIUL NATIONAL PENTRU ACHIZITII CENTRALIZATE,Med Healthcare Project,82500000,2020-12-08,autoritate non-spital
629048-2020,OFICIUL NATIONAL PENTRU ACHIZITII CENTRALIZATE,E Duman Concept,57900000,2020-12-08,autoritate non-spital
629107-2020,OFICIUL NATIONAL PENTRU ACHIZITII CENTRALIZATE,Pastel Diagnostic Solutions,107310000,2020-12-08,autoritate non-spital
CAN1046151,MUNICIPIUL ALBA IULIA,Filara BioMed SRL,119400,2020-12-08,autoritate non-spital
CAN1046175,Institutul National de Cercetare Dezvoltare Medico Militara Cantacuzino,Nova Fit 2000 S.R.L.,73600,2020-12-08,institut de cercetare / fara paturi de spital
CAN1046185,Institutul National de Cercetare Dezvoltare Medico Militara Cantacuzino,ANALYTIK-JENA-ROMANIA S.R.L.,145000,2020-12-08,institut de cercetare / fara paturi de spital
CAN1046187,Institutul National de Cercetare Dezvoltare Medico Militara Cantacuzino,Novaintermed S.R.L.,120035,2020-12-08,institut de cercetare / fara paturi de spital
CAN1046207,Institutul National de Cercetare Dezvoltare Medico Militara Cantacuzino,AVENA MEDICA S.R.L.,62500,2020-12-08,institut de cercetare / fara paturi de spital
CAN1046218,PENITENCIARUL GALATI,Mida Soft Business,65000,2020-12-08,autoritate non-spital
CAN1046219,PENITENCIARUL GALATI,PLASTIC PROD,14000,2020-12-08,autoritate non-spital
CAN1046347,Directia Sanitara Veterinara si pentru Siguranta Alimentelor Cluj,Noack Romania S.R.L.,18800,2020-12-09,autoritate non-spital
22022-2021,OFICIUL NATIONAL PENTRU ACHIZITII CENTRALIZATE,Deltamed,,2020-12-10,autoritate non-spital
22086-2021,OFICIUL NATIONAL PENTRU ACHIZITII CENTRALIZATE,Air Liquide Vitalaire România,,2020-12-10,autoritate non-spital
22096-2021,OFICIUL NATIONAL PENTRU ACHIZITII CENTRALIZATE,Medical Gazplus,,2020-12-10,autoritate non-spital
22098-2021,OFICIUL NATIONAL PENTRU ACHIZITII CENTRALIZATE,Deltamed,,2020-12-10,autoritate non-spital
CN1026779,ACADEMIA DE STUDII ECONOMICE BUCURESTI,FLYNG IMPEX S.R.L. / DOLEX COM,,2020-12-11,autoritate non-spital
CN1026842,Directia Generala de Asistenta Sociala si Protectia Copilului Timis,IRIKA KNITTING / FARMEC / ATLAS MEDICAL / CRIO - 2 S.R.L. / PROHEALTH MED,2046240,2020-12-12,autoritate non-spital
SCN1078201,Directia Generala de Asistenta Sociala si Protectia Copilului Timis,CORPORATION ROM-CONS EQUIPMENT,8340,2020-12-12,autoritate non-spital
SCN1076400,Directia Generala de Asistenta Sociala si Protectia Copilului Gorj,GAMIATRICOS COM SRL,47844,2020-12-13,autoritate non-spital
SCN1080072,S.N. AEROPORTUL INTERNATIONAL TIMISOARA TRAIAN VUIA S.A.,GLISSANDO S.R.L. / ATLAS MEDICAL,130550,2020-12-14,entitate privata (SRL/SA)
233110-2021,Orașul Vălenii de Munte (Primăria Vălenii de Munte),Amrix Technologies S.R.L. / BPM Tehnologica / Cortech Med S.R.L. / Mediq Innovative Technologies S.R.L. / SRM Medical,3382044,2020-12-15,autoritate non-spital
SCN1074474,"SNTFC ""CFR CALATORI"" S.A.",BEST ACHIZITII,2698,2020-12-15,entitate privata (SRL/SA)
SCN1080202,JUDETUL IASI,NERAMO DISTRIBUTION,3584,2020-12-16,autoritate non-spital
540209-2020,Inspectoratul Școlar Județean Mureș,,780888,2020-12-17,autoritate non-spital
CAN1047004,Directia Generala de Asistenta Sociala si Protectia Copilului Gorj,PURAMA,11000,2020-12-17,autoritate non-spital
SCN1080260,Societatea COMPLEXUL ENERGETIC OLTENIA SA,AMIA INVEST / S.C. Natural Es-medical S.R.L S.R.L.,173342,2020-12-18,entitate privata (SRL/SA)
SCN1076626,DIRECTIA SANITARA VETERINARA SI PENTRU SIGURANTA ALIMENTELOR NEAMT,NOVA GROUP INVESTMENT,50520,2020-12-20,autoritate non-spital
SCN1078542,Ministerul Apararii Nationale - Unitatea Militara 01836,ATLAS SPORT,308000,2020-12-20,unitate militara fara profil de spital
640457-2020,OFICIUL NATIONAL PENTRU ACHIZITII CENTRALIZATE,BPM Tehnologica S.R.L.,25845000,2020-12-21,autoritate non-spital
149884-2021,Orasul Zarnesti (Primaria Orasului Zarnesti),ARGUS OPTIK S.R.L. / BROKMED / BTL ROMANIA APARATURA MEDICALA S.R.L. / ICEMED / LIAMED / MEDIQ INNOVATIVE TECHNOLOGIES SRL / MEDIST IMAGING & P.O.C. S.R.L. / MOBTECO PRODUCT S.R.L. / RIDA S SRL / S.C. ELMED MEDICAL S.R.L. / SIEMENS HEALTHCARE SRL,7430859,2020-12-21,autoritate non-spital
CAN1047197,Directia Generala de Asistenta Sociala si Protectia Copilului Gorj,OFFICE&MORE,126301,2020-12-21,autoritate non-spital
CAN1047314,MUNICIPIUL BRASOV,CLEANING LOGISTIC DISTRIBUTION,149350,2020-12-21,autoritate non-spital
381612-2020,Județul Brașov,,4342121,2020-12-22,autoritate non-spital
17460-2021,Județul Brașov,Brokmed S.R.L. / HDL Union / Karl Storz Endoscopia Romania / Medist Imaging & P.O.C. S.R.L. / Novomed International S.R.L. / S.C. Medical Gazplus S.R.L.,3647750,2020-12-22,autoritate non-spital
CN1027190,Centrul de Asistenta Medico-Sociala Bacesti,RULTRANS INDUSTRY 93 SRL / PROHEALTH MED,170716,2020-12-22,autoritate non-spital
2610-2021,Jandarmeria Română – UM 0260 București,Med-Al Trading S.R.L.,1723518,2020-12-23,unitate militara fara profil de spital
628955-2020,Department of Contracts,Ducos Trading S.R.L. / Ribi Expert S.R.L. / Smart Medical Solutions S.R.L.,5797992,2020-12-24,autoritate non-spital
629043-2020,Ministerul Apărării – Unitatea Militară 02464 București,ADION PRODIMPEXTRANS S.R.L. / AVENA MEDICA S.R.L. / Dental Vladmed V&M SRL / MEDIMPACT / MEDITECH CMA / OPEN MIND LABORATORY S.R.L. / RICOMED / S.C. NERAMO DISTRIBUTION S.R.L. / X-Lab Solutions S.R.L.,3475320,2020-12-24,unitate militara fara profil de spital
633360-2020,Compania Nationala Aeroporturi Bucuresti SA,,3281500,2020-12-24,entitate privata (SRL/SA)
22063-2021,OFICIUL NATIONAL PENTRU ACHIZITII CENTRALIZATE,Pastel Diagnostic Solutions,33750000,2020-12-24,autoritate non-spital
SCN1075020,UNIVERSITATEA DUNAREA DE JOS,MEDITECH S.R.L.,438152,2020-12-25,autoritate non-spital
CAN1040727,DIRECTIA GENERALA DE ASISTENTA SOCIALA SI PROTECTIA COPILULUI IALOMITA,EXPERT IN SECURITATE,93728,2020-12-28,autoritate non-spital
CAN1047688,DIRECTIA DE SANATATE PUBLICA A MUNICIPIULUI BUCURESTI,HUFMED SRL,6400,2020-12-28,autoritate non-spital
CAN1047716,INSPECTORATUL JUDETEAN DE POLITIE BRAILA,TIMAR TRADING IMPEX S.R.L.,31000,2020-12-28,autoritate non-spital
CAN1047723,INSPECTORATUL JUDETEAN DE POLITIE BRAILA,SC East Corp SRL,37000,2020-12-28,autoritate non-spital
CN1024314,Directia generala de asistenta sociala si protectia copilului Cluj,SC EUROPA CONFLOREA SRL,57874,2020-12-28,autoritate non-spital
SCN1075032,Inspectoratul Teritorial al Politiei de Frontiera Iasi,Duplex S.A.,,2020-12-28,autoritate non-spital
21995-2021,JUDETUL SATU MARE,Siemens Healthcare S.R.L.,1105000,2020-12-29,autoritate non-spital
CAN1047811,SERVICIUL DE AMBULANTA TULCEA,Melissa Farm,16352,2020-12-29,autoritate non-spital
CAN1047826,SERVICIUL DE AMBULANTA TULCEA,DEXROM GROUP,117850,2020-12-29,autoritate non-spital
SCN1080616,DIRECTIA DE ASISTENTA SOCIALA SIBIU,MED - AL TRADING SRL / ATLAS MEDICAL,78436,2020-12-29,autoritate non-spital
SCN1075492,UNIVERSITATEA OVIDIUS CONSTANTA,BEAUTY MED SOLUTION,243000,2020-12-30,autoritate non-spital
SCN1080644,"UNIVERSITATEA ""BABES-BOLYAI""",LABORATORIUM S.R.L. / NITECH S.R.L.,195293,2020-12-30,autoritate non-spital
SCN1080679,DIRECTIA SANITARA VETERINARA SI PENTRU SIGURANTA ALIMENTELOR BIHOR,MERC INTERNATIONAL IMPEX S.R.L. / LABORATORIUM S.R.L. / NITECH S.R.L. / LABORSISTEM S.R.L. / ANTISEL RO SRL / COMLIBRIS S.R.L. / S.C. WATT DISTRIBUTOR S.R.L. S.R.L.,408743,2020-12-30,autoritate non-spital
639719-2020,Serviciul de Ambulanță Județean Satu Mare,,1550650,2020-12-31,autoritate non-spital
CN1027330,SERVICIUL DE AMBULANTA JUDETEAN SATU MARE,VALDOMEDICA TRADING / MEDICAL GRUP / MEDIST IMAGING & P.O.C. S.R.L. / TZMO ROMANIA / LUAN VISION / DELUXE MEDICRAFTS,,2020-12-31,autoritate non-spital
CAN1048310,UM 0502 BUCURESTI,RABO LEGACY,512203,2021-01-04,unitate militara fara profil de spital
CN1024165,ACADEMIA DE STIINTE MEDICALE,PHILIPS ROMANIA,377362,2021-01-05,autoritate non-spital
24650-2021,OFICIUL NATIONAL PENTRU ACHIZITII CENTRALIZATE,Dina Med Impex,1050000,2021-01-07,autoritate non-spital
24739-2021,OFICIUL NATIONAL PENTRU ACHIZITII CENTRALIZATE,Demoteks Medikal S.R.L.,27300000,2021-01-07,autoritate non-spital
59056-2021,OFICIUL NATIONAL PENTRU ACHIZITII CENTRALIZATE,Nova Tech Med,4626000,2021-01-07,autoritate non-spital
CN1027390,SERVICIUL DE AMBULANTA JUDETEAN PRAHOVA,DELUXE MEDICRAFTS / LUAN VISION / VETRO DESIGN / VALDOMEDICA TRADING / AVANT MARIS MEDICAL S.R.L. / S.C. DELTAMED S.R.L. / CRIO - 2 S.R.L. / NAFKA GRUP S.R.L. / S.C.MEDICAL GRUP S.R.L. / SANROTEX TRADING SRL / S.C. MEDCLAS TRADING S.R.L. S.R.L. / MEDIST IMAGING & P.O.C. S.R.L. / TOP TRADE MEDICAL / TZMO ROMANIA / CO&CO Consumer 2002 S.R.L. / TAISSIS CONCEPT / HDL Union / S.C. Natural Es-medical S.R.L S.R.L. / DEMOPHORIUS HEALTHCARE SRL / X-Lab Solutions S.R.L. / S.C. TECHTEX S.R.L. / NANO BIO MEDICAL S.R.L. / Pansiprod Distributie,,2021-01-07,autoritate non-spital
SCN1075151,Directia de Asistenta Sociala Medias,ATLAS SPORT,181500,2021-01-07,autoritate non-spital
SCN1075840,INSPECTORATUL SCOLAR JUDETEAN DAMBOVITA,DOLEX COM,190000,2021-01-07,autoritate non-spital
4391-2021,SERVICIUL DE AMBULANTA JUDETEAN PRAHOVA,,1389847,2021-01-08,autoritate non-spital
CAN1048788,SERVICIUL DE AMBULANTA JUDETEAN CONSTANTA,Medical Corp S.R.L.,36000,2021-01-08,autoritate non-spital
CAN1048789,SERVICIUL DE AMBULANTA JUDETEAN CONSTANTA,NOVITRADE S.R.L.,9800,2021-01-08,autoritate non-spital
SCN1080912,SALUBRIS S.A.,SOCIETATEA COOPERATIVA MESTESUGAREASCA DE GRADUL 1 SOLIDARITATEA IASI / INEDIT CLEAN TOTAL / KYNITA S.R.L.,53120,2021-01-11,entitate privata (SRL/SA)
SCN1080933,PRIMARIA MUNICIPIULUI ZALAU,MADCIB COMERT / C&A PHOENIX ART SRL,54471,2021-01-11,autoritate non-spital
413586-2020,ORASUL INEU,,4313076,2021-01-12,autoritate non-spital
CAN1048987,COMPLEXUL MULTIFUNCTIONAL CARAIMAN,NEED FARM,259000,2021-01-12,autoritate non-spital
CAN1048992,ACADEMIA DE STIINTE MEDICALE,PHILIPS ROMANIA SRL,29317,2021-01-12,autoritate non-spital
CAN1049003,ACADEMIA DE STIINTE MEDICALE,PHILIPS ROMANIA SRL,99613,2021-01-12,autoritate non-spital
CAN1049022,ACADEMIA DE STIINTE MEDICALE,SIEMENS HEALTHCARE SRL,309240,2021-01-12,autoritate non-spital
SCN1076081,INSPECTORATUL SCOLAR AL JUDETULUI TULCEA,FLYNG IMPEX S.R.L.,105000,2021-01-12,autoritate non-spital
SCN1076146,INSPECTORATUL SCOLAR JUDETEAN VRANCEA,DOLEX COM,103800,2021-01-12,autoritate non-spital
SCN1080966,Directia Sanitar Veterinara si pentru Siguranta Alimentelor Braila,MEDICLIM S.R.L. / Noack Romania S.R.L.,47500,2021-01-12,autoritate non-spital
SCN1075748,MUNICIPIUL BACAU,Medplaza Health,13200,2021-01-13,autoritate non-spital
CAN1049199,Consiliul Judetean Buzau,OVIVA DISTRIBUTION S.R.L.,563447,2021-01-14,autoritate non-spital
SCN1074350,DIRECTIA SANITARA VETERINARA SI PENTRU SIGURANTA ALIMENTELOR MEHEDINTI,WATT DISTRIBUTOR S.R.L.,330850,2021-01-14,autoritate non-spital
SCN1078249,Directia Generala de Politie a Municipiului Bucuresti,Duo Cart,,2021-01-16,autoritate non-spital
36039-2021,OFICIUL NATIONAL PENTRU ACHIZITII CENTRALIZATE,2D-3D Development Art S.R.L.,8865000,2021-01-19,autoritate non-spital
36048-2021,OFICIUL NATIONAL PENTRU ACHIZITII CENTRALIZATE,„Doseanu & Asociații” societate profesională de avocați cu răspundere limitată,4095000,2021-01-19,autoritate non-spital
36050-2021,OFICIUL NATIONAL PENTRU ACHIZITII CENTRALIZATE,Demoteks Medikal S.R.L.,9450000,2021-01-19,autoritate non-spital
52353-2021,OFICIUL NATIONAL PENTRU ACHIZITII CENTRALIZATE,Limas Group S.R.L.,4095000,2021-01-19,autoritate non-spital
55073-2021,OFICIUL NATIONAL PENTRU ACHIZITII CENTRALIZATE,Liamed,8865000,2021-01-19,autoritate non-spital
228771-2021,Municipiul Carei,BTL ROMANIA APARATURA MEDICALA S.R.L. / ESMED GROUP / GMC BUSINESS ACT / KARL STORZ ENDOSCOPIA ROMANIA / LIAMED / LUAN VISION / SANPRODMED S.R.L.,763935,2021-01-19,autoritate non-spital
CAN1049477,SERVICIUL DE AMBULANTA BUCURESTI-ILFOV,Limas Group S.R.L.,134500,2021-01-19,autoritate non-spital
CAN1049480,SERVICIUL DE AMBULANTA BUCURESTI-ILFOV,Limas Group S.R.L.,33000,2021-01-19,autoritate non-spital
555120-2020,SERVICIUL DE PROTECTIE SI PAZA – U.M. 0149 F BUCURESTI,,2965155,2021-01-20,unitate militara fara profil de spital
CAN1049545,SERVICIUL DE AMBULANTA BUCURESTI-ILFOV,DELTAMED,6000,2021-01-20,autoritate non-spital
CAN1049550,SERVICIUL DE AMBULANTA BUCURESTI-ILFOV,ALPHA NED 2000 EXIM,8550,2021-01-20,autoritate non-spital
CAN1049554,SERVICIUL DE AMBULANTA BUCURESTI-ILFOV,ARTISANA MEDICAL S.R.L.,4682,2021-01-20,autoritate non-spital
CAN1049563,SERVICIUL DE AMBULANTA BUCURESTI-ILFOV,ALPHA BRIO MEDICAL S.R.L.,4600,2021-01-20,autoritate non-spital
CAN1049565,SERVICIUL DE AMBULANTA BUCURESTI-ILFOV,CO&CO Consumer 2002 S.R.L.,4000,2021-01-20,autoritate non-spital
CAN1049566,SERVICIUL DE AMBULANTA BUCURESTI-ILFOV,ALPHA NED 2000 EXIM,8350,2021-01-20,autoritate non-spital
CAN1049571,SERVICIUL DE AMBULANTA BUCURESTI-ILFOV,CO&CO Consumer 2002 S.R.L.,1000,2021-01-20,autoritate non-spital
CAN1049572,SERVICIUL DE AMBULANTA BUCURESTI-ILFOV,TEHNOPLUS MEDICAL,31900,2021-01-20,autoritate non-spital
CAN1049574,SERVICIUL DE AMBULANTA BUCURESTI-ILFOV,OVAVINCI,1500,2021-01-20,autoritate non-spital
CAN1049575,SERVICIUL DE AMBULANTA BUCURESTI-ILFOV,ALPHA BRIO MEDICAL S.R.L.,11650,2021-01-20,autoritate non-spital
CAN1049576,SERVICIUL DE AMBULANTA BUCURESTI-ILFOV,Natural Es-medical S.R.L,4000,2021-01-20,autoritate non-spital
CAN1049577,ACADEMIA DE STIINTE MEDICALE,PHILIPS ROMANIA SRL,99613,2021-01-20,autoritate non-spital
SCN1071135,Inspectoratul Teritorial al Politiei de Frontiera Giurgiu,DOLEX COM,25900,2021-01-20,autoritate non-spital
CAN1049636,AGENTIA NATIONALA DE ADMINISTRARE FISCALA,BIOLAB SCIENTIFIC SRL,25200,2021-01-21,autoritate non-spital
CAN1049637,SERVICIUL DE AMBULANTA BUCURESTI-ILFOV,MATEI CONF GRUP,29500,2021-01-21,autoritate non-spital
CAN1049638,SERVICIUL DE AMBULANTA BUCURESTI-ILFOV,Limas Group S.R.L.,30000,2021-01-21,autoritate non-spital
CAN1049658,Banca Nationala a Romaniei,DOLEX COM,92400,2021-01-21,autoritate non-spital
CN1023773,C.N. POSTA ROMANA S.A.,YORK FARM,95000,2021-01-21,entitate privata (SRL/SA)
475801-2020,Orașul Aleșd,,3916426,2021-01-22,autoritate non-spital
33735-2021,Česká republika – Ministerstvo práce a sociálních věcí,TRANSPOL - SERVICE S.R.L. / TRANSPOL SERVICE SRL,1272500,2021-01-22,autoritate non-spital
CAN1049707,SERVICIUL DE AMBULANTA BUCURESTI-ILFOV,NAFKA GRUP S.R.L.,4140,2021-01-22,autoritate non-spital
CAN1049709,SERVICIUL DE AMBULANTA BUCURESTI-ILFOV,NANO BIO MEDICAL S.R.L.,2150,2021-01-22,autoritate non-spital
CAN1049711,SERVICIUL DE AMBULANTA BUCURESTI-ILFOV,Steril Romania S.R.L.,5040,2021-01-22,autoritate non-spital
CAN1049713,SERVICIUL DE AMBULANTA BUCURESTI-ILFOV,X-Lab Solutions S.R.L.,10249,2021-01-22,autoritate non-spital
CAN1049717,SERVICIUL DE AMBULANTA BUCURESTI-ILFOV,ALPHA BRIO MEDICAL S.R.L.,13670,2021-01-22,autoritate non-spital
CAN1049720,SERVICIUL DE AMBULANTA BUCURESTI-ILFOV,DELTAMED,8100,2021-01-22,autoritate non-spital
CAN1049722,SERVICIUL DE AMBULANTA BUCURESTI-ILFOV,Steril Romania S.R.L.,10600,2021-01-22,autoritate non-spital
CAN1049725,SERVICIUL DE AMBULANTA BUCURESTI-ILFOV,NOVITRADE S.R.L.,20600,2021-01-22,autoritate non-spital
CAN1049726,SERVICIUL DE AMBULANTA BUCURESTI-ILFOV,ALPHA BRIO MEDICAL S.R.L.,7745,2021-01-22,autoritate non-spital
CAN1049727,SERVICIUL DE AMBULANTA BUCURESTI-ILFOV,ROVAL MED,4250,2021-01-22,autoritate non-spital
CAN1049728,SERVICIUL DE AMBULANTA BUCURESTI-ILFOV,ALPHA BRIO MEDICAL S.R.L.,164500,2021-01-22,autoritate non-spital
CAN1049729,SERVICIUL DE AMBULANTA BUCURESTI-ILFOV,CERVA ROMANIA,180000,2021-01-22,autoritate non-spital
CAN1049730,SERVICIUL DE AMBULANTA BUCURESTI-ILFOV,MATEI CONF GRUP,55000,2021-01-22,autoritate non-spital
CAN1049731,SERVICIUL DE AMBULANTA BUCURESTI-ILFOV,Natural Es-medical S.R.L,15000,2021-01-22,autoritate non-spital
CAN1049732,SERVICIUL DE AMBULANTA BUCURESTI-ILFOV,MATEI CONF GRUP,35050,2021-01-22,autoritate non-spital
CAN1049733,SERVICIUL DE AMBULANTA BUCURESTI-ILFOV,MED - AL TRADING SRL,27500,2021-01-22,autoritate non-spital
CAN1049735,SERVICIUL DE AMBULANTA BUCURESTI-ILFOV,ALISON HAYES (ROMANIA),9500,2021-01-22,autoritate non-spital
CAN1049736,SERVICIUL DE AMBULANTA BUCURESTI-ILFOV,CERVA ROMANIA,90000,2021-01-22,autoritate non-spital
SCN1078768,COMUNA CARAULA (PRIMARIA CARAULA),SIGNAL SPECTRUM SRL-D,165780,2021-01-25,autoritate non-spital
49506-2021,OFICIUL NATIONAL PENTRU ACHIZITII CENTRALIZATE,Liamed,740000,2021-01-26,autoritate non-spital
CAN1049823,SERVICIUL DE AMBULANTA BUCURESTI-ILFOV,Pansiprod Distributie,77600,2021-01-26,autoritate non-spital
CAN1049825,SERVICIUL DE AMBULANTA BUCURESTI-ILFOV,Limas Group S.R.L.,36000,2021-01-26,autoritate non-spital
CAN1049829,SERVICIUL DE AMBULANTA BUCURESTI-ILFOV,Limas Group S.R.L.,2000,2021-01-26,autoritate non-spital
CAN1049833,SERVICIUL DE AMBULANTA BUCURESTI-ILFOV,ALISON HAYES (ROMANIA),37500,2021-01-26,autoritate non-spital
CAN1049834,SERVICIUL DE AMBULANTA BUCURESTI-ILFOV,CERVA ROMANIA,375000,2021-01-26,autoritate non-spital
CAN1049836,SERVICIUL DE AMBULANTA BUCURESTI-ILFOV,Limas Group S.R.L.,56000,2021-01-26,autoritate non-spital
CAN1049838,SERVICIUL DE AMBULANTA BUCURESTI-ILFOV,Limas Group S.R.L.,18900,2021-01-26,autoritate non-spital
CAN1049839,SERVICIUL DE AMBULANTA BUCURESTI-ILFOV,NERAMO DISTRIBUTION,10500,2021-01-26,autoritate non-spital
CAN1049840,SERVICIUL DE AMBULANTA BUCURESTI-ILFOV,VALDOMEDICA TRADING,942,2021-01-26,autoritate non-spital
CAN1049845,SERVICIUL DE AMBULANTA BUCURESTI-ILFOV,LUAN VISION,5390,2021-01-26,autoritate non-spital
CAN1049846,SERVICIUL DE AMBULANTA BUCURESTI-ILFOV,MED - AL TRADING SRL,212000,2021-01-26,autoritate non-spital
CAN1049847,SERVICIUL DE AMBULANTA BUCURESTI-ILFOV,MEDIMPACT,3000,2021-01-26,autoritate non-spital
CAN1049848,SERVICIUL DE AMBULANTA BUCURESTI-ILFOV,MLM MEDICAL S.R.L.,2400,2021-01-26,autoritate non-spital
SCN1081370,JUDETUL BOTOSANI,MERVAL GRUP,25050,2021-01-26,autoritate non-spital
512324-2020,ORASUL MIOVENI,,16744000,2021-01-27,autoritate non-spital
41143-2021,Serviciul de Ambulanta Judetean Maramures,ALPHA NED 2000 EXIM / ATLAS SPORT / BEST ACHIZITII / BLUE NEON / CO&CO Consumer 2002 S.R.L. / CRIO - 2 S.R.L. / DACO MEDICAL TECHNOLOGIES / DELTAMED / ENGLOBER S.R.L. / NAFKA GRUP / PRODCONFARM S.R.L. / STERIL ROMANIA / VALDOMEDICA TRADING,956774,2021-01-27,autoritate non-spital
85636-2021,OFICIUL NATIONAL PENTRU ACHIZITII CENTRALIZATE,Nova Tech Med S.R.L.,10200000,2021-01-27,autoritate non-spital
85806-2021,OFICIUL NATIONAL PENTRU ACHIZITII CENTRALIZATE,Alpha Brio Medical S.R.L.,1900000,2021-01-27,autoritate non-spital
CAN1049955,OFICIUL NATIONAL PENTRU ACHIZITII CENTRALIZATE,CARTO PLAST SRL,350000,2021-01-27,autoritate non-spital
CAN1049969,OFICIUL NATIONAL PENTRU ACHIZITII CENTRALIZATE,CARTO PLAST SRL,95000,2021-01-27,autoritate non-spital
CAN1049972,OFICIUL NATIONAL PENTRU ACHIZITII CENTRALIZATE,LIAMED,169000,2021-01-27,autoritate non-spital
SCN1077335,DIRECTIA GENERALA DE ASISTENTA SOCIALA SI PROTECTIA COPILULUI IALOMITA,SOS SECURITY SRL,133937,2021-01-27,autoritate non-spital
SCN1081410,SERVICIUL DE AMBULANTA JUDETEAN CONSTANTA,CRIO - 2 S.R.L. / Pansiprod Distributie / SANTOMED S.R.L. / Euroexpand Impex S.R.L. / LUAN VISION / PAUL HARTMANN / TMS - TOP MEDICAL SUPPLIER / CORAMED MEDIZINISCHE PRODUKTE / NAFKA GRUP S.R.L. / MEDIST IMAGING & P.O.C. S.R.L. / MEDCLAS TRADING S.R.L. / TZMO ROMANIA / ENGLOBER S.R.L. / MEDIMPACT,2957365,2021-01-27,autoritate non-spital
SCN1077326,AUTORITATEA ELECTORALA PERMANENTA,MOONHONIQUE COMP,204370,2021-01-28,autoritate non-spital
44789-2021,Serviciul de Ambulanta Judetean Bihor,Corporation Rom-Cons Equipment / Deluxe Cards / Siat Consulting Service S.R.L.,1082850,2021-01-29,autoritate non-spital
CN1028008,Directia Generala de Asistenta Sociala si Protectia Copilului Bacau,S.C. MAXIGEL S.R.L. S.R.L. / S.C. FRAGRA DESIGN S.R.L.,124579,2021-01-29,autoritate non-spital
CAN1050161,OFICIUL NATIONAL PENTRU ACHIZITII CENTRALIZATE,NOVA TECH MED,600000,2021-02-01,autoritate non-spital
CAN1050173,OFICIUL NATIONAL PENTRU ACHIZITII CENTRALIZATE,NOVA TECH MED,123200,2021-02-01,autoritate non-spital
CN1028056,DIRECTIA GENERALA DE ASISTENTA SOCIALA SI PROTECTIA COPILULUI MARAMURES,FLYNG IMPEX S.R.L. / TZMO ROMANIA / ROALMISA INV,1381546,2021-02-01,autoritate non-spital
SCN1075284,COMUNA DURNESTI (CONSILIUL LOCAL),AMBIENT ROOF DAHA,124792,2021-02-02,autoritate non-spital
413881-2020,Orasul Simleu Silvaniei,,868536,2021-02-04,autoritate non-spital
107304-2021,OFICIUL NATIONAL PENTRU ACHIZITII CENTRALIZATE,Roval Med,5600000,2021-02-04,autoritate non-spital
259060-2022,Consiliul Judetean Arad,GENERAL ELECTRIC MEDICAL SYSTEMS ROMANIA / PHM COMSERV S.R.L. / SUPERMEDICAL / Sof Medica / TEHNO ELECTRO MEDICAL COMPANY S.R.L.,7672296,2021-02-04,autoritate non-spital
CN1028146,ORASUL ORAVITA,CLASSIMED SRL,55375,2021-02-04,autoritate non-spital
CAN1050512,Serviciul Judetean de Ambulanta Botosani,ADEFARM TOP SOLUȚIONS S.R.L.,43400,2021-02-08,autoritate non-spital
SCN1081792,Comuna Ciorasti,BILANCIA EXIM S.R.L.,78898,2021-02-08,autoritate non-spital
448095-2020,CONSILIUL JUDETEAN GORJ,,8336349,2021-02-09,autoritate non-spital
CN1025095,UNIVERSITATEA TEHNICA GHEORGHE ASACHI DIN IASI,BlueNote Communications,40646,2021-02-09,autoritate non-spital
SCNA1049444,DIRECTIA SANITARA VETERINARA SI PENTRU SIGURANTA ALIMENTELOR BACAU,EUROVET LAB S.R.L. / TYD ELAN S.R.L. / A.M.S. 2000 TRADING IMPEX S.R.L. / NOVA GROUP INVESTMENT / Noack Romania S.R.L. / NOVACHIM TRADING / TUNIC PROD S.R.L. / KARISSMED TRADE SRL / Tody Laboratories Int / REDOX RESEARCH & ANALYTIC S.R.L. / BIOMEDICA MEDIZINPRODUKTE ROMANIA SRL / DIALAB SOLUTIONS / ANTISEL RO SRL / FOTOMETRIC INSTRUMENTS S.R.L. / DIAMEDIX IMPEX / MEDICLIM S.R.L.,432681,2021-02-09,autoritate non-spital
CAN1050641,SERVICIUL DE AMBULANTA JUDETEAN BISTRITA-NASAUD,4 BRANDS SRL,39270,2021-02-10,autoritate non-spital
CAN1050642,SERVICIUL DE AMBULANTA JUDETEAN BISTRITA-NASAUD,DELUXE MEDICRAFTS,50605,2021-02-10,autoritate non-spital
CAN1050648,SERVICIUL DE AMBULANTA JUDETEAN BISTRITA-NASAUD,A&A FARMA DISTRIBUTION S.R.L,73800,2021-02-10,autoritate non-spital
CAN1050650,SERVICIUL DE AMBULANTA JUDETEAN BISTRITA-NASAUD,A&A FARMA DISTRIBUTION S.R.L,61500,2021-02-10,autoritate non-spital
CAN1050651,SERVICIUL DE AMBULANTA JUDETEAN BISTRITA-NASAUD,A&A FARMA DISTRIBUTION S.R.L,16400,2021-02-10,autoritate non-spital
CAN1050652,SERVICIUL DE AMBULANTA JUDETEAN BISTRITA-NASAUD,A&A FARMA DISTRIBUTION S.R.L,4100,2021-02-10,autoritate non-spital
CAN1050654,SERVICIUL DE AMBULANTA JUDETEAN BISTRITA-NASAUD,A&A FARMA DISTRIBUTION S.R.L,32800,2021-02-10,autoritate non-spital
CN1028267,Municipiul Carei,S.C. Medplaza Health S.R.L.,49000,2021-02-10,autoritate non-spital
CAN1050701,Directia Generala de Asistenta Sociala si Protectia Copilului Timis,RIVER TRADE & SERVICES SRL,29982,2021-02-11,autoritate non-spital
CAN1050702,Directia Generala de Asistenta Sociala si Protectia Copilului Timis,TZMO ROMANIA,19500,2021-02-11,autoritate non-spital
SCN1081911,Directia Sanitar Veterinara si pentru Siguranta Alimentelor Braila,S.C. ESTMOTORS TRADE SRL S.R.L. / SEPADIN S.R.L. / NOVA GROUP INVESTMENT / UNICOMP,377981,2021-02-11,autoritate non-spital
SCN1078010,Universitatea de Medicina si Farmacie din Craiova,TEHNO ELECTRO MEDICAL COMPANY S.R.L.,500000,2021-02-12,autoritate non-spital
SCN1078098,INSPECTORATUL SCOLAR JUDETEAN COVASNA,NOVA TECH MED,140601,2021-02-12,autoritate non-spital
SCN1078292,INSPECTORATUL SCOLAR JUDETEAN VRANCEA,DOLEX COM,92876,2021-02-12,autoritate non-spital
SCN1078131,"Universitatea de Stiinte Agricole si Medicina Veterinara "" Ion Ionescu de la Brad"" Iasi",Neologis Medical,175322,2021-02-13,autoritate non-spital
CAN1050829,OFICIUL NATIONAL PENTRU ACHIZITII CENTRALIZATE,ALPHA BRIO MEDICAL S.R.L.,162000,2021-02-15,autoritate non-spital
SCN1082037,Directia Generala de Asistenta Sociala si Protectia Copilului Dolj,DELUXE MEDICRAFTS,168240,2021-02-15,autoritate non-spital
104804-2021,JUDETUL GALATI,Caro International S.R.L. / DTL Medical S.R.L.,1787500,2021-02-17,autoritate non-spital
CN1023536,DIRECTIA SANITARA VETERINARA SI PENTRU SIGURANTA ALIMENTELOR BACAU,Noack Romania S.R.L.,28200,2021-02-17,autoritate non-spital
SCN1078427,"SNTFC ""CFR CALATORI"" S.A.",NERAMO DISTRIBUTION,8550,2021-02-17,entitate privata (SRL/SA)
CN1024384,COMPLEXUL MULTIFUNCTIONAL CARAIMAN,NEED FARM,399255,2021-02-19,autoritate non-spital
SCN1078426,CURTEA DE APEL ORADEA,GMB Computers,8190,2021-02-20,autoritate non-spital
SCN1082278,Universitatea Nationala de Arte Din Bucuresti,CHROME COMPUTERS S.R.L. / Mida Soft Business,24459,2021-02-22,autoritate non-spital
SCN1080067,COMPANIA MUNICIPALA ILUMINAT PUBLIC BUCURESTI SRL,NERAMO DISTRIBUTION,2850,2021-02-24,entitate privata (SRL/SA)
208380-2021,OFICIUL NATIONAL PENTRU ACHIZITII CENTRALIZATE,Premia Insurance Consulting,6800000,2021-02-25,autoritate non-spital
CAN1051374,OFICIUL NATIONAL PENTRU ACHIZITII CENTRALIZATE,SANROTEX TRADING SRL,301500,2021-02-25,autoritate non-spital
CAN1051381,OFICIUL NATIONAL PENTRU ACHIZITII CENTRALIZATE,MLM MEDICAL S.R.L.,266000,2021-02-25,autoritate non-spital
97731-2021,"Universitatea de Medicina si Farmacie ""Carol Davila""",,1071600,2021-02-26,autoritate non-spital
156951-2021,JUDETUL SALAJ,B. Braun Medical / Elta 90 Medical Research S.R.L. / Linde Gaz România S.R.L. / Mecro System S.R.L. / S.C. Elmed Medical S.R.L. / Tehno Electro Medical Company S.R.L.,3639153,2021-02-26,autoritate non-spital
260988-2021,MUNICIPIUL ARAD,Christiana,772994,2021-02-26,autoritate non-spital
CAN1051455,Directia Generala de Asistenta Sociala si Protectia Copilului Bacau,Safe Mask Prod,10320,2021-03-01,autoritate non-spital
CAN1051462,Directia Generala de Asistenta Sociala si Protectia Copilului Timis,CLASSIMED SRL,31490,2021-03-01,autoritate non-spital
SCN1082593,"Universitatea de Medicina si Farmacie ""Iuliu Hatieganu"" Cluj-Napoca",BIO AQUA GROUP / MERC INTERNATIONAL IMPEX S.R.L.,299768,2021-03-01,autoritate non-spital
SCN1078890,COMUNA CORBII MARI (PRIMARIA CORBII MARI),CATTUS S.R.L.,181470,2021-03-02,autoritate non-spital
SCN1079247,MUNICIPIUL MANGALIA,SIGNAL SPECTRUM SRL-D,132350,2021-03-02,autoritate non-spital
SCN1082652,MINISTERUL APARARII - UNITATEA MILITARA 02464 BUCURESTI,VETRO DESIGN / S.C. VESTA INVESTMENT S.R.L.,,2021-03-02,unitate militara fara profil de spital
SCN1082657,SERVICIUL DE AMBULANTA JUDETEAN PRAHOVA,MEDIMPACT / MEDIST IMAGING & P.O.C. S.R.L. / Power Medical / SC CARTO PLAST SRL,300405,2021-03-02,autoritate non-spital
SCN1079395,INSPECTORATUL SCOLAR JUDETEAN BOTOSANI,BEST ACHIZITII,84000,2021-03-03,autoritate non-spital
SCN1082698,COMUNA ROSIA Jud Bihor,S.C. Premium Chem Expert SRL S.R.L. / SOCADANCE MD SRL,189492,2021-03-03,autoritate non-spital
SCN1082776,Directia Sanitara Veterinara si pentru Siguranta Alimentelor Cluj,DIALAB SOLUTIONS / Filara BioMed SRL / Omnivet Impex S.R.L. / DIAMEDIX IMPEX / Noack Romania S.R.L. / MEDICLIM S.R.L.,199200,2021-03-04,autoritate non-spital
391320-2020,"UNIVERSITATEA PENTRU STIINTELE VIETII "" ION IONESCU DE LA BRAD"" DIN IASI",,9381379,2021-03-05,autoritate non-spital
CN1024963,ACADEMIA DE STIINTE MEDICALE,MEDTRONIC ROMANIA,214980,2021-03-06,autoritate non-spital
SCN1082845,INSPECTORATUL DE STAT PENTRU CONTROLUL IN TRANSPORTUL RUTIER,ALPHA NED 2000 EXIM / VANELLI / MOPEKA IMPEX S.R.L. / Medplaza Health / ATLAS MEDICAL / G&M 2000 S.R.L.,740308,2021-03-06,autoritate non-spital
CN1023404,COMPANIA NATIONALA DE ADMINISTRARE A INFRASTRUCTURII RUTIERE S.A.,DOLEX COM,135200,2021-03-07,entitate privata (SRL/SA)
124002-2021,ORASUL MIOVENI,Almed Investments,1083737,2021-03-08,autoritate non-spital
SCN1082873,"UNIVERSITATEA ""LUCIAN BLAGA"" DIN SIBIU",COMTIB S.R.L.,298805,2021-03-08,autoritate non-spital
177958-2021,Directia Generala de Asistenta Sociala si Protectia Copilului Bacau,BIOMAXIMA CLINICAL S.R.L. / DELUXE CARDS / MADIRAL S.R.L. - / MEDITECH CMA / NERAMO DISTRIBUTION / PROGO OFFICE / S.C. ALISON HAYES (ROMANIA) S.R.L. / S.C. EVIDENT VERIAN S.R.L. / S.C. SOS SECURITY SRL S.R.L.,1795972,2021-03-09,autoritate non-spital
SCN1079578,PENITENCIARUL POARTA ALBA,NERAMO DISTRIBUTION,10880,2021-03-09,autoritate non-spital
SCN1082917,DIRECTIA GENERALA DE ASISTENTA SOCIALA SI PROTECTIA COPILULUI VRANCEA,NAGUMA MEDICAL SUPPLY / TECHTEX,119454,2021-03-09,autoritate non-spital
120442-2021,Clinica Polisano SRL,ALPHA MEDICAL / ANGIOSPECTRU MED S.R.L. / CARDIOTECH / ENDOTECHNOLOGY / EXIMIA MEDICAL / FIDELIO FARM S.R.L. / FRESENIUS MEDICAL CARE ROMANIA S.R.L. / HELLIMED / Impari line srl / LIFETECH CONSULTING / MAC'S MEDICAL SURGICAL / MEDI -TECH BUSINESS SRL / MEDTRONIC ROMANIA / MEDTRONIC ROMANIA SRL / PHARMICS S.R.L. / PRION POCT / REVISMED MEDICAL / SIRAMED-FARMA S.R.L. / SPYTHA MED SRL / Sante International S.A. / Sof Medica / TECMED / VALDOMEDICA TRADING,252664301,2021-03-10,entitate privata (SRL/SA)
CAN1052008,DIRECTIA DE SANATATE PUBLICA A JUDETULUI SIBIU,NAGUMA MEDICAL SUPPLY,12604,2021-03-11,autoritate non-spital
SCN1083039,Organism Intermediar Regional pentru Programul Operational Sectorial pentru Dezvoltarea Resurselor Umane Bucuresti Ilfov,UNION CO S.R.L. / CHROME COMPUTERS S.R.L. / S.C. QUARTZ MATRIX S.R.L.,126872,2021-03-11,autoritate non-spital
CAN1052123,ORAS OTOPENI,TOTAL UTILITY PREST S.R.L.,99635,2021-03-12,autoritate non-spital
CAN1052128,ORAS OTOPENI,INNDESIGN MOBILIER,148463,2021-03-12,autoritate non-spital
SCN1083156,Directia Sanitara Veterinara si pentru Siguranta Alimentelor Suceava,NITECH S.R.L. / ANTISEL RO SRL,157500,2021-03-15,autoritate non-spital
548457-2020,JUDETUL CLUJ (CONSILIUL JUDETEAN),,,2021-03-16,autoritate non-spital
CN1029287,Compania APA Brasov,BIO AQUA GROUP,124178,2021-03-16,autoritate non-spital
CN1026758,DIRECTIA SANITARA VETERINARA SI PENTRU SIGURANTA ALIMENTELOR BACAU,Noack Romania S.R.L.,28200,2021-03-18,autoritate non-spital
SCN1083288,Directia de Sanatate Publica Vaslui,PRAXIS MEDICA S.R.L. / A.M.S. 2000 TRADING IMPEX / DDS Diagnostic,2403072,2021-03-18,autoritate non-spital
136752-2021,SERVICIUL DE AMBULANTA AL JUDETULUI CLUJ,ALPHA NED 2000 EXIM / AVMED PLUS / B.BRAUN MEDICAL / BIZMED SRL / CRIO - 2 S.R.L. / LUAN VISION / MEDIMPACT / MEDIST IMAGING & P.O.C. S.R.L. / NAFKA GRUP S.R.L. / Novaintermed S.R.L. / Pansiprod Distributie / RICOMED / S.C. DELTAMED S.R.L. / S.C. Natural Es-medical S.R.L S.R.L. / S.C.MEDICAL GRUP S.R.L. / SANROTEX TRADING SRL / TMS - TOP MEDICAL SUPPLIER / TZMO ROMANIA / VALDOMEDICA TRADING,969846,2021-03-19,autoritate non-spital
136828-2021,MINISTERUL APARARII - U.M. 01512 SIBIU,Census Group / Comtib / DNS Birotica / Euricom Trade S.R.L. / Reinigung,3043425,2021-03-19,unitate militara fara profil de spital
136929-2021,INSTITUTUL NATIONAL DE HEMATOLOGIE TRANSFUZIONALA Prof.Dr.C.T.Nicolau,Grandis Impact S.R.L. / Medical Logistic Partner / X-Lab Solutions S.R.L.,4847388,2021-03-19,institut de cercetare / fara paturi de spital
SCN1078462,DIRECTIA DE ASISTENTA SOCIALA PETRILA,MARIA ANTONIA SERVICII SRL,268142,2021-03-20,autoritate non-spital
SCN1064455,Societatea Nationala de Transport Gaze Naturale TRANSGAZ SA,DRAGER SAFETY ROMANIA,122631,2021-03-23,entitate privata (SRL/SA)
CAN1052819,OFICIUL NATIONAL PENTRU ACHIZITII CENTRALIZATE,MLM MEDICAL S.R.L.,89600,2021-03-24,autoritate non-spital
SCN1078866,Municipiul Cluj-Napoca,FARMEC,37600,2021-03-24,autoritate non-spital
SCN1080937,SERVICIUL DE PROTECTIE SI PAZA – U.M. 0149 F BUCURESTI,OFFICE&MORE,18300,2021-03-25,unitate militara fara profil de spital
CAN1052909,ORAS OTOPENI,TRIDENT MEDICAL COMPANY S.R.L.,8608,2021-03-26,autoritate non-spital
SCN1078930,MINISTERUL APARARII - UNITATEA MILITARA 02464 BUCURESTI,MEDIMPACT,,2021-03-26,unitate militara fara profil de spital
154323-2021,Direcția Sanitară Veterinară și pentru Siguranța Alimentelor Brașov,A.M.S. 2000 TRADING IMPEX S.R.L. / AVENA MEDICA S.R.L. / DIALAB SOLUTIONS / DIAMEDIX IMPEX / EUROVET LAB S.R.L. / FOTOMETRIC INSTRUMENTS S.R.L. / Filara BioMed SRL / KARISSMED TRADE SRL / MEDICAMED MARKET S.R.L. / MEDICLIM S.R.L. / MEDVET DIAGNOSTIC / NOACK ROMANIA SRL / NOVA GROUP INVESTMENT / NOVACHIM TRADING / Omnivet Impex S.R.L. / PARTNERS MEDICAL SOLUTION S.R.L. / REDOX RESEARCH & ANALYTIC S.R.L. / TUNIC PROD S.R.L. / TYD ELAN S.R.L.,866119,2021-03-29,autoritate non-spital
SCN1083809,COMUNA BUDUREASA,Premium Chem Expert SRL / ANA INVEST & RESEARCH,173658,2021-03-29,autoritate non-spital
SCN1083819,SERVICIUL DE AMBULANTA JUDETEAN COVASNA,X-Lab Solutions S.R.L. / S.C.MEDICAL GRUP S.R.L. / CO&CO Consumer 2002 S.R.L. / SANROTEX TRADING SRL / CORAMED MEDIZINISCHE PRODUKTE / DELUXE MEDICRAFTS / TZMO ROMANIA / Power Medical / RICOMED / ARTISANA MEDICAL S.R.L.,421040,2021-03-29,autoritate non-spital
86217-2021,Consiliul Județean Olt,,3615730,2021-03-30,autoritate non-spital
SCN1083856,ORASUL MIERCUREA SIBIULUI,FLAMATEX,142766,2021-03-30,autoritate non-spital
SCN1083861,UNIVERSITATEA DUNAREA DE JOS,NITECH S.R.L.,1800,2021-03-30,autoritate non-spital
CN1029640,INSTITUTUL NATIONAL DE SANATATE PUBLICA,SANIMED INTERNATIONAL IMPEX S.R.L. / BIO AQUA GROUP / MERC INTERNATIONAL IMPEX S.R.L. / SC MAGESA IMPEX SRL / EMSAR S.R.L. / DACCHIM S.R.L. / PARTNERS MEDICAL SOLUTION S.R.L. / LABORSISTEM S.R.L. / Pro Analysis Systems / Shimadzu Handelsgesellschaft mbH / MUSO / Agilrom Scientific / Global Event Solutions SRL / DIALAB SOLUTIONS / TEHNICAL CONSULTING BUSINESS MGT / TOPOMEV OPTOSCIENCE,7606128,2021-03-31,autoritate non-spital
CN1029655,CENTRUL DE RECUPERARE SI REABILITARE NEUROPSIHIATRICA BRANCOVENESTI,DELUXE MEDICRAFTS / Power Medical,190038,2021-03-31,autoritate non-spital
254970-2021,DIRECTIA GENERALA DE ASISTENTA SOCIALA A MUNICIPIULUI BUCURESTI,Atlas Medical / Deluxe Cards / Dragomar Start / Farmec / Klaus Distribution / Maxigel S.R.L. / Natural Es-medical S.R.L / Pluridet Comexim S.R.L. / S.C. Esa Exclusiveshop S.R.L. / SH Medical S.R.L. / Valdomedica Trading,857435,2021-04-01,autoritate non-spital
393608-2021,Universitatea de Medicina si Farmacie din Craiova,TEHNO ELECTRO MEDICAL COMPANY S.R.L.,1397502,2021-04-01,autoritate non-spital
SCN1083981,COMUNA PAUSESTI MAGLASI,OPEN MIND LABORATORY S.R.L. / REO MEDICAL APARATURA MEDICALA,282695,2021-04-01,autoritate non-spital
CN1029761,MUNICIPIUL PITESTI - CONSILIUL LOCAL AL MUNICIPIULUI PITESTI,BALOGIC S.R.L. / EURODIDACTICA S.R.L.,315477,2021-04-02,autoritate non-spital
CN1025801,INSTITUTUL NATIONAL DE HEMATOLOGIE TRANSFUZIONALA Prof.Dr.C.T.Nicolau,X-Lab Solutions S.R.L.,,2021-04-04,institut de cercetare / fara paturi de spital
SCN1077095,SOCIETATEA DE DISTRIBUTIE A ENERGIEI ELECTRICE MUNTENIA NORD S.A.,MATEI CONF GRUP,567340,2021-04-04,entitate privata (SRL/SA)
SCN1080305,ORASUL VISEU DE SUS,C&C ACTIV GENERAL CONCEPT,170412,2021-04-06,autoritate non-spital
SCN1084128,Institutul National de Cercetare Dezvoltare Medico Militara Cantacuzino,Elta 90 Medical Research SRL / MECRO SYSTEM S.R.L. / ANTISEL RO SRL,,2021-04-06,institut de cercetare / fara paturi de spital
200861-2021,Orasul Targu Neamt,BPM Tehnologica / BTL România Aparatură Medicală S.R.L. / Mediq Innovative Technologies S.R.L.,2572040,2021-04-07,autoritate non-spital
CAN1053613,Institutul National de Cercetare Dezvoltare Medico Militara Cantacuzino,MOLECULAR GENOMICS S.R.L.,198400,2021-04-07,institut de cercetare / fara paturi de spital
CAN1053616,Institutul National de Cercetare Dezvoltare Medico Militara Cantacuzino,Elta 90 Medical Research SRL,323000,2021-04-07,institut de cercetare / fara paturi de spital
CAN1053619,Directia de Sanatate Publica Vaslui,PRAXIS MEDICA S.R.L.,53250,2021-04-07,autoritate non-spital
CAN1053624,Directia de Sanatate Publica Vaslui,S.C. AMS 2000 TRADING IMPEX S.R.L.,630,2021-04-07,autoritate non-spital
175182-2021,Direcția de Sănătate Publică Buzău,ALISON HAYES (ROMANIA) / COMPANIA NATIONALA UNIFARM / DELUXE CARDS / DIALAB SOLUTIONS / Filara BioMed SRL / Global Event Solutions SRL / HALLUNDA FOODS / Nova Fit 2000 S.R.L. / PARTNERS MEDICAL SOLUTION S.R.L. / SANIMED INTERNATIONAL IMPEX,1037962,2021-04-09,autoritate non-spital
CN1030019,Municipiul Sibiu,Elta 90 Medical Research SRL / S.C. LINDE GAZ ROMANIA S.R.L. S.R.L. / RAFI MEDICAL / IQ WATER MEDICAL SRL / ESTIMA MEDICAL GROUP S.R.L.,415000,2021-04-10,autoritate non-spital
178081-2021,Ministerul Sanatatii,Ducos Trading S.R.L. / Tehnoplus Medical / Toda International / Vodimedicor S.R.L.,51400000,2021-04-12,autoritate non-spital
318895-2021,JUDETUL CLUJ (CONSILIUL JUDETEAN),B.BRAUN MEDICAL / CATTUS S.R.L. / DIGI MEDICAL TEHNIC / EXIMIA MEDICAL / FRESENIUS MEDICAL CARE ROMANIA S.R.L. / KARL STORZ ENDOSCOPIA ROMANIA / LIAMED / MEDICLIM S.R.L. / MEDIQ INNOVATIVE TECHNOLOGIES SRL / MEDIST IMAGING & P.O.C. S.R.L. / Medist / RAFI MEDICAL / REVISMED MEDICAL / ROMBIOMEDICA / S.C. DRAGER MEDICAL ROMANIA S.R.L. S.R.L. / S.C. EDITRONIC INTERNATIONAL S.R.L. / S.C. NUMERIS COM S.R.L. / S.C. SAPACO 2000 S.A. S.C.S. / S.C. SELECT IT S.R.L. / TEHNO ELECTRO MEDICAL COMPANY S.R.L. / TMS - TOP MEDICAL SUPPLIER / UNIMIXSERV,8148522,2021-04-14,autoritate non-spital
SCN1084522,Directia Generala de Asistenta Sociala si Protectia Copilului Gorj,DELUXE MEDICRAFTS / GREENWOOD,970448,2021-04-14,autoritate non-spital
SCN1084544,Serviciul Judetean de Ambulanta Botosani,Cosmo Medical / TZMO ROMANIA / NERAMO DISTRIBUTION / SC SANDUNAV INTERMED SRL / MEDICAL GRUP,722360,2021-04-14,autoritate non-spital
CN1024270,Municipiul Timisoara,VODIMEDICOR S.R.L.,38700,2021-04-15,autoritate non-spital
SCN1084589,DIRECTIA SANITARA VETERINARA SI PENTRU SIGURANTA ALIMENTELOR ALBA,NOVA GROUP INVESTMENT / EUROVET LAB S.R.L. / FARMAVET / DIALAB SOLUTIONS / ROMVAC COMPANY / MEDICLIM S.R.L. / Noack Romania S.R.L.,87853,2021-04-15,autoritate non-spital
30791-2021,Primaria municipiului Campulung Moldovenesc,,1103070,2021-04-19,autoritate non-spital
SCN1080794,SOCIETATEA DE DISTRIBUTIE A ENERGIEI ELECTRICE TRANSILVANIA SUD S.A.,HALLUNDA FOODS,44031,2021-04-19,entitate privata (SRL/SA)
193739-2021,INSTITUTUL NATIONAL DE HEMATOLOGIE TRANSFUZIONALA Prof.Dr.C.T.Nicolau,,1728063,2021-04-20,institut de cercetare / fara paturi de spital
CAN1054466,SERVICIUL DE AMBULANTA BUCURESTI-ILFOV,ALPHA BRIO MEDICAL S.R.L.,3300,2021-04-20,autoritate non-spital
CAN1054472,SERVICIUL DE AMBULANTA BUCURESTI-ILFOV,VALDOMEDICA TRADING,627,2021-04-20,autoritate non-spital
CAN1054473,SERVICIUL DE AMBULANTA BUCURESTI-ILFOV,VALDOMEDICA TRADING,598,2021-04-20,autoritate non-spital
CAN1054476,SERVICIUL DE AMBULANTA BUCURESTI-ILFOV,ARTISANA MEDICAL S.R.L.,1090,2021-04-20,autoritate non-spital
CAN1054479,SERVICIUL DE AMBULANTA BUCURESTI-ILFOV,NANO BIO MEDICAL S.R.L.,4300,2021-04-20,autoritate non-spital
CAN1054483,SERVICIUL DE AMBULANTA BUCURESTI-ILFOV,TMS - TOP MEDICAL SUPPLIER,6510,2021-04-20,autoritate non-spital
CAN1054484,SERVICIUL DE AMBULANTA BUCURESTI-ILFOV,NAGUMA MEDICAL SUPPLY,12800,2021-04-20,autoritate non-spital
CAN1054485,SERVICIUL DE AMBULANTA BUCURESTI-ILFOV,Steril Romania S.R.L.,5100,2021-04-20,autoritate non-spital
CAN1054486,SERVICIUL DE AMBULANTA BUCURESTI-ILFOV,MLM MEDICAL S.R.L.,1020,2021-04-20,autoritate non-spital
CAN1054488,SERVICIUL DE AMBULANTA BUCURESTI-ILFOV,CO&CO Consumer 2002 S.R.L.,2000,2021-04-20,autoritate non-spital
CAN1054490,SERVICIUL DE AMBULANTA BUCURESTI-ILFOV,ARTISANA MEDICAL S.R.L.,441,2021-04-20,autoritate non-spital
CAN1054494,SERVICIUL DE AMBULANTA BUCURESTI-ILFOV,TZMO ROMANIA,3520,2021-04-20,autoritate non-spital
CAN1054497,SERVICIUL DE AMBULANTA BUCURESTI-ILFOV,TZMO ROMANIA,3960,2021-04-20,autoritate non-spital
214855-2021,OFICIUL NATIONAL PENTRU ACHIZITII CENTRALIZATE,Viggo Fashion International S.R.L.,12159576,2021-04-21,autoritate non-spital
CAN1054509,SERVICIUL DE AMBULANTA BUCURESTI-ILFOV,TZMO ROMANIA,1264,2021-04-21,autoritate non-spital
CAN1054512,SERVICIUL DE AMBULANTA BUCURESTI-ILFOV,NANO BIO MEDICAL S.R.L.,2925,2021-04-21,autoritate non-spital
CAN1054513,SERVICIUL DE AMBULANTA BUCURESTI-ILFOV,LUAN VISION,5490,2021-04-21,autoritate non-spital
CAN1054524,SERVICIUL DE AMBULANTA BUCURESTI-ILFOV,LUAN VISION,1060,2021-04-21,autoritate non-spital
CAN1054525,SERVICIUL DE AMBULANTA BUCURESTI-ILFOV,LUAN VISION,580,2021-04-21,autoritate non-spital
CAN1054527,SERVICIUL DE AMBULANTA BUCURESTI-ILFOV,LUAN VISION,580,2021-04-21,autoritate non-spital
CAN1054531,SERVICIUL DE AMBULANTA BUCURESTI-ILFOV,LUAN VISION,1060,2021-04-21,autoritate non-spital
CAN1054536,SERVICIUL DE AMBULANTA BUCURESTI-ILFOV,LUAN VISION,580,2021-04-21,autoritate non-spital
CAN1054540,SERVICIUL DE AMBULANTA BUCURESTI-ILFOV,LUAN VISION,3000,2021-04-21,autoritate non-spital
CAN1054543,SERVICIUL DE AMBULANTA BUCURESTI-ILFOV,MEDCLAS TRADING S.R.L.,488,2021-04-21,autoritate non-spital
CAN1054544,SERVICIUL DE AMBULANTA BUCURESTI-ILFOV,MEDCLAS TRADING S.R.L.,294,2021-04-21,autoritate non-spital
CN1030464,DIRECTIA SANITARA VETERINARA SI PENTRU SIGURANTA ALIMENTELOR BACAU,ROMVAC COMPANY / DIALAB SOLUTIONS / A.M.S. 2000 TRADING IMPEX / Agilrom Scientific / MEDVET DIAGNOSTIC / TUNIC PROD S.R.L. / NOVA GROUP INVESTMENT / MEDICLIM S.R.L. / EUROVET LAB S.R.L. / INTERNATIONAL LABORATORY S.R.L. / FOTOMETRIC INSTRUMENTS S.R.L. / Filara BioMed SRL,370015,2021-04-21,autoritate non-spital
232927-2021,Județul Brașov,Eurodidactica S.R.L. / Liamed / Medical Corp S.R.L. / Medist Imaging & POC / S.C. Elmed Medical S.R.L. / Siemens Healthcare S.R.L.,4800281,2021-04-22,autoritate non-spital
CAN1054657,OFICIUL NATIONAL PENTRU ACHIZITII CENTRALIZATE,DELUXE MEDICRAFTS,604800,2021-04-22,autoritate non-spital
487898-2020,Universitatea de Științe Agronomice și Medicină Veterinară din București,,873963,2021-04-23,autoritate non-spital
515664-2020,Ministerul Apărării – Unitatea Militară 02444 Sibiu,,74465893,2021-04-23,unitate militara fara profil de spital
204236-2021,Societatea de Transport București STB S.A.,Dezimed / Dolex Com / Ecolab,58482,2021-04-23,entitate privata (SRL/SA)
SCN1081729,ComunaTarlisua (Consiliul local Tarlisua),SOCADANCE MD SRL,68430,2021-04-23,autoritate non-spital
CAN1054817,OFICIUL NATIONAL PENTRU ACHIZITII CENTRALIZATE,ALPHA BRIO MEDICAL S.R.L.,164000,2021-04-26,autoritate non-spital
CAN1054829,SERVICIUL DE AMBULANTA AL JUDETULUI CLUJ,Novaintermed S.R.L.,348000,2021-04-26,autoritate non-spital
SCN1085061,Directia Sanitar Veterinara si pentru Siguranta Alimentelor Braila,ANTISEL RO SRL / DIALAB SOLUTIONS / NOVA GROUP INVESTMENT / ROMVAC COMPANY / Noack Romania S.R.L. / Omnivet Impex S.R.L. / DIAMEDIX IMPEX / Filara BioMed SRL / MEDICLIM S.R.L.,285664,2021-04-26,autoritate non-spital
CN1030506,SERVICIUL DE AMBULANTA DOLJ,ESA EXCLUSIVESHOP / PRODCONFARM S.R.L. / NAFKA GRUP S.R.L. / DEMOPHORIUS HEALTHCARE SRL / VETRO DESIGN / DELUXE MEDICRAFTS / IOANA N & M SRL / LUAN VISION / TZMO ROMANIA / Natural Es-medical S.R.L / Medplaza Health / TOP TRADE MEDICAL / CRAD RO / EUROMEDICAL IMPORT EXPORT / GRAZY PRICE MEDICAL IMPORT EXPORT S.R.L. / SANROTEX TRADING SRL / AVANT MARIS MEDICAL S.R.L.,458976,2021-04-27,autoritate non-spital
SCN1085309,MINISTERUL APARARII - UNITATEA MILITARA 02464 BUCURESTI,S.C. TRIDENT MEDICAL COMPANY S.R.L. S.R.L.,353903,2021-04-29,unitate militara fara profil de spital
CN1030620,MINISTERUL APARARII - UNITATEA MILITARA 02464 BUCURESTI,TZMO ROMANIA / PAUL HARTMANN / MEDICO INTERNATIONAL S.R.L. / SINOFARM ROMANIA S.R.L. / CRIO - 2 S.R.L. / ALPHA BRIO MEDICAL S.R.L. / DELUXE MEDICRAFTS / MLM MEDICAL S.R.L. / VETRO DESIGN / Steril Romania S.R.L.,,2021-04-30,unitate militara fara profil de spital
SCN1083495,"MINISTERUL ECONOMIEI, ANTREPRENORIATULUI SI TURISMULUI",UNION CO S.R.L.,58472,2021-04-30,autoritate non-spital
SCN1085342,COMUNA COMISANI,CATTUS S.R.L. / DOLAS ECOTRADE,368343,2021-05-04,autoritate non-spital
CN1030779,Directia generala de asistenta sociala si protectia copilului Cluj,TZMO ROMANIA,619110,2021-05-05,autoritate non-spital
SCN1085452,Societatea de Cruce Roșie din România – Filiala Giurgiu,MILION TRADE SRL / PYF PRODUCTION S.R.L. / Fair Play,231750,2021-05-05,autoritate non-spital
SCN1085462,CONSILIUL JUDETEAN SUCEAVA,D&D CONSULTANTS GRUP S.R.L.,73760,2021-05-05,autoritate non-spital
255047-2021,JUDETUL CLUJ (CONSILIUL JUDETEAN),NOVOMED INTERNATIONAL SRL / PHILIPS ROMANIA / ROMGER GENERAL TRADE & CONSULTING S.R.L. / SIEMENS HEALTHCARE SRL / Sof Medica,6434975,2021-05-06,autoritate non-spital
CAN1055533,OFICIUL NATIONAL PENTRU ACHIZITII CENTRALIZATE,PERFECT CARE DISTRIBUTION,564228,2021-05-06,autoritate non-spital
228777-2021,Serviciul de Ambulanță Județean Bistrița-Năsăud,ALISON HAYES (ROMANIA) / CO&CO Consumer 2002 S.R.L. / CRIO - 2 S.R.L. / DELUXE CARDS / JOLIDON INTERNATIONAL / LUAN VISION / Limas Group S.R.L. / MEDICAL GRUP / MEGACONS-BRILLAGO / NAGUMA MEDICAL SUPPLY / TZMO ROMANIA / VALDOMEDICA TRADING,1976691,2021-05-07,autoritate non-spital
SCN1079441,JUDETUL TULCEA,INEDIT CLEAN TOTAL,19990,2021-05-07,autoritate non-spital
SCN1085530,Institutul National de Cercetare Dezvoltare Medico Militara Cantacuzino,S.C. WATT DISTRIBUTOR S.R.L. S.R.L. / S.C. ELECTRO PLUS S.R.L. S.R.L. / NITECH S.R.L.,348065,2021-05-07,institut de cercetare / fara paturi de spital
SCN1081558,Centrul de Recuperare si Reabilitare a Persoanelor cu Handicap - Pastraveni,TZMO ROMANIA,89000,2021-05-08,autoritate non-spital
543152-2020,ORASUL BECLEAN,,3316507,2021-05-10,autoritate non-spital
270923-2021,JUDETUL TELEORMAN,Histria International S.R.L. / Karl Storz Endoscopia România / Medist Imaging & P.O.C. / S.C. Medical Grup S.R.L. / Synttergy Consult S.R.L. / Tehno Electro Medical Company S.R.L.,759913,2021-05-10,autoritate non-spital
CAN1055779,Consiliul Judetean Arad,BTL ROMANIA APARATURA MEDICALA S.R.L.,12000,2021-05-11,autoritate non-spital
SCN1081443,DIRECTIA GENERALA DE ASISTENTA SOCIALA SI PROTECTIA COPILULUI ALBA,TZMO ROMANIA,203468,2021-05-11,autoritate non-spital
SCN1085691,Directia Sanitara Veterinara si pentru Siguranta Alimentelor Buzau,EUROVET LAB S.R.L. / DIALAB SOLUTIONS / ROMVAC COMPANY / MEDICLIM S.R.L. / ANTISEL RO SRL,43352,2021-05-11,autoritate non-spital
593461-2020,CONSILIUL JUDETEAN GORJ,,12330778,2021-05-12,autoritate non-spital
634926-2020,JUDETUL CARAS-SEVERIN,,844249,2021-05-12,autoritate non-spital
238275-2021,"Universitatea de Medicina si Farmacie ""Iuliu Hatieganu"" Cluj-Napoca",Altex România S.R.L. / Dental Partner's Grup S.R.L. / Medica M3 Comexim S.R.L. / Olin Trans S.R.L. / Tehnodent Poka S.R.L.,1098300,2021-05-12,autoritate non-spital
271082-2021,Directia Sanitara Veterinara si pentru Siguranta Alimentelor Botosani,Mediclim S.R.L.,664632,2021-05-12,autoritate non-spital
SCN1082279,Comuna Fartatesti (Primaria Fartatesti),REO MEDICAL APARATURA MEDICALA,207700,2021-05-12,autoritate non-spital
SCN1085742,INSPECTORATUL DE POLITIE AL JUDETULUI VASLUI,TECHTEX / Medico International / Euromedica Inc Group S.R.L.,47500,2021-05-12,autoritate non-spital
SCN1085824,INSPECTORATUL GENERAL AL POLITIEI ROMANE,MLM MEDICAL S.R.L. / BEST ACHIZITII,27130,2021-05-13,autoritate non-spital
SCN1081573,"SNTFC ""CFR CALATORI"" S.A.",NAGUMA MEDICAL SUPPLY,9600,2021-05-17,entitate privata (SRL/SA)
523649-2020,Municipiul Lupeni,,3418022,2021-05-18,autoritate non-spital
248999-2021,"UNIVERSITATEA DE MEDICINA SI FARMACIE ""GRIGORE T.POPA"" DIN IASI",,2910937,2021-05-18,autoritate non-spital
CN1031017,MINISTERUL APARARII - UNITATEA MILITARA 02464 BUCURESTI,CATTUS S.R.L. / S.C.MEDICAL GRUP S.R.L. / NEOMED S.R.L. / RICOMED / S.C. NERAMO DISTRIBUTION S.R.L. / LIAMED,2632475,2021-05-18,unitate militara fara profil de spital
SCN1080690,Municipiul Lupeni,Reinigung,141514,2021-05-18,autoritate non-spital
CAN1056321,MUNICIPIUL ARAD,CHRISTIANA,27580,2021-05-19,autoritate non-spital
CAN1056323,MUNICIPIUL ARAD,CHRISTIANA,296294,2021-05-19,autoritate non-spital
385238-2020,Orasul Segarcea,,8481694,2021-05-20,autoritate non-spital
CAN1056334,Banca Nationala a Romaniei,FABI TOTAL GRUP S.R.L.,155343,2021-05-20,autoritate non-spital
CAN1056338,Banca Nationala a Romaniei,FABI TOTAL GRUP S.R.L.,52260,2021-05-20,autoritate non-spital
CAN1056341,Banca Nationala a Romaniei,DOLEX COM,48654,2021-05-20,autoritate non-spital
CAN1056345,Banca Nationala a Romaniei,DOLEX COM,168000,2021-05-20,autoritate non-spital
CAN1056360,Banca Nationala a Romaniei,"""ADRIAN SPIRESCU SI MIHAELA PELTEACU"" S.C.P.A.",103083,2021-05-20,autoritate non-spital
SCN1086182,Directia Sanitara Veterinara si pentru Siguranta Alimentelor Hunedoara,MEDICLIM S.R.L. / Noack Romania S.R.L.,46800,2021-05-20,autoritate non-spital
SCN1086247,CAMERA DEPUTATILOR,S.C. Dancrisor Impex S.R.L. / ARCA MONDO CHIM S.R.L. / S.C. SANIPACK DISTRIBUTION SRL S.R.L. / INEDIT CLEAN TOTAL / FABI TOTAL GRUP S.R.L.,42513,2021-05-21,autoritate non-spital
261201-2021,Serviciul de Ambulanta al Judetului Timis,ARTISANA MEDICAL S.R.L. / ATLAS SPORT / CO&CO Consumer 2002 S.R.L. / CRIO - 2 S.R.L. / DELUXE CARDS / DEMOPHORIUS HEALTHCARE / HDL Union / JOLIDON INTERNATIONAL / LUAN VISION / MEDCLAS TRADING S.R.L. / MEDICAL & GRAINS SUPPLIES - MGS / MEDICAL GRUP / MEDIST IMAGING & P.O.C. / NAFKA GRUP / NANO BIO MEDICAL S.R.L. / NOVENTIS International / Pansiprod Distributie / SAFETY GROUP SRL / SANTOMED S.R.L. / TAISSIS CONCEPT / VALDOMEDICA TRADING,2738183,2021-05-25,autoritate non-spital
CN1031226,SC BORUDENT SRL,A.M.S. 2000 TRADING IMPEX S.R.L. / S.C. Medica M3 Comexim S.R.L.,68015,2021-05-25,entitate privata (SRL/SA)
CN1031229,JUDETUL TELEORMAN,Proton Impex 2000 S.R.L.,510658,2021-05-25,autoritate non-spital
SCN1086389,COMUNA CORBII MARI (PRIMARIA CORBII MARI),PLATEROM S.R.L. / CATTUS S.R.L. / NEW MOB EXPANSION,147995,2021-05-25,autoritate non-spital
SCN1086429,Institutul National de Medicina Legala Mina Minovici,Altium International SRL / PARTNERS MEDICAL SOLUTION S.R.L. / MEDICLIM S.R.L.,11515,2021-05-25,autoritate non-spital
SCN1086499,Institutul National de Medicina Legala Mina Minovici,AVENA MEDICA S.R.L. / Altium International SRL / PARTNERS MEDICAL SOLUTION S.R.L. / TUNIC PROD S.R.L. / LABORSISTEM S.R.L. / S.C. MUSO S.R.L. / EMSAR S.R.L. / LABORATORIUM LIFE SCIENCE SRL,1162404,2021-05-26,autoritate non-spital
SCN1086521,Directia Sanitar Veterinara si pentru Siguranta Alimentelor Braila,DIAMEDIX IMPEX / MEDICLIM S.R.L.,24005,2021-05-26,autoritate non-spital
CN1031280,JUDETUL CARAS-SEVERIN,GLOBAL MEDICAL SOLUTIONS / MEDIST IMAGING & P.O.C. S.R.L. / TEHNOPLUS MEDICAL / GENERAL ELECTRIC MEDICAL SYSTEMS ROMANIA,597615,2021-05-27,autoritate non-spital
CN1031450,Directia Sanitara Veterinara si pentru Siguranta Alimentelor Cluj,Noack Romania S.R.L. / DIALAB SOLUTIONS / MEDICLIM S.R.L. / DIAMEDIX IMPEX,370238,2021-05-27,autoritate non-spital
SCN1086596,Inspectoratul de Politie al Judetului Olt,DARA BUSINESS MARKETING SRL / Medplaza Health / BEST ACHIZITII / DELUXE MEDICRAFTS / FARMEC,317610,2021-05-27,autoritate non-spital
CN1031311,CONSILIUL JUDETEAN GORJ,SOCADANCE MD SRL / LUAN VISION / DELUXE MEDICRAFTS / S.C. TECHTEX S.R.L. / ATLAS MEDICAL,297128,2021-05-28,autoritate non-spital
SCN1083240,Directia Generala de Asistenta Sociala si Protectia Copilului Olt,TZMO ROMANIA,217516,2021-05-29,autoritate non-spital
270822-2021,Federația Română de Handbal,Professional Farma Line,3475299,2021-05-31,autoritate non-spital
CN1031490,CAMINUL PENTRU PERSOANE VARSTNICE - IDECIU DE JOS,S.C. LECOM BIROTICA ARDEAL S.R.L. / SOCADANCE MD SRL / DELUXE MEDICRAFTS / BLUE NEON,433595,2021-06-01,autoritate non-spital
276233-2021,SERVICIUL DE AMBULANTA JUDETEAN ALBA,ALPHA NED 2000 EXIM / B.BRAUN MEDICAL / CO&CO Consumer 2002 S.R.L. / CRIO - 2 S.R.L. / DELTAMED / HDL Union / LUAN VISION / MATEI CONF GRUP / MEDCLAS TRADING S.R.L. / MEDICAL GRUP / MEDIMPACT / MEDITECH CMA / NAFKA GRUP / NAGUMA MEDICAL SUPPLY / Natural Es-medical S.R.L / PAUL HARTMANN / PRODCONFARM S.R.L. / RICOMED / RUBICON EDITECH 89 S.R.L. / SANROTEX TRADING SRL / THREE PHARM / TMS - TOP MEDICAL SUPPLIER / TZMO ROMANIA / VALDOMEDICA TRADING / X-Lab Solutions S.R.L.,1056024,2021-06-02,autoritate non-spital
276305-2021,INSTITUTUL NATIONAL DE SANATATE PUBLICA,Liamed,2078100,2021-06-02,autoritate non-spital
SCN1078720,Orasul Stefanesti,OVAVINCI,23500,2021-06-02,autoritate non-spital
SCNA1019032,DIRECTIA GENERALA DE ASISTENTA SOCIALA SI PROTECTIA COPILULUI BRAILA,TZMO ROMANIA,146293,2021-06-02,autoritate non-spital
CN1031624,ACADEMIA NAVALA ”Mircea cel Batran”- UM 02192 CONSTANTA,DAC TECHNOLOGY S.R.L. / SILVER TRADING PARTNERS SRL / PROMODA INTERNATIONAL S.R.L. / NEGRO S.R.L.,368071,2021-06-03,unitate militara fara profil de spital
SCN1082011,"SNTFC ""CFR CALATORI"" S.A.",PRODIVEX,11352,2021-06-03,entitate privata (SRL/SA)
SCN1086919,DIRECTIA SANITARA VETERINARA SI PENTRU SIGURANTA ALIMENTELOR BIHOR,Noack Romania S.R.L.,76908,2021-06-03,autoritate non-spital
58631-2020,ORASUL HATEG,,8526109,2021-06-04,autoritate non-spital
CN1025785,MUNICIPIUL ARAD,Aquamar Solutions,176526,2021-06-04,autoritate non-spital
SCN1087025,Centrul de Îngrijire si Asistenta Lunca Muresului,RAPSODIA COM SRL / ATS NOVUS / DELUXE MEDICRAFTS / PCZONE ONLINE DISTRIBUTIE S.R.L.,132548,2021-06-04,autoritate non-spital
SCN1083414,Universitatea din Oradea,DENTSTORE,31890,2021-06-06,autoritate non-spital
284631-2021,Primăria Municipiului Târgu Mureș,SIAT Consulting Service,10062368,2021-06-07,autoritate non-spital
SCN1087078,DIRECTIA SANITARA VETERINARA SI PENTRU SIGURANTA ALIMENTELOR ALBA,Altium International SRL / MEDICLIM S.R.L. / FOTOMETRIC INSTRUMENTS S.R.L. / DIAMEDIX IMPEX,47459,2021-06-07,autoritate non-spital
SCN1087082,DIRECTIA SANITAR VETERINARA SI PENTRU SIGURANTA ALIMENTELOR MARAMURES,DEXTER COM S.R.L. / DIALAB SOLUTIONS / ANTISEL RO SRL / MEDICLIM S.R.L. / Noack Romania S.R.L. / Filara BioMed SRL / ROMVAC COMPANY,165366,2021-06-07,autoritate non-spital
SCN1087089,CENTRUL DE INGRIJIRE SI ASISTENTA GLODENI,E-MASAGA / Power Medical / AKRO SRL / ATS NOVUS / LECOM BIROTICA ARDEAL / DELUXE MEDICRAFTS,178320,2021-06-07,autoritate non-spital
286942-2021,Serviciul Județean de Ambulanță Argeș,DELTAMED / MEDCLAS TRADING S.R.L. / NOVITRADE / SAFETY CONCEPT SOLUTIONS,758197,2021-06-08,autoritate non-spital
286950-2021,Serviciul Județean de Ambulanță Argeș,Atlas Medical / Flexal Impex S.R.L. / Medical Grup,2452540,2021-06-08,autoritate non-spital
287004-2021,Compania Națională Loteria Română S.A.,Amia Invest / Atlas Sport / Best Achiziții / Cleaning Logistic Distribution S.R.L. / Dolex Com / Eurototal Comp / Farmec S.A. / Naguma Medical Supply / S.C. Klintensiv S.R.L. (S.C. Pro Integrator S.R.L.) / S.C. Medplaza Health S.R.L.,1430808,2021-06-08,entitate privata (SRL/SA)
CN1028153,SERVICIUL DE AMBULANTA JUDETEAN CONSTANTA,Medplaza Health,445920,2021-06-08,autoritate non-spital
288852-2021,Serviciul de Ambulanță Județean Mureș,CO&CO Consumer 2002 S.R.L. / CRIO - 2 S.R.L. / DELUXE CARDS / HDL Union / LUAN VISION / MEDCLAS TRADING S.R.L. / MEDICAL GRUP / NANO BIO MEDICAL S.R.L. / Natural Es-medical S.R.L / SC ANTONIA CONF SRL / VALDOMEDICA TRADING,508340,2021-06-09,autoritate non-spital
CAN1057374,Sectorul 2 al Municipiului Bucuresti,TEPROMETAL INTERA SRL,116655,2021-06-09,autoritate non-spital
CN1027757,DIRECTIA DE SANATATE PUBLICA HARGHITA,BIOMEDICA MEDIZINPRODUKTE ROMANIA SRL,,2021-06-09,autoritate non-spital
SCN1082421,Ministerul Afacerilor Externe,BEST ACHIZITII,16416,2021-06-09,autoritate non-spital
CAN1057472,DIRECTIA DE SANATATE PUBLICA A MUNICIPIULUI BUCURESTI,DELTAROM SRL,84000,2021-06-10,autoritate non-spital
CN1031707,Consiliul Judetean Buzau,ALTEX ROMANIA S.R.L.,30476,2021-06-10,autoritate non-spital
CN1031717,SERVICIUL DE AMBULANTA JUDETEAN BRASOV,GRAZY PRICE MEDICAL IMPORT EXPORT S.R.L. / DEMOPHORIUS HEALTHCARE SRL / CRIO - 2 S.R.L. / TOP TRADE MEDICAL / HELLIMED / MEDICO INTERNATIONAL S.R.L. / ARTISANA MEDICAL S.R.L.,,2021-06-10,autoritate non-spital
CN1031866,ACADEMIA NAVALA ”Mircea cel Batran”- UM 02192 CONSTANTA,SOFTLINK CENTRAL EUROPE SRL / S.C. TRYAMM TRADING CONSULTING S.R.L. / INGENTO CONSULTING,91177,2021-06-10,unitate militara fara profil de spital
SCN1087310,"UNIVERSITATEA DE MEDICINA SI FARMACIE ""VICTOR BABES"" DIN TIMISOARA",Dentotal Protect S.R.L. / TEHNICAL CONSULTING BUSINESS MGT / B.BRAUN MEDICAL / SEPADIN S.R.L. / FAN SPORT / DENTSTORE / EVO HEALTHCARE CONSULTING / SARTOROM IMPEX S.R.L. / TEHNODENT POKA S.R.L.,176190,2021-06-10,autoritate non-spital
SCN1087338,"UNIVERSITATEA DE MEDICINA SI FARMACIE ""VICTOR BABES"" DIN TIMISOARA",S.C. HTP MEDICAL SRL S.R.L. / TEHNODENT POKA S.R.L. / TERRAMOLD SOLUTIONS / TEHNICAL DENT,151295,2021-06-10,autoritate non-spital
292064-2021,Serviciul de Ambulanță Județean Bihor,ALPHA NED 2000 EXIM / LUAN VISION / MEDIMPACT / MEDITECH CMA / NANO BIO MEDICAL S.R.L. / NOVITRADE / S.C. DELTAMED S.R.L. / S.C. Natural Es-medical S.R.L S.R.L. / S.C.MEDICAL GRUP S.R.L. / TMS - TOP MEDICAL SUPPLIER / TZMO ROMANIA / VALDOMEDICA TRADING,641520,2021-06-11,autoritate non-spital
292410-2021,Direcția Generală de Asistență Socială și Protecția Copilului Timiș,Atlas Medical / BN Business S.R.L. / Crio – 2 S.R.L. / Farmec / Irika Knitting / Prohealth Med,169355,2021-06-11,autoritate non-spital
CAN1057575,Sectorul 2 al Municipiului Bucuresti,TEPROMETAL INTERA SRL,113691,2021-06-11,autoritate non-spital
CN1031748,Municipiul Blaj,CATTUS S.R.L.,578339,2021-06-11,autoritate non-spital
SCN1087421,CENTRUL DE INGRIJIRE SI ASISTENTA REGHIN,ADYREG CONSTR SRL / INTERNATIONAL MERIT SRL / NERAMO DISTRIBUTION / E-MASAGA / Power Medical / BLUE NEON,153375,2021-06-11,autoritate non-spital
SCN1087425,CENTRUL DE ABILITARE SI REABILITARE REGHIN,ADYREG CONSTR SRL / BLUE NEON / NERAMO DISTRIBUTION / Power Medical,109060,2021-06-11,autoritate non-spital
296704-2021,Serviciul de Ambulanță Județean Prahova,CRIO – 2 S.R.L. / Corporation Rom-Cons Equipment / Deluxe Cards / Matei Conf Grup S.R.L. / Novaintermed S.R.L. / S.C. Alison Hayes (România) S.R.L.,440890,2021-06-14,autoritate non-spital
296823-2021,Orașul Hațeg,Biosystems Diagnostic S.R.L. / Liamed / Primera Med Technology,1163159,2021-06-14,autoritate non-spital
SCN1087511,UNITATEA DE MANAGEMENT CAPUSU DE CAMPIE,RAPSODIA COM SRL / ATS NOVUS / ANA INVEST & RESEARCH / Power Medical / BLUE NEON,284366,2021-06-14,autoritate non-spital
SCN1083924,Societatea Nationala de Gaze Naturale Romgaz S.A.,COMTIB S.R.L.,12016,2021-06-15,entitate privata (SRL/SA)
301979-2021,Serviciul de Ambulanță Județean Bihor,ALPHA NED 2000 EXIM / LUAN VISION / MEDIMPACT / MEDITECH CMA / NANO BIO MEDICAL S.R.L. / NOVITRADE / S.C. DELTAMED S.R.L. / S.C. Natural Es-medical S.R.L S.R.L. / S.C.MEDICAL GRUP S.R.L. / TMS - TOP MEDICAL SUPPLIER / TZMO ROMANIA / VALDOMEDICA TRADING,652631,2021-06-16,autoritate non-spital
303320-2021,Metrorex S.A.,Industrial Logistic & Distribution,2991214,2021-06-16,entitate privata (SRL/SA)
10819-2021,"Universitatea de Medicina, Farmacie, Stiinte si Tehnologie "" George Emil Palade"" din Targu Mures",,2087500,2021-06-16,autoritate non-spital
313569-2021,Municipiul Sibiu,DACORUM GRUP / Physiomed Aparatură Medicală,1093000,2021-06-16,autoritate non-spital
CN1032088,JUDETUL CLUJ (CONSILIUL JUDETEAN),S.C. DRAEGER ROMANIA S.R.L.,47650,2021-06-17,autoritate non-spital
SCN1082656,Municipiul Carei,DIGI MEDICAL TEHNIC,555000,2021-06-17,autoritate non-spital
SCN1087715,SERVICIUL DE AMBULANTA BUCURESTI-ILFOV,Power Medical / FRESENIUS KABI ROMANIA S.R.L. / MEDIST IMAGING & P.O.C. S.R.L.,95100,2021-06-17,autoritate non-spital
305682-2021,Academia de Studii Economice București,Dolex COM / Flyng Impex S.R.L.,1331925,2021-06-18,autoritate non-spital
305710-2021,Direcţia Generală de Asistenţă Socială şi Protecţia Copilului Sector 2,Dumitru Business House Impex / Loial Office S.R.L. / Target Point,103071,2021-06-18,autoritate non-spital
305773-2021,Serviciul de Ambulanță Județean Arad,ALPHA NED 2000 EXIM / ARTISANA MEDICAL S.R.L. / AVANT MARIS MEDICAL S.R.L. / LUAN VISION / Limas Group S.R.L. / MEDICAL GRUP / NAGUMA MEDICAL SUPPLY / RICOMED / SAFETY GROUP SRL / TRIDENT MEDICAL COMPANY S.R.L. / TZMO ROMANIA / VALDOMEDICA TRADING / X-Lab Solutions S.R.L.,793066,2021-06-18,autoritate non-spital
305779-2021,Direcția Sanitară Veterinară și pentru Siguranța Alimentelor Suceava,A.M.S. 2000 TRADING IMPEX S.R.L. / ANTISEL RO SRL / AQUATOR S.R.L. / DEXTER COM S.R.L. / DIALAB SOLUTIONS / DIAMEDIX IMPEX / Filara BioMed SRL / MEDICLIM S.R.L. / MERC INTERNATIONAL IMPEX S.R.L. / Noack Romania S.R.L. / PARTNERS MEDICAL SOLUTION S.R.L. / S.C. REDOX RESEARCH & ANALYTIC S.R.L. S.R.L. / TUNIC PROD S.R.L. / TZMO ROMANIA,704664,2021-06-18,autoritate non-spital
310007-2021,Județul Sălaj,B.BRAUN MEDICAL / BROKMED S.R.L. / Danson S.R.L. / Elta 90 Medical Research SRL / LINDE GAZ ROMANIA S.R.L. / MECRO SYSTEM S.R.L. / S.C. ELMED MEDICAL S.R.L. / TEHNO ELECTRO MEDICAL COMPANY S.R.L. / VODIMEDICOR S.R.L.,3828139,2021-06-21,autoritate non-spital
313211-2021,Direcția Sanitară Veterinară și pentru Siguranța Alimentelor Suceava,A.M.S. 2000 TRADING IMPEX S.R.L. / DIALAB SOLUTIONS / EMSAR S.R.L. / FARMAVET / FOTOMETRIC INSTRUMENTS S.R.L. / Global Event Solutions SRL / LABORATORIUM S.R.L. / LABORSISTEM S.R.L. / MEDICLIM S.R.L. / NITECH / Noack Romania S.R.L. / PARTNERS MEDICAL SOLUTION S.R.L. / S.C. Agilrom Scientific S.R.L. / S.C. MUSO S.R.L. / S.C. NOVACHIM TRADING S.R.L. / S.C. REDOX RESEARCH & ANALYTIC S.R.L. S.R.L. / TUNIC PROD S.R.L. / Tody Laboratories Int,496765,2021-06-22,autoritate non-spital
313279-2021,Județul Cluj (Consiliul Județean),DIGI MEDICAL TEHNIC / Power Medical / S.C. DRAGER MEDICAL ROMANIA S.R.L. S.R.L. / SANTIMPEX S.R.L. / THREE PHARM,933900,2021-06-22,autoritate non-spital
CAN1058092,Serviciul Judetean de Ambulanta Botosani,NERAMO DISTRIBUTION,12600,2021-06-23,autoritate non-spital
316869-2021,Spitalul Municipal „Dr. Pop Mircea” Marghita,,372890,2021-06-24,procedura anulata / fara castigator (confirmat in XML TED)
318838-2021,Primăria Municipiului Târgu Mureș,S.I.A.T. Consulting Service,10062368,2021-06-25,autoritate non-spital
318982-2021,Serviciul Judeţean de Ambulanţă Argeș,DELTAMED / MEDCLAS TRADING S.R.L. / NOVITRADE / SAFETY CONCEPT SOLUTIONS,758557,2021-06-25,autoritate non-spital
321688-2021,Societatea Națională Nuclearelectrica S.A.,ANN REEVES & FRANCESCA / AVA MEDICAL SERVICES SRL / BIZMED SRL / DENTSTORE / DOLEX COM / FLYNG IMPEX S.R.L. / GB INDCO S.R.L. / GENERAL MEDICALS ACTIVE SRL / MLM MEDICAL S.R.L. / NAGUMA MEDICAL SUPPLY / S.C. ANN REEVES & FRANCESCA S.A. / SC Demiuma Comimpex SRL / TOPALIS ENGINEERING SRL / UNICOMP,55628,2021-06-25,entitate privata (SRL/SA)
318251-2021,SERVICIUL DE AMBULANTA BUCURESTI-ILFOV,,2303580,2021-06-25,autoritate non-spital
344329-2021,JUDETUL BOTOSANI,A.M.S. 2000 Trading Impex S.R.L. / Diamedix Impex / Mediclim S.R.L. / Top Diagnostics S.R.L.,803401,2021-06-25,autoritate non-spital
CN1032051,MINISTERUL APARARII - UNITATEA MILITARA 02464 BUCURESTI,PAUL HARTMANN / MEDIMPACT / S.C. MEDITECH S.R.L. S.R.L. / Tody Laboratories Int / LUAN VISION / CRIO - 2 S.R.L. / PRODCONFARM S.R.L. / MLM MEDICAL S.R.L. / DELUXE MEDICRAFTS / AXIOMED SOLUTIONS SRL,,2021-06-25,unitate militara fara profil de spital
CN1032104,SERVICIUL DE AMBULANTA BUCURESTI-ILFOV,MERCATOR MEDICAL / TZMO ROMANIA / CRIO - 2 S.R.L. / CO&CO Consumer 2002 S.R.L. / RICOMED / BIZMED / MEDICAL GRUP / Medplaza Health / LUAN VISION / AVANT MARIS MEDICAL S.R.L. / CRAD RO / ALPHA NED 2000 EXIM / NERAMO DISTRIBUTION / VALDOMEDICA TRADING,,2021-06-25,autoritate non-spital
SCN1088179,FEDERATIA ROMANA DE CANOTAJ,LIAMED / INA MEDICAL & SPORT / PHYSIOMED APARATURA MEDICALA,223000,2021-06-25,autoritate non-spital
323290-2021,Serviciul de Ambulanță Județean Iași,A&A FARMA DISTRIBUTION S.R.L / CRIO - 2 S.R.L. / D&G GROUP S.R.L. / GRAZY PRICE MEDICAL IMPORT EXPORT S.R.L. / LUAN VISION / MEDCLAS TRADING S.R.L. / MEDICAL GRUP / MEDIMPACT / Medical Corp S.R.L. / NAFKA GRUP / NANO BIO MEDICAL S.R.L. / Natural Es-medical S.R.L / PAUL HARTMANN / PREBOX EMS / PRODCONFARM S.R.L. / ROVAL MED / TAISSIS CONCEPT / TZMO ROMANIA / VALDOMEDICA TRADING / VETRO DESIGN S.R.L.,1009648,2021-06-28,autoritate non-spital
325728-2021,Serviciul de Ambulanță Județean Arad,ALPHA NED 2000 EXIM / ARTISANA MEDICAL S.R.L. / AVANT MARIS MEDICAL S.R.L. / LUAN VISION / Limas Group S.R.L. / MEDICAL GRUP / NAGUMA MEDICAL SUPPLY / RICOMED / SAFETY GROUP SRL / TRIDENT MEDICAL COMPANY S.R.L. / TZMO ROMANIA / VALDOMEDICA TRADING / X-Lab Solutions S.R.L.,856066,2021-06-29,autoritate non-spital
537092-2020,JUDETUL GIURGIU,,6230500,2021-06-30,autoritate non-spital
638306-2020,Orasul Zarnesti (Primaria Orasului Zarnesti),,16199584,2021-07-01,autoritate non-spital
364534-2021,JUDETUL VALCEA,BIVARIA GRUP S.R.L. / EDITRONIC INTERNATIONAL / PRIMERA MED TECHNOLOGY,1782180,2021-07-01,autoritate non-spital
SCN1083278,ASOCIATIA CLUBUL SPORTIV SMART ATLETIC,UNION CO S.R.L.,61380,2021-07-01,autoritate non-spital
331877-2021,Institutul Naţional de Hematologie Transfuzională „Prof. Dr. C.T. Nicolau”,Grandis Impact S.R.L.,845252,2021-07-02,institut de cercetare / fara paturi de spital
332223-2021,Serviciul de Ambulanță Județean Galați,ALISON HAYES (ROMANIA) / ARTISANA MEDICAL S.R.L. / AVANT MARIS MEDICAL S.R.L. / B.BRAUN MEDICAL / BEST ACHIZITII / BIZMED SRL / CO&CO Consumer 2002 S.R.L. / GRAZY PRICE MEDICAL IMPORT EXPORT S.R.L. / JOLIDON INTERNATIONAL / LUAN VISION / MEDCLAS TRADING S.R.L. / MEDICAL GRUP / MEDIMPACT / NAFKA GRUP / PRODCONFARM S.R.L. / Pansiprod Distributie / THREE PHARM / TZMO ROMANIA / VALDOMEDICA TRADING,25957,2021-07-02,autoritate non-spital
CN1032447,JUDETUL BOTOSANI,PHM COMSERV S.R.L.,484000,2021-07-03,autoritate non-spital
336525-2021,Universitatea de Medicină și Farmacie „Iuliu Hațieganu” Cluj-Napoca,Dentotal Protect S.R.L. / MEDI SENSE SRL / Medica M3 Comexim / Nastimed Serv / TEHNODENT POKA S.R.L.,635112,2021-07-05,autoritate non-spital
160393-2022,Serviciul de Ambulanta Judetean Bacau,A&A FARMA DISTRIBUTION S.R.L / ALPHA NED 2000 EXIM / B.BRAUN MEDICAL / CORAMED MEDIZINISCHE PRODUKTE / CRIO - 2 S.R.L. / CUSTODIA GROUP / DELUXE CARDS / DIACARN HOLDING S.R.L. / DRAEGER ROMANIA / LUAN VISION / NAGUMA MEDICAL SUPPLY / NANO BIO MEDICAL S.R.L. / NERAMO DISTRIBUTION / PRODCONFARM S.R.L. / TAISSIS CONCEPT / TMS - TOP MEDICAL SUPPLIER,788529,2021-07-05,autoritate non-spital
SCN1085030,INSPECTORATUL DE POLITIE JUDETEAN SUCEAVA,GLORIA MARKET,,2021-07-05,autoritate non-spital
SCN1088676,UNIVERSITATEA TEHNICA GHEORGHE ASACHI DIN IASI,AMIA INVEST,544560,2021-07-05,autoritate non-spital
339373-2021,Serviciul de Ambulanță Județean Bihor,ALPHA NED 2000 EXIM / LUAN VISION / MEDIMPACT / MEDITECH CMA / NANO BIO MEDICAL S.R.L. / NOVITRADE / S.C. DELTAMED S.R.L. / S.C. Natural Es-medical S.R.L S.R.L. / S.C.MEDICAL GRUP S.R.L. / TMS - TOP MEDICAL SUPPLIER / TZMO ROMANIA / VALDOMEDICA TRADING,660001,2021-07-06,autoritate non-spital
63506-2021,Municipiul Huși,,4474667,2021-07-06,autoritate non-spital
341963-2021,Institutul National de Cercetare Dezvoltare Medico Militara Cantacuzino,,17853354,2021-07-07,institut de cercetare / fara paturi de spital
382737-2021,"UNIVERSITATEA DE MEDICINA SI FARMACIE ""GRIGORE T.POPA"" DIN IASI",Biomedica Medizinprodukte România S.R.L. / Tehno Electro Medical Company S.R.L.,930000,2021-07-07,autoritate non-spital
CN1032587,Institutul National de Cercetare Dezvoltare Medico Militara Cantacuzino,VitroBioChem S.R.L. / ROCHE ROMANIA / Elta 90 Medical Research SRL / A.M.S. 2000 TRADING IMPEX S.R.L. / S.C. Bio Zyme S.R.L. / DIALAB SOLUTIONS / DIAMEDIX IMPEX / MEDICLIM S.R.L. / A&A PRO DIAGNOSTIC / BIOMEDICA MEDIZINPRODUKTE ROMANIA SRL / DDS Diagnostic / MOLECULAR GENOMICS S.R.L. / Filara BioMed SRL / Novaintermed S.R.L.,,2021-07-07,institut de cercetare / fara paturi de spital
SCN1088846,SERVICIUL DE PROTECTIE SI PAZA – U.M. 0149 F BUCURESTI,WATT DISTRIBUTOR S.R.L. / DEXTER COM S.R.L. / ICEMED / MEDIST IMAGING & P.O.C. S.R.L.,517400,2021-07-07,unitate militara fara profil de spital
344302-2021,Consiliul Județean Gorj,B.BRAUN MEDICAL / BROKMED S.R.L. / BTL ROMANIA APARATURA MEDICALA S.R.L. / KARL STORZ ENDOSCOPIA ROMANIA / RAFI INTERNATIONAL GENERAL COMMERCE / ULTRASONIC S.R.L.,3999704,2021-07-08,autoritate non-spital
344311-2021,Ministerul Apărării Naționale – Unitatea Militară 02267,ADISON COMPANY / BIOMIGA PHARM / SOCADANCE MD SRL,112066,2021-07-08,unitate militara fara profil de spital
346584-2021,Direcția Sanitară Veterinară și pentru Siguranța Alimentelor Suceava,A.M.S. 2000 TRADING IMPEX S.R.L. / DIALAB SOLUTIONS / Filara BioMed SRL / Global Event Solutions SRL / LABORATORIUM S.R.L. / MECRO SYSTEM S.R.L. / MEDICLIM S.R.L. / MERC INTERNATIONAL IMPEX S.R.L. / NITECH / NOVA GROUP INVESTMENT / Noack Romania S.R.L. / ROMVAC COMPANY / S.C. Agilrom Scientific S.R.L. / S.C. MUSO S.R.L. / S.C. NOVACHIM TRADING S.R.L. / S.C. REDOX RESEARCH & ANALYTIC S.R.L. S.R.L. / TOPOMEV OPTOSCIENCE / TUNIC PROD S.R.L.,329932,2021-07-09,autoritate non-spital
SCN1082475,COMUNA BICAZU ARDELEAN -JUDETUL NEAMT,AMBIENT ROOF DAHA,67463,2021-07-09,autoritate non-spital
SCN1089010,"UNIVERSITATEA DE MEDICINA SI FARMACIE ""VICTOR BABES"" DIN TIMISOARA",MECRO SYSTEM S.R.L. / MEDIQ INNOVATIVE TECHNOLOGIES SRL,14702,2021-07-09,autoritate non-spital
350646-2021,Județul Cluj (Consiliul Județean),Hospital Technical Solutions,11600,2021-07-12,autoritate non-spital
350669-2021,Serviciul de Ambulanță Județean Bihor,ALPHA NED 2000 EXIM / LUAN VISION / MEDIMPACT / MEDITECH CMA / NANO BIO MEDICAL S.R.L. / NOVITRADE / S.C. DELTAMED S.R.L. / S.C. Natural Es-medical S.R.L S.R.L. / S.C.MEDICAL GRUP S.R.L. / TMS - TOP MEDICAL SUPPLIER / TZMO ROMANIA / VALDOMEDICA TRADING,669001,2021-07-12,autoritate non-spital
350682-2021,Direcția de Sănătate Publică Buzău,ALISON HAYES (ROMANIA) / COMPANIA NATIONALA UNIFARM / DELUXE CARDS / DIALAB SOLUTIONS / Filara BioMed SRL / Global Event Solutions SRL / HALLUNDA FOODS / Nova Fit 2000 S.R.L. / PARTNERS MEDICAL SOLUTION S.R.L. / SANIMED INTERNATIONAL IMPEX,1956352,2021-07-12,autoritate non-spital
350766-2021,Direcția Generală de Asistență Socială și Protecția Copilului Timiș,Atlas Medical / B.N.Business S.R.L. / Crio-2 S.R.L. / Farmec / Irika Knitting / Prohealth Med,169355,2021-07-12,autoritate non-spital
350792-2021,Județul Sălaj,,693406,2021-07-12,autoritate non-spital
CN1032917,Unitatea Militara 0251 Bucuresti,G.D. ESCAPADE S.R.L. / ZIPER SPORT S.R.L.,180889,2021-07-12,unitate militara fara profil de spital
353499-2021,Universitatea de Medicină și Farmacie „Iuliu Hațieganu” Cluj-Napoca,BIO AQUA GROUP / DELTAMED / EMSAR S.R.L. / LABORSISTEM S.R.L. / MERC INTERNATIONAL IMPEX S.R.L. / OF SYSTEMS / TUNIC PROD S.R.L. / TYD ELAN S.R.L.,103438,2021-07-13,autoritate non-spital
146599-2021,MUNICIPIUL BAILESTI,,1453765,2021-07-13,autoritate non-spital
CN1032832,SCOALA GIMNZIALA AL I CUZA VASLUI,C&C ACTIV GENERAL CONCEPT,71280,2021-07-13,autoritate non-spital
356212-2021,Serviciul de Ambulanță Județean Arad,ALPHA NED 2000 EXIM / ARTISANA MEDICAL S.R.L. / AVANT MARIS MEDICAL S.R.L. / LUAN VISION / Limas Group S.R.L. / MEDICAL GRUP / NAGUMA MEDICAL SUPPLY / RICOMED / SAFETY GROUP SRL / TRIDENT MEDICAL COMPANY S.R.L. / TZMO ROMANIA / VALDOMEDICA TRADING / X-Lab Solutions S.R.L.,856163,2021-07-14,autoritate non-spital
356277-2021,Județul Galați,,15500,2021-07-14,autoritate non-spital
639294-2020,Județul Ialomița,,63788288,2021-07-14,autoritate non-spital
196588-2021,"UNIVERSITATEA DE MEDICINA SI FARMACIE ""GRIGORE T.POPA"" DIN IASI",,2738000,2021-07-14,autoritate non-spital
CN1032842,MINISTERUL APARARII - UNITATEA MILITARA 02464 BUCURESTI,NITECH S.R.L. / Dental Vladmed V&M SRL / FRESENIUS KABI ROMANIA S.R.L. / ULTRASONIC S.R.L. / S.C. PRO CARDIA S.R.L. / MEDIKA H & S IMPEX S.R.L. / HELLIMED / LIAMED / ADION PRODIMPEXTRANS S.R.L.,3477915,2021-07-14,unitate militara fara profil de spital
SCN1080714,Apavital SA Iasi,SOLAGEN LABORATORY,28664,2021-07-14,entitate privata (SRL/SA)
360470-2021,Serviciul de Ambulanță Județean Bihor,ALPHA NED 2000 EXIM / LUAN VISION / MEDIMPACT / MEDITECH CMA / NANO BIO MEDICAL S.R.L. / NOVITRADE / S.C. DELTAMED S.R.L. / S.C. Natural Es-medical S.R.L S.R.L. / S.C.MEDICAL GRUP S.R.L. / TMS - TOP MEDICAL SUPPLIER / TZMO ROMANIA / VALDOMEDICA TRADING,673580,2021-07-16,autoritate non-spital
SCN1089429,U.M.0296 BUCURESTI,BIDNET TELECOM SRL / SC FBR CONECT SRL / PRAGMA COMPUTERS S.R.L. / DIPOL CONNECT SRL / SMD PLUS TECHNOLOGY SRL / S.C. ATHENEUM GROUP S.R.L.,189324,2021-07-16,unitate militara fara profil de spital
SCN1080632,JUDETUL GIURGIU,NANO BIO MEDICAL S.R.L.,115800,2021-07-18,autoritate non-spital
364591-2021,Universitatea de Medicină și Farmacie „Iuliu Hațieganu” Cluj-Napoca,BIO AQUA GROUP / DELTAMED / EMSAR S.R.L. / LABORSISTEM S.R.L. / MERC INTERNATIONAL IMPEX S.R.L. / OF SYSTEMS / TUNIC PROD S.R.L. / TYD ELAN S.R.L.,105431,2021-07-19,autoritate non-spital
364647-2021,Spitalul Clinic Județean de Urgență Arad,,650000,2021-07-19,procedura anulata / fara castigator (confirmat in XML TED)
364681-2021,Municipiul Huși,Brava Medical / S.C. Elmed Medical S.R.L.,374650,2021-07-19,autoritate non-spital
CAN1059378,SERVICIUL DE AMBULANTA BUCURESTI-ILFOV,TZMO ROMANIA,34900,2021-07-19,autoritate non-spital
CAN1059379,SERVICIUL DE AMBULANTA BUCURESTI-ILFOV,TEHNO ELECTRO MEDICAL COMPANY S.R.L.,8610,2021-07-19,autoritate non-spital
CAN1059381,SERVICIUL DE AMBULANTA BUCURESTI-ILFOV,VALDOMEDICA TRADING,16790,2021-07-19,autoritate non-spital
CAN1059382,SERVICIUL DE AMBULANTA BUCURESTI-ILFOV,ROVAL MED,3750,2021-07-19,autoritate non-spital
CAN1059385,SERVICIUL DE AMBULANTA BUCURESTI-ILFOV,NAFKA GRUP S.R.L.,4400,2021-07-19,autoritate non-spital
CN1029430,Orasul Gura Humorului,PHILIPS ROMANIA,564196,2021-07-19,autoritate non-spital
366947-2021,Spitalul Orășenesc Hațeg,,7745880,2021-07-20,procedura anulata / fara castigator (confirmat in XML TED)
366963-2021,Serviciul de Ambulanță Județean Constanța,Medplaza Health,576000,2021-07-20,autoritate non-spital
SCN1083960,Societatea COMPLEXUL ENERGETIC OLTENIA SA,PRODIVEX,178894,2021-07-20,entitate privata (SRL/SA)
SCN1084075,DIRECTIA SANITARA VETERINARA SI PENTRU SIGURANTA ALIMENTELOR TELEORMAN,Noack Romania S.R.L.,207000,2021-07-20,autoritate non-spital
SCN1089626,COMUNA VIISOARA (PRIMARIA VIISOARA MURES),NEW MOB EXPANSION,98610,2021-07-20,autoritate non-spital
SCN1089635,COMUNA COLONESTI,CATTUS S.R.L. / LIAMED,94233,2021-07-20,autoritate non-spital
369702-2021,Direcția de Sănătate Publică Buzău,Dialab Solutions / Filara BioMed S.R.L.,5340000,2021-07-21,autoritate non-spital
382537-2021,Municipiul Cluj-Napoca,Atlas Medical / Socadance MD S.R.L.,985241,2021-07-21,autoritate non-spital
CN1033081,"UNIVERSITATEA DE MEDICINA SI FARMACIE ""VICTOR BABES"" DIN TIMISOARA",Elta 90 Medical Research SRL / KARL STORZ ENDOSCOPIA ROMANIA,95669,2021-07-21,autoritate non-spital
371483-2021,Serviciul Judeţean de Ambulanţă Argeș,Atlas Medical / Flexal Impex S.R.L. / Medical Grup,2452540,2021-07-22,autoritate non-spital
371489-2021,Serviciul Judeţean de Ambulanţă Argeș,DELTAMED / MEDCLAS TRADING S.R.L. / NOVITRADE / SAFETY CONCEPT SOLUTIONS,786591,2021-07-22,autoritate non-spital
SCN1084385,"SNTFC ""CFR CALATORI"" S.A.",Novaintermed S.R.L.,19950,2021-07-22,entitate privata (SRL/SA)
373374-2021,Serviciul de Ambulanță Județean Iași,A&A FARMA DISTRIBUTION S.R.L / CRIO - 2 S.R.L. / D&G GROUP S.R.L. / GRAZY PRICE MEDICAL IMPORT EXPORT S.R.L. / LUAN VISION / MEDCLAS TRADING S.R.L. / MEDICAL GRUP / MEDIMPACT / MEDIST IMAGING & P.O.C. / Medical Corp S.R.L. / NAFKA GRUP / NANO BIO MEDICAL S.R.L. / Natural Es-medical S.R.L / PAUL HARTMANN / PREBOX EMS / PRODCONFARM S.R.L. / ROVAL MED / TAISSIS CONCEPT / TZMO ROMANIA / VALDOMEDICA TRADING / VETRO DESIGN S.R.L.,1256368,2021-07-23,autoritate non-spital
373659-2021,Universitatea de Medicină și Farmacie „Iuliu Hațieganu” Cluj-Napoca,BIO AQUA GROUP / DELTAMED / EMSAR S.R.L. / LABORSISTEM S.R.L. / MERC INTERNATIONAL IMPEX S.R.L. / OF SYSTEMS / TUNIC PROD S.R.L. / TYD ELAN S.R.L.,121293,2021-07-23,autoritate non-spital
SCN1089835,Institutul National de Cercetare Dezvoltare Medico Militara Cantacuzino,MEDICLIM S.R.L.,182000,2021-07-23,institut de cercetare / fara paturi de spital
377490-2021,Universitatea „Alexandru Ioan Cuza” Iași,Medplaza Health / Techtex,27050,2021-07-26,autoritate non-spital
377709-2021,Municipiul Băilești,PHM Comserv S.R.L.,1453764,2021-07-26,autoritate non-spital
163655-2021,"UNIVERSITATEA DE MEDICINA SI FARMACIE ""GRIGORE T.POPA"" DIN IASI",,1890800,2021-07-26,autoritate non-spital
379973-2021,Universitatea de Medicină și Farmacie „Grigore T. Popa” din Iași,Karl Storz Endoscopia România / Rombiomedica,2704700,2021-07-27,autoritate non-spital
379974-2021,Județul Teleorman,CORTECH MED S.R.L. / HISTRIA INTERNATIONAL S.R.L. / KARL STORZ ENDOSCOPIA ROMANIA / MEDIST IMAGING & P.O.C. / S.C.MEDICAL GRUP S.R.L. / SYNTTERGY CONSULT S.R.L. / TEHNO ELECTRO MEDICAL COMPANY S.R.L.,1939913,2021-07-27,autoritate non-spital
379977-2021,Serviciul de Ambulanță Județean Mureș,CO&CO Consumer 2002 S.R.L. / CRIO - 2 S.R.L. / DELUXE CARDS / HDL Union / LUAN VISION / MEDCLAS TRADING S.R.L. / MEDICAL GRUP / NANO BIO MEDICAL S.R.L. / Natural Es-medical S.R.L / SC ANTONIA CONF SRL / VALDOMEDICA TRADING,508340,2021-07-27,autoritate non-spital
263138-2021,"UNIVERSITATEA DE MEDICINA SI FARMACIE ""VICTOR BABES"" TIMISOARA",,2919655,2021-07-27,autoritate non-spital
CN1033308,MINISTERUL APARARII - UNITATEA MILITARA 02464 BUCURESTI,KRAL MEDICAL SOLUTIONS SRL,,2021-07-27,unitate militara fara profil de spital
382733-2021,Orașul Gura Humorului,Philips România,564196,2021-07-28,autoritate non-spital
CN1033413,LABORATOR DE CONTROL DOPING,Decorias / EMSAR S.R.L. / ANTISEL RO SRL / MUSO / Agilrom Scientific / Pro Analysis Systems / MERC INTERNATIONAL IMPEX S.R.L. / PARTNERS MEDICAL SOLUTION S.R.L.,263746,2021-07-28,autoritate non-spital
302182-2021,"Centrul Medical de Diagnostic, Tratament Ambulatoriu si Medicina Preventiva",,1600000,2021-07-29,centru medical ambulatoriu (fara paturi)
SCN1090198,CONSILIUL JUDETEAN SUCEAVA,HELLIMED / S.C. DRAEGER ROMANIA S.R.L.,81500,2021-07-29,autoritate non-spital
SCN1083451,MINISTERUL APARARII - UNITATEA MILITARA 02464 BUCURESTI,EVO HEALTHCARE CONSULTING,,2021-07-31,unitate militara fara profil de spital
391065-2021,Primaria Municipiului Târgu-Mures,S.I.A.T. Consulting Service,10062368,2021-08-02,autoritate non-spital
391066-2021,"UNIVERSITATEA DE MEDICINA SI FARMACIE ""VICTOR BABES"" TIMISOARA",3M PROJECT / DEXTER COM S.R.L. / HEALTHTIM / HYPO TECH & CONSULTING / MGA CONCEPT TECHNOLOGY S.R.L.,1481400,2021-08-02,autoritate non-spital
SCN1083486,"Serviciul Public de Impozite, Taxe si alte Venituri ale Bugetului Local",TERRA CLEAN SERVICE S.R.L.,463577,2021-08-02,autoritate non-spital
393642-2021,COMPANIA NATIONALA DE ADMINISTRARE A INFRASTRUCTURII RUTIERE S.A.,DOLEX COM,135200,2021-08-03,entitate privata (SRL/SA)
393774-2021,SERVICIUL DE AMBULANTA DOLJ,AVANT MARIS MEDICAL S.R.L. / CRAD RO / DELUXE CARDS / DEMOPHORIUS HEALTHCARE / ESA EXCLUSIVESHOP / EUROMEDICAL IMPORT EXPORT / GRAZY PRICE MEDICAL IMPORT EXPORT S.R.L. / IOANA N & M SRL / LUAN VISION / Medplaza Health / NAFKA GRUP / Natural Es-medical S.R.L / PRODCONFARM S.R.L. / SANROTEX TRADING SRL / TOP TRADE MEDICAL / TZMO ROMANIA / VETRO DESIGN S.R.L.,458976,2021-08-03,autoritate non-spital
CAN1060317,SERVICIUL JUDETEAN DE AMBULANTA GORJ,ROVAL MED,11714,2021-08-03,autoritate non-spital
CAN1060320,SERVICIUL JUDETEAN DE AMBULANTA GORJ,DELTAMED,564,2021-08-03,autoritate non-spital
CAN1060326,SERVICIUL JUDETEAN DE AMBULANTA GORJ,MEDIMPACT,1421,2021-08-03,autoritate non-spital
396205-2021,MUNICIPIUL HUSI,BPM TEHNOLOGICA / BRAVA MEDICAL / GLOBAL MEDICAL SOLUTIONS SRL / S.C. EDITRONIC INTERNATIONAL S.R.L. / S.C. ELMED MEDICAL S.R.L. / SOUL MEDICAL,4389046,2021-08-04,autoritate non-spital
396213-2021,COMUNA PUTINEIU,BTL ROMANIA APARATURA MEDICALA S.R.L. / HALMADENT SRL / LIAMED / MEDICAL GRUP / MEDIDENT EXIM S.R.L. / ULTRASONIC APARATURA MEDICALA,317986,2021-08-04,autoritate non-spital
396227-2021,"Centrul Medical de Diagnostic, Tratament Ambulatoriu si Medicina Preventiva",EDITRONIC INTERNATIONAL,1598750,2021-08-04,centru medical ambulatoriu (fara paturi)
445157-2021,Județul Brașov,BRAVA MEDICAL / GLOBAL MEDICAL SOLUTIONS SRL / OVAVINCI SRL / S.C. EDITRONIC INTERNATIONAL S.R.L. / SOUL MEDICAL,4316926,2021-08-04,autoritate non-spital
SCN1090548,Cresa pentru Educatie Timpurie,OVIVA DISTRIBUTION S.R.L. / SIDE GRUP S.R.L. / FLYNG IMPEX S.R.L.,219919,2021-08-04,autoritate non-spital
412247-2021,OFICIUL NATIONAL PENTRU ACHIZITII CENTRALIZATE,Medico International,1160000,2021-08-05,autoritate non-spital
412336-2021,OFICIUL NATIONAL PENTRU ACHIZITII CENTRALIZATE,DEMOTEKS MEDIKAL SRL,12000000,2021-08-05,autoritate non-spital
CAN1060520,SERVICIUL DE AMBULANTA AL JUDETULUI CLUJ,MEDIST IMAGING & P.O.C. S.R.L.,2500,2021-08-05,autoritate non-spital
CAN1060528,SERVICIUL DE AMBULANTA AL JUDETULUI CLUJ,Novaintermed S.R.L.,101550,2021-08-05,autoritate non-spital
CAN1060539,SERVICIUL DE AMBULANTA AL JUDETULUI CLUJ,Natural Es-medical S.R.L,738,2021-08-05,autoritate non-spital
CAN1060549,SERVICIUL DE AMBULANTA AL JUDETULUI CLUJ,MEDIMPACT,414,2021-08-05,autoritate non-spital
CAN1060552,SERVICIUL DE AMBULANTA AL JUDETULUI CLUJ,JOLIDON INTERNATIONAL,7860,2021-08-05,autoritate non-spital
CN1033521,INSTITUTUL NATIONAL DE HEMATOLOGIE TRANSFUZIONALA Prof.Dr.C.T.Nicolau,CHRONOS TRADE MEDICAL,,2021-08-05,institut de cercetare / fara paturi de spital
SCN1083634,MINISTERUL APARARII - UNITATEA MILITARA 02464 BUCURESTI,Sante International S.A.,,2021-08-05,unitate militara fara profil de spital
399963-2021,COMPANIA NATIONALA LOTERIA ROMÂNA S.A.,AMIA INVEST / ATLAS SPORT / BEST ACHIZITII / CLEANING LOGISTIC DISTRIBUTION S.R.L. / DOLEX COM / EUROTOTAL COMP / FARMEC S.A. / NAGUMA MEDICAL SUPPLY / S.C. Medplaza Health S.R.L. / SC KLINTENSIV SRL (S.C. PRO INTEGRATOR S.R.L.),1430808,2021-08-06,entitate privata (SRL/SA)
400023-2021,Orasul Zarnesti (Primaria Orasului Zarnesti),BIVARIA GRUP S.R.L. / Dental Vladmed V&M SRL / EDITRONIC INTERNATIONAL / Logaritm / S.C. ELMED MEDICAL S.R.L. / SC BELFIX DISTRIBUTIE SRL,15927348,2021-08-06,autoritate non-spital
400159-2021,SERVICIUL DE AMBULANTA AL JUDETULUI CLUJ,ALPHA BRIO MEDICAL S.R.L. / ALPHA NED 2000 EXIM / AVMED PLUS / CRIO - 2 S.R.L. / JOLIDON INTERNATIONAL / LUAN VISION / Limas Group S.R.L. / MEDIMPACT / THREE PHARM / TZMO ROMANIA,1323361,2021-08-06,autoritate non-spital
SCN1083567,"C.N.C.F. ,,C.F.R."" S.A. - SUCURSALA REGIONALĂ C.F. CLUJ - UNITATE OPERAȚIONALĂ",PRODIVEX,24845,2021-08-06,entitate privata (SRL/SA)
404212-2021,"Universitatea de Medicina si Farmacie ""Iuliu Hatieganu"" Cluj-Napoca",BIO AQUA GROUP / DELTAMED / EMSAR S.R.L. / LABORSISTEM S.R.L. / MERC INTERNATIONAL IMPEX S.R.L. / OF SYSTEMS / TUNIC PROD S.R.L. / TYD ELAN S.R.L.,121523,2021-08-09,autoritate non-spital
404234-2021,Spitalul Clinic de Urgenta pentru Copii Brasov,,1848740,2021-08-09,procedura anulata / fara castigator (confirmat in XML TED)
579614-2020,Consiliul Județean Buzău,,8948921,2021-08-09,autoritate non-spital
200405-2021,JUDETUL CLUJ (CONSILIUL JUDETEAN),,1470704,2021-08-09,autoritate non-spital
412326-2021,JUDETUL SALAJ,PAPAPOSTOLOU S.R.L,816500,2021-08-10,autoritate non-spital
CN1033679,Directia Sanitara Veterinara si pentru Siguranta Alimentelor Suceava,TUNIC PROD S.R.L. / DIALAB SOLUTIONS / A.M.S. 2000 TRADING IMPEX S.R.L. / Agilrom Scientific / REDOX RESEARCH & ANALYTIC S.R.L. / EMSAR S.R.L. / DIAMEDIX IMPEX / S.C. NOVACHIM TRADING S.R.L. / MEDICLIM S.R.L. / Noack Romania S.R.L. / PARTNERS MEDICAL SOLUTION S.R.L. / NOVA GROUP INVESTMENT / LABORSISTEM S.R.L.,4852584,2021-08-10,autoritate non-spital
408870-2021,Serviciul de Ambulanta Judetean Arad,ALPHA NED 2000 EXIM / ARTISANA MEDICAL S.R.L. / AVANT MARIS MEDICAL S.R.L. / LUAN VISION / Limas Group S.R.L. / MEDICAL GRUP / NAGUMA MEDICAL SUPPLY / RICOMED / SAFETY GROUP SRL / TRIDENT MEDICAL COMPANY S.R.L. / TZMO ROMANIA / VALDOMEDICA TRADING / X-Lab Solutions S.R.L.,921035,2021-08-11,autoritate non-spital
506974-2020,Municipiul Timișoara,,4498518,2021-08-11,autoritate non-spital
417866-2021,Municipiul Timișoara,PAPAPOSTOLOU S.R.L,4498500,2021-08-11,autoritate non-spital
SCN1090971,INSPECTORATUL DE POLITIE AL JUDETULUI ARAD,B.N.BUSINESS S.R.L.,15238,2021-08-11,autoritate non-spital
410562-2021,SERVICIUL JUDETEAN DE AMBULANTA ARGES,ATLAS MEDICAL / FLEXAL IMPEX S.R.L. / MEDICAL GRUP,2452540,2021-08-12,autoritate non-spital
410572-2021,SERVICIUL JUDETEAN DE AMBULANTA ARGES,DELTAMED / MEDCLAS TRADING S.R.L. / NOVITRADE / SAFETY CONCEPT SOLUTIONS,820546,2021-08-12,autoritate non-spital
412028-2021,Directia Generala de Asistenta Sociala si Protectia Copilului Neamt,CERTINVEST / EVIDENT VERIAN / INTERCAPITAL / IRIKA KNITTING / Medplaza Health / NERAMO DISTRIBUTION / TECHTEX / Work Safe Box,637933,2021-08-13,autoritate non-spital
412110-2021,ORASUL ORAVITA,CLASSIMED SRL,55375,2021-08-13,autoritate non-spital
412433-2021,Serviciul de Ambulanta al Judetului Timis,ARTISANA MEDICAL S.R.L. / ATLAS SPORT / CO&CO Consumer 2002 S.R.L. / CRIO - 2 S.R.L. / DELUXE CARDS / DEMOPHORIUS HEALTHCARE / HDL Union / JOLIDON INTERNATIONAL / LUAN VISION / MEDCLAS TRADING S.R.L. / MEDICAL & GRAINS SUPPLIES - MGS / MEDICAL GRUP / MEDIST IMAGING & P.O.C. / NAFKA GRUP / NANO BIO MEDICAL S.R.L. / NOVENTIS International / Pansiprod Distributie / SAFETY GROUP SRL / SANTOMED S.R.L. / TAISSIS CONCEPT / VALDOMEDICA TRADING,2738183,2021-08-13,autoritate non-spital
412477-2021,"Universitatea de Medicina si Farmacie ""Iuliu Hatieganu"" Cluj-Napoca",BIO AQUA GROUP / DELTAMED / EMSAR S.R.L. / LABORSISTEM S.R.L. / MERC INTERNATIONAL IMPEX S.R.L. / OF SYSTEMS / TUNIC PROD S.R.L. / TYD ELAN S.R.L.,121597,2021-08-13,autoritate non-spital
172821-2021,"UNIVERSITATEA DE MEDICINA SI FARMACIE ""GRIGORE T.POPA"" DIN IASI",,741700,2021-08-13,autoritate non-spital
608387-2021,JUDETUL SALAJ,ATLAS MEDICAL / AVMED PLUS / DELUXE CARDS / INEDIT CLEAN TOTAL / IRIKA KNITTING / LUAN VISION / S.C. ADAR UNIC SOLUTIONS S.R.L. / S.C. NERAMO DISTRIBUTION S.R.L. / TZMO ROMANIA,1327900,2021-08-13,autoritate non-spital
CAN1060931,SERVICIUL DE AMBULANTA BUCURESTI-ILFOV,ALPHA NED 2000 EXIM,5400,2021-08-13,autoritate non-spital
CAN1060938,SERVICIUL DE AMBULANTA BUCURESTI-ILFOV,ARTISANA MEDICAL S.R.L.,975,2021-08-13,autoritate non-spital
CAN1060947,SERVICIUL DE AMBULANTA BUCURESTI-ILFOV,NAFKA GRUP S.R.L.,12500,2021-08-13,autoritate non-spital
CAN1060951,SERVICIUL DE AMBULANTA BUCURESTI-ILFOV,TEHNO ELECTRO MEDICAL COMPANY S.R.L.,11095,2021-08-13,autoritate non-spital
CAN1060953,SERVICIUL DE AMBULANTA BUCURESTI-ILFOV,PRACTIC PRODCOM S.R.L.,1470,2021-08-13,autoritate non-spital
316899-2021,"UNIVERSITATEA PENTRU STIINTELE VIETII "" ION IONESCU DE LA BRAD"" DIN IASI",,1975000,2021-08-16,autoritate non-spital
CN1033831,JUDETUL CLUJ (CONSILIUL JUDETEAN),DIGI MEDICAL TEHNIC / MEDITECH S.R.L. / DRAEGER ROMANIA / ADION PRODIMPEXTRANS S.R.L.,634300,2021-08-16,autoritate non-spital
CN1033832,MINISTERUL APARARII - UNITATEA MILITARA 02464 BUCURESTI,MEDICAL LOGISTIC PARTNER S.R.L. / Hemarom S.R.L.,,2021-08-16,unitate militara fara profil de spital
SCN1091237,Directia Generala de Asistenta Sociala si Protectia Copilului Gorj,FLEXIK AUTOMATION,81500,2021-08-16,autoritate non-spital
418055-2021,Directia Generala de Asistenta Sociala si Protectia Copilului Neamt,CERTINVEST / EVIDENT VERIAN / INTERCAPITAL / IRIKA KNITTING / Medplaza Health / NERAMO DISTRIBUTION / TECHTEX / Work Safe Box,637933,2021-08-17,autoritate non-spital
291743-2021,Ministerul Apararii U.M. 02412 Bucuresti,,1220000,2021-08-17,unitate militara fara profil de spital
417582-2021,MINISTERUL APARARII - UNITATEA MILITARA 02464 BUCURESTI,,1078000,2021-08-17,unitate militara fara profil de spital
SCN1072691,Societatea Nationala de Transport Gaze Naturale TRANSGAZ SA,SIGNAL SPECTRUM SRL-D,558128,2021-08-17,entitate privata (SRL/SA)
475648-2021,OFICIUL NATIONAL PENTRU ACHIZITII CENTRALIZATE,EXIMIA MEDICAL,9389400,2021-08-18,autoritate non-spital
475672-2021,OFICIUL NATIONAL PENTRU ACHIZITII CENTRALIZATE,PROTON IMPEX 2000,6677400,2021-08-18,autoritate non-spital
475674-2021,OFICIUL NATIONAL PENTRU ACHIZITII CENTRALIZATE,LINDE GAZ ROMANIA S.R.L.,12000000,2021-08-18,autoritate non-spital
SCN1091390,SERVICIUL JUDETEAN DE AMBULANTA IALOMITA,S.C. DRAEGER ROMANIA S.R.L. / MEDIST IMAGING & P.O.C. S.R.L.,119100,2021-08-18,autoritate non-spital
73161-2021,Unitatea Militară 0418 București,,,2021-08-19,unitate militara fara profil de spital
171191-2021,JUDETUL GALATI,,,2021-08-19,autoritate non-spital
309623-2021,Ministerul Apararii U.M. 02412 Bucuresti,,1606923,2021-08-19,unitate militara fara profil de spital
CN1034089,Directia Sanitara Veterinara si pentru Siguranta Alimentelor Cluj,FARMAVET / MEDICLIM S.R.L. / Noack Romania S.R.L. / Filara BioMed SRL / Altium International SRL / S.C. NOVACHIM TRADING S.R.L. / A.M.S. 2000 TRADING IMPEX S.R.L. / TUNIC PROD S.R.L. / FOTOMETRIC INSTRUMENTS S.R.L. / DIALAB SOLUTIONS,161437,2021-08-19,autoritate non-spital
422942-2021,JUDETUL SALAJ,BPM TEHNOLOGICA / PAPAPOSTOLOU S.R.L,893650,2021-08-20,autoritate non-spital
423151-2021,Institutul National de Cercetare Dezvoltare Medico Militara Cantacuzino,A.M.S. 2000 TRADING IMPEX S.R.L. / ANTISEL RO SRL / BIOMEDICA MEDIZINPRODUKTE ROMANIA SRL / DIALAB SOLUTIONS / DIAMEDIX IMPEX / Elta 90 Medical Research SRL / MEDICLIM S.R.L. / Medist / Novaintermed S.R.L. / Omnivet Impex S.R.L.,141110,2021-08-20,institut de cercetare / fara paturi de spital
423189-2021,Institutul National de Cercetare Dezvoltare Medico Militara Cantacuzino,A&A PRO DIAGNOSTIC / A.M.S. 2000 TRADING IMPEX S.R.L. / BIOMEDICA MEDIZINPRODUKTE ROMANIA SRL / DIALAB SOLUTIONS / DIAMEDIX IMPEX / Elta 90 Medical Research SRL / MEDICLIM S.R.L. / Novaintermed S.R.L. / S.C. Bio Zyme S.R.L. / Tody Laboratories Int / VitroBioChem S.R.L.,203696,2021-08-20,institut de cercetare / fara paturi de spital
423240-2021,Directia Generala de Asistenta Sociala si Protectia Copilului Timis,ATLAS MEDICAL / B.N.BUSINESS S.R.L. / CRIO - 2 S.R.L. / FARMEC / IRIKA KNITTING / PROHEALTH MED,169355,2021-08-20,autoritate non-spital
423284-2021,Serviciul de Ambulanta Judetean Arad,ALPHA NED 2000 EXIM / ARTISANA MEDICAL S.R.L. / AVANT MARIS MEDICAL S.R.L. / LUAN VISION / Limas Group S.R.L. / MEDICAL GRUP / NAGUMA MEDICAL SUPPLY / RICOMED / SAFETY GROUP SRL / TRIDENT MEDICAL COMPANY S.R.L. / TZMO ROMANIA / VALDOMEDICA TRADING / X-Lab Solutions S.R.L.,935813,2021-08-20,autoritate non-spital
SCN1091517,Oras Zlatna,S.C. MADCIB COMERT S.R.L.,46500,2021-08-20,autoritate non-spital
CN1030257,INSTITUTUL NATIONAL DE HEMATOLOGIE TRANSFUZIONALA Prof.Dr.C.T.Nicolau,GRANDIS IMPACT SRL,,2021-08-21,institut de cercetare / fara paturi de spital
426466-2021,"Universitatea de Stiinte Agricole si Medicina Veterinara "" Ion Ionescu de la Brad"" Iasi",ROM TECH,1925000,2021-08-23,autoritate non-spital
426474-2021,"Universitatea de Medicina si Farmacie ""Iuliu Hatieganu"" Cluj-Napoca",BIO AQUA GROUP / DELTAMED / EMSAR S.R.L. / LABORSISTEM S.R.L. / MERC INTERNATIONAL IMPEX S.R.L. / OF SYSTEMS / TUNIC PROD S.R.L. / TYD ELAN S.R.L.,140935,2021-08-23,autoritate non-spital
426560-2021,SERVICIUL DE AMBULANTA BUCURESTI-ILFOV,ALPHA BRIO MEDICAL S.R.L. / ALPHA NED 2000 EXIM / ARTISANA MEDICAL S.R.L. / AVANT MARIS MEDICAL S.R.L. / BLUE NEON / CERVA ROMANIA / CO&CO Consumer 2002 S.R.L. / CORAMED MEDIZINISCHE PRODUKTE / CRIO - 2 S.R.L. / DELUXE CARDS / GRAZY PRICE MEDICAL IMPORT EXPORT S.R.L. / LUAN VISION / Limas Group S.R.L. / MEDCLAS TRADING S.R.L. / MEDICAL GRUP / MEDIMPACT / MLM MEDICAL S.R.L. / NAFKA GRUP / NANO BIO MEDICAL S.R.L. / NERAMO DISTRIBUTION / NOVENTIS International / Natural Es-medical S.R.L / PAUL HARTMANN / PRION POCT / SANROTEX TRADING SRL / STERIL ROMANIA / TEHNOPLUS MEDICAL / TMS - TOP MEDICAL SUPPLIER / TRIDENT MEDICAL COMPANY S.R.L. / TZMO ROMANIA / VALDOMEDICA TRADING,4053225,2021-08-23,autoritate non-spital
99187-2024,DIRECTIA SANITARA VETERINARA SI PENTRU SIGURANTA ALIMENTELOR BRASOV,A.M.S. 2000 TRADING IMPEX / ANTISEL RO / Agilrom Scientific / DIALAB SOLUTIONS / DIAMEDIX IMPEX / EUROVET LAB / FARMAVET / Filara BioMed SRL / MEDICLIM S.R.L. / NOVA GROUP INVESTMENT / NOVACHIM TRADING / ROMVAC COMPANY / SANIMED INTERNATIONAL IMPEX / TUNIC PROD S.R.L.,3123783,2021-08-23,autoritate non-spital
CN1034046,JUDETUL BOTOSANI,OVAVINCI,26695,2021-08-23,autoritate non-spital
SCN1091643,JUDETUL BACAU,ALIANT BUSINESS SOLUTIONS,36830,2021-08-23,autoritate non-spital
SCN1091650,JUDETUL IASI,UNION CO S.R.L. / QUARTZ MATRIX,597818,2021-08-23,autoritate non-spital
110273-2021,CONSILIUL JUDETEAN GORJ,,2063507,2021-08-24,autoritate non-spital
SCN1085369,Directia Generala de Asistenta Sociala si Protectia Copilului a judetului Suceava,TZMO ROMANIA,33263,2021-08-24,autoritate non-spital
79148-2021,MUNICIPIUL TARGOVISTE,,1456771,2021-08-25,autoritate non-spital
SCN1083169,Societatea Nationala NUCLEARELECTRICA S.A.,MESSYSTECH S.R.L.,196068,2021-08-26,entitate privata (SRL/SA)
SCN1091888,DIRECTIA SANITARA VETERINARA SI PENTRU SIGURANTA ALIMENTELOR ALBA,AVENA MEDICA S.R.L. / Noack Romania S.R.L. / MEDICLIM S.R.L. / NOVA GROUP INVESTMENT / Filara BioMed SRL / LABORSISTEM S.R.L.,308918,2021-08-26,autoritate non-spital
433555-2021,Municipiul Sibiu,MEDIST IMAGING & P.O.C.,575990,2021-08-27,autoritate non-spital
433597-2021,SERVICIUL DE AMBULANTA JUDETEAN VRANCEA,DELUXE CARDS / SC BRIFARM SA,148746,2021-08-27,autoritate non-spital
433635-2021,JUDETUL SALAJ,BPM TEHNOLOGICA / PAPAPOSTOLOU S.R.L,893650,2021-08-27,autoritate non-spital
SCN1091922,Directia de Sanatate Publica Vaslui,FEMARIS / UNICOMP / MEDICLIM S.R.L. / LABORATORIUM S.R.L. / NITECH S.R.L.,313479,2021-08-27,autoritate non-spital
SCN1091972,UNIVERSITATEA TEHNICA DIN CLUJ NAPOCA,S.C. Russi Scientific Instruments S.R.L. / RONEXPRIM,144482,2021-08-27,autoritate non-spital
437421-2021,Directia Generala de Asistenta Sociala si Protectia Copilului Neamt,CERTINVEST / EVIDENT VERIAN / INTERCAPITAL / IRIKA KNITTING / Medplaza Health / NERAMO DISTRIBUTION / TECHTEX / Work Safe Box,637933,2021-08-30,autoritate non-spital
437589-2021,SERVICIUL DE AMBULANTA AL JUDETULUI CLUJ,B.BRAUN MEDICAL / BIZMED SRL / C&D GENERAL AFFAIRS TRADING SRL / CO&CO Consumer 2002 S.R.L. / CRIO - 2 S.R.L. / DELTAMED / LUAN VISION / MEDIMPACT / NAFKA GRUP S.R.L. / Natural Es-medical S.R.L / PRODCONFARM S.R.L. / Pansiprod Distributie / RICOMED / S.C.MEDICAL GRUP S.R.L. / THREE PHARM / TMS - TOP MEDICAL SUPPLIER / TZMO ROMANIA / VALDOMEDICA TRADING / X-Lab Solutions S.R.L.,559135,2021-08-30,autoritate non-spital
437590-2021,SERVICIUL DE AMBULANTA AL JUDETULUI CLUJ,ALPHA NED 2000 EXIM / AVMED PLUS / B.BRAUN MEDICAL / BIZMED SRL / CRIO - 2 S.R.L. / LUAN VISION / MEDIMPACT / MEDIST IMAGING & P.O.C. S.R.L. / NAFKA GRUP S.R.L. / Novaintermed S.R.L. / Pansiprod Distributie / RICOMED / S.C. DELTAMED S.R.L. / S.C. Natural Es-medical S.R.L S.R.L. / S.C.MEDICAL GRUP S.R.L. / SANROTEX TRADING SRL / TMS - TOP MEDICAL SUPPLIER / TZMO ROMANIA / VALDOMEDICA TRADING,1022696,2021-08-30,autoritate non-spital
437594-2021,SERVICIUL DE AMBULANTA AL JUDETULUI CLUJ,ALPHA BRIO MEDICAL S.R.L. / ALPHA NED 2000 EXIM / AVMED PLUS / CRIO - 2 S.R.L. / JOLIDON INTERNATIONAL / LUAN VISION / Limas Group S.R.L. / MEDIMPACT / THREE PHARM / TZMO ROMANIA,1324285,2021-08-30,autoritate non-spital
CN1034364,SERVICIUL DE AMBULANTA AL JUDETULUI CLUJ,VALDOMEDICA TRADING / TZMO ROMANIA / S.C. DRAEGER ROMANIA S.R.L. / Power Medical / CRAD RO / CRIO - 2 S.R.L. / VIOMED CONSUM S.R.L.,285647,2021-08-30,autoritate non-spital
439526-2021,COMPLEXUL MULTIFUNCTIONAL CARAIMAN,NEED FARM,41320,2021-08-31,autoritate non-spital
439532-2021,COMPLEXUL MULTIFUNCTIONAL CARAIMAN,NEED FARM,1384404,2021-08-31,autoritate non-spital
439570-2021,JUDETUL SALAJ,BIO HYGIENE / TEHNO ELECTRO MEDICAL COMPANY S.R.L.,237700,2021-08-31,autoritate non-spital
473085-2021,MUNICIPIUL ROMAN,EDITRONIC INTERNATIONAL / Logaritm / MCM EVA SRL,7193206,2021-08-31,autoritate non-spital
SCN1086018,Directia Generala de Asistenta Sociala si Protectia Copilului Timis,MEDCHIM EXPERT SRL,280880,2021-08-31,autoritate non-spital
441653-2021,Serviciul de Ambulanta Judetean Arad,ALPHA NED 2000 EXIM / ARTISANA MEDICAL S.R.L. / AVANT MARIS MEDICAL S.R.L. / LUAN VISION / Limas Group S.R.L. / MEDICAL GRUP / NAGUMA MEDICAL SUPPLY / RICOMED / SAFETY GROUP SRL / TRIDENT MEDICAL COMPANY S.R.L. / TZMO ROMANIA / VALDOMEDICA TRADING / X-Lab Solutions S.R.L.,936841,2021-09-01,autoritate non-spital
443025-2021,Compania Nationala Aeroporturi Bucuresti SA,ATLAS MEDICAL / DELUXE CARDS / NAGUMA MEDICAL SUPPLY,170450,2021-09-01,entitate privata (SRL/SA)
273834-2021,PRIMARIA TG. CARBUNESTI,,21578959,2021-09-01,autoritate non-spital
467434-2021,JUDETUL BOTOSANI,Proton Impex 2000 S.R.L. / S.C. Medical Gazplus S.R.L.,1219510,2021-09-01,autoritate non-spital
475724-2021,ADMINISTRATIA NATIONALA A REZERVELOR DE STAT SI PROBLEME SPECIALE,DIMI MAN CONF / DIVERS CONSULTING GRUP S.R.L. / MINET CONF S.R.L. / SUPER BALL SRL,2004932,2021-09-01,autoritate non-spital
443341-2021,INSTITUTUL NATIONAL DE SANATATE PUBLICA,LIAMED,2078100,2021-09-02,autoritate non-spital
443346-2021,Institutul National de Gerontologie si Geriatrie ANA ASLAN,,1099956,2021-09-02,procedura anulata / fara castigator (confirmat in XML TED)
460991-2021,Orasul Targu Neamt,BPM TEHNOLOGICA / BRAVA MEDICAL / GLOBAL MEDICAL SOLUTIONS SRL / S.C. ELMED MEDICALS.R.L.,5512992,2021-09-02,autoritate non-spital
465597-2021,Universitatea „Dunărea de Jos”,MEDICAL SIMULATOR PROJECTS / Russi Scientific Instruments,737886,2021-09-02,autoritate non-spital
SCN1085948,DIRECTIA GENERALA DE ASISTENTA SOCIALA SI PROTECTIA COPILULUI BRAILA,TZMO ROMANIA,130389,2021-09-02,autoritate non-spital
445094-2021,Ministerul Apararii U.M. 02412 Bucuresti,MEDIQ INNOVATIVE TECHNOLOGIES SRL,875000,2021-09-03,unitate militara fara profil de spital
445128-2021,Primaria Municipiului Târgu-Mures,S.I.A.T. Consulting Service,10062368,2021-09-03,autoritate non-spital
445158-2021,JUDETUL GALATI,DAC TECHNOLOGY S.R.L. / MED HEALTHCARE PROJECT / MEDIQ INNOVATIVE TECHNOLOGIES SRL,2444300,2021-09-03,autoritate non-spital
445159-2021,Consiliul Judetean Buzau,ABB Medtec / MEDFARM TRADING / Unic Medical Consulting SRL / alga nova comex,8154589,2021-09-03,autoritate non-spital
448786-2021,Municipiul Lupeni,,1120000,2021-09-06,autoritate non-spital
448865-2021,Directia Generala de Asistenta Sociala si Protectia Copilului Sector 2,DUMITRU BUSINESS HOUSE IMPEX / LOIAL OFFICE S.R.L. / Target Point,112463,2021-09-06,autoritate non-spital
448970-2021,JUDETUL CLUJ (CONSILIUL JUDETEAN),BROKMED S.R.L. / DIGI MEDICAL TEHNIC / GENERAL ELECTRIC MEDICAL SYSTEMS ROMANIA / LIAMED / S.C. DRAGER MEDICAL ROMANIA S.R.L. S.R.L. / S.C. MEDITECH S.R.L. S.R.L.,1039825,2021-09-06,autoritate non-spital
SCN1092455,Directia Sanitar Veterinara si pentru Siguranta Alimentelor Braila,MEDICLIM S.R.L. / Omnivet Impex S.R.L.,13980,2021-09-06,autoritate non-spital
451259-2021,JUDETUL GALATI,,15500,2021-09-07,autoritate non-spital
140617-2021,JUDETUL TULCEA,,43737418,2021-09-07,autoritate non-spital
CAN1062372,SERVICIUL DE AMBULANTA BUCURESTI-ILFOV,TAISSIS CONCEPT,600,2021-09-07,autoritate non-spital
CAN1062377,SERVICIUL DE AMBULANTA BUCURESTI-ILFOV,TAISSIS CONCEPT,2000,2021-09-07,autoritate non-spital
CAN1062379,SERVICIUL DE AMBULANTA BUCURESTI-ILFOV,ARTISANA MEDICAL S.R.L.,1290,2021-09-07,autoritate non-spital
453487-2021,DIRECTIA GENERALA DE ASISTENTA SOCIALA A MUNICIPIULUI BUCURESTI,DOLEX COM / NOVA TECH MED,1073726,2021-09-08,autoritate non-spital
453606-2021,Ministerul Apararii U.M. 02412 Bucuresti,AVN Sales Consulting SRL / Carl Zeiss Instruments / DIAMEDIX IMPEX / HELLIMED / ICEMED / REO MEDICAL APARATURA MEDICALA / TEHNO ELECTRO MEDICAL COMPANY S.R.L.,1546034,2021-09-08,unitate militara fara profil de spital
453642-2021,JUDETUL SALAJ,BPM TEHNOLOGICA / PAPAPOSTOLOU S.R.L,893650,2021-09-08,autoritate non-spital
SCN1092596,Orasul Cugir,MIROPA ARM S.R.L. / DVC MEDICAL VISION SRL,79336,2021-09-08,autoritate non-spital
SCN1090214,Fundatia Amfiteatru,111 FILM & EVENTS SRL,287325,2021-09-09,autoritate non-spital
SCN1092680,Institutul National de Cercetare Dezvoltare Medico Militara Cantacuzino,DIALAB SOLUTIONS / S.C. WATT DISTRIBUTOR S.R.L. S.R.L. / ROCHE ROMANIA,,2021-09-09,institut de cercetare / fara paturi de spital
456790-2021,CONSILIUL JUDETEAN GORJ,LUAN VISION / MED TEHNICA SRL / MEDIST IMAGING & P.O.C.,1935904,2021-09-10,autoritate non-spital
457049-2021,SERVICIUL JUDETEAN DE AMBULANTA ARGES,ATLAS MEDICAL / FLEXAL IMPEX S.R.L. / MEDICAL GRUP,2452540,2021-09-10,autoritate non-spital
457119-2021,SERVICIUL JUDETEAN DE AMBULANTA ARGES,DELTAMED / MEDCLAS TRADING S.R.L. / NOVITRADE / SAFETY CONCEPT SOLUTIONS,847655,2021-09-10,autoritate non-spital
457125-2021,MINISTERUL FINANȚELOR PUBLICE,A&A FARMA DISTRIBUTION S.R.L / ALBA CLEAN S.R.L. / ALLIANCE HEALTHCARE ROMANIA / ALPHA NED 2000 EXIM / BEST ACHIZITII / EURO MEGA SRL / Euromedica Inc Group / FARMEC / FITERMAN DISTRIBUTION / FRT IDEAL CONSULT / KARDINAL ATRACTIV S.R.L. / KLINTENSIV / Karimed Partener / LIVMED IMPULS / Medplaza Health / PLASTIC PROD / SANROTEX TRADING SRL / TECHTEX / TOP TRADE MEDICAL,478238,2021-09-10,autoritate non-spital
460976-2021,"UNIVERSITATEA DE MEDICINA SI FARMACIE ""GRIGORE T.POPA"" DIN IASI",AMIA INVEST / AQUATOR S.R.L. / AVENA MEDICA S.R.L. / BUNZL ROMANIA / CERTINVEST / DELUXE CARDS / Elta 90 Medical Research SRL / Filara BioMed SRL / Global Event Solutions SRL / LABORSISTEM S.R.L. / MEDI SENSE / PARTNERS MEDICAL SOLUTION S.R.L. / PRAXIS MEDICA / SANIMED INTERNATIONAL IMPEX / TUNIC PROD S.R.L. / WATT DISTRIBUTOR,2494045,2021-09-13,autoritate non-spital
495323-2021,PRIMARIA ORASULUI VIDELE,ABB Medtec,2101500,2021-09-13,autoritate non-spital
CAN1062600,SERVICIUL DE AMBULANTA AL JUDETULUI CLUJ,X-Lab Solutions S.R.L.,2424,2021-09-13,autoritate non-spital
463242-2021,JUDETUL SALAJ,BPM TEHNOLOGICA / PAPAPOSTOLOU S.R.L,893650,2021-09-14,autoritate non-spital
463369-2021,JUDETUL SALAJ,BIO HYGIENE / MEDIST IMAGING & P.O.C. / TEHNO ELECTRO MEDICAL COMPANY S.R.L.,441100,2021-09-14,autoritate non-spital
513285-2021,Consiliul Județean Olt,DTL Medical SRL,971000,2021-09-14,autoritate non-spital
SCN1092940,Institutul National de Cercetare Dezvoltare Medico Militara Cantacuzino,ANTISEL RO SRL,,2021-09-14,institut de cercetare / fara paturi de spital
465718-2021,"UNIVERSITATEA DE MEDICINA SI FARMACIE ""VICTOR BABES"" TIMISOARA",3M PROJECT / DEXTER COM S.R.L. / DIALAB SOLUTIONS / HEALTHTIM / HYPO TECH & CONSULTING / INNOVA INTEGRATION S.R.L. / MGA CONCEPT TECHNOLOGY S.R.L.,2806450,2021-09-15,autoritate non-spital
527220-2021,ORASUL PANCIU,PAPAPOSTOLOU S.R.L,3438000,2021-09-15,autoritate non-spital
468940-2021,Directia Generala de Asistenta Sociala si Protectia Copilului Timis,,1182825,2021-09-16,autoritate non-spital
CAN1062791,SERVICIUL DE AMBULANTA AL JUDETULUI CLUJ,VALDOMEDICA TRADING,4869,2021-09-16,autoritate non-spital
CAN1062823,SERVICIUL DE AMBULANTA AL JUDETULUI CLUJ,VALDOMEDICA TRADING,1341,2021-09-16,autoritate non-spital
CN1034812,Municipiul Sibiu,Medical Corp S.R.L.,30680,2021-09-16,autoritate non-spital
469437-2021,DIRECTIA SANITARA VETERINARA SI PENTRU SIGURANTA ALIMENTELOR BRASOV,A.M.S. 2000 TRADING IMPEX / ANTISEL RO / Agilrom Scientific / DIALAB SOLUTIONS / DIAMEDIX IMPEX / EUROVET LAB / FARMAVET / Filara BioMed SRL / MEDICLIM S.R.L. / NOVA GROUP INVESTMENT / NOVACHIM TRADING / ROMVAC COMPANY / SANIMED INTERNATIONAL IMPEX / TUNIC PROD S.R.L.,3123783,2021-09-17,autoritate non-spital
SCN1082479,JUDETUL ARGES,HOSPITAL Project&Consulting SRL,10031675,2021-09-17,autoritate non-spital
SCN1093153,Societatea Nationala de Gaze Naturale Romgaz S.A.,S.C. WATT DISTRIBUTOR S.R.L. S.R.L. / BIO AQUA GROUP / BRENNTAG / MERC INTERNATIONAL IMPEX S.R.L.,111874,2021-09-17,entitate privata (SRL/SA)
SCN1087114,Directia Generala de Asistenta Sociala si Protectia Copilului Buzau,TZMO ROMANIA,549357,2021-09-18,autoritate non-spital
473208-2021,JUDETUL SALAJ,BIO HYGIENE / MEDIST IMAGING & P.O.C. / Medist / TEHNO ELECTRO MEDICAL COMPANY S.R.L.,459991,2021-09-20,autoritate non-spital
SCN1093264,"SNTFC ""CFR CALATORI"" S.A.",INEDIT CLEAN TOTAL / SEILAND / TURKROM,27360,2021-09-20,entitate privata (SRL/SA)
CAN1063047,SERVICIUL DE AMBULANTA AL JUDETULUI CLUJ,MEDISERV,6200,2021-09-21,autoritate non-spital
SCN1093310,DIRECTIA DE ASISTENTA SOCIALA SI MEDICALA,TEHNODENT POKA S.R.L. / BIZMED,144242,2021-09-21,autoritate non-spital
SCN1093323,SERVICIUL DE AMBULANTA TULCEA,MEDIMPACT,211680,2021-09-21,autoritate non-spital
478440-2021,Orasul Siret,DELUXE CARDS,162727,2021-09-22,autoritate non-spital
478442-2021,Primaria Municipiului Târgu-Mures,S.I.A.T. Consulting Service,10062368,2021-09-22,autoritate non-spital
SCN1083101,COMUNA SAUCA (CONSILIUL LOCAL SAUCA JUD. SATU MARE),FLYNG IMPEX S.R.L.,53553,2021-09-22,autoritate non-spital
480354-2021,ORASUL SINAIA (Primaria Orasului Sinaia),SOUL MEDICAL,500000,2021-09-23,autoritate non-spital
481950-2021,"UNIVERSITATEA DE MEDICINA SI FARMACIE ""VICTOR BABES"" TIMISOARA",Elta 90 Medical Research SRL / KARL STORZ ENDOSCOPIA ROMANIA,95669,2021-09-24,autoritate non-spital
481960-2021,SC BORUDENT SRL,A.M.S. 2000 TRADING IMPEX S.R.L. / S.C. Medica M3 Comexim S.R.L.,68015,2021-09-24,entitate privata (SRL/SA)
482018-2021,ORASUL BECLEAN,CATTUS S.R.L.,265270,2021-09-24,autoritate non-spital
482034-2021,"UNIVERSITATEA DE MEDICINA SI FARMACIE ""VICTOR BABES"" TIMISOARA",B.BRAUN MEDICAL / MST SOLUTIONS SRL / SEPADIN S.R.L.,57182,2021-09-24,autoritate non-spital
482069-2021,DIRECTIA SANITARA VETERINARA SI PENTRU SIGURANTA ALIMENTELOR BRASOV,A.M.S. 2000 TRADING IMPEX / ANTISEL RO / Agilrom Scientific / DIALAB SOLUTIONS / DIAMEDIX IMPEX / EUROVET LAB / FARMAVET / Filara BioMed SRL / MEDICLIM S.R.L. / NOVA GROUP INVESTMENT / NOVACHIM TRADING / ROMVAC COMPANY / SANIMED INTERNATIONAL IMPEX / TUNIC PROD S.R.L.,3123783,2021-09-24,autoritate non-spital
482321-2021,INSTITUTUL NATIONAL DE HEMATOLOGIE TRANSFUZIONALA Prof.Dr.C.T.Nicolau,GRANDIS IMPACT SRL,845252,2021-09-24,institut de cercetare / fara paturi de spital
SCN1086821,Universitatea de Medicina si Farmacie din Craiova,MEDIST IMAGING & P.O.C. S.R.L.,140000,2021-09-24,autoritate non-spital
SCN1085614,"COMPANIA NATIONALA DE TRANSPORT AL ENERGIEI ELECTRICE ""TRANSELECTRICA"" S.A.",DOLEX COM,55440,2021-09-26,entitate privata (SRL/SA)
486113-2021,PRIMARIA ORASULUI VIDELE,ABB Medtec,2080500,2021-09-27,autoritate non-spital
486118-2021,COMPANIA NATIONALA LOTERIA ROMÂNA S.A.,AMIA INVEST / ATLAS SPORT / BEST ACHIZITII / CLEANING LOGISTIC DISTRIBUTION S.R.L. / DOLEX COM / EUROTOTAL COMP / FARMEC S.A. / NAGUMA MEDICAL SUPPLY / S.C. Medplaza Health S.R.L. / SC KLINTENSIV SRL (S.C. PRO INTEGRATOR S.R.L.),1430808,2021-09-27,entitate privata (SRL/SA)
486349-2021,SERVICIUL DE AMBULANTA AL JUDETULUI CLUJ,ARTISANA MEDICAL S.R.L. / AVMED PLUS / CRAD RO / CRIO - 2 S.R.L. / EUROMEDICAL IMPORT EXPORT / GRAZY PRICE MEDICAL IMPORT EXPORT S.R.L. / JOLIDON INTERNATIONAL / LUAN VISION / MED - AL TRADING SRL / MEDIMPACT / MEDIST IMAGING & P.O.C. S.R.L. / MEDITECH CMA / NAFKA GRUP S.R.L. / NOVENTIS International / Novaintermed S.R.L. / PAUL HARTMANN / S.C. MEDCLAS TRADING S.R.L. S.R.L. / S.C. Medplaza Health S.R.L. / S.C. NERAMO DISTRIBUTION S.R.L. / S.C. Natural Es-medical S.R.L S.R.L. / S.C. TECHTEX S.R.L. / S.C.MEDICAL GRUP S.R.L. / SANROTEX TRADING SRL / SH MEDICAL SRL / STERIL ROMANIA / TZMO ROMANIA / VALDOMEDICA TRADING / X-Lab Solutions S.R.L.,2427394,2021-09-27,autoritate non-spital
565226-2021,JUDETUL BIHOR,BROKMED / INOVUM / MARCTEL-S.I.T.,1535400,2021-09-27,autoritate non-spital
488661-2021,JUDETUL BOTOSANI,PHM COMSERV S.R.L.,484000,2021-09-28,autoritate non-spital
488667-2021,"Universitatea de Medicina si Farmacie ""Iuliu Hatieganu"" Cluj-Napoca",LABO SHOP SRL / Nastimed Serv,1279795,2021-09-28,autoritate non-spital
491164-2021,PRIMARIA TG. CARBUNESTI,BIVARIA GRUP S.R.L. / Logaritm / MCM EVA SRL / MINIMED SOLUTIONS S.R.L. / NICONSULTING TECHNICS SRL / Pharmamed Consulting & Investment / S.C. EDITRONIC INTERNATIONAL S.R.L. / TUNIC PROD S.R.L.,19870575,2021-09-29,autoritate non-spital
491244-2021,Directia Generala de Asistenta Sociala si Protectia Copilului Timis,LIAMED,564708,2021-09-29,autoritate non-spital
491267-2021,JUDETUL SALAJ,BIO HYGIENE / MEDIST IMAGING & P.O.C. / Medist / TEHNO ELECTRO MEDICAL COMPANY S.R.L.,459991,2021-09-29,autoritate non-spital
491322-2021,Municipiul Sibiu,ESTIMA MEDICAL GROUP S.R.L. / Elta 90 Medical Research SRL / IQ WATER MEDICAL SRL / RAFI INTERNATIONAL GENERAL COMMERCE / S.C. LINDE GAZ ROMANIA S.R.L. S.R.L.,415000,2021-09-29,autoritate non-spital
491378-2021,Directia Generala de Asistenta Sociala si Protectia Copilului Timis,ATLAS MEDICAL / B.N.BUSINESS S.R.L. / CRIO - 2 S.R.L. / FARMEC / IRIKA KNITTING / PROHEALTH MED,169355,2021-09-29,autoritate non-spital
491379-2021,"UNIVERSITATEA DE MEDICINA SI FARMACIE ""VICTOR BABES"" TIMISOARA",B.BRAUN MEDICAL / LIAMED / MST SOLUTIONS SRL / SEPADIN S.R.L.,69782,2021-09-29,autoritate non-spital
491381-2021,COMPANIA NATIONALA LOTERIA ROMÂNA S.A.,AMIA INVEST / ATLAS SPORT / BEST ACHIZITII / CLEANING LOGISTIC DISTRIBUTION S.R.L. / DOLEX COM / EUROTOTAL COMP / FARMEC S.A. / NAGUMA MEDICAL SUPPLY / S.C. Medplaza Health S.R.L. / SC KLINTENSIV SRL (S.C. PRO INTEGRATOR S.R.L.),1430808,2021-09-29,entitate privata (SRL/SA)
491418-2021,SERVICIUL DE AMBULANTA AL JUDETULUI CLUJ,B.BRAUN MEDICAL / BIZMED SRL / C&D GENERAL AFFAIRS TRADING SRL / CO&CO Consumer 2002 S.R.L. / CRIO - 2 S.R.L. / DELTAMED / LUAN VISION / MEDIMPACT / NAFKA GRUP S.R.L. / Natural Es-medical S.R.L / PRODCONFARM S.R.L. / Pansiprod Distributie / RICOMED / S.C.MEDICAL GRUP S.R.L. / THREE PHARM / TMS - TOP MEDICAL SUPPLIER / TZMO ROMANIA / VALDOMEDICA TRADING / X-Lab Solutions S.R.L.,560079,2021-09-29,autoritate non-spital
SCN1093832,Asociatia Centrul de Resurse si Formare in Profesiuni Sociale PRO VOCATIE,HEDDA SOFT,33000,2021-09-29,autoritate non-spital
SCN1093848,DIRECTIA GENERALA ASISTENTA SOCIALA CONSTANTA,S.C. Filtre Aer Curat S.R.L. S.R.L. / S.C. IOANA N & M SRL S.R.L.,12780,2021-09-29,autoritate non-spital
493126-2021,SC BORUDENT SRL,A.M.S. 2000 TRADING IMPEX S.R.L. / S.C. Medica M3 Comexim S.R.L.,68015,2021-09-30,entitate privata (SRL/SA)
493140-2021,Municipiul Cluj-Napoca,S&T MEDTECH,133533,2021-09-30,autoritate non-spital
296322-2021,UM 0502 Bucuresti,,1781000,2021-09-30,unitate militara fara profil de spital
SCN1093953,DIRECTIA SANITAR VETERINARA SI PENTRU SIGURANTA ALIMENTELOR MARAMURES,Filara BioMed SRL,74000,2021-09-30,autoritate non-spital
SCN1093992,MINISTERUL APARARII - UNITATEA MILITARA 02464 BUCURESTI,S.C. VESTA INVESTMENT S.R.L.,,2021-09-30,unitate militara fara profil de spital
495507-2021,Directia Generala de Asistenta Sociala si Protectia Copilului Sector 2,DUMITRU BUSINESS HOUSE IMPEX / LOIAL OFFICE S.R.L. / Target Point,130757,2021-10-01,autoritate non-spital
495519-2021,Directia Generala de Asistenta Sociala si Protectia Copilului Olt,CRIO - 2 S.R.L. / FLYNG IMPEX S.R.L. / IOANA N & M SRL / S.C. ALISON HAYES (ROMANIA) S.R.L. / S.C. CERES BY RGD S.R.L. / S.C. IOANA N & M SRL S.R.L. / SH MEDICAL SRL / TZMO ROMANIA,133937,2021-10-01,autoritate non-spital
495111-2021,Directia Generala de Asistenta Sociala si Protectia Copilului Sector 2,PROVIGO TRADE S.R.L. / Target Point,799870,2021-10-01,autoritate non-spital
CAN1063676,SERVICIUL DE AMBULANTA AL JUDETULUI CLUJ,JOLIDON INTERNATIONAL,10800,2021-10-01,autoritate non-spital
SCN1094074,JUDETUL IASI,QUARTZ MATRIX,50623,2021-10-01,autoritate non-spital
515969-2021,"CNCIR - COMPANIA NATIONALA PENTRU CONTROLUL CAZANELOR, INSTALATIILOR DE RIDICAT SI RECIPIENTELOR SUB PRESIUNE S.A.",LOGIC COMPUTER,1888881,2021-10-04,entitate privata (SRL/SA)
502227-2021,Directia Generala de Asistenta Sociala si Protectia Copilului Timis,,276540,2021-10-05,autoritate non-spital
132832-2021,MUNICIPIUL ONESTI,,8695909,2021-10-05,autoritate non-spital
522884-2021,CENTRUL MEDICAL DE DIAGNOSTIC SI TRATAMENT AMBULATORIU PLOIESTI,EDITRONIC INTERNATIONAL / PHM COMSERV S.R.L.,1150000,2021-10-05,centru medical ambulatoriu (fara paturi)
CAN1063865,Universitatea de Stiinte Agricole si Medicina Veterinara Cluj Napoca,SIEMENS HEALTHCARE SRL,157918,2021-10-05,autoritate non-spital
SCN1083437,"SNTFC ""CFR CALATORI"" S.A.",NAGUMA MEDICAL SUPPLY,7375,2021-10-05,entitate privata (SRL/SA)
SCN1094220,"UNIVERSITATEA DE MEDICINA SI FARMACIE ""VICTOR BABES"" DIN TIMISOARA",TEHNICAL CONSULTING BUSINESS MGT / OF SYSTEMS / TEHNODENT POKA S.R.L.,70184,2021-10-05,autoritate non-spital
505027-2021,ORASUL SINAIA (Primaria Orasului Sinaia),SOUL MEDICAL,500000,2021-10-06,autoritate non-spital
505095-2021,Serviciul de Ambulanta Judetean Galati,ALISON HAYES (ROMANIA) / ARTISANA MEDICAL S.R.L. / AVANT MARIS MEDICAL S.R.L. / B.BRAUN MEDICAL / BEST ACHIZITII / BIZMED SRL / CO&CO Consumer 2002 S.R.L. / GRAZY PRICE MEDICAL IMPORT EXPORT S.R.L. / JOLIDON INTERNATIONAL / LUAN VISION / MEDCLAS TRADING S.R.L. / MEDICAL GRUP / MEDIMPACT / NAFKA GRUP / PRODCONFARM S.R.L. / Pansiprod Distributie / THREE PHARM / TZMO ROMANIA / VALDOMEDICA TRADING,31457,2021-10-06,autoritate non-spital
506903-2021,DIRECTIA GENERALA DE ASISTENTA SOCIALA A MUNICIPIULUI BUCURESTI,DOLEX COM / NOVA TECH MED,1181726,2021-10-07,autoritate non-spital
506905-2021,Orasul Segarcea,BPM TEHNOLOGICA / PAPAPOSTOLOU S.R.L,7708995,2021-10-07,autoritate non-spital
508533-2021,PRIMARIA ORASULUI VIDELE,ABB Medtec / BIVARIA GRUP S.R.L.,2114670,2021-10-08,autoritate non-spital
508582-2021,JUDETUL SALAJ,BPM TEHNOLOGICA / PAPAPOSTOLOU S.R.L,3076169,2021-10-08,autoritate non-spital
508606-2021,Directia Generala de Asistenta Sociala si Protectia Copilului Neamt,CERTINVEST / EVIDENT VERIAN / INTERCAPITAL / IRIKA KNITTING / Medplaza Health / NERAMO DISTRIBUTION / SC SANDUNAV INTERMED SRL / TECHTEX / Work Safe Box,650213,2021-10-08,autoritate non-spital
508724-2021,JUDETUL BOTOSANI,,1601184,2021-10-08,autoritate non-spital
508760-2021,MINISTERUL FINANȚELOR PUBLICE,A&A FARMA DISTRIBUTION S.R.L / ALBA CLEAN S.R.L. / ALLIANCE HEALTHCARE ROMANIA / ALPHA NED 2000 EXIM / BEST ACHIZITII / EURO MEGA SRL / Euromedica Inc Group / FARMEC / FITERMAN DISTRIBUTION / FRT IDEAL CONSULT / KARDINAL ATRACTIV S.R.L. / KLINTENSIV / Karimed Partener / LIVMED IMPULS / Medplaza Health / PLASTIC PROD / SANROTEX TRADING SRL / TECHTEX / TOP TRADE MEDICAL,478238,2021-10-08,autoritate non-spital
508951-2021,SERVICIUL JUDETEAN DE AMBULANTA ARGES,ATLAS MEDICAL / FLEXAL IMPEX S.R.L. / MEDICAL GRUP,2452540,2021-10-08,autoritate non-spital
509078-2021,SERVICIUL JUDETEAN DE AMBULANTA ARGES,DELTAMED / MEDCLAS TRADING S.R.L. / NOVITRADE / SAFETY CONCEPT SOLUTIONS,876954,2021-10-08,autoritate non-spital
CAN1064059,SERVICIUL DE AMBULANTA AL JUDETULUI CLUJ,TZMO ROMANIA,475,2021-10-08,autoritate non-spital
SCN1088297,Directia Generala de Asistenta Sociala si Protectia Copilului Timis,TZMO ROMANIA,219237,2021-10-08,autoritate non-spital
SCN1094515,COMUNA UNGHENI (Primaria Comunei Ungheni),Altamira Impex / MOBTECO PRODUCT S.R.L.,58128,2021-10-08,autoritate non-spital
SCN1086285,COMUNA CORNI,ARLECHIN TOTAL DISTRIBUTION,20380,2021-10-09,autoritate non-spital
513426-2021,Directia Generala de Asistenta Sociala si Protectia Copilului Mehedinti,Limas Group S.R.L. / S.C. NERAMO DISTRIBUTION S.R.L. / SC KLINTENSIV SRL (S.C. PRO INTEGRATOR S.R.L.) / TZMO ROMANIA,286229,2021-10-11,autoritate non-spital
513494-2021,Serviciul de Ambulanta Judetean Galati,ALISON HAYES (ROMANIA) / ARTISANA MEDICAL S.R.L. / AVANT MARIS MEDICAL S.R.L. / B.BRAUN MEDICAL / BEST ACHIZITII / BIZMED SRL / CO&CO Consumer 2002 S.R.L. / GRAZY PRICE MEDICAL IMPORT EXPORT S.R.L. / JOLIDON INTERNATIONAL / LUAN VISION / MEDCLAS TRADING S.R.L. / MEDICAL GRUP / MEDIMPACT / NAFKA GRUP / PRODCONFARM S.R.L. / Pansiprod Distributie / THREE PHARM / TZMO ROMANIA / VALDOMEDICA TRADING,32457,2021-10-11,autoritate non-spital
513581-2021,Institutul National de Medicina Legala Mina Minovici,ALPHA HIPOMED SRL / CRIO - 2 S.R.L. / DARA BUSINESS MARKETING SRL / DELUXE CARDS / HALLUNDA FOODS / INEDIT CLEAN TOTAL / INSECO / LORD MEDICAL S.R.L. / MLM MEDICAL S.R.L. / NOVENTIS International / PRODCONFARM S.R.L. / PROFIPACK / S.C. D&G GROUP S.R.L. S.R.L. / SANROTEX TRADING SRL / SH MEDICAL SRL / Superfood Company / TZMO ROMANIA,333383,2021-10-11,autoritate non-spital
516118-2021,"UNIVERSITATEA DE MEDICINA SI FARMACIE ""GRIGORE T.POPA"" DIN IASI",AMIA INVEST / AQUATOR S.R.L. / AVENA MEDICA S.R.L. / BUNZL ROMANIA / CERTINVEST / DELUXE CARDS / Elta 90 Medical Research SRL / Filara BioMed SRL / Global Event Solutions SRL / LABORSISTEM S.R.L. / MEDI SENSE / PARTNERS MEDICAL SOLUTION S.R.L. / PRAXIS MEDICA / SANIMED INTERNATIONAL IMPEX / TUNIC PROD S.R.L. / WATT DISTRIBUTOR,2494045,2021-10-12,autoritate non-spital
539712-2021,Compania de Apă Oltenia S.A.,PRIMASERV / SC YDA PROIECT CONSULTING SRL / TEOVAL & CO,72522164,2021-10-12,entitate privata (SRL/SA)
CAN1064259,DIRECTIA DE SANATATE PUBLICA A MUNICIPIULUI BUCURESTI,DELTAROM SRL,153300,2021-10-12,autoritate non-spital
SCN1083368,Orasul Titu,H.B.P. EKO DISTRIBUTION,59302,2021-10-12,autoritate non-spital
CN1035824,Directia Sanitara Veterinara si pentru Siguranta Alimentelor Cluj,MEDICLIM S.R.L. / DIAMEDIX IMPEX / FOTOMETRIC INSTRUMENTS S.R.L. / EUROMEDICA ITALIA FILIALA CLUJ SRL / EMSAR S.R.L. / BIO AQUA GROUP,186112,2021-10-13,autoritate non-spital
520725-2021,"Spitalul Municipal ""Dr. Gheorghe Marinescu"" Tarnaveni",,8258791,2021-10-14,procedura anulata / fara castigator (confirmat in XML TED)
CN1035892,LABORATOR DE CONTROL DOPING,X-Lab Solutions S.R.L. / Pro Analysis Systems,98100,2021-10-14,autoritate non-spital
522607-2021,ORASUL VALENII DE MUNTE(Primaria Valenii de Munte),,172038,2021-10-15,autoritate non-spital
522954-2021,"Universitatea de Medicina si Farmacie ""Iuliu Hatieganu"" Cluj-Napoca",Nastimed Serv / S.C. Medica M3 Comexim S.R.L. / TEHNODENT POKA S.R.L.,1479430,2021-10-15,autoritate non-spital
SCN1076301,Societatea Nationala de Transport Gaze Naturale TRANSGAZ SA,CENSUS GROUP,487715,2021-10-15,entitate privata (SRL/SA)
SCN1094985,Ministerul Apararii U.M. 02412 Bucuresti,Dentotal Protect S.R.L.,2268,2021-10-15,unitate militara fara profil de spital
SCN1094987,Ministerul Apararii U.M. 02412 Bucuresti,MEDIDENT EXIM S.R.L. / Dentotal Protect S.R.L.,24637,2021-10-15,unitate militara fara profil de spital
SCN1095084,Universitatea din Oradea,SOFTLINK CENTRAL EUROPE SRL / CG&GC Hitech Solutions SRL,191458,2021-10-15,autoritate non-spital
SCN1090695,DIRECTIA GENERALA DE ASISTENTA SOCIALA SI PROTECTIA COPILULUI VALCEA,TZMO ROMANIA,271451,2021-10-17,autoritate non-spital
527246-2021,JUDETUL VALCEA,Dyomedica CND SRL / Medist,37418,2021-10-18,autoritate non-spital
527272-2021,DIRECTIA SANITARA VETERINARA SI PENTRU SIGURANTA ALIMENTELOR BRASOV,A.M.S. 2000 TRADING IMPEX / ANTISEL RO / Agilrom Scientific / DIALAB SOLUTIONS / DIAMEDIX IMPEX / EUROVET LAB / FARMAVET / Filara BioMed SRL / MEDICLIM S.R.L. / NOVA GROUP INVESTMENT / NOVACHIM TRADING / ROMVAC COMPANY / SANIMED INTERNATIONAL IMPEX / TUNIC PROD S.R.L.,3123783,2021-10-18,autoritate non-spital
527405-2021,Directia Sanitara Veterinara si pentru Siguranta Alimentelor Suceava,A.M.S. 2000 TRADING IMPEX S.R.L. / DIALAB SOLUTIONS / Filara BioMed SRL / Global Event Solutions SRL / LABORATORIUM S.R.L. / MECRO SYSTEM S.R.L. / MEDICLIM S.R.L. / MERC INTERNATIONAL IMPEX S.R.L. / NITECH / NOVA GROUP INVESTMENT / Noack Romania S.R.L. / ROMVAC COMPANY / S.C. Agilrom Scientific S.R.L. / S.C. MUSO S.R.L. / S.C. NOVACHIM TRADING S.R.L. / S.C. REDOX RESEARCH & ANALYTIC S.R.L. S.R.L. / TOPOMEV OPTOSCIENCE / TUNIC PROD S.R.L.,339752,2021-10-18,autoritate non-spital
CN1030991,Municipiul Cluj-Napoca,S&T MEDTECH,133533,2021-10-18,autoritate non-spital
SCN1095209,AGENTIA NATIONALA DE INTEGRITATE,DANTE INTERNATIONAL S.A. / STREAM NETWORKS S.R.L.,139524,2021-10-18,autoritate non-spital
529721-2021,Municipiul Blaj,CATTUS,578339,2021-10-19,autoritate non-spital
529981-2021,DIRECTIA GENERALA DE ASISTENTA SOCIALA A MUNICIPIULUI BUCURESTI,DOLEX COM / NOVA TECH MED,1542465,2021-10-19,autoritate non-spital
561374-2021,ORASUL MIOVENI,DT ADVISORY MEDICAL TEAM / MED HEALTHCARE PROJECT,18378211,2021-10-19,autoritate non-spital
CN1035901,INSTITUTUL NATIONAL DE HEMATOLOGIE TRANSFUZIONALA Prof.Dr.C.T.Nicolau,Hemarom S.R.L.,,2021-10-19,institut de cercetare / fara paturi de spital
CN1036017,LABORATOR DE CONTROL DOPING,BIO AQUA GROUP / PARTNERS MEDICAL SOLUTION S.R.L. / EMSAR S.R.L. / ANTISEL RO SRL / MUSO / Agilrom Scientific,146056,2021-10-19,autoritate non-spital
532546-2021,Banca Nationala a Romaniei,BIO HYGIENE / TECHTEX,314590,2021-10-20,autoritate non-spital
532822-2021,DIRECTIA SANITARA VETERINARA SI PENTRU SIGURANTA ALIMENTELOR BRASOV,A.M.S. 2000 TRADING IMPEX / ANTISEL RO / Agilrom Scientific / DIALAB SOLUTIONS / DIAMEDIX IMPEX / EUROVET LAB / FARMAVET / Filara BioMed SRL / MEDICLIM S.R.L. / NOVA GROUP INVESTMENT / NOVACHIM TRADING / ROMVAC COMPANY / SANIMED INTERNATIONAL IMPEX / TUNIC PROD S.R.L.,3123783,2021-10-20,autoritate non-spital
318245-2021,Consiliul Județean Olt,,1395888,2021-10-20,autoritate non-spital
532371-2021,INSTITUTUL NATIONAL DE HEMATOLOGIE TRANSFUZIONALA Prof.Dr.C.T.Nicolau,,60240426,2021-10-20,institut de cercetare / fara paturi de spital
594726-2021,OFICIUL NATIONAL PENTRU ACHIZITII CENTRALIZATE,MERKAEXIM,726000,2021-10-20,autoritate non-spital
610791-2021,OFICIUL NATIONAL PENTRU ACHIZITII CENTRALIZATE,MERKAEXIM,726000,2021-10-20,autoritate non-spital
534712-2021,Directia de Sanatate Publica Buzau,DIALAB SOLUTIONS / Filara BioMed SRL,5340000,2021-10-21,autoritate non-spital
534727-2021,SERVICIUL DE AMBULANTA TULCEA,ATLAS MEDICAL / AVANT MARIS MEDICAL S.R.L. / B.BRAUN MEDICAL / CERTINVEST / CRIO - 2 S.R.L. / DELTAMED / DELUXE CARDS / ECOLAB / Euromedica Inc Group / FARMEC / Filtre Aer Curat S.R.L. / LIVMED IMPULS / Limas Group S.R.L. / MEDCLAS TRADING S.R.L. / MEDICAL GRUP / MEDIMPACT / MEDITECH CMA / NERAMO DISTRIBUTION / Romchim S.R.L. / SANITARY & HOSPITAL SOLUTIONS SRL / SANTOMED IMPEX / TMS - TOP MEDICAL SUPPLIER / TRIDENT MEDICAL COMPANY S.R.L. / TUNIC PROD S.R.L. / TZMO ROMANIA / VALDOMEDICA TRADING / X-Lab Solutions S.R.L.,3336995,2021-10-21,autoritate non-spital
534730-2021,Serviciul de Ambulanta Judetean Galati,ALISON HAYES (ROMANIA) / ARTISANA MEDICAL S.R.L. / AVANT MARIS MEDICAL S.R.L. / B.BRAUN MEDICAL / BEST ACHIZITII / BIZMED / BIZMED SRL / CO&CO Consumer 2002 S.R.L. / GRAZY PRICE MEDICAL IMPORT EXPORT S.R.L. / JOLIDON INTERNATIONAL / LUAN VISION / MEDCLAS TRADING S.R.L. / MEDICAL GRUP / MEDIMPACT / NAFKA GRUP / PRODCONFARM S.R.L. / Pansiprod Distributie / THREE PHARM / TZMO ROMANIA / VALDOMEDICA TRADING,35917,2021-10-21,autoritate non-spital
SCN1095415,Ministerul Apararii U.M. 02412 Bucuresti,PAUL HARTMANN / MEDICAL GRUP / Lumamed Health&Care SRL / CO&CO Consumer 2002 S.R.L. / DELUXE MEDICRAFTS,123459,2021-10-21,unitate militara fara profil de spital
SCN1095466,DIRECTIA DE ASISTENTA SOCIALA SI MEDICALA,Novaintermed S.R.L. / S.C. Medplaza Health S.R.L. / DELUXE MEDICRAFTS / BIZMED,571680,2021-10-21,autoritate non-spital
536493-2021,SERVICIUL JUDETEAN DE AMBULANTA ARGES,ATLAS MEDICAL / FLEXAL IMPEX S.R.L. / MEDICAL GRUP,2452540,2021-10-22,autoritate non-spital
536747-2021,MUNICIPIUL ONESTI,BPM TEHNOLOGICA / EDITRONIC INTERNATIONAL / GLOBAL MEDICAL SOLUTIONS / PAPAPOSTOLOU S.R.L / ROMGER GENERAL TRADE & CONSULTING S.R.L.,7836380,2021-10-22,autoritate non-spital
CN1036065,JUDETUL MEHEDINTI,DELUXE MEDICRAFTS / E-MASAGA,30840,2021-10-22,autoritate non-spital
SCN1087118,Comuna Bocsa (Primaria comunei Bocsa),NOVA TECH MED,147284,2021-10-22,autoritate non-spital
CN1033588,INSTITUTUL NATIONAL DE HEMATOLOGIE TRANSFUZIONALA Prof.Dr.C.T.Nicolau,GRANDIS IMPACT SRL,,2021-10-23,institut de cercetare / fara paturi de spital
541135-2021,CONSILIUL JUDETEAN GORJ,S.C. DRAGER ROMANIA S.R.L.,74765,2021-10-25,autoritate non-spital
541238-2021,UM 0502 BUCURESTI,GLOBAL MEDICAL SOLUTIONS / HTP MEDICAL SRL / SEE.TRY.BUY.COMPANY SRL,1768425,2021-10-25,unitate militara fara profil de spital
541505-2021,"Universitatea de Medicina si Farmacie ""Iuliu Hatieganu"" Cluj-Napoca",BIO AQUA GROUP / DELTAMED / EMSAR S.R.L. / LABORSISTEM S.R.L. / MERC INTERNATIONAL IMPEX S.R.L. / OF SYSTEMS / TUNIC PROD S.R.L. / TYD ELAN S.R.L.,152543,2021-10-25,autoritate non-spital
SCN1095613,Directia Generala de Asistenta Sociala si Protectia Copilului Gorj,Transfer Expert Logistic / SILVER TRADING PARTNERS SRL / GOMARSEB PRODUCT S.R.L. / OVAVINCI,53021,2021-10-25,autoritate non-spital
543920-2021,JUDETUL SALAJ,BPM TEHNOLOGICA / EDITRONIC INTERNATIONAL / PAPAPOSTOLOU S.R.L,4149039,2021-10-26,autoritate non-spital
544055-2021,Directia Generala de Asistenta Sociala si Protectia Copilului Timis,LIAMED,684262,2021-10-26,autoritate non-spital
544056-2021,Institutul National de Cercetare Dezvoltare Medico Militara Cantacuzino,A&A PRO DIAGNOSTIC / A.M.S. 2000 TRADING IMPEX S.R.L. / BIOMEDICA MEDIZINPRODUKTE ROMANIA SRL / DDS Diagnostic / DIALAB SOLUTIONS / DIAMEDIX IMPEX / Elta 90 Medical Research SRL / Filara BioMed SRL / MEDICLIM S.R.L. / MOLECULAR GENOMICS S.R.L. / Novaintermed S.R.L. / ROCHE ROMANIA / S.C. Bio Zyme S.R.L. / VitroBioChem S.R.L.,14802069,2021-10-26,institut de cercetare / fara paturi de spital
544161-2021,Serviciul de Ambulanta Judetean Arad,ALPHA NED 2000 EXIM / ARTISANA MEDICAL S.R.L. / AVANT MARIS MEDICAL S.R.L. / LUAN VISION / Limas Group S.R.L. / MEDICAL GRUP / NAGUMA MEDICAL SUPPLY / RICOMED / SAFETY GROUP SRL / TRIDENT MEDICAL COMPANY S.R.L. / TZMO ROMANIA / VALDOMEDICA TRADING / X-Lab Solutions S.R.L.,941961,2021-10-26,autoritate non-spital
586699-2021,Serviciul de Telecomunicatii Speciale,DEXTER COM S.R.L. / LABORATORIUM LIFE SCIENCE SRL / NERAMO DISTRIBUTION / ROCHE ROMANIA,1157466,2021-10-26,autoritate non-spital
CN1036186,SERVICIUL DE AMBULANTA BUCURESTI-ILFOV,VALDOMEDICA TRADING / ALPHA BRIO MEDICAL S.R.L. / AVA MEDICAL SERVICES SRL / MEDIMPACT / PRION POCT / TECHTEX / Natural Es-medical S.R.L / BIZMED / X-Lab Solutions S.R.L. / FLEXAL IMPEX S.R.L. / DELUXE MEDICRAFTS,,2021-10-26,autoritate non-spital
SCN1089327,Orasul Baia Sprie,CATTUS S.R.L.,183600,2021-10-26,autoritate non-spital
SCN1095749,UNITATEA MILITARA 02301,S.C.MEDICAL GRUP S.R.L.,7464,2021-10-26,unitate militara fara profil de spital
SCN1095807,COMUNA CORBII MARI (PRIMARIA CORBII MARI),TELETIM S.R.L.,270548,2021-10-26,autoritate non-spital
546751-2021,SERVICIUL DE AMBULANTA JUDETEAN VRANCEA,DELUXE CARDS / SC BRIFARM SA,184279,2021-10-27,autoritate non-spital
546855-2021,Directia Generala de Asistenta Sociala si Protectia Copilului Neamt,CERTINVEST / EVIDENT VERIAN / INTERCAPITAL / IRIKA KNITTING / Medplaza Health / NERAMO DISTRIBUTION / SC SANDUNAV INTERMED SRL / TECHTEX / Work Safe Box,650213,2021-10-27,autoritate non-spital
546935-2021,Serviciul Judetean de Ambulanta Botosani,BEST ACHIZITII / GENERAL MEDICALS ACTIVE SRL / Media2door / NAGUMA MEDICAL SUPPLY / NERAMO DISTRIBUTION / RICOMED / TAISSIS CONCEPT,623410,2021-10-27,autoritate non-spital
CN1036317,Universitatea din Bucuresti,NITECH S.R.L.,249170,2021-10-27,autoritate non-spital
SCN1096003,UNIVERSITATEA DUNAREA DE JOS,ROM TECH S.R.L. / SOLAGEN LABORATORY,148683,2021-10-28,autoritate non-spital
551460-2021,JUDETUL SALAJ,BPM TEHNOLOGICA / DIGI MEDICAL TEHNIC / EDITRONIC INTERNATIONAL / PAPAPOSTOLOU S.R.L,6603339,2021-10-29,autoritate non-spital
552278-2021,SERVICIUL DE AMBULANTA TULCEA,ATLAS MEDICAL / AVANT MARIS MEDICAL S.R.L. / B.BRAUN MEDICAL / CERTINVEST / CRIO - 2 S.R.L. / DELTAMED / DELUXE CARDS / ECOLAB / Euromedica Inc Group / FARMEC / Filtre Aer Curat S.R.L. / LIVMED IMPULS / Limas Group S.R.L. / MEDCLAS TRADING S.R.L. / MEDICAL GRUP / MEDIMPACT / MEDITECH CMA / NERAMO DISTRIBUTION / Romchim S.R.L. / SANITARY & HOSPITAL SOLUTIONS SRL / SANTOMED IMPEX / TMS - TOP MEDICAL SUPPLIER / TRIDENT MEDICAL COMPANY S.R.L. / TUNIC PROD S.R.L. / TZMO ROMANIA / VALDOMEDICA TRADING / X-Lab Solutions S.R.L.,3336995,2021-10-29,autoritate non-spital
556851-2021,METROREX S.A.,INDUSTRIAL LOGISTIC & DISTRIBUTION,3158298,2021-10-29,entitate privata (SRL/SA)
SCN1096020,Primaria Municipiului Tirgu-Mures,RCT STARK / SIDE GRUP S.R.L.,223331,2021-10-29,autoritate non-spital
371167-2021,APA TARNAVEI MARI SA,,15810158,2021-11-01,entitate privata (SRL/SA)
568124-2021,Municipiul Galati,EDITRONIC INTERNATIONAL,1654780,2021-11-01,autoritate non-spital
SCN1096124,JUDETUL IASI,QUARTZ MATRIX,85321,2021-11-01,autoritate non-spital
SCN1096161,Comuna Teaca,S.C. SCHREINER&CO S.R.L. S.R.L.,181802,2021-11-01,autoritate non-spital
597145-2021,OFICIUL NATIONAL PENTRU ACHIZITII CENTRALIZATE,Medical Gazplus,2988920,2021-11-02,autoritate non-spital
610822-2021,OFICIUL NATIONAL PENTRU ACHIZITII CENTRALIZATE,SANROTEX TRADING SRL,1545000,2021-11-02,autoritate non-spital
610826-2021,OFICIUL NATIONAL PENTRU ACHIZITII CENTRALIZATE,VIGGO FASHION INTERNATIONAL SRL,10460000,2021-11-02,autoritate non-spital
610829-2021,OFICIUL NATIONAL PENTRU ACHIZITII CENTRALIZATE,I.D. FRANCESCA ATELIER S.R.L.,3150000,2021-11-02,autoritate non-spital
610831-2021,OFICIUL NATIONAL PENTRU ACHIZITII CENTRALIZATE,A.M.S. 2000 TRADING IMPEX,2612000,2021-11-02,autoritate non-spital
SCN1089694,COLEGIUL NATIONAL GRIGORE GHICA DOROHOI,AMBIENT ROOF DAHA,115705,2021-11-02,autoritate non-spital
SCN1096250,DIRECTIA DE ASISTENTA SI PROTECTIE SOCIALA TULCEA,FLYNG IMPEX S.R.L.,29164,2021-11-02,autoritate non-spital
561440-2021,PRIMARIA ORASULUI VIDELE,ABB Medtec / BIVARIA GRUP S.R.L.,2634670,2021-11-03,autoritate non-spital
393323-2021,JUDETUL CLUJ (CONSILIUL JUDETEAN),,4341296,2021-11-03,autoritate non-spital
SCN1096445,COMUNA JIJILA,NEGRO S.R.L.,314757,2021-11-04,autoritate non-spital
564701-2021,JUDETUL CLUJ (CONSILIUL JUDETEAN),ADION PRODIMPEXTRANS S.R.L. / DIGI MEDICAL TEHNIC / DRAEGER ROMANIA / MEDITECH S.R.L.,634300,2021-11-05,autoritate non-spital
564748-2021,SERVICIUL DE AMBULANTA JUDETEAN CONSTANTA,Medplaza Health,576000,2021-11-05,autoritate non-spital
564787-2021,MINISTERUL FINANȚELOR PUBLICE,A&A FARMA DISTRIBUTION S.R.L / ALBA CLEAN S.R.L. / ALLIANCE HEALTHCARE ROMANIA / ALPHA NED 2000 EXIM / BEST ACHIZITII / EURO MEGA SRL / Euromedica Inc Group / FARMEC / FITERMAN DISTRIBUTION / FRT IDEAL CONSULT / KARDINAL ATRACTIV S.R.L. / KLINTENSIV / Karimed Partener / LIVMED IMPULS / Medplaza Health / PLASTIC PROD / SANROTEX TRADING SRL / TECHTEX / TOP TRADE MEDICAL,478238,2021-11-05,autoritate non-spital
564983-2021,SERVICIUL JUDETEAN DE AMBULANTA ARGES,DELTAMED / MEDCLAS TRADING S.R.L. / NOVITRADE / SAFETY CONCEPT SOLUTIONS,911221,2021-11-05,autoritate non-spital
565053-2021,SERVICIUL JUDETEAN DE AMBULANTA ARGES,ATLAS MEDICAL / FLEXAL IMPEX S.R.L. / MEDICAL GRUP,2452540,2021-11-05,autoritate non-spital
564474-2021,INSTITUTUL NATIONAL DE HEMATOLOGIE TRANSFUZIONALA Prof.Dr.C.T.Nicolau,,4335000,2021-11-05,institut de cercetare / fara paturi de spital
637391-2021,OFICIUL NATIONAL PENTRU ACHIZITII CENTRALIZATE,DDS Diagnostic,113707000,2021-11-05,autoritate non-spital
CAN1065681,OFICIUL NATIONAL PENTRU ACHIZITII CENTRALIZATE,LINDE GAZ ROMANIA S.R.L.,540000,2021-11-05,autoritate non-spital
568212-2021,SPITALUL ORASENESC MIOVENI,,1479660,2021-11-08,procedura anulata / fara castigator (confirmat in XML TED)
568265-2021,OFICIUL NATIONAL PENTRU ACHIZITII CENTRALIZATE,LINDE GAZ ROMANIA S.R.L.,540000,2021-11-08,autoritate non-spital
568351-2021,COMPANIA NATIONALA LOTERIA ROMÂNA S.A.,AMIA INVEST / ATLAS SPORT / BEST ACHIZITII / CLEANING LOGISTIC DISTRIBUTION S.R.L. / DOLEX COM / EUROTOTAL COMP / FARMEC S.A. / NAGUMA MEDICAL SUPPLY / S.C. Medplaza Health S.R.L. / SC KLINTENSIV SRL (S.C. PRO INTEGRATOR S.R.L.),1430808,2021-11-08,entitate privata (SRL/SA)
637393-2021,OFICIUL NATIONAL PENTRU ACHIZITII CENTRALIZATE,SELF CARE MEDICAL,75720000,2021-11-08,autoritate non-spital
639219-2021,Inspectoratul General pentru Situatii de Urgenta,,,2021-11-08,autoritate non-spital
570984-2021,"Universitatea de Medicina si Farmacie ""Iuliu Hatieganu"" Cluj-Napoca",Nastimed Serv / S.C. Medica M3 Comexim S.R.L. / TEHNODENT POKA S.R.L.,1479430,2021-11-09,autoritate non-spital
571031-2021,JUDETUL CARAS-SEVERIN,GLOBAL MEDICAL SOLUTIONS SRL / MEDIST IMAGING & P.O.C. / S.C. GENERAL ELECTRIC MEDICAL SYSTEMS ROMANIA S.R.L. / TEHNOPLUS MEDICAL,597615,2021-11-09,autoritate non-spital
382066-2021,CENTRUL MEDICAL DE DIAGNOSTIC SI TRATAMENT AMBULATORIU PLOIESTI,,2225630,2021-11-09,centru medical ambulatoriu (fara paturi)
586540-2021,ORASUL ORAVITA,PAPAPOSTOLOU S.R.L,2055400,2021-11-09,autoritate non-spital
573846-2021,DIRECTIA SANITARA VETERINARA SI PENTRU SIGURANTA ALIMENTELOR BRASOV,A.M.S. 2000 TRADING IMPEX / ANTISEL RO / Agilrom Scientific / DIALAB SOLUTIONS / DIAMEDIX IMPEX / EUROVET LAB / FARMAVET / Filara BioMed SRL / MEDICLIM S.R.L. / NOVA GROUP INVESTMENT / NOVACHIM TRADING / ROMVAC COMPANY / SANIMED INTERNATIONAL IMPEX / TUNIC PROD S.R.L.,3123783,2021-11-10,autoritate non-spital
573921-2021,Directia Generala de Asistenta Sociala si Protectia Copilului Neamt,CERTINVEST / EVIDENT VERIAN / INTERCAPITAL / IRIKA KNITTING / Medplaza Health / NERAMO DISTRIBUTION / SC SANDUNAV INTERMED SRL / TECHTEX / Work Safe Box,650213,2021-11-10,autoritate non-spital
345629-2021,CONSILIUL JUDETEAN GORJ,,5802562,2021-11-10,autoritate non-spital
SCN1090089,COMUNA VAIDEENI,INFO MED EXPERT S.R.L.,344995,2021-11-10,autoritate non-spital
393195-2021,"Universitatea de Medicina, Farmacie, Stiinte si Tehnologie "" George Emil Palade"" din Targu Mures",,1624664,2021-11-11,autoritate non-spital
577461-2021,Directia Sanitara Veterinara si pentru Siguranta Alimentelor Suceava,A.M.S. 2000 TRADING IMPEX S.R.L. / DIALAB SOLUTIONS / Filara BioMed SRL / Global Event Solutions SRL / LABORATORIUM S.R.L. / MECRO SYSTEM S.R.L. / MEDICLIM S.R.L. / MERC INTERNATIONAL IMPEX S.R.L. / NITECH / NOVA GROUP INVESTMENT / Noack Romania S.R.L. / ROMVAC COMPANY / S.C. Agilrom Scientific S.R.L. / S.C. MUSO S.R.L. / S.C. NOVACHIM TRADING S.R.L. / S.C. REDOX RESEARCH & ANALYTIC S.R.L. S.R.L. / TOPOMEV OPTOSCIENCE / TUNIC PROD S.R.L.,360080,2021-11-12,autoritate non-spital
577678-2021,"Universitatea de Medicina si Farmacie ""Iuliu Hatieganu"" Cluj-Napoca",BIOSYSTEMS DIAGNOSTIC S.R.L. / Elta 90 Medical Research SRL / Filara BioMed SRL / KARL STORZ ENDOSCOPIA ROMANIA / LIAMED / NANOTEAM SRL / S.C. DELTAMED S.R.L.,436550,2021-11-12,autoritate non-spital
577927-2021,Directia Sanitara Veterinara si pentru Siguranta Alimentelor Suceava,ANTISEL RO SRL / EMSAR S.R.L. / Elta 90 Medical Research SRL / Filara BioMed SRL / MEDICLIM S.R.L. / PARTNERS MEDICAL SOLUTION S.R.L. / ROVAL MED / S.C. ALISON HAYES (ROMANIA) S.R.L. / TUNIC PROD S.R.L.,1356108,2021-11-12,autoritate non-spital
577971-2021,Directia Sanitara Veterinara si pentru Siguranta Alimentelor Suceava,A.M.S. 2000 TRADING IMPEX S.R.L. / DIALAB SOLUTIONS / EMSAR S.R.L. / FARMAVET / FOTOMETRIC INSTRUMENTS S.R.L. / Global Event Solutions SRL / LABORATORIUM S.R.L. / LABORSISTEM S.R.L. / MEDICLIM S.R.L. / NITECH / Noack Romania S.R.L. / PARTNERS MEDICAL SOLUTION S.R.L. / S.C. Agilrom Scientific S.R.L. / S.C. MUSO S.R.L. / S.C. NOVACHIM TRADING S.R.L. / S.C. REDOX RESEARCH & ANALYTIC S.R.L. S.R.L. / TUNIC PROD S.R.L. / Tody Laboratories Int,507445,2021-11-12,autoritate non-spital
582121-2021,SERVICIUL DE AMBULANTA JUDETEAN VRANCEA,DELUXE CARDS / SC BRIFARM SA,230279,2021-11-15,autoritate non-spital
582185-2021,JUDETUL CLUJ (CONSILIUL JUDETEAN),CATTUS / DIGI MEDICAL TEHNIC / DUTCHMED S.R.L.,2312628,2021-11-15,autoritate non-spital
582280-2021,"UNIVERSITATEA DE MEDICINA SI FARMACIE ""GRIGORE T.POPA"" DIN IASI",AMIA INVEST / AQUATOR S.R.L. / AVENA MEDICA S.R.L. / BUNZL ROMANIA / CERTINVEST / DELUXE CARDS / Elta 90 Medical Research SRL / Filara BioMed SRL / Global Event Solutions SRL / LABORSISTEM S.R.L. / MEDI SENSE / PARTNERS MEDICAL SOLUTION S.R.L. / PRAXIS MEDICA / SANIMED INTERNATIONAL IMPEX / TUNIC PROD S.R.L. / WATT DISTRIBUTOR,2494045,2021-11-15,autoritate non-spital
SCN1097098,Centrul Român pentru Pregatirea si Perfectionarea Personalului din Transporturi Navale,CARMARANDY SRL,316316,2021-11-15,autoritate non-spital
584711-2021,INSTITUTUL NATIONAL DE HEMATOLOGIE TRANSFUZIONALA Prof.Dr.C.T.Nicolau,CHRONOS TRADE MEDICAL,7196500,2021-11-16,institut de cercetare / fara paturi de spital
584799-2021,SERVICIUL DE AMBULANTA AL JUDETULUI CLUJ,ARTISANA MEDICAL S.R.L. / AVMED PLUS / CRAD RO / CRIO - 2 S.R.L. / EUROMEDICAL IMPORT EXPORT / GRAZY PRICE MEDICAL IMPORT EXPORT S.R.L. / JOLIDON INTERNATIONAL / LUAN VISION / MED - AL TRADING SRL / MEDIMPACT / MEDIST IMAGING & P.O.C. S.R.L. / MEDITECH CMA / NAFKA GRUP S.R.L. / NOVENTIS International / Novaintermed S.R.L. / PAUL HARTMANN / S.C. MEDCLAS TRADING S.R.L. S.R.L. / S.C. Medplaza Health S.R.L. / S.C. NERAMO DISTRIBUTION S.R.L. / S.C. Natural Es-medical S.R.L S.R.L. / S.C. TECHTEX S.R.L. / S.C.MEDICAL GRUP S.R.L. / SANROTEX TRADING SRL / SH MEDICAL SRL / STERIL ROMANIA / TZMO ROMANIA / VALDOMEDICA TRADING / X-Lab Solutions S.R.L.,2427394,2021-11-16,autoritate non-spital
584822-2021,Directia Sanitara Veterinara si pentru Siguranta Alimentelor Suceava,ANTISEL RO SRL / EMSAR S.R.L. / Elta 90 Medical Research SRL / Filara BioMed SRL / MEDICLIM S.R.L. / PARTNERS MEDICAL SOLUTION S.R.L. / ROVAL MED / S.C. ALISON HAYES (ROMANIA) S.R.L. / TUNIC PROD S.R.L.,1356108,2021-11-16,autoritate non-spital
584588-2021,COMPANIA NATIONALA LOTERIA ROMÂNA S.A.,,1370975,2021-11-16,entitate privata (SRL/SA)
CAN1066667,Centrul Regional de Transfuzie Sanguina Iasi,CHRONOS TRADE MEDICAL,200160,2021-11-17,institut de cercetare / fara paturi de spital
CAN1066673,Sectorul 2 al Municipiului Bucuresti,TEPROMETAL INTERA SRL,102360,2021-11-17,autoritate non-spital
CN1036865,SERVICIUL DE AMBULANTA JUDETEAN CONSTANTA,DELUXE MEDICRAFTS / AVANT MARIS MEDICAL S.R.L.,124575,2021-11-17,autoritate non-spital
CN1036887,INSPECTORATUL GENERAL AL POLITIEI ROMANE,ANTISEL RO SRL,340000,2021-11-17,autoritate non-spital
CAN1066731,Directia de Sanatate Publica Vrancea,MARLYD MEDICAL DEVICES,4766,2021-11-18,autoritate non-spital
CN1036907,JUDETUL BOTOSANI,MEDIST IMAGING & P.O.C. S.R.L.,432400,2021-11-18,autoritate non-spital
590113-2021,MINISTERUL APARARII - UNITATEA MILITARA 02464 BUCURESTI,HEMAROM / MEDICAL LOGISTIC PARTNER S.R.L.,1078000,2021-11-19,unitate militara fara profil de spital
590130-2021,MINISTERUL APARARII - UNITATEA MILITARA 02464 BUCURESTI,CATTUS S.R.L. / LIAMED / MEDIMPACT / RICOMED / S.C. NEOMED S..R.L. / S.C. NERAMO DISTRIBUTION S.R.L. / S.C.MEDICAL GRUP S.R.L.,5611912,2021-11-19,unitate militara fara profil de spital
590506-2021,CONSILIUL JUDETEAN OLT,MEDIST IMAGING & P.O.C.,1093100,2021-11-19,autoritate non-spital
590569-2021,"Universitatea ""Alexandru Ioan Cuza"" Iasi",Medplaza Health / TECHTEX,27050,2021-11-19,autoritate non-spital
590684-2021,"Institutul National pentru Sanatatea Mamei si Copilului ""Alessandrescu-Rusescu Bucuresti""",,36869988,2021-11-19,procedura anulata / fara castigator (confirmat in XML TED)
590703-2021,Serviciul de Ambulanta al Judetului Timis,ARTISANA MEDICAL S.R.L. / ATLAS SPORT / CO&CO Consumer 2002 S.R.L. / CRIO - 2 S.R.L. / DELUXE CARDS / DEMOPHORIUS HEALTHCARE / HDL Union / JOLIDON INTERNATIONAL / LUAN VISION / MEDCLAS TRADING S.R.L. / MEDICAL & GRAINS SUPPLIES - MGS / MEDICAL GRUP / MEDIST IMAGING & P.O.C. / NAFKA GRUP / NANO BIO MEDICAL S.R.L. / NOVENTIS International / Pansiprod Distributie / SAFETY GROUP SRL / SANTOMED S.R.L. / TAISSIS CONCEPT / VALDOMEDICA TRADING,2738183,2021-11-19,autoritate non-spital
593360-2021,Societatea Nationala NUCLEARELECTRICA S.A.,ANN REEVES & FRANCESCA / AVA MEDICAL SERVICES SRL / BIZMED SRL / DENTSTORE / DOLEX COM / FLYNG IMPEX S.R.L. / GB INDCO S.R.L. / GENERAL MEDICALS ACTIVE SRL / MLM MEDICAL S.R.L. / NAGUMA MEDICAL SUPPLY / S.C. ANN REEVES & FRANCESCA S.A. / SC Demiuma Comimpex SRL / TOPALIS ENGINEERING SRL / UNICOMP,71988,2021-11-19,entitate privata (SRL/SA)
649641-2021,MUNICIPIUL MORENI,S.C. ELMED MEDICALS.R.L.,6280730,2021-11-19,autoritate non-spital
CAN1066863,PENITENCIARUL GALATI,SELLERA BAY,19300,2021-11-19,autoritate non-spital
SCN1097525,COMUNA SEMLAC,FLAMATEX / S.C. INCREMENTAL S.R.L. S.R.L. / EURODIDACTICA S.R.L.,479731,2021-11-19,autoritate non-spital
SCN1097529,JUDETUL IASI,Klaus Distribution / Medplaza Health,6947,2021-11-19,autoritate non-spital
SCN1090689,DISTRIBUȚIE ENERGIE ELECTRICĂ ROMANIA S.A.,EUROTOTAL COMP,248560,2021-11-20,entitate privata (SRL/SA)
597148-2021,Spital Clinic Judetean de Urgenta Arad,,2100000,2021-11-23,procedura anulata / fara castigator (confirmat in XML TED)
597178-2021,MINISTERUL APARARII - UNITATEA MILITARA 02464 BUCURESTI,Dental Vladmed V&M SRL / MEDIMPACT / PRO RSQ / S.C. NERAMO DISTRIBUTION S.R.L. / S.C. PROMED SOLUTION MD SRL S.R.L.,2026760,2021-11-23,unitate militara fara profil de spital
CAN1067221,INSTITUTUL NATIONAL CERCETARE DEZVOLTARE PENTRU ECOLOGIE INDUSTRIALA,TOPOMEV OPTOSCIENCE,360,2021-11-24,institut de cercetare / fara paturi de spital
CAN1067227,INSTITUTUL NATIONAL CERCETARE DEZVOLTARE PENTRU ECOLOGIE INDUSTRIALA,REDOX RESEARCH & ANALYTIC S.R.L.,1230,2021-11-24,institut de cercetare / fara paturi de spital
CAN1067271,INSTITUTUL NATIONAL CERCETARE DEZVOLTARE PENTRU ECOLOGIE INDUSTRIALA,NITECH S.R.L.,799,2021-11-25,institut de cercetare / fara paturi de spital
CAN1067289,INSTITUTUL NATIONAL CERCETARE DEZVOLTARE PENTRU ECOLOGIE INDUSTRIALA,MERC INTERNATIONAL IMPEX S.R.L.,1222,2021-11-25,institut de cercetare / fara paturi de spital
CAN1067298,INSTITUTUL NATIONAL CERCETARE DEZVOLTARE PENTRU ECOLOGIE INDUSTRIALA,Agilrom Scientific,420,2021-11-25,institut de cercetare / fara paturi de spital
CAN1067364,Directia de Sanatate Publica Vrancea,CUSTODIA GROUP,930,2021-11-25,autoritate non-spital
CAN1067368,Directia de Sanatate Publica Vrancea,Filara BioMed SRL,40720,2021-11-25,autoritate non-spital
CAN1067370,Directia de Sanatate Publica Vrancea,STIP PRODEXPO S.R.L.,1500,2021-11-25,autoritate non-spital
CAN1067372,Directia de Sanatate Publica Vrancea,MEDICLIM S.R.L.,3050,2021-11-25,autoritate non-spital
SCN1085059,Municipiul Sibiu,KAPAMED INTERNATIONAL SRL,132013,2021-11-25,autoritate non-spital
652842-2021,ORASUL CERNAVODA,Dyomedica CND SRL / EYECON MEDICAL,5731791,2021-11-26,autoritate non-spital
SCN1097899,DIRECTIA DE ASISTENTA SI PROTECTIE SOCIALA TULCEA,Reinigung,88916,2021-11-26,autoritate non-spital
SCN1097929,Directia Generala de Asistenta Sociala si Protectia Copilului Gorj,OVAVINCI / PROMTINTER EXPERT SRL / DAC TECHNOLOGY S.R.L.,47410,2021-11-26,autoritate non-spital
SCN1097944,UNITATEA MILITARA 02301,S.C. MST SOLUTIONS SRL S.R.L.,20770,2021-11-26,unitate militara fara profil de spital
SCN1097953,Inspectoratul Scolar Judetean Braila,Reinigung / VELVET CONSULTING / C&C ACTIV GENERAL CONCEPT,183798,2021-11-26,autoritate non-spital
SCN1091252,"Universitatea ""Vasile Alecsandri"" din Bacau",ALIANT BUSINESS SOLUTIONS,132945,2021-11-27,autoritate non-spital
CN1037277,ORASUL ORAVITA,NANO BIO MEDICAL S.R.L. / LUAN VISION / A.M.C. TRADING TOTAL / PRIMERA MED TECHNOLOGY / SANTIMPEX S.R.L. / CLASSIMED SRL,233008,2021-11-28,autoritate non-spital
SCN1093172,Directia Generala de Politie a Municipiului Bucuresti,ROTMAN INDUSTRIES SRL,,2021-11-28,autoritate non-spital
608261-2021,CONSILIUL JUDETEAN GORJ,MEDIST IMAGING & P.O.C. S.R.L. / S.C. ELMED S.R.L. / Veega Medical Concept SRL,4162700,2021-11-29,autoritate non-spital
610830-2021,INSTITUTUL NATIONAL DE HEMATOLOGIE TRANSFUZIONALA Prof.Dr.C.T.Nicolau,SAPACO 2000 S.A.,4318000,2021-11-30,institut de cercetare / fara paturi de spital
SCN1091480,"Universitatea de Medicina si Farmacie ""Iuliu Hatieganu"" Cluj-Napoca",MEDIMPACT,170005,2021-11-30,autoritate non-spital
SCN1091587,"SNTFC ""CFR CALATORI"" S.A.",ALISON HAYES (ROMANIA),3000,2021-11-30,entitate privata (SRL/SA)
613216-2021,JUDETUL BOTOSANI,OVAVINCI,26695,2021-12-01,autoritate non-spital
613498-2021,Serviciul de Ambulanta Judetean Galati,ALISON HAYES (ROMANIA) / ARTISANA MEDICAL S.R.L. / AVANT MARIS MEDICAL S.R.L. / B.BRAUN MEDICAL / BEST ACHIZITII / BIZMED / BIZMED SRL / CO&CO Consumer 2002 S.R.L. / GRAZY PRICE MEDICAL IMPORT EXPORT S.R.L. / JOLIDON INTERNATIONAL / LUAN VISION / MEDCLAS TRADING S.R.L. / MEDICAL GRUP / MEDIMPACT / NAFKA GRUP / PRODCONFARM S.R.L. / Pansiprod Distributie / THREE PHARM / TZMO ROMANIA / VALDOMEDICA TRADING,45997,2021-12-01,autoritate non-spital
SCN1098049,CENTRUL MEDICAL DE DIAGNOSTIC SI TRATAMENT AMBULATOR,Danson S.R.L. / NOVA TECH MED,327000,2021-12-02,autoritate non-spital
SCN1095702,DIRECTIA DE SANATATE PUBLICA JUDETEANA TIMIS,DIAMEDIX IMPEX,50400,2021-12-03,autoritate non-spital
385502-2021,Municipiul Blaj,,2145598,2021-12-06,autoritate non-spital
623996-2021,"Universitatea de Medicina si Farmacie ""Iuliu Hatieganu"" Cluj-Napoca",Nastimed Serv / S.C. Medica M3 Comexim S.R.L. / TEHNODENT POKA S.R.L.,1479430,2021-12-07,autoritate non-spital
624060-2021,"UNIVERSITATEA DE MEDICINA SI FARMACIE ""GRIGORE T.POPA"" DIN IASI",AMIA INVEST / AQUATOR S.R.L. / AVENA MEDICA S.R.L. / BUNZL ROMANIA / CERTINVEST / DELUXE CARDS / Elta 90 Medical Research SRL / Filara BioMed SRL / Global Event Solutions SRL / LABORSISTEM S.R.L. / MEDI SENSE / PARTNERS MEDICAL SOLUTION S.R.L. / PRAXIS MEDICA / SANIMED INTERNATIONAL IMPEX / TUNIC PROD S.R.L. / WATT DISTRIBUTOR,2494045,2021-12-07,autoritate non-spital
SCN1098316,Directia Sanitara Veterinara si pentru Siguranta Alimentelor Buzau,MEDICLIM S.R.L. / NOVA GROUP INVESTMENT,34100,2021-12-07,autoritate non-spital
526796-2021,Directia Sanitara Veterinara si pentru Siguranta Alimentelor Botosani,,2500000,2021-12-08,autoritate non-spital
CAN1068013,Primaria Municipiului Tirgu-Mures,AZIMUR MEDICAL S.R.L.,67107,2021-12-08,autoritate non-spital
628845-2021,"Universitatea ""Alexandru Ioan Cuza"" Iasi",Medplaza Health / TECHTEX,27353,2021-12-09,autoritate non-spital
649567-2021,"Universitatea de Medicina si Farmacie ""Iuliu Hatieganu"" Cluj-Napoca",KARL STORZ ENDOSCOPIA ROMANIA / MEDIMPACT / MEDIST IMAGING & P.O.C. S.R.L. / TEHNO ELECTRO MEDICAL COMPANY S.R.L.,1867350,2021-12-09,autoritate non-spital
661341-2021,ORASUL SINAIA (Primaria Orasului Sinaia),DELUXE CARDS / IRIKA KNITTING / KARL STORZ ENDOSCOPIA ROMANIA / MED - AL TRADING SRL / S.C. DRAEGER ROMANIA S.R.L. / Sante International S.A. / TEHNOPLUS MEDICAL,1415745,2021-12-09,autoritate non-spital
CN1037427,Municipiul Sibiu,PRIMERA MED TECHNOLOGY / DACORUM GRUP,309000,2021-12-09,autoritate non-spital
CN1037437,Municipiul Carei,RICOMED / GRAZY PRICE MEDICAL IMPORT EXPORT S.R.L. / LUAN VISION,43085,2021-12-09,autoritate non-spital
CN1037443,JUDETUL TELEORMAN,LIAMED,117157,2021-12-09,autoritate non-spital
630555-2021,"Universitatea de Medicina si Farmacie ""Iuliu Hatieganu"" Cluj-Napoca",Nastimed Serv / S.C. Medica M3 Comexim S.R.L. / TEHNODENT POKA S.R.L.,1479430,2021-12-10,autoritate non-spital
630681-2021,Orasul Targu Neamt,,846352,2021-12-10,autoritate non-spital
630888-2021,CONSILIUL JUDETEAN GORJ,LUAN VISION / MEDIST IMAGING & P.O.C. S.R.L. / S.C. ELMED S.R.L. / Veega Medical Concept SRL,4403126,2021-12-10,autoritate non-spital
630890-2021,CONSILIUL JUDETEAN GORJ,B.BRAUN MEDICAL / BROKMED S.R.L. / BTL ROMANIA APARATURA MEDICALA S.R.L. / KARL STORZ ENDOSCOPIA ROMANIA / RAFI INTERNATIONAL GENERAL COMMERCE / TEHNOPLUS MEDICAL / ULTRASONIC S.R.L.,5380909,2021-12-10,autoritate non-spital
660653-2021,ORASUL MOLDOVA NOUA (Primaria orasului Moldova Noua),DELUXE CARDS / GLOBAL MEDICAL SOLUTIONS SRL / KLEVIS GRAFI DESIGN SRL,1362376,2021-12-10,autoritate non-spital
CAN1066685,OFICIUL NATIONAL PENTRU ACHIZITII CENTRALIZATE,ALPHA BRIO MEDICAL S.R.L.,180000,2021-12-10,autoritate non-spital
SCN1094091,Institutul National de Cercetare Dezvoltare Medico Militara Cantacuzino,MERC INTERNATIONAL IMPEX S.R.L.,132447,2021-12-11,institut de cercetare / fara paturi de spital
634935-2021,Primaria Municipiului Târgu-Mures,S.I.A.T. Consulting Service,10062368,2021-12-13,autoritate non-spital
635083-2021,OFICIUL NATIONAL PENTRU ACHIZITII CENTRALIZATE,ALPHA BRIO MEDICAL S.R.L.,180000,2021-12-13,autoritate non-spital
635138-2021,"UNIVERSITATEA DE MEDICINA SI FARMACIE ""VICTOR BABES"" TIMISOARA",3M PROJECT / GLOBAL MEDICAL SOLUTIONS / HEALTHTIM / MEDIKA H & S IMPEX S.R.L.,1370203,2021-12-13,autoritate non-spital
635197-2021,Directia de Sanatate Publica Vrancea,A.M.S. 2000 TRADING IMPEX S.R.L. / AVENA MEDICA S.R.L. / BEST ACHIZITII / BIZMED SRL / CORPORATION ROM-CONS EQUIPMENT / CRIO - 2 S.R.L. / DELUXE CARDS / DIAMEDIX IMPEX / HALLUNDA FOODS / LABORATORIUM LIFE SCIENCE SRL / LUAN VISION / NAGUMA MEDICAL SUPPLY / Nova Fit 2000 S.R.L. / PARTNERS MEDICAL SOLUTION S.R.L. / S.C. ALISON HAYES (ROMANIA) S.R.L. / SEPADIN S.R.L. / STIP PRODEXPO / TEKNOLEB LABORATORY SRL / TUNIC PROD S.R.L. / Tody Laboratories Int,592881,2021-12-13,autoritate non-spital
565362-2021,UNITATEA MILITARA 02301,,894617,2021-12-13,unitate militara fara profil de spital
CAN1068365,Municipiul Satu Mare,PROMOCRAFT YELLOW,24013,2021-12-13,autoritate non-spital
SCN1098566,JUDETUL CARAS-SEVERIN,KRAL MEDICAL SOLUTIONS SRL,511857,2021-12-13,autoritate non-spital
637341-2021,ORASUL PANCIU,GLOBAL MEDICAL SOLUTIONS SRL / PAPAPOSTOLOU S.R.L,3825765,2021-12-14,autoritate non-spital
637364-2021,INSTITUTUL ONCOLOGIC PROF DR ALEXANDRU TRESTIOREANU,,650000,2021-12-14,procedura anulata / fara castigator (confirmat in XML TED)
637368-2021,SERVICIUL JUDETEAN DE AMBULANTA ARGES,ATLAS MEDICAL / FLEXAL IMPEX S.R.L. / MEDICAL GRUP,2452540,2021-12-14,autoritate non-spital
637444-2021,SERVICIUL JUDETEAN DE AMBULANTA ARGES,DELTAMED / MEDCLAS TRADING S.R.L. / NOVITRADE / SAFETY CONCEPT SOLUTIONS,951391,2021-12-14,autoritate non-spital
637582-2021,DIRECTIA SANITARA VETERINARA SI PENTRU SIGURANTA ALIMENTELOR BRASOV,A.M.S. 2000 TRADING IMPEX / ANTISEL RO / Agilrom Scientific / DIALAB SOLUTIONS / DIAMEDIX IMPEX / EUROVET LAB / FARMAVET / Filara BioMed SRL / MEDICLIM S.R.L. / NOVA GROUP INVESTMENT / NOVACHIM TRADING / ROMVAC COMPANY / SANIMED INTERNATIONAL IMPEX / TUNIC PROD S.R.L.,3123783,2021-12-14,autoritate non-spital
661309-2021,Municipiul Sibiu,HDL Union / LABORATORIUM LIFE SCIENCE SRL / Medist / Novaintermed S.R.L. / Sante International S.A. / Top Diagnostics S.R.L.,1172173,2021-12-14,autoritate non-spital
640223-2021,CENTRUL MEDICAL DE DIAGNOSTIC SI TRATAMENT AMBULATORIU PLOIESTI,ALEREB / Euroexpand Impex / Expertmed LCD / GLOBAL MEDICAL SOLUTIONS / Kembli Med / MEDICLIM S.R.L. / Medist / RIDA S SRL / ROMGER GENERAL TRADE & CONSULTING S.R.L. / TEHNO ELECTRO MEDICAL COMPANY S.R.L. / TUNIC PROD S.R.L. / Top Diagnostics S.R.L.,1639086,2021-12-15,centru medical ambulatoriu (fara paturi)
CAN1068712,SERVICIUL DE AMBULANTA TULCEA,MEDCLAS TRADING S.R.L.,6120,2021-12-15,autoritate non-spital
CAN1068716,SERVICIUL DE AMBULANTA TULCEA,DEXROM GROUP,17500,2021-12-15,autoritate non-spital
CAN1068720,SERVICIUL DE AMBULANTA TULCEA,B.BRAUN MEDICAL,348,2021-12-15,autoritate non-spital
CAN1068727,Jandarmeria Romana - U.M. 0260 Bucuresti,DDS Diagnostic,340000,2021-12-15,unitate militara fara profil de spital
CN1037590,JUDETUL CARAS-SEVERIN,PRIMERA MED TECHNOLOGY,83950,2021-12-15,autoritate non-spital
SCN1098696,PRIMARIA ISACCEA,S.C. VANELLI S.R.L. / S.C. RTC PROFFICE EXPERIENCE S.A. S.A. / DADAFARM CONCEPT S.R.L. S.R.L.,33644,2021-12-15,autoritate non-spital
398558-2021,Municipiul Galati,,2450000,2021-12-16,autoritate non-spital
644187-2021,Municipiul Cluj-Napoca,,192058,2021-12-17,autoritate non-spital
644210-2021,ORASUL ALESD,BIZMED SRL / SANIMED INTERNATIONAL IMPEX / SH MEDICAL SRL,503635,2021-12-17,autoritate non-spital
644334-2021,SERVICIUL JUDETEAN DE AMBULANTA ARGES,ATLAS MEDICAL / FLEXAL IMPEX S.R.L. / MEDICAL GRUP,2452540,2021-12-17,autoritate non-spital
644543-2021,Municipiul Sibiu,Carl Zeiss Instruments / DACORUM GRUP / Medical Corp S.R.L.,567290,2021-12-17,autoritate non-spital
644588-2021,"Universitatea de Medicina si Farmacie ""Iuliu Hatieganu"" Cluj-Napoca",BIOSYSTEMS DIAGNOSTIC S.R.L. / DIALAB SOLUTIONS / Elta 90 Medical Research SRL / Filara BioMed SRL / KARL STORZ ENDOSCOPIA ROMANIA / LIAMED / NANOTEAM SRL / S.C. DELTAMED S.R.L.,536550,2021-12-17,autoritate non-spital
644824-2021,Directia Sanitara Veterinara si pentru Siguranta Alimentelor Botosani,EUROVET LAB,2499500,2021-12-17,autoritate non-spital
645004-2021,DIRECTIA SANITARA VETERINARA SI PENTRU SIGURANTA ALIMENTELOR BRASOV,A.M.S. 2000 TRADING IMPEX / ANTISEL RO / Agilrom Scientific / DIALAB SOLUTIONS / DIAMEDIX IMPEX / EUROVET LAB / FARMAVET / Filara BioMed SRL / MEDICLIM S.R.L. / NOVA GROUP INVESTMENT / NOVACHIM TRADING / ROMVAC COMPANY / SANIMED INTERNATIONAL IMPEX / TUNIC PROD S.R.L.,3123783,2021-12-17,autoritate non-spital
CN1037799,CENTRUL DE RECUPERARE SI REABILITARE NEUROPSIHIATRICA BRANCOVENESTI,RAPSODIA COM SRL / BLUE NEON / SOCADANCE MD SRL,264862,2021-12-19,autoritate non-spital
649671-2021,COMUNA PUTINEIU,S.C. EUROSTING AAW INDUSTRY S.R.L.,3500,2021-12-20,autoritate non-spital
652922-2021,Municipiul Galati,S&T MEDTECH,1998000,2021-12-21,autoritate non-spital
652980-2021,SERVICIUL DE AMBULANTA AL JUDETULUI CLUJ,ARTISANA MEDICAL S.R.L. / AVMED PLUS / CRAD RO / CRIO - 2 S.R.L. / EUROMEDICAL IMPORT EXPORT / GRAZY PRICE MEDICAL IMPORT EXPORT S.R.L. / JOLIDON INTERNATIONAL / LUAN VISION / MED - AL TRADING SRL / MEDIMPACT / MEDIST IMAGING & P.O.C. S.R.L. / MEDITECH CMA / NAFKA GRUP S.R.L. / NOVENTIS International / Novaintermed S.R.L. / PAUL HARTMANN / S.C. MEDCLAS TRADING S.R.L. S.R.L. / S.C. Medplaza Health S.R.L. / S.C. NERAMO DISTRIBUTION S.R.L. / S.C. Natural Es-medical S.R.L S.R.L. / S.C. TECHTEX S.R.L. / S.C.MEDICAL GRUP S.R.L. / SANROTEX TRADING SRL / SH MEDICAL SRL / STERIL ROMANIA / TZMO ROMANIA / VALDOMEDICA TRADING / X-Lab Solutions S.R.L.,2427394,2021-12-21,autoritate non-spital
653025-2021,Municipiul Blaj,CATTUS S.R.L. / MEDICLIM S.R.L. / PIXELDATA S.R.L. / ULTRASONIC S.R.L.,2110784,2021-12-21,autoritate non-spital
652563-2021,Direcția Generală de Asistență Socială și Protecția Copilului Mehedinți,,2009002,2021-12-21,autoritate non-spital
150460-2021,Municipiul Oradea,,23174401,2021-12-22,autoritate non-spital
CN1037822,Municipiul Sibiu,Novaintermed S.R.L. / PRION POCT / DG DIAGNOSTICS S.R.L.,275400,2021-12-22,autoritate non-spital
SCN1092831,UNIVERSITATEA TEHNICA GHEORGHE ASACHI DIN IASI,SHATTER,137945,2021-12-23,autoritate non-spital
661360-2021,Directia Sanitara Veterinara si pentru Siguranta Alimentelor Suceava,A.M.S. 2000 TRADING IMPEX S.R.L. / DIALAB SOLUTIONS / Filara BioMed SRL / Global Event Solutions SRL / LABORATORIUM S.R.L. / MECRO SYSTEM S.R.L. / MEDICLIM S.R.L. / MERC INTERNATIONAL IMPEX S.R.L. / NITECH / NOVA GROUP INVESTMENT / Noack Romania S.R.L. / ROMVAC COMPANY / S.C. Agilrom Scientific S.R.L. / S.C. MUSO S.R.L. / S.C. NOVACHIM TRADING S.R.L. / S.C. REDOX RESEARCH & ANALYTIC S.R.L. S.R.L. / TOPOMEV OPTOSCIENCE / TUNIC PROD S.R.L.,362432,2021-12-24,autoritate non-spital
CAN1069356,PENITENCIARUL GALATI,SELLERA BAY,9840,2021-12-24,autoritate non-spital
SCN1099153,MUNICIPIUL ALBA IULIA,INFOGRUP S.R.L.,121805,2021-12-24,autoritate non-spital
665515-2021,"Europeiska kommissionen, Generaldirektoratet för hälsa och livsmedelssäkerhet (SANTE), SANTE.DDG1.C.3","Ansell Healthcare Europe NV / Bard Benelux NV / Becton Dickinson Benelux NV / Camco Ltd / Cheyron GmbH / China National Pharmaceutical Foreign Trade Corporation / Farkol AD / GYZ GmbH / High Hope Int'l Group Jiangsu Medicines & Health Products Imp. & Exp. Corp. Ltd. / Hospidex NV / HuNan Beyond Medical Technology Co., Ltd. / Hunan Beyond Medical Technology Co., Ltd / OneMed Sverige / OneMed Sverige AB / Qingdao Haier Biomedical Co., Ltd / Qingdao Hainuo Biological Engineering Co., Ltd / Smiths medical International Ltd / Tianma Jeans GmbH",,2021-12-27,autoritate non-spital
666591-2021,JUDETUL GALATI,,5335256,2021-12-27,autoritate non-spital
669881-2021,SC BORUDENT SRL,A.M.S. 2000 TRADING IMPEX S.R.L. / S.C. Medica M3 Comexim S.R.L.,68015,2021-12-28,entitate privata (SRL/SA)
670006-2021,SERVICIUL DE AMBULANTA JUDETEAN ALBA,ALPHA NED 2000 EXIM / B.BRAUN MEDICAL / CO&CO Consumer 2002 S.R.L. / CRIO - 2 S.R.L. / DELTAMED / HDL Union / LUAN VISION / MATEI CONF GRUP / MEDCLAS TRADING S.R.L. / MEDICAL GRUP / MEDIMPACT / MEDITECH CMA / NAFKA GRUP / NAGUMA MEDICAL SUPPLY / Natural Es-medical S.R.L / PAUL HARTMANN / PRODCONFARM S.R.L. / RICOMED / RUBICON EDITECH 89 S.R.L. / SANROTEX TRADING SRL / THREE PHARM / TMS - TOP MEDICAL SUPPLIER / TZMO ROMANIA / VALDOMEDICA TRADING / X-Lab Solutions S.R.L.,1236627,2021-12-28,autoritate non-spital
506884-2021,UM 0502 Bucuresti,,1626470,2021-12-28,unitate militara fara profil de spital
CAN1069542,SERVICIUL DE AMBULANTA JUDETEAN ALBA,MATEI CONF GRUP,46000,2021-12-28,autoritate non-spital
SCN1092826,Universitatea de Medicina si Farmacie din Craiova,MEDIQ INNOVATIVE TECHNOLOGIES SRL,235000,2021-12-28,autoritate non-spital
CAN1069763,INSTITUTUL NATIONAL DE SANATATE PUBLICA,ANALYTIK-JENA-ROMANIA S.R.L.,2721,2021-12-30,autoritate non-spital
CAN1069769,INSTITUTUL NATIONAL DE SANATATE PUBLICA,BIO AQUA GROUP,7047,2021-12-30,autoritate non-spital
CAN1069772,INSTITUTUL NATIONAL DE SANATATE PUBLICA,BIO AQUA GROUP,2098,2021-12-30,autoritate non-spital
CAN1069779,INSTITUTUL NATIONAL DE SANATATE PUBLICA,BIO AQUA GROUP,2106,2021-12-30,autoritate non-spital
CAN1069780,INSTITUTUL NATIONAL DE SANATATE PUBLICA,BIO AQUA GROUP,7381,2021-12-30,autoritate non-spital
CAN1069813,DIRECTIA DE SANATATE PUBLICA A MUNICIPIULUI BUCURESTI,Tody Laboratories Int,131300,2021-12-30,autoritate non-spital
CAN1069858,MINISTERUL APARARII - UNITATEA MILITARA 02464 BUCURESTI,Medplaza Health,295176,2021-12-30,unitate militara fara profil de spital
CAN1069869,SERVICIUL DE AMBULANTA TULCEA,DEXROM GROUP,18475,2021-12-30,autoritate non-spital
CAN1069876,SERVICIUL DE AMBULANTA TULCEA,MEDCLAS TRADING S.R.L.,11990,2021-12-30,autoritate non-spital
CAN1069885,SERVICIUL DE AMBULANTA TULCEA,ROVAL MED,3235,2021-12-30,autoritate non-spital
673983-2021,Consiliul Judetean Buzau,ALTEX ROMANIA S.R.L.,30476,2021-12-31,autoritate non-spital
674211-2021,SERVICIUL DE AMBULANTA JUDETEAN VRANCEA,DELUXE CARDS / SC BRIFARM SA,285789,2021-12-31,autoritate non-spital
674368-2021,"Universitatea ""Alexandru Ioan Cuza"" Iasi",Medplaza Health / TECHTEX,29747,2021-12-31,autoritate non-spital
558-2022,MINISTERUL APARARII - UNITATEA MILITARA 02464 BUCURESTI,Dental Vladmed V&M SRL / MEDIMPACT / PRO RSQ / S.C. NERAMO DISTRIBUTION S.R.L. / S.C. PROMED SOLUTION MD SRL S.R.L.,135246,2022-01-03,unitate militara fara profil de spital
610-2022,"Universitatea de Medicina si Farmacie ""Iuliu Hatieganu"" Cluj-Napoca",LABO SHOP SRL / Nastimed Serv,1279795,2022-01-03,autoritate non-spital
649-2022,MINISTERUL APARARII - UNITATEA MILITARA 02464 BUCURESTI,CATTUS S.R.L. / LIAMED / MEDIMPACT / RICOMED / S.C. NEOMED S..R.L. / S.C. NERAMO DISTRIBUTION S.R.L. / S.C.MEDICAL GRUP S.R.L.,335084,2022-01-03,unitate militara fara profil de spital
774-2022,MINISTERUL APARARII - UNITATEA MILITARA 02464 BUCURESTI,ATLAS MEDICAL / AVENA MEDICA S.R.L. / AXIOMED SOLUTIONS SRL / CRIO - 2 S.R.L. / DELUXE CARDS / GRAZY PRICE MEDICAL IMPORT EXPORT S.R.L. / LUAN VISION / MEDIMPACT / MLM MEDICAL S.R.L. / PARTNERS MEDICAL SOLUTION S.R.L. / PAUL HARTMANN / PRODCONFARM S.R.L. / S.C. MEDITECH S.R.L. S.R.L. / Tody Laboratories Int,3178686,2022-01-03,unitate militara fara profil de spital
68385-2022,OFICIUL NATIONAL PENTRU ACHIZITII CENTRALIZATE,RCV MEDICAL HEALTH,3186000,2022-01-03,autoritate non-spital
68438-2022,OFICIUL NATIONAL PENTRU ACHIZITII CENTRALIZATE,NMD ZET ZONE,32800000,2022-01-03,autoritate non-spital
68443-2022,OFICIUL NATIONAL PENTRU ACHIZITII CENTRALIZATE,SINOFARM ROMANIA,31600000,2022-01-03,autoritate non-spital
68445-2022,OFICIUL NATIONAL PENTRU ACHIZITII CENTRALIZATE,BEST ACHIZITII,68000000,2022-01-03,autoritate non-spital
2527-2022,Municipiul Timisoara,VODIMEDICOR S.R.L.,43000,2022-01-04,autoritate non-spital
2740-2022,MINISTERUL APARARII - UNITATEA MILITARA 02464 BUCURESTI,ADION PRODIMPEXTRANS S.R.L. / Danson S.R.L. / Dental Vladmed V&M SRL / FRESENIUS KABI ROMANIA / HELLIMED / KRAL MEDICAL SOLUTIONS SRL / LIAMED / MEDIKA H & S IMPEX S.R.L. / NITECH / Novaintermed S.R.L. / PRIMERA MED TECHNOLOGY / S.C. NUMERIS COM S.R.L. / S.C. PRO CARDIA S.R.L. / ULTRASONIC S.R.L.,10463875,2022-01-04,unitate militara fara profil de spital
4628-2022,MINISTERUL FINANȚELOR PUBLICE,A&A FARMA DISTRIBUTION S.R.L / ALBA CLEAN S.R.L. / ALLIANCE HEALTHCARE ROMANIA / ALPHA NED 2000 EXIM / BEST ACHIZITII / EURO MEGA SRL / Euromedica Inc Group / FARMEC / FITERMAN DISTRIBUTION / FRT IDEAL CONSULT / KARDINAL ATRACTIV S.R.L. / KLINTENSIV / Karimed Partener / LIVMED IMPULS / Medplaza Health / PLASTIC PROD / SANROTEX TRADING SRL / TECHTEX / TOP TRADE MEDICAL,478238,2022-01-05,autoritate non-spital
30801-2021,Județul Brașov,,2890899,2022-01-05,autoritate non-spital
4501-2022,REGISTRUL AUTO ROMAN - R.A.,SIDE GRUP S.R.L.,1206043,2022-01-05,autoritate non-spital
CN1038283,Institutul National de Cercetare Dezvoltare Medico Militara Cantacuzino,DIAMEDIX IMPEX / ANTISEL RO SRL / A.M.S. 2000 TRADING IMPEX S.R.L. / Novaintermed S.R.L. / Elta 90 Medical Research SRL / DIALAB SOLUTIONS / MERCK ROMANIA S.R.L.,,2022-01-05,institut de cercetare / fara paturi de spital
6988-2022,Directia de Sanatate Publica Buzau,DIALAB SOLUTIONS / Filara BioMed SRL,5340000,2022-01-07,autoritate non-spital
6994-2022,SERVICIUL DE AMBULANTA JUDETEAN CONSTANTA,Medplaza Health,576000,2022-01-07,autoritate non-spital
7243-2022,Ministerul Apararii Nationale - Unitatea Militara 02267,ADISON COMPANY / BIOMIGA PHARM / SOCADANCE MD SRL,141195,2022-01-07,unitate militara fara profil de spital
6071-2022,Institutul National de Cercetare Dezvoltare Medico Militara Cantacuzino,,10739042,2022-01-07,institut de cercetare / fara paturi de spital
23302-2022,PRIMARIA ORASULUI VIDELE,ABB Medtec,1188000,2022-01-07,autoritate non-spital
SCN1093511,MUNICIPIUL VULCAN,MARIA ANTONIA SERVICII SRL,85288,2022-01-08,autoritate non-spital
11075-2022,UM 0502 BUCURESTI,MEDIQ INNOVATIVE TECHNOLOGIES SRL / MEDIST IMAGING & P.O.C. S.R.L.,1626270,2022-01-10,unitate militara fara profil de spital
12776-2022,Societatea Nationala NUCLEARELECTRICA S.A.,ANN REEVES & FRANCESCA / AVA MEDICAL SERVICES SRL / BIZMED SRL / DENTSTORE / DOLEX COM / FLYNG IMPEX S.R.L. / GB INDCO S.R.L. / GENERAL MEDICALS ACTIVE SRL / MLM MEDICAL S.R.L. / NAGUMA MEDICAL SUPPLY / S.C. ANN REEVES & FRANCESCA S.A. / SC Demiuma Comimpex SRL / TOPALIS ENGINEERING SRL / UNICOMP,74688,2022-01-10,entitate privata (SRL/SA)
459617-2021,TURSIB S.A.,,2134982,2022-01-10,entitate privata (SRL/SA)
SCN1099676,JUDETUL BOTOSANI,OVAVINCI / UNION CO S.R.L.,44139,2022-01-10,autoritate non-spital
SCN1099677,Directia Generala de Asistenta Sociala si Protectia Copilului Constanta,MOBTECO PRODUCT S.R.L. / MILLENNIUM DEVELOPMENT S.R.L. / TRANSLIMA,520210,2022-01-10,autoritate non-spital
13514-2022,Serviciul de Ambulanta Judetean Bihor,ARTISANA MEDICAL S.R.L. / DELUXE CARDS / EUROMEDICAL IMPORT EXPORT / Euroexpand Impex / Filtre Aer Curat S.R.L. / LUAN VISION / MEDICAL GRUP / MEDIMPACT / MEDITECH CMA / Medplaza Health / NAFKA GRUP / ROVAL MED / VALDOMEDICA TRADING,1576846,2022-01-11,autoritate non-spital
13709-2022,"Universitatea de Medicina si Farmacie ""Iuliu Hatieganu"" Cluj-Napoca",BIO AQUA GROUP / DELTAMED / EMSAR S.R.L. / LABORSISTEM S.R.L. / MERC INTERNATIONAL IMPEX S.R.L. / OF SYSTEMS / TUNIC PROD S.R.L. / TYD ELAN S.R.L.,246158,2022-01-11,autoritate non-spital
15402-2022,MUNICIPIUL ORADEA,Ac Rad Medical Consult&Service / CORTECH MED S.R.L. / GENERAL ELECTRIC MEDICAL SYSTEMS ROMANIA / KARL STORZ ENDOSCOPIA ROMANIA / PIXELDATA S.R.L. / S.C. AVITECH CO S.R.L. S.R.L. / SC REGIO MED SRL / VICI EVOLUTION S.R.L.,19154857,2022-01-12,autoritate non-spital
SCN1093496,APA CANAL SIBIU SA,AVANTI S.R.L.,224560,2022-01-12,entitate privata (SRL/SA)
SCN1093758,DIRECTIA GENERALA DE ASISTENTA SOCIALA SI PROTECTIA COPILULUI ALBA,TEHNOFARM SRL,188263,2022-01-12,autoritate non-spital
SCN1099770,COMUNA LIESTI (PRIMARIA COMUNEI LIESTI),SIGNAL SPECTRUM SRL-D / Limas Group S.R.L. / FARMEC S.A. / ATS NOVUS,168069,2022-01-12,autoritate non-spital
SCN1098078,DIRECTIA DE SANATATE PUBLICA JUDETEANA TIMIS,DIAMEDIX IMPEX,58500,2022-01-13,autoritate non-spital
SCN1099845,CLUBUL SPORTIV MUNICIPAL BUCURESTI,S.C. Recosport S.R.L.,,2022-01-13,autoritate non-spital
18787-2022,Judetul Brasov,GENERAL ELECTRIC MEDICAL SYSTEMS ROMANIA,2337000,2022-01-14,autoritate non-spital
18825-2022,MINISTERUL FINANȚELOR PUBLICE,A&A FARMA DISTRIBUTION S.R.L / ALBA CLEAN S.R.L. / ALLIANCE HEALTHCARE ROMANIA / ALPHA NED 2000 EXIM / BEST ACHIZITII / EURO MEGA SRL / Euromedica Inc Group / FARMEC / FITERMAN DISTRIBUTION / FRT IDEAL CONSULT / KARDINAL ATRACTIV S.R.L. / KLINTENSIV / Karimed Partener / LIVMED IMPULS / Medplaza Health / PLASTIC PROD / SANROTEX TRADING SRL / TECHTEX / TOP TRADE MEDICAL,478238,2022-01-14,autoritate non-spital
19029-2022,MINISTERUL APARARII - UNITATEA MILITARA 02464 BUCURESTI,ALPHA BRIO MEDICAL S.R.L. / CRIO - 2 S.R.L. / DELUXE CARDS / ELPIS LOGIC BUSINESS SRL / LUAN VISION / MEDICO INTERNATIONAL S.R.L. / MEGACONS-BRILLAGO / MLM MEDICAL S.R.L. / Novaintermed S.R.L. / PRODCONFARM S.R.L. / RADOX S.R.L. / RAFI MEDICAL / S.C. Medplaza Health S.R.L. / S.C. Natural Es-medical S.R.L S.R.L. / SINOFARM ROMANIA S.R.L. / STERIL ROMANIA / TZMO ROMANIA / VALDOMEDICA TRADING / VETRO DESIGN S.R.L.,276156892,2022-01-14,unitate militara fara profil de spital
CAN1071267,SERVICIUL DE AMBULANTA BUCURESTI-ILFOV,NOVITRADE S.R.L.,10250,2022-01-14,autoritate non-spital
CAN1071270,SERVICIUL DE AMBULANTA BUCURESTI-ILFOV,TAISSIS CONCEPT,5200,2022-01-14,autoritate non-spital
CAN1071277,SERVICIUL DE AMBULANTA BUCURESTI-ILFOV,X-Lab Solutions S.R.L.,10300,2022-01-14,autoritate non-spital
SCN1092440,SERVICIUL JUDETEAN DE AMBULANTA IALOMITA,DELTAMED,111700,2022-01-14,autoritate non-spital
SCN1098312,Directia Sanitar Veterinara si pentru Siguranta Alimentelor Braila,Omnivet Impex S.R.L.,13000,2022-01-14,autoritate non-spital
23618-2022,SERVICIUL DE AMBULANTA JUDETEAN IASI,A&A FARMA DISTRIBUTION S.R.L / CRIO - 2 S.R.L. / D&G GROUP S.R.L. / GRAZY PRICE MEDICAL IMPORT EXPORT S.R.L. / LUAN VISION / MEDCLAS TRADING S.R.L. / MEDICAL GRUP / MEDIMPACT / MEDIST IMAGING & P.O.C. / Medical Corp S.R.L. / NAFKA GRUP / NANO BIO MEDICAL S.R.L. / Natural Es-medical S.R.L / PAUL HARTMANN / PREBOX EMS / PRODCONFARM S.R.L. / ROVAL MED / TAISSIS CONCEPT / TZMO ROMANIA / VALDOMEDICA TRADING / VETRO DESIGN S.R.L.,1256368,2022-01-17,autoritate non-spital
23640-2022,Directia Generala de Asistenta Sociala si Protectia Copilului Sector 2,DUMITRU BUSINESS HOUSE IMPEX / LOIAL OFFICE S.R.L. / Target Point,140058,2022-01-17,autoritate non-spital
26283-2022,SERVICIUL JUDETEAN DE AMBULANTA ARGES,ATLAS MEDICAL / FLEXAL IMPEX S.R.L. / MEDICAL GRUP,2452540,2022-01-18,autoritate non-spital
26413-2022,SERVICIUL JUDETEAN DE AMBULANTA ARGES,DELTAMED / MEDCLAS TRADING S.R.L. / NOVITRADE / SAFETY CONCEPT SOLUTIONS,1000395,2022-01-18,autoritate non-spital
37728-2022,Consiliul Judetean Arad,PHM COMSERV S.R.L.,708573,2022-01-18,autoritate non-spital
CN1036445,INSTITUTUL NATIONAL DE HEMATOLOGIE TRANSFUZIONALA Prof.Dr.C.T.Nicolau,SAPACO 2000 S.A.,,2022-01-18,institut de cercetare / fara paturi de spital
SCN1094049,COMUNA BEREZENI,CATTUS S.R.L.,143475,2022-01-18,autoritate non-spital
SCN1099966,COMUNA COCIUBA MARE,S.C. MEDCHIM EXPERT SRL S.R.L. / S.C. ANA INVEST & RESEARCH SRL,147060,2022-01-18,autoritate non-spital
CAN1071673,INSTITUTUL NATIONAL DE SANATATE PUBLICA,ALPEX,23798,2022-01-20,autoritate non-spital
32791-2022,JUDETUL SALAJ,KARL STORZ ENDOSCOPIA ROMANIA,158000,2022-01-21,autoritate non-spital
32830-2022,AGENTIA NATIONALA DE ADMINISTRARE FISCALA,TECHTEX,132300,2022-01-21,autoritate non-spital
71064-2022,OFICIUL NATIONAL PENTRU ACHIZITII CENTRALIZATE,BEST ACHIZITII,99200000,2022-01-21,autoritate non-spital
71065-2022,OFICIUL NATIONAL PENTRU ACHIZITII CENTRALIZATE,S&S GROUPE PRODIMPEX S.R.L.,17310000,2022-01-21,autoritate non-spital
CAN1071698,SERVICIUL DE AMBULANTA BUCURESTI-ILFOV,ALPHA BRIO MEDICAL S.R.L.,510,2022-01-21,autoritate non-spital
CAN1071699,SERVICIUL DE AMBULANTA BUCURESTI-ILFOV,ALPHA BRIO MEDICAL S.R.L.,2650,2022-01-21,autoritate non-spital
CAN1071700,SERVICIUL DE AMBULANTA BUCURESTI-ILFOV,ALPHA BRIO MEDICAL S.R.L.,20150,2022-01-21,autoritate non-spital
CAN1071702,SERVICIUL DE AMBULANTA BUCURESTI-ILFOV,ALPHA BRIO MEDICAL S.R.L.,2820,2022-01-21,autoritate non-spital
CAN1071703,SERVICIUL DE AMBULANTA BUCURESTI-ILFOV,ALPHA BRIO MEDICAL S.R.L.,7060,2022-01-21,autoritate non-spital
CAN1071704,SERVICIUL DE AMBULANTA BUCURESTI-ILFOV,LUAN VISION,1500,2022-01-21,autoritate non-spital
CAN1071706,SERVICIUL DE AMBULANTA BUCURESTI-ILFOV,Natural Es-medical S.R.L,218,2022-01-21,autoritate non-spital
CAN1071708,SERVICIUL DE AMBULANTA BUCURESTI-ILFOV,AGRO-NATURAL PROJECT,6160,2022-01-21,autoritate non-spital
CAN1071709,SERVICIUL DE AMBULANTA BUCURESTI-ILFOV,FLEXAL IMPEX S.R.L.,33580,2022-01-21,autoritate non-spital
CAN1071757,SERVICIUL DE AMBULANTA AL JUDETULUI CLUJ,LUAN VISION,2200,2022-01-21,autoritate non-spital
CN1038637,BIO NERA PLANT SRL,S.C. E-LABORATOR FEERIA S.R.L. / COMLIBRIS S.R.L. / S.C. REDOX RESEARCH & ANALYTIC S.R.L. S.R.L.,45446,2022-01-21,entitate privata (SRL/SA)
SCN1092714,Asociatia Organizatia Tinerilor Medici Cluj,ULTRASONIC S.R.L.,200000,2022-01-21,autoritate non-spital
CN1038673,INSTITUTUL NATIONAL DE HEMATOLOGIE TRANSFUZIONALA Prof.Dr.C.T.Nicolau,CHRONOS TRADE MEDICAL,,2022-01-22,institut de cercetare / fara paturi de spital
CN1038675,Municipiul Galati,OVAVINCI SRL / Dyomedica CND SRL,95912,2022-01-22,autoritate non-spital
SCN1094518,COMPANIA AQUASERV S.A,MERC INTERNATIONAL IMPEX S.R.L.,187880,2022-01-22,entitate privata (SRL/SA)
CN1038719,MUNICIPIUL CONSTANTA,ASTRA PLUS SRL / RIK / DELUXE MEDICRAFTS,518902,2022-01-23,autoritate non-spital
SCN1093107,UNIVERSITATEA PETROL GAZE PLOIESTI,PRAGMA COMPUTERS S.R.L.,55300,2022-01-23,autoritate non-spital
37752-2022,Directia Generala de Asistenta Sociala si Protectia Copilului Neamt,CERTINVEST / EVIDENT VERIAN / INTERCAPITAL / IRIKA KNITTING / Medplaza Health / NERAMO DISTRIBUTION / SC SANDUNAV INTERMED SRL / TECHTEX / Work Safe Box,650213,2022-01-24,autoritate non-spital
37754-2022,Directia Generala de Asistenta Sociala si Protectia Copilului Sector 2,DUMITRU BUSINESS HOUSE IMPEX / LOIAL OFFICE S.R.L. / Target Point,158566,2022-01-24,autoritate non-spital
37777-2022,JUDETUL BOTOSANI,,147810,2022-01-24,autoritate non-spital
482734-2021,SC HOLLAND FARMING AGRO SRL,,,2022-01-25,entitate privata (SRL/SA)
CAN1071878,SERVICIUL DE AMBULANTA AL JUDETULUI CLUJ,TZMO ROMANIA,91500,2022-01-25,autoritate non-spital
CAN1071902,SERVICIUL DE AMBULANTA AL JUDETULUI CLUJ,NAFKA GRUP S.R.L.,630,2022-01-25,autoritate non-spital
CN1035168,Institutul National de Medicina Legala Mina Minovici,ALPHA HIPOMED SRL,,2022-01-25,autoritate non-spital
42820-2022,Serviciul de Ambulanta Judetean Bihor,,1669105,2022-01-26,autoritate non-spital
60890-2022,Municipiul Galati,PROTON IMPEX 2000,974611,2022-01-27,autoritate non-spital
SCN1100332,COMUNA PASTRAVENI,LIAMED / S.C. ANA INVEST & RESEARCH SRL / S.C. NERAMO DISTRIBUTION S.R.L.,60283,2022-01-27,autoritate non-spital
CAN1071990,SERVICIUL DE AMBULANTA AL JUDETULUI CLUJ,MEDISERV S.R.L.,6200,2022-01-28,autoritate non-spital
CN1038841,DIRECTIA GENERALA DE ASISTENTA SOCIALA SI PROTECTIA COPILULUI HUNEDOARA,FLYNG IMPEX S.R.L. / COMTIB S.R.L.,86967,2022-01-28,autoritate non-spital
SCN1094610,DELTA HEALTH CARE,DOICEMED,166470,2022-01-29,autoritate non-spital
51921-2022,SERVICIUL DE AMBULANTA JUDETEAN BISTRITA-NASAUD,ALISON HAYES (ROMANIA) / AVANT MARIS MEDICAL S.R.L. / CRIO - 2 S.R.L. / DELUXE CARDS / DRAEGER ROMANIA / LARY MELEK IM / LUAN VISION / MEDCLAS TRADING S.R.L. / MEDICAL GRUP / MEDIMPACT / MEDIST IMAGING & P.O.C. / Medplaza Health / NAFKA GRUP / NERAMO DISTRIBUTION / PAUL HARTMANN / ROVAL MED / SH MEDICAL SRL / TMS - TOP MEDICAL SUPPLIER / TZMO ROMANIA / X-Lab Solutions S.R.L.,4679606,2022-01-31,autoritate non-spital
468646-2021,Municipiul Craiova,,3877921,2022-01-31,autoritate non-spital
SCN1100443,COMUNA DURNESTI (CONSILIUL LOCAL),LIAMED / S.C. MEDCHIM EXPERT SRL S.R.L.,38045,2022-01-31,autoritate non-spital
SCN1100553,ORASUL POTCOAVA,LIAMED / SIGNAL SPECTRUM SRL-D,127428,2022-02-02,autoritate non-spital
95290-2022,OFICIUL NATIONAL PENTRU ACHIZITII CENTRALIZATE,BEST ACHIZITII,70200000,2022-02-03,autoritate non-spital
95291-2022,OFICIUL NATIONAL PENTRU ACHIZITII CENTRALIZATE,NMD ZET ZONE,19800000,2022-02-03,autoritate non-spital
95292-2022,OFICIUL NATIONAL PENTRU ACHIZITII CENTRALIZATE,SINOFARM ROMANIA S.R.L.,20100000,2022-02-03,autoritate non-spital
136357-2022,SECOM S.A. - DROBETA TURNU SEVERIN,ANALYTIK-JENA-ROMANIA S.R.L. / NITECH / SPECIALIZED MACHINERY SRL ( fost MABO VISION SRL ) / VESTRA INDUSTRY SRL,13775105,2022-02-03,entitate privata (SRL/SA)
CAN1070762,Jandarmeria Romana - U.M. 0260 Bucuresti,S.I.A.T. Consulting Service,711000,2022-02-03,unitate militara fara profil de spital
61326-2022,SERVICIUL DE AMBULANTA JUDETEAN ALBA,A&A FARMA DISTRIBUTION S.R.L / AVA MEDICAL SERVICES SRL / AVANT MARIS MEDICAL S.R.L. / B.BRAUN MEDICAL / BIZMED / CO&CO Consumer 2002 S.R.L. / CORAMED MEDIZINISCHE PRODUKTE / CRIO - 2 S.R.L. / DELUXE CARDS / DIRECT PHARMA LOGISTICS S.R.L. / EUROMEDICAL IMPORT EXPORT / HDL Union / IOANA N & M SRL / JOLIDON INTERNATIONAL / LUAN VISION / Limas Group S.R.L. / MED - AL TRADING SRL / MEDCLAS TRADING S.R.L. / MEDICAL GRUP / MEDIMPACT / MEDITECH CMA / Medplaza Health / NAFKA GRUP / Natural Es-medical S.R.L / PRODCONFARM S.R.L. / RICOMED / RUBICON EDITECH 89 S.R.L. / SAFETY GROUP SRL / SANROTEX TRADING SRL / TZMO ROMANIA / X-Lab Solutions S.R.L.,1041669,2022-02-04,autoritate non-spital
SCN1092952,MUNICIPIUL CAMPINA,Hospital Technical Solutions,648800,2022-02-05,autoritate non-spital
SCN1093537,COMUNA MANASTIREA,FLYNG IMPEX S.R.L.,93121,2022-02-05,autoritate non-spital
109425-2024,Directia Sanitara Veterinara si pentru Siguranta Alimentelor Suceava,A.M.S. 2000 TRADING IMPEX S.R.L. / Agilrom Scientific / DIALAB SOLUTIONS / DIAMEDIX IMPEX / EMSAR S.R.L. / LABORSISTEM S.R.L. / MEDICLIM S.R.L. / NOVA GROUP INVESTMENT / Noack Romania S.R.L. / PARTNERS MEDICAL SOLUTION S.R.L. / REDOX RESEARCH & ANALYTIC S.R.L. / S.C. NOVACHIM TRADING S.R.L. / TUNIC PROD S.R.L.,879106,2022-02-07,autoritate non-spital
238307-2024,Directia Sanitara Veterinara si pentru Siguranta Alimentelor Suceava,A.M.S. 2000 TRADING IMPEX S.R.L. / Agilrom Scientific / DIALAB SOLUTIONS / DIAMEDIX IMPEX / EMSAR S.R.L. / LABORSISTEM S.R.L. / MEDICLIM S.R.L. / NOVA GROUP INVESTMENT / Noack Romania S.R.L. / PARTNERS MEDICAL SOLUTION S.R.L. / REDOX RESEARCH & ANALYTIC S.R.L. / S.C. NOVACHIM TRADING S.R.L. / TUNIC PROD S.R.L.,347249,2022-02-07,autoritate non-spital
65951-2022,SERVICIUL JUDETEAN DE AMBULANTA ARGES,DELTAMED / MEDCLAS TRADING S.R.L. / NOVITRADE / SAFETY CONCEPT SOLUTIONS,1021238,2022-02-07,autoritate non-spital
65954-2022,MUNICIPIUL ORADEA,Ac Rad Medical Consult&Service / CORTECH MED S.R.L. / DELTAMED / GENERAL ELECTRIC MEDICAL SYSTEMS ROMANIA / KARL STORZ ENDOSCOPIA ROMANIA / PIXELDATA S.R.L. / S.C. AVITECH CO S.R.L. S.R.L. / SC REGIO MED SRL / VICI EVOLUTION S.R.L.,19337857,2022-02-07,autoritate non-spital
66088-2022,SERVICIUL JUDETEAN DE AMBULANTA ARGES,ATLAS MEDICAL / FLEXAL IMPEX S.R.L. / MEDICAL GRUP,2452540,2022-02-07,autoritate non-spital
66094-2022,Municipiul Craiova,PRIMERA MED TECHNOLOGY,3877800,2022-02-07,autoritate non-spital
66121-2022,COMPLEXUL MULTIFUNCTIONAL CARAIMAN,NEED FARM,1475723,2022-02-07,autoritate non-spital
66146-2022,COMPLEXUL MULTIFUNCTIONAL CARAIMAN,NEED FARM,179660,2022-02-07,autoritate non-spital
66176-2022,MUNICIPIUL ORADEA,DACORUM GRUP,417000,2022-02-07,autoritate non-spital
456487-2021,Universitatea 1 Decembrie 1918 Alba Iulia,,2926331,2022-02-07,autoritate non-spital
68442-2022,Jandarmeria Romana - U.M. 0260 Bucuresti,S.I.A.T. Consulting Service,474000,2022-02-08,unitate militara fara profil de spital
68643-2022,Serviciul de Ambulanta al Judetului Timis,ARTISANA MEDICAL S.R.L. / ATLAS SPORT / CO&CO Consumer 2002 S.R.L. / CRIO - 2 S.R.L. / DELUXE CARDS / DEMOPHORIUS HEALTHCARE / HDL Union / JOLIDON INTERNATIONAL / LUAN VISION / MEDCLAS TRADING S.R.L. / MEDICAL & GRAINS SUPPLIES - MGS / MEDICAL GRUP / MEDIST IMAGING & P.O.C. / NAFKA GRUP / NANO BIO MEDICAL S.R.L. / NOVENTIS International / Pansiprod Distributie / SAFETY GROUP SRL / SANTOMED S.R.L. / TAISSIS CONCEPT / VALDOMEDICA TRADING,2738183,2022-02-08,autoritate non-spital
639908-2020,Municipiul Mediaș,,1988710,2022-02-08,autoritate non-spital
88396-2022,Municipiul Sibiu,Carl Zeiss Instruments / FARMATIN MEDICAL / OPTIMED,726300,2022-02-09,autoritate non-spital
CN1039129,MINISTERUL APARARII - UNITATEA MILITARA 02464 BUCURESTI,CATTUS S.R.L. / PROMED SOLUTION MD SRL / Danson S.R.L. / MLM MEDICAL S.R.L. / S.C. MED TEHNICA SRL S.R.L.,683577,2022-02-09,unitate militara fara profil de spital
CN1039159,COMUNA HALMEU,S.C. SMART DISTRIBUTION S.R.L.,29304,2022-02-10,autoritate non-spital
SCN1100893,MUNICIPIUL ALEXANDRIA,FLAMATEX,75531,2022-02-10,autoritate non-spital
SCN1100936,ADMINISTRATIA PREZIDENTIALA,DDS Diagnostic / Medplaza Health,131100,2022-02-10,autoritate non-spital
SCN1100937,Comuna Moftin (Primaria Moftin),Dyomedica CND SRL / OVAVINCI SRL,224743,2022-02-10,autoritate non-spital
SCN1100954,MINISTERUL APARARII - U.M. 01512 SIBIU,S.C. TOP TECH S.R.L. / S.C. SOBIS SOLUTIONS S.R.L. / ETA2U,362448,2022-02-11,unitate militara fara profil de spital
SCN1101035,COMUNA TETCHEA (PRIMARIA COMUNEI TETCHEA),BLUE NEON / ANA INVEST & RESEARCH,516164,2022-02-11,autoritate non-spital
SCN1098118,Fundatia Amfiteatru,MERSAT TEHNIC SRL,151300,2022-02-14,autoritate non-spital
84459-2022,SERVICIUL DE AMBULANTA JUDETEAN IASI,ALPHA BRIO MEDICAL S.R.L. / CO&CO Consumer 2002 S.R.L. / CRIO - 2 S.R.L. / D&G GROUP S.R.L. / DELTAMED / DRAGER MEDICAL ROMANIA / GRAZY PRICE MEDICAL IMPORT EXPORT S.R.L. / MEDCLAS TRADING S.R.L. / MEDICAL GRUP / Medical Corp S.R.L. / Natural Es-medical S.R.L / Pansiprod Distributie / SANROTEX TRADING SRL / SCOP MEDICAL / SPD STAR / TMS - TOP MEDICAL SUPPLIER / TZMO ROMANIA / VALDOMEDICA TRADING,391777,2022-02-16,autoritate non-spital
573443-2021,JUDETUL CLUJ (CONSILIUL JUDETEAN),,1597247,2022-02-16,autoritate non-spital
CAN1073228,DIRECTIA DE SANATATE PUBLICA A MUNICIPIULUI BUCURESTI,Tody Laboratories Int,196000,2022-02-16,autoritate non-spital
SCN1096459,Societatea Nationala de Gaze Naturale Romgaz S.A.,INEDIT CLEAN TOTAL,18403,2022-02-16,entitate privata (SRL/SA)
SCN1101292,COMUNA GLODEANU SARAT (PRIMARIA),LIAMED / S.C. MEDCHIM EXPERT SRL S.R.L.,64236,2022-02-16,autoritate non-spital
SCN1101304,FEDERATIA ROMANA DE KAIAC CANOE,GOLDNUTRITION EEC / FITT-BEAUTY S.R.L. / PROFESSIONAL FARMA LINE,,2022-02-16,autoritate non-spital
SCN1101328,COMUNA TACUTA VASLUI,DELTA MOBIL / S.C. Filtre Aer Curat S.R.L. S.R.L.,24812,2022-02-16,autoritate non-spital
626443-2021,"UNIVERSITATEA DE MEDICINA SI FARMACIE ""GRIGORE T.POPA"" DIN IASI",,1824869,2022-02-17,autoritate non-spital
87807-2022,Municipiul Lupeni,,1120000,2022-02-18,autoritate non-spital
88101-2022,Primaria Rosiorii de Vede,,811725,2022-02-18,autoritate non-spital
88168-2022,SERVICIUL DE AMBULANTA JUDETEAN IASI,ALPHA BRIO MEDICAL S.R.L. / CO&CO Consumer 2002 S.R.L. / CRIO - 2 S.R.L. / D&G GROUP S.R.L. / DELTAMED / DRAGER MEDICAL ROMANIA / GRAZY PRICE MEDICAL IMPORT EXPORT S.R.L. / MEDCLAS TRADING S.R.L. / MEDICAL GRUP / Medical Corp S.R.L. / Natural Es-medical S.R.L / Pansiprod Distributie / SANROTEX TRADING SRL / SCOP MEDICAL / SPD STAR / TMS - TOP MEDICAL SUPPLIER / TZMO ROMANIA / VALDOMEDICA TRADING,594589,2022-02-18,autoritate non-spital
586425-2021,SC HOLLAND FARMING AGRO SRL,,1078000,2022-02-18,entitate privata (SRL/SA)
CN1039597,Penitenciarul Vaslui,G&M 2000 S.R.L. / Tody Laboratories Int / AI22L CLOUD S.R.L. / AMIA INVEST / GB INDCO S.R.L.,8700,2022-02-18,autoritate non-spital
92636-2022,JUDETUL VALCEA,,7398699,2022-02-21,autoritate non-spital
102022-2022,Municipiul Sibiu,DACO MEDICAL TECHNOLOGIES SRL / Novaintermed S.R.L. / S.C. DRAEGER ROMANIA S.R.L. / Sante International S.A. / TEHNO ELECTRO MEDICAL COMPANY S.R.L.,1166972,2022-02-21,autoritate non-spital
169739-2022,Orasul Cugir,ARGUS OPTIK / BIOTEC / BIVARIA GRUP S.R.L. / BTL ROMANIA APARATURA MEDICALA S.R.L. / CATTUS / CLINI-LAB / Danson S.R.L. / GLOBAL VIEW MEDICAL BUSINESS / HDL Union / MEDIKA H & S IMPEX S.R.L. / MEDIST IMAGING & P.O.C. / MINIMED SOLUTIONS S.R.L. / Medical Gazplus / OPTIMED / PRO CARDIA / REO MEDICAL APARATURA MEDICALA / RIDA S SRL / S.C. ELMED MEDICAL S.R.L. / SIEMENS HEALTHCARE SRL / TUNIC PROD S.R.L.,7192687,2022-02-22,autoritate non-spital
SCN1101614,LICEUL DE INFORMATICA GRIGORE C. MOISIL IASI,DYNAMIC CHEM S.R.L. / Karimed Partener,48324,2022-02-22,autoritate non-spital
97812-2022,SC HOLLAND FARMING AGRO SRL,LABORATORIUM S.R.L.,1078000,2022-02-23,entitate privata (SRL/SA)
97910-2022,SERVICIUL DE AMBULANTA BUCURESTI-ILFOV,ALISON HAYES (ROMANIA) / ALPHA NED 2000 EXIM / ARTISANA MEDICAL S.R.L. / AVA MEDICAL SERVICES SRL / AVANT MARIS MEDICAL S.R.L. / BIZMED / CO&CO Consumer 2002 S.R.L. / CRAD RO / CRIO - 2 S.R.L. / DELUXE CARDS / LUAN VISION / MEDICAL GRUP / MERCATOR MEDICAL / Medplaza Health / NAFKA GRUP / NERAMO DISTRIBUTION / RICOMED / TECHTEX / TZMO ROMANIA / VALDOMEDICA TRADING,1135656,2022-02-23,autoritate non-spital
97911-2022,SERVICIUL JUDETEAN DE AMBULANTA ARGES,ATLAS MEDICAL / FLEXAL IMPEX S.R.L. / MEDICAL GRUP,2452540,2022-02-23,autoritate non-spital
97960-2022,SERVICIUL JUDETEAN DE AMBULANTA ARGES,DELTAMED / MEDCLAS TRADING S.R.L. / NOVITRADE / SAFETY CONCEPT SOLUTIONS,1079522,2022-02-23,autoritate non-spital
SCN1101707,COMUNA POCOLA,TZE DISTRIBUTION / SIGNAL SPECTRUM SRL-D / ANA INVEST & RESEARCH,149208,2022-02-23,autoritate non-spital
2987-2022,ORASUL BUHUSI,,5595000,2022-02-24,autoritate non-spital
101486-2022,JUDETUL BOTOSANI,MEDIST IMAGING & P.O.C. S.R.L.,432400,2022-02-25,autoritate non-spital
101588-2022,Directia Sanitara Veterinara si pentru Siguranta Alimentelor Suceava,A.M.S. 2000 TRADING IMPEX S.R.L. / Agilrom Scientific / DIALAB SOLUTIONS / DIAMEDIX IMPEX / EMSAR S.R.L. / LABORSISTEM S.R.L. / MEDICLIM S.R.L. / NOVA GROUP INVESTMENT / Noack Romania S.R.L. / PARTNERS MEDICAL SOLUTION S.R.L. / REDOX RESEARCH & ANALYTIC S.R.L. / S.C. NOVACHIM TRADING S.R.L. / TUNIC PROD S.R.L.,879106,2022-02-25,autoritate non-spital
101669-2022,JUDETUL TELEORMAN,Proton Impex 2000 S.R.L.,510658,2022-02-25,autoritate non-spital
104643-2022,Societatea Nationala NUCLEARELECTRICA S.A.,ANN REEVES & FRANCESCA / AVA MEDICAL SERVICES SRL / BIZMED SRL / DENTSTORE / DOLEX COM / FLYNG IMPEX S.R.L. / GB INDCO S.R.L. / GENERAL MEDICALS ACTIVE SRL / MLM MEDICAL S.R.L. / NAGUMA MEDICAL SUPPLY / S.C. ANN REEVES & FRANCESCA S.A. / SC Demiuma Comimpex SRL / TOPALIS ENGINEERING SRL / UNICOMP,389688,2022-02-25,entitate privata (SRL/SA)
SCN1101883,COMUNA BACANI,S.C. VANELLI S.R.L. / SIGNAL SPECTRUM SRL-D / TOPP BV,25012,2022-02-25,autoritate non-spital
SCN1097161,DIRECTIA SANITARA VETERINARA SI PENTRU SIGURANTA ALIMENTELOR ARAD,NOVA GROUP INVESTMENT,75920,2022-02-26,autoritate non-spital
106037-2022,Serviciul Judetean de Ambulanta Botosani,BEST ACHIZITII / GENERAL MEDICALS ACTIVE SRL / Media2door / NAGUMA MEDICAL SUPPLY / NERAMO DISTRIBUTION / RICOMED / TAISSIS CONCEPT,677870,2022-02-28,autoritate non-spital
106136-2022,SERVICIUL DE AMBULANTA JUDETEAN ALBA,A&A FARMA DISTRIBUTION S.R.L / AVA MEDICAL SERVICES SRL / AVANT MARIS MEDICAL S.R.L. / B.BRAUN MEDICAL / BIZMED / CO&CO Consumer 2002 S.R.L. / CORAMED MEDIZINISCHE PRODUKTE / CRIO - 2 S.R.L. / DELUXE CARDS / DIRECT PHARMA LOGISTICS S.R.L. / EUROMEDICAL IMPORT EXPORT / HDL Union / IOANA N & M SRL / JOLIDON INTERNATIONAL / LUAN VISION / Limas Group S.R.L. / MED - AL TRADING SRL / MEDCLAS TRADING S.R.L. / MEDICAL GRUP / MEDIMPACT / MEDITECH CMA / Medplaza Health / NAFKA GRUP / Natural Es-medical S.R.L / PRODCONFARM S.R.L. / RICOMED / RUBICON EDITECH 89 S.R.L. / SAFETY GROUP SRL / SANROTEX TRADING SRL / TZMO ROMANIA / X-Lab Solutions S.R.L.,1041669,2022-02-28,autoritate non-spital
106260-2022,Directia Sanitara Veterinara si pentru Siguranta Alimentelor Suceava,A.M.S. 2000 TRADING IMPEX S.R.L. / DIALAB SOLUTIONS / Filara BioMed SRL / Global Event Solutions SRL / LABORATORIUM S.R.L. / MECRO SYSTEM S.R.L. / MEDICLIM S.R.L. / MERC INTERNATIONAL IMPEX S.R.L. / NITECH / NOVA GROUP INVESTMENT / Noack Romania S.R.L. / ROMVAC COMPANY / S.C. Agilrom Scientific S.R.L. / S.C. MUSO S.R.L. / S.C. NOVACHIM TRADING S.R.L. / S.C. REDOX RESEARCH & ANALYTIC S.R.L. S.R.L. / TOPOMEV OPTOSCIENCE / TUNIC PROD S.R.L.,418794,2022-02-28,autoritate non-spital
666224-2021,ORASUL MIOVENI,,900519,2022-02-28,autoritate non-spital
SCN1101943,Comuna Berceni (Primaria),Typo Das Invest / BIOCOMP,145069,2022-02-28,autoritate non-spital
108592-2022,JUDETUL CARAS-SEVERIN,PRIMERA MED TECHNOLOGY,83950,2022-03-01,autoritate non-spital
108625-2022,UNIVERSITATEA DUNAREA DE JOS,MEDIST IMAGING & P.O.C.,87900,2022-03-01,autoritate non-spital
108702-2022,DIRECTIA DE SANATATE PUBLICA A JUDETULUI IASI,TUNIC PROD S.R.L.,770000,2022-03-01,autoritate non-spital
108752-2022,Directia Sanitara Veterinara si pentru Siguranta Alimentelor Suceava,A.M.S. 2000 TRADING IMPEX S.R.L. / Agilrom Scientific / DIALAB SOLUTIONS / DIAMEDIX IMPEX / EMSAR S.R.L. / LABORSISTEM S.R.L. / MEDICLIM S.R.L. / NOVA GROUP INVESTMENT / Noack Romania S.R.L. / PARTNERS MEDICAL SOLUTION S.R.L. / REDOX RESEARCH & ANALYTIC S.R.L. / S.C. NOVACHIM TRADING S.R.L. / TUNIC PROD S.R.L.,879106,2022-03-01,autoritate non-spital
SCN1097405,"UNIVERSITATEA PENTRU STIINTELE VIETII "" ION IONESCU DE LA BRAD"" DIN IASI",LIAMED,23036,2022-03-01,autoritate non-spital
111155-2022,ORASUL BUHUSI,DTL Medical SRL / SC REGIO MED SRL,5595000,2022-03-02,autoritate non-spital
111192-2022,Serviciul de Ambulanta Judetean Bacau,MEDICAL GRUP / MEDIST IMAGING & P.O.C. / THREE PHARM / VALDOMEDICA TRADING,338033,2022-03-02,autoritate non-spital
SCN1102112,"UNIVERSITATEA ""LUCIAN BLAGA"" DIN SIBIU",COMTIB S.R.L.,158456,2022-03-02,autoritate non-spital
SCN1102194,Comuna Teaca,CATTUS S.R.L.,70100,2022-03-03,autoritate non-spital
114654-2022,SPITALUL CLINIC JUDETEAN MURES,,389914,2022-03-04,procedura anulata / fara castigator (confirmat in XML TED)
114680-2022,Serviciul de Ambulanta Judetean Bacau,MEDICAL GRUP / MEDIST IMAGING & P.O.C. / THREE PHARM / VALDOMEDICA TRADING,338033,2022-03-04,autoritate non-spital
114684-2022,INSTITUTUL NATIONAL DE HEMATOLOGIE TRANSFUZIONALA Prof.Dr.C.T.Nicolau,HEMAROM / MEDICAL LOGISTIC PARTNER,50011078,2022-03-04,institut de cercetare / fara paturi de spital
114960-2022,ORASUL MIOVENI,ALMED INVESTMENTS,895840,2022-03-04,autoritate non-spital
SCN1102237,COMUNA BALS,TELETIM S.R.L.,68237,2022-03-04,autoritate non-spital
SCN1102315,SERVICIUL DE AMBULANTA JUDETEAN COVASNA,X-Lab Solutions S.R.L. / CO&CO Consumer 2002 S.R.L. / NAFKA GRUP S.R.L. / Power Medical / ARTISANA MEDICAL S.R.L. / S.C.MEDICAL GRUP S.R.L.,81821,2022-03-05,autoritate non-spital
CN1033569,CONSILIUL JUDETEAN CONSTANTA,DELTAMED,155500,2022-03-06,autoritate non-spital
CN1040097,Institutul National de Cercetare Dezvoltare Medico Militara Cantacuzino,Sante International S.A. / BIOMEDICA MEDIZINPRODUKTE ROMANIA SRL / MEDICLIM S.R.L. / Elta 90 Medical Research SRL / BALMED S.R.L. / MOLECULAR GENOMICS S.R.L. / VitroBioChem S.R.L. / ANTISEL RO SRL / A.M.S. 2000 TRADING IMPEX S.R.L. / Novaintermed S.R.L.,,2022-03-06,institut de cercetare / fara paturi de spital
119261-2022,Municipiul Sibiu,DACORUM GRUP / PRIMERA MED TECHNOLOGY,309000,2022-03-07,autoritate non-spital
119361-2022,JUDETUL CLUJ (CONSILIUL JUDETEAN),CATTUS / CATTUS S.R.L. / DACO MEDICAL TECHNOLOGIES SRL / Danson S.R.L. / Dyomedica CND SRL / MEDICAL TECHNOLOGIES INTERNATIONAL / S.C. ELMED S.R.L.,758956,2022-03-07,autoritate non-spital
SCN1102378,"UNIVERSITATEA NATIONALA DE APARARE""CAROL I""",SIGNAL SPECTRUM SRL-D / S.C. APEL LASER S.R.L.,47000,2022-03-07,autoritate non-spital
121805-2022,Serviciul de Ambulanta Judetean Bihor,ARTISANA MEDICAL S.R.L. / DELUXE CARDS / EUROMEDICAL IMPORT EXPORT / Euroexpand Impex / Filtre Aer Curat S.R.L. / LUAN VISION / MEDICAL GRUP / MEDIMPACT / MEDITECH CMA / Medplaza Health / NAFKA GRUP / ROVAL MED / VALDOMEDICA TRADING,1322250,2022-03-08,autoritate non-spital
CAN1074547,Serviciul Judetean de Ambulanta Botosani,CRIO - 2 S.R.L.,16800,2022-03-08,autoritate non-spital
CN1035501,MINISTERUL APARARII - UNITATEA MILITARA 02464 BUCURESTI,DDS Diagnostic,,2022-03-08,unitate militara fara profil de spital
SCN1095098,Centrul de asistenta medico sociala Codaesti,LIAMED,482880,2022-03-08,autoritate non-spital
SCN1102459,DIRECTIA SANITARA VETERINARA SI PENTRU SIGURANTA ALIMENTELOR ALBA,NOVA GROUP INVESTMENT / ROMVAC COMPANY / DIALAB SOLUTIONS / Noack Romania S.R.L. / MEDICLIM S.R.L.,92976,2022-03-08,autoritate non-spital
123886-2022,Institutul National de Cercetare Dezvoltare Medico Militara Cantacuzino,,7229990,2022-03-09,institut de cercetare / fara paturi de spital
SCN1102491,COMUNA BALILESTI,SIGNAL SPECTRUM SRL-D / ATS NOVUS / BLUE NEON,42782,2022-03-09,autoritate non-spital
127798-2022,Judetul Brasov,HISTRIA INTERNATIONAL S.R.L.,48000,2022-03-11,autoritate non-spital
127957-2022,"UNIVERSITATEA DE MEDICINA SI FARMACIE ""GRIGORE T.POPA"" DIN IASI",SUPERMEDICAL / Sof Medica / TEHNO ELECTRO MEDICAL COMPANY S.R.L.,1550000,2022-03-11,autoritate non-spital
652308-2021,"UNIVERSITATEA DE MEDICINA SI FARMACIE ""GRIGORE T.POPA"" DIN IASI",,963706,2022-03-11,autoritate non-spital
652309-2021,"UNIVERSITATEA DE MEDICINA SI FARMACIE ""GRIGORE T.POPA"" DIN IASI",,1401849,2022-03-11,autoritate non-spital
SCN1102647,COMUNA FRECATEI (UNITATEA ADMINISTRATIV TERITORIALA A COMUNEI FRECATEI),OVAVINCI SRL / Danson S.R.L.,129990,2022-03-11,autoritate non-spital
SCN1102671,Directia Generala de Asistenta Sociala si Protectia Copilului Dolj,DELUXE MEDICRAFTS / TZMO ROMANIA,156500,2022-03-11,autoritate non-spital
SCN1102687,COMUNA PROBOTA,CLEANING LOGISTIC DISTRIBUTION S.R.L. / SIGNAL SPECTRUM SRL-D / RONTESA COM,22810,2022-03-11,autoritate non-spital
CN1040335,MINISTERUL APARARII - UNITATEA MILITARA 02464 BUCURESTI,CRIO - 2 S.R.L. / MLM MEDICAL S.R.L. / VALDOMEDICA TRADING / ESTIMA MEDICAL GROUP S.R.L. / ATLAS MEDICAL / S.C. Filtre Aer Curat S.R.L. S.R.L. / ARCA PERFORMANCE SOLUTIONS / Limas Group S.R.L. / PARTNERS MEDICAL SOLUTION S.R.L. / LUAN VISION / PAUL HARTMANN,,2022-03-13,unitate militara fara profil de spital
132384-2022,SPITALUL CLINIC DE BOLI INFECTIOASE SI PNEUMOFTIZIOLOGIE DR VICTOR BABES TIMISOARA,,5760000,2022-03-14,procedura anulata / fara castigator (confirmat in XML TED)
132416-2022,Municipiul Sibiu,Medical Corp S.R.L.,30680,2022-03-14,autoritate non-spital
SCN1092256,"SNTFC ""CFR CALATORI"" S.A.",Medica M3 Comexim,9339,2022-03-14,entitate privata (SRL/SA)
SCN1093743,Societatea Nationala de Transport Gaze Naturale TRANSGAZ SA,INEDIT CLEAN TOTAL,138152,2022-03-14,entitate privata (SRL/SA)
SCN1098206,Directia Sanitara Veterinara si pentru Siguranta Alimentelor Hunedoara,NOVA GROUP INVESTMENT,13000,2022-03-14,autoritate non-spital
SCN1102752,Comuna Abram,S.C. SMART DISTRIBUTION S.R.L.,92942,2022-03-14,autoritate non-spital
135187-2022,ORASUL SINAIA (Primaria Orasului Sinaia),BTL ROMANIA APARATURA MEDICALA S.R.L. / S.C. GENERAL ELECTRIC MEDICAL SYSTEMS ROMANIA S.R.L.,582500,2022-03-15,autoritate non-spital
155755-2022,"UNIVERSITATEA DE MEDICINA SI FARMACIE ""GRIGORE T.POPA"" DIN IASI",Sof Medica,18910000,2022-03-15,autoritate non-spital
137653-2022,ORASUL BECLEAN,CATTUS,280080,2022-03-16,autoritate non-spital
137715-2022,SERVICIUL DE AMBULANTA JUDETEAN MURES,CO&CO Consumer 2002 S.R.L. / CRIO - 2 S.R.L. / DELUXE CARDS / HDL Union / LUAN VISION / MEDCLAS TRADING S.R.L. / MEDICAL GRUP / NANO BIO MEDICAL S.R.L. / Natural Es-medical S.R.L / SC ANTONIA CONF SRL / VALDOMEDICA TRADING,508340,2022-03-16,autoritate non-spital
137745-2022,Serviciul de Ambulanta Judetean Galati,ALISON HAYES (ROMANIA) / ARTISANA MEDICAL S.R.L. / AVANT MARIS MEDICAL S.R.L. / B.BRAUN MEDICAL / BEST ACHIZITII / BIZMED / BIZMED SRL / CO&CO Consumer 2002 S.R.L. / GRAZY PRICE MEDICAL IMPORT EXPORT S.R.L. / JOLIDON INTERNATIONAL / LUAN VISION / MEDCLAS TRADING S.R.L. / MEDICAL GRUP / MEDIMPACT / NAFKA GRUP / PRODCONFARM S.R.L. / Pansiprod Distributie / THREE PHARM / TZMO ROMANIA / VALDOMEDICA TRADING,49597,2022-03-16,autoritate non-spital
137377-2022,"UNIVERSITATEA NATIONALA DE APARARE""CAROL I""",,17759716,2022-03-16,autoritate non-spital
SCN1102970,Ministerul Apararii U.M. 02412 Bucuresti,TEHNICAL DENT / MEDIDENT EXIM S.R.L. / Nastimed Serv / Dentotal Protect S.R.L.,27125,2022-03-17,unitate militara fara profil de spital
SCN1102998,Directia Sanitara Veterinara si pentru Siguranta Alimentelor Hunedoara,DIALAB SOLUTIONS / ANTISEL RO SRL / EUROVET LAB S.R.L.,144056,2022-03-17,autoritate non-spital
141684-2022,DIRECTIA DE SANATATE PUBLICA JUDETEANA CONSTANTA,BIOMEDICA MEDIZINPRODUKTE ROMANIA SRL / Elta 90 Medical Research SRL,836760,2022-03-18,autoritate non-spital
SCN1103108,UNIVERSITATEA TEHNICA DIN CLUJ NAPOCA,SIDE GRUP S.R.L.,98190,2022-03-18,autoritate non-spital
SCN1099665,ASOCIATIA CULTURALA FLOWER POWER,MEDIST IMAGING & P.O.C. S.R.L.,525000,2022-03-19,autoritate non-spital
146268-2022,Directia Sanitara Veterinara si pentru Siguranta Alimentelor Suceava,A.M.S. 2000 TRADING IMPEX S.R.L. / DIALAB SOLUTIONS / Filara BioMed SRL / Global Event Solutions SRL / LABORATORIUM S.R.L. / MECRO SYSTEM S.R.L. / MEDICLIM S.R.L. / MERC INTERNATIONAL IMPEX S.R.L. / NITECH / NOVA GROUP INVESTMENT / Noack Romania S.R.L. / ROMVAC COMPANY / S.C. Agilrom Scientific S.R.L. / S.C. MUSO S.R.L. / S.C. NOVACHIM TRADING S.R.L. / S.C. REDOX RESEARCH & ANALYTIC S.R.L. S.R.L. / TOPOMEV OPTOSCIENCE / TUNIC PROD S.R.L.,423674,2022-03-21,autoritate non-spital
146534-2022,Directia Sanitara Veterinara si pentru Siguranta Alimentelor Suceava,ANTISEL RO SRL / EMSAR S.R.L. / Elta 90 Medical Research SRL / Filara BioMed SRL / MEDICLIM S.R.L. / PARTNERS MEDICAL SOLUTION S.R.L. / ROVAL MED / S.C. ALISON HAYES (ROMANIA) S.R.L. / TUNIC PROD S.R.L.,1356108,2022-03-21,autoritate non-spital
673440-2021,Universitatea de Vest din Timisoara,,1757929,2022-03-21,autoritate non-spital
SCN1103335,UNIVERSITATEA TEHNICA GHEORGHE ASACHI DIN IASI,S.C. IRISTECH S.R.L.,42436,2022-03-22,autoritate non-spital
151660-2022,JUDETUL VALCEA,Dyomedica CND,21359,2022-03-23,autoritate non-spital
151807-2022,Directia Sanitara Veterinara si pentru Siguranta Alimentelor Suceava,ANTISEL RO SRL / EMSAR S.R.L. / Elta 90 Medical Research SRL / Filara BioMed SRL / MEDICLIM S.R.L. / PARTNERS MEDICAL SOLUTION S.R.L. / ROVAL MED / S.C. ALISON HAYES (ROMANIA) S.R.L. / TUNIC PROD S.R.L.,1356108,2022-03-23,autoritate non-spital
CN1040773,CORAX-BIONER CEU,ANTISEL RO SRL / Altium International SRL,105300,2022-03-24,autoritate non-spital
SCN1103501,Ministerul Apararii U.M. 02412 Bucuresti,Steril Romania S.R.L. / PAUL HARTMANN / Filtre Aer Curat S.R.L. / RS Medical Line,12157,2022-03-24,unitate militara fara profil de spital
155431-2022,SERVICIUL DE AMBULANTA BUCURESTI-ILFOV,ALPHA BRIO MEDICAL S.R.L. / AVA MEDICAL SERVICES SRL / BIZMED / CRIO - 2 S.R.L. / DELUXE CARDS / DEMOPHORIUS HEALTHCARE / FARMACIA OMNIA / FLEXAL IMPEX S.R.L. / IANLUX / MED - AL TRADING SRL / MEDIMPACT / Natural Es-medical S.R.L / PRION POCT / TECHTEX / VALDOMEDICA TRADING / X-Lab Solutions S.R.L.,1482805,2022-03-25,autoritate non-spital
155771-2022,COMPANIA NATIONALA LOTERIA ROMÂNA S.A.,AMIA INVEST / ATLAS SPORT / BEST ACHIZITII / CLEANING LOGISTIC DISTRIBUTION S.R.L. / DOLEX COM / EUROTOTAL COMP / FARMEC S.A. / NAGUMA MEDICAL SUPPLY / S.C. Medplaza Health S.R.L. / SC KLINTENSIV SRL (S.C. PRO INTEGRATOR S.R.L.),1430808,2022-03-25,entitate privata (SRL/SA)
276568-2022,CORAX-BIONER CEU,Elta 90 Medical Research SRL / S.C. Agilrom Scientific S.R.L. / TEKNOLEB LABORATORY SRL,2346517,2022-03-25,autoritate non-spital
SCN1103603,Directia Sanitara Veterinara si pentru Siguranta Alimentelor Buzau,TUNIC PROD S.R.L. / Elta 90 Medical Research SRL / ANTISEL RO SRL,125293,2022-03-25,autoritate non-spital
SCN1103611,INSPECTORATUL GENERAL AL POLITIEI ROMANE,LABORSISTEM S.R.L.,19760,2022-03-25,autoritate non-spital
SCN1103663,Orasul Sângeorgiu de Padure,SIDE GRUP S.R.L. / SOCADANCE MD SRL,270015,2022-03-25,autoritate non-spital
SCN1103699,COMUNA FANTANELE (Consiliul Local al Comunei Fantanele),S.C. PROHEALTH MED S.R.L. / S.C. Filtre Aer Curat S.R.L. S.R.L. / S.C. D&G GROUP S.R.L. S.R.L.,24311,2022-03-25,autoritate non-spital
SCN1103700,COMUNA GROPNITA (CONSILIUL LOCAL GROPNITA IASI),Karimed Partener / S.C. Filtre Aer Curat S.R.L. S.R.L. / S.C. D&G GROUP S.R.L. S.R.L.,26977,2022-03-25,autoritate non-spital
160147-2022,Serviciul de Ambulanta Judetean Bacau,COMPANIA NATIONALA UNIFARM / CRIO - 2 S.R.L. / LUAN VISION / NAGUMA MEDICAL SUPPLY,122710,2022-03-28,autoritate non-spital
160415-2022,"SPITALUL "" N.N.SAVEANU "" VIDRA",,3333001,2022-03-28,procedura anulata / fara castigator (confirmat in XML TED)
160418-2022,Serviciul de Ambulanta Judetean Bacau,ARTISANA MEDICAL S.R.L. / CO&CO Consumer 2002 S.R.L. / DELUXE CARDS / Novaintermed S.R.L. / SANIMED INTERNATIONAL IMPEX / VALDOMEDICA TRADING,180468,2022-03-28,autoritate non-spital
169518-2022,ORASUL BECLEAN,DIGI MEDICAL TEHNIC,1118005,2022-03-28,autoritate non-spital
CN1034220,Serviciul de Telecomunicatii Speciale,BLUEBOX MEDICAL,195000,2022-03-28,autoritate non-spital
SCN1103739,Directia Sanitara Veterinara si pentru Siguranta Alimentelor Cluj,Altium International SRL / DIALAB SOLUTIONS / TUNIC PROD S.R.L. / Noack Romania S.R.L. / NITECH S.R.L. / S.C. NOVACHIM TRADING S.R.L. / TYD ELAN S.R.L. / MEDICLIM S.R.L.,55456,2022-03-28,autoritate non-spital
438086-2020,Primaria Rosiorii de Vede,,8777141,2022-03-29,autoritate non-spital
613054-2021,Directia Generala de Asistenta Sociala si Protectia Copilului Constanta,,6200809,2022-03-29,autoritate non-spital
17860-2022,"UNIVERSITATEA DE MEDICINA SI FARMACIE ""GRIGORE T.POPA"" DIN IASI",,1933556,2022-03-29,autoritate non-spital
37373-2022,"UNIVERSITATEA DE MEDICINA SI FARMACIE ""GRIGORE T.POPA"" DIN IASI",,1997244,2022-03-29,autoritate non-spital
SCN1103839,PRIMARIA COMUNEI BARBATESTI,SIGNAL SPECTRUM SRL-D / SC ZAROM DESIGN SRL,153979,2022-03-29,autoritate non-spital
207433-2022,Primaria Turnu Magurele,ADION PRODIMPEXTRANS S.R.L. / HELLIMED / Integra Medical Business / KRAL MEDICAL SOLUTIONS SRL / LIAMED / PHYSIOMED APARATURA MEDICALA / S.C. EDITRONIC INTERNATIONAL S.R.L. / S.C. PRO CARDIA S.R.L. / TEHNOPLUS MEDICAL / ULTRASONIC S.R.L.,2026839,2022-03-30,autoritate non-spital
SCN1103899,Directia Generala de Asistenta Sociala si Protectia Copilului Gorj,TZMO ROMANIA / NEVADA DUAL S.R.L.,1184959,2022-03-30,autoritate non-spital
SCN1103958,UNITATEA MILITARA 02301,PROFESSIONAL FARMA LINE / S.C. Recosport S.R.L.,151752,2022-03-30,unitate militara fara profil de spital
169505-2022,SERVICIUL DE AMBULANTA JUDETEAN BRASOV,ALPHA NED 2000 EXIM / ARTISANA MEDICAL S.R.L. / BEST ACHIZITII / CO&CO Consumer 2002 S.R.L. / CORAMED MEDIZINISCHE PRODUKTE / DELUXE CARDS / DEMOPHORIUS HEALTHCARE SRL / GRAZY PRICE MEDICAL IMPORT EXPORT S.R.L. / HDL Union / LUAN VISION / MEDIMPACT / MEDIST IMAGING & P.O.C. S.R.L. / NAGUMA MEDICAL SUPPLY / NANO BIO MEDICAL S.R.L. / NOVEI COM S.R.L. / PRODCONFARM S.R.L. / Pansiprod Distributie / RUBICON EDITECH 89 S.R.L. / S.C. DELTAMED S.R.L. / S.C. MEDCLAS TRADING S.R.L. S.R.L. / S.C. Media2door S.R.L. / S.C. Medplaza Health S.R.L. / STERIL ROMANIA / TAISSIS CONCEPT / VALDOMEDICA TRADING,1803781,2022-04-01,autoritate non-spital
SCN1104173,Universitatea Tehnica de Constructii Bucuresti,FARMACIA OMNIA / INTERNATIONAL MERIT SRL,24781,2022-04-01,autoritate non-spital
SCN1104208,PRIMARIA AGNITA,NEOMED S.R.L. / MED HEALTHCARE PROJECT,140196,2022-04-01,autoritate non-spital
CN1041069,Comuna Poiana Stampei (Primaria Poiana Stampei),CREATIVE & INNOVATIVE MANAGEMENT / BIOFARM DISTRIBUTION,98517,2022-04-02,autoritate non-spital
174149-2022,"UNIVERSITATEA DE MEDICINA SI FARMACIE ""GRIGORE T.POPA"" DIN IASI",CARDIOTECH / MEDIST IMAGING & P.O.C. S.R.L. / SYNTTERGY CONSULT S.R.L.,963506,2022-04-04,autoritate non-spital
SCN1104297,"UNIVERSITATEA NATIONALA DE APARARE""CAROL I""",LIAMED,118450,2022-04-04,autoritate non-spital
209719-2022,MINISTERUL APARARII - UNITATEA MILITARA 02464 BUCURESTI,DDS Diagnostic,865000,2022-04-05,unitate militara fara profil de spital
367147-2020,MUNICIPIUL ARAD,,11512605,2022-04-07,autoritate non-spital
229583-2022,"UNIVERSITATEA DE MEDICINA SI FARMACIE ""GRIGORE T.POPA"" DIN IASI",CATTUS S.R.L. / Sof Medica,1706000,2022-04-07,autoritate non-spital
SCN1104568,COMUNA JIJILA,BALOGIC S.R.L.,208998,2022-04-07,autoritate non-spital
183641-2022,SERVICIUL DE AMBULANTA JUDETEAN CONSTANTA,Medplaza Health,576000,2022-04-08,autoritate non-spital
183706-2022,COMUNA CRISTINESTI (PRIMARIA),,139087,2022-04-08,autoritate non-spital
183823-2022,"Universitatea de Medicina si Farmacie ""Iuliu Hatieganu"" Cluj-Napoca",Nastimed Serv / S.C. Medica M3 Comexim S.R.L. / TEHNODENT POKA S.R.L.,1479430,2022-04-08,autoritate non-spital
184073-2022,"UNIVERSITATEA DE MEDICINA SI FARMACIE ""GRIGORE T.POPA"" DIN IASI",DIALAB SOLUTIONS / Elta 90 Medical Research SRL / SC NUTRICOR BUSINESS SRL / accela s.r.o.,1982358,2022-04-08,autoritate non-spital
SCN1104657,COMUNA SANPAUL,BLUE NEON / SIGNAL SPECTRUM SRL-D,410399,2022-04-08,autoritate non-spital
SCN1104709,Comuna Tibucani,SIGNAL SPECTRUM SRL-D / ATS NOVUS / BLUE NEON / TOP TRADE MEDICAL,52971,2022-04-08,autoritate non-spital
398368-2022,JUDETUL GIURGIU,DAC TECHNOLOGY S.R.L. / Dental Vladmed V&M SRL / SOUL MEDICAL,2276213,2022-04-11,autoritate non-spital
191875-2022,SERVICIUL DE AMBULANTA JUDETEAN CONSTANTA,DELUXE CARDS,62400,2022-04-12,autoritate non-spital
200635-2022,"LICEUL TEORETIC ""CONSTANTIN SERBAN""",S.C. ANA INVEST & RESEARCH SRL,505356,2022-04-12,autoritate non-spital
CAN1076857,SERVICIUL DE AMBULANTA JUDETEAN VRANCEA,REVORA TOPMEDAS S.R.L.,86543,2022-04-12,autoritate non-spital
CAN1076867,SERVICIUL DE AMBULANTA JUDETEAN VRANCEA,ROSALVAMED PLUS,47514,2022-04-12,autoritate non-spital
SCN1104802,Cresa pentru Educatie Timpurie,H.B.P. EKO DISTRIBUTION / SIDE GRUP S.R.L. / FLYNG IMPEX S.R.L. / Papyrus Romania SRL,597020,2022-04-12,autoritate non-spital
195054-2022,Serviciul de Ambulanta al Judetului Timis,ARTISANA MEDICAL S.R.L. / ATLAS SPORT / CO&CO Consumer 2002 S.R.L. / CRIO - 2 S.R.L. / DELUXE CARDS / DEMOPHORIUS HEALTHCARE / HDL Union / JOLIDON INTERNATIONAL / LUAN VISION / MEDCLAS TRADING S.R.L. / MEDICAL & GRAINS SUPPLIES - MGS / MEDICAL GRUP / MEDIST IMAGING & P.O.C. / NAFKA GRUP / NANO BIO MEDICAL S.R.L. / NOVENTIS International / Pansiprod Distributie / SAFETY GROUP SRL / SANTOMED S.R.L. / TAISSIS CONCEPT / VALDOMEDICA TRADING,2738183,2022-04-13,autoritate non-spital
515857-2021,"CONSILIUL JUDETUL PRAHOVA, DIRECTIA SERVICII SI ACHIZITII PUBLICE",,7028697,2022-04-13,autoritate non-spital
207497-2022,Ministerul Culturii,"A.F. MARCOTEC BUCURESTI-CONSULTING, ENGINEERING, MARKETING / ANAIDRO COMPANY S.R.L.",1090406,2022-04-13,autoritate non-spital
SCN1105033,DIRECTIA SANITARA VETERINARA SI PENTRU SIGURANTA ALIMENTELOR BACAU,ROMVAC COMPANY / Noack Romania S.R.L. / KARISSMED TRADE SRL / Filara BioMed SRL / EMSAR S.R.L. / DIALAB SOLUTIONS / DELTAROM SRL / A.M.S. 2000 TRADING IMPEX / Agilrom Scientific / DIAMEDIX IMPEX / FOTOMETRIC INSTRUMENTS S.R.L. / EUROVET LAB S.R.L. / NOVA GROUP INVESTMENT / INTERLAB AUSTRIA SRL / TUNIC PROD S.R.L. / Tody Laboratories Int / REDOX RESEARCH & ANALYTIC S.R.L. / MEDICLIM S.R.L.,315772,2022-04-13,autoritate non-spital
CN1037558,SC BORUDENT SRL,Medica M3 Comexim,36800,2022-04-14,entitate privata (SRL/SA)
199890-2022,"UNIVERSITATEA DE MEDICINA SI FARMACIE ""GRIGORE T.POPA"" DIN IASI",ANTISEL RO SRL / MEDIST LIFE SCIENCE S.R.L.,1079857,2022-04-15,autoritate non-spital
200264-2022,Directia Generala de Asistenta Sociala si Protectia Copilului Sector 2,DUMITRU BUSINESS HOUSE IMPEX / LOIAL OFFICE S.R.L. / Target Point,179149,2022-04-15,autoritate non-spital
200379-2022,Municipiul Sibiu,DG DIAGNOSTICS S.R.L. / Novaintermed S.R.L. / PRION POCT,275400,2022-04-15,autoritate non-spital
200477-2022,SC BORUDENT SRL,Medica M3 Comexim,36800,2022-04-15,entitate privata (SRL/SA)
200790-2022,"COLEGIUL TEHNIC ""ALEXANDRU ROMAN"" ALESD",S.C. ANA INVEST & RESEARCH SRL,398732,2022-04-15,autoritate non-spital
200838-2022,DIRECTIA SANITARA VETERINARA SI PENTRU SIGURANTA ALIMENTELOR BRASOV,A.M.S. 2000 TRADING IMPEX / ANTISEL RO / Agilrom Scientific / DIALAB SOLUTIONS / DIAMEDIX IMPEX / EUROVET LAB / FARMAVET / Filara BioMed SRL / MEDICLIM S.R.L. / NOVA GROUP INVESTMENT / NOVACHIM TRADING / ROMVAC COMPANY / SANIMED INTERNATIONAL IMPEX / TUNIC PROD S.R.L.,3123783,2022-04-15,autoritate non-spital
200893-2022,Primaria Rosiorii de Vede,MEDIST IMAGING & P.O.C.,4816500,2022-04-15,autoritate non-spital
CN1041671,SERVICIUL JUDETEAN DE AMBULANTA ARGES,CO&CO Consumer 2002 S.R.L. / SANROTEX TRADING SRL / ALTESSE CONCEPT STORE SRL / NAFKA GRUP S.R.L. / X-Lab Solutions S.R.L. / A&A FARMA DISTRIBUTION S.R.L,1271030,2022-04-15,autoritate non-spital
207508-2022,Serviciul de Ambulanta Judetean Galati,ALISON HAYES (ROMANIA) / ARTISANA MEDICAL S.R.L. / AVANT MARIS MEDICAL S.R.L. / B.BRAUN MEDICAL / BEST ACHIZITII / BIZMED / BIZMED SRL / CO&CO Consumer 2002 S.R.L. / GRAZY PRICE MEDICAL IMPORT EXPORT S.R.L. / JOLIDON INTERNATIONAL / LUAN VISION / MEDCLAS TRADING S.R.L. / MEDICAL GRUP / MEDIMPACT / NAFKA GRUP / PRODCONFARM S.R.L. / Pansiprod Distributie / THREE PHARM / TZMO ROMANIA / VALDOMEDICA TRADING,52547,2022-04-19,autoritate non-spital
37549-2022,"UNIVERSITATEA DE MEDICINA SI FARMACIE ""GRIGORE T.POPA"" DIN IASI",,850500,2022-04-19,autoritate non-spital
240752-2022,"UNIVERSITATEA DE MEDICINA SI FARMACIE ""GRIGORE T.POPA"" DIN IASI",MEDIST LIFE SCIENCE S.R.L.,1238989,2022-04-19,autoritate non-spital
SCN1105437,INSTITUTUL NATIONAL DE CERCETARE-DEZVOLTARE PENTRU FIZICA MATERIALELOR,S.C. METROHM ANALYTICS ROMANIA S.R.L. / DACCHIM S.R.L.,71291,2022-04-19,institut de cercetare / fara paturi de spital
SCN1105471,Comuna Niculesti-Judetul Dambovita,CATTUS S.R.L. / ATS NOVUS / DELUXE MEDICRAFTS,73047,2022-04-19,autoritate non-spital
SCN1105499,COMUNA COSTULENI,BEST ACHIZITII / MOLDWAYS S.R.L.,92340,2022-04-19,autoritate non-spital
209697-2022,Directia Generala de Asistenta Sociala si Protectia Copilului Constanta,DELUXE CARDS / EUROTOTAL COMP / TRIDENT MEDICAL COMPANY S.R.L.,2402591,2022-04-20,autoritate non-spital
209728-2022,MINISTERUL APARARII - UNITATEA MILITARA 02464 BUCURESTI,MEDIQ INNOVATIVE TECHNOLOGIES SRL,40265000,2022-04-20,unitate militara fara profil de spital
209802-2022,"UNIVERSITATEA DE MEDICINA SI FARMACIE ""GRIGORE T.POPA"" DIN IASI",ARCA PERFORMANCE SOLUTIONS / SYNTTERGY CONSULT S.R.L. / TEHNO ELECTRO MEDICAL COMPANY S.R.L.,1138369,2022-04-20,autoritate non-spital
548824-2021,Ministerul Apararii - Unitatea Militara 02550 Bucuresti,,,2022-04-20,unitate militara fara profil de spital
229438-2022,Universitatea de Științe Agronomice și Medicină Veterinară din București,LABORATORIUM S.R.L. / S.C. CHROMAKTIV S.R.L. / Shimadzu Handelsgesellschaft mbH,791500,2022-04-20,autoritate non-spital
232524-2022,JUDETUL VALCEA,MEDIST IMAGING & P.O.C. S.R.L.,1480000,2022-04-20,autoritate non-spital
SCN1099566,DISTRIBUȚIE ENERGIE ELECTRICĂ ROMANIA S.A.,YORK FARM,,2022-04-20,entitate privata (SRL/SA)
SCN1105645,ORASUL STEI,BRISO IMPEX S.R.L.,118191,2022-04-21,autoritate non-spital
211741-2022,Directia Sanitara Veterinara si pentru Siguranta Alimentelor Suceava,ANTISEL RO SRL / EMSAR S.R.L. / Elta 90 Medical Research SRL / Filara BioMed SRL / MEDICLIM S.R.L. / PARTNERS MEDICAL SOLUTION S.R.L. / ROVAL MED / S.C. ALISON HAYES (ROMANIA) S.R.L. / TUNIC PROD S.R.L.,1356108,2022-04-22,autoritate non-spital
211777-2022,SERVICIUL DE AMBULANTA JUDETEAN VRANCEA,CO&CO Consumer 2002 S.R.L. / CRIO - 2 S.R.L. / D&G GROUP S.R.L. / DELUXE CARDS / HELLIMED / MEDICAL GRUP / MEDIMPACT / MEDIST IMAGING & P.O.C. / REVORA TOPMEDAS / X-Lab Solutions S.R.L.,382690,2022-04-22,autoritate non-spital
211795-2022,"CONSILIUL JUDETUL PRAHOVA, DIRECTIA SERVICII SI ACHIZITII PUBLICE",BPM TEHNOLOGICA / CORTECH MED S.R.L. / SOUL MEDICAL,6853190,2022-04-22,autoritate non-spital
211796-2022,"CONSILIUL JUDETUL PRAHOVA, DIRECTIA SERVICII SI ACHIZITII PUBLICE",SOUL MEDICAL,163000,2022-04-22,autoritate non-spital
211878-2022,SERVICIUL DE AMBULANTA JUDETEAN CONSTANTA,AVANT MARIS MEDICAL S.R.L. / DELUXE CARDS,559200,2022-04-22,autoritate non-spital
215060-2022,"UNIVERSITATEA DE MEDICINA SI FARMACIE ""GRIGORE T.POPA"" DIN IASI",LABORATORIUM LIFE SCIENCE SRL,389700,2022-04-25,autoritate non-spital
SCN1099592,"SNTFC ""CFR CALATORI"" S.A.",D&G GROUP S.R.L.,8250,2022-04-25,entitate privata (SRL/SA)
217718-2022,JUDETUL BOTOSANI,,461857,2022-04-26,autoritate non-spital
217919-2022,SERVICIUL DE AMBULANTA JUDETEAN VRANCEA,CO&CO Consumer 2002 S.R.L. / CRIO - 2 S.R.L. / D&G GROUP S.R.L. / DELUXE CARDS / HELLIMED / MEDICAL GRUP / MEDIMPACT / MEDIST IMAGING & P.O.C. / REVORA TOPMEDAS / X-Lab Solutions S.R.L.,382690,2022-04-26,autoritate non-spital
338945-2021,Municipiul Sibiu,,1142396,2022-04-26,autoritate non-spital
CN1034765,Municipiul Timisoara,VODIMEDICOR S.R.L.,43000,2022-04-26,autoritate non-spital
SCN1105776,Comuna Bughea de Sus,SIGNAL SPECTRUM SRL-D / ATS NOVUS / SOLUTIONS LINE S.R.L.,34785,2022-04-26,autoritate non-spital
SCN1105878,Comuna Scheia (Consiliul local Scheia),Karimed Partener / AMIA INVEST,28503,2022-04-27,autoritate non-spital
SCN1105912,Primaria Municipiului Tarnaveni,Algila SRL,502698,2022-04-28,autoritate non-spital
SCN1105975,"Liceul Teoretic ""Mihai Eminescu"" Calarasi",MOONHONIQUE COMP / CREATIVE & INNOVATIVE MANAGEMENT / VANELLI,332960,2022-04-28,autoritate non-spital
225031-2022,MINISTERUL APARARII - UNITATEA MILITARA 02464 BUCURESTI,ALPHA BRIO MEDICAL S.R.L. / CRIO - 2 S.R.L. / DELUXE CARDS / ELPIS LOGIC BUSINESS SRL / LUAN VISION / MEDICO INTERNATIONAL S.R.L. / MEGACONS-BRILLAGO / MLM MEDICAL S.R.L. / Novaintermed S.R.L. / PAUL HARTMANN / PRODCONFARM S.R.L. / RADOX S.R.L. / RAFI MEDICAL / S.C. Medplaza Health S.R.L. / S.C. Natural Es-medical S.R.L S.R.L. / SINOFARM ROMANIA S.R.L. / STERIL ROMANIA / TZMO ROMANIA / VALDOMEDICA TRADING / VETRO DESIGN S.R.L.,276156892,2022-04-29,unitate militara fara profil de spital
CN1042029,Universitatea Tehnica de Constructii Bucuresti,Atelecom Business Inspire / KARLA AUCTION TEAM / SIGNAL SPECTRUM SRL-D,319350,2022-04-29,autoritate non-spital
SCN1106005,COMPANIA NATIONALA DE ADMINISTRARE A INFRASTRUCTURII RUTIERE S.A.,VETRO DESIGN / FIRE&RESCUE SERVICES SRL,58544,2022-04-29,entitate privata (SRL/SA)
SCN1106045,UNITATEA ADMINISTRATIV TERITORIALA DUDESTI,SIGNAL SPECTRUM SRL-D / ATS NOVUS / DELUXE MEDICRAFTS,101470,2022-04-29,autoritate non-spital
SCN1101414,DIRECTIA SANITARA VETERINARA SI PENTRU SIGURANTA ALIMENTELOR NEAMT,DIALAB SOLUTIONS,19354,2022-05-01,autoritate non-spital
229413-2022,Directia Generala de Asistenta Sociala si Protectia Copilului Sector 2,DUMITRU BUSINESS HOUSE IMPEX / LOIAL OFFICE S.R.L. / Target Point,196616,2022-05-02,autoritate non-spital
229490-2022,Municipiul Sibiu,SIEMENS HEALTHCARE SRL,990000,2022-05-02,autoritate non-spital
229531-2022,JUDETUL GIURGIU,Dental Vladmed V&M SRL,541500,2022-05-02,autoritate non-spital
74417-2022,JUDETUL SALAJ,,4158908,2022-05-02,autoritate non-spital
SCN1106073,ORASUL HOREZU - CONSILIUL LOCAL HOREZU,DELUXE MEDICRAFTS / S.C. FARMACIA OMNIA S.R.L.,28701,2022-05-02,autoritate non-spital
SCN1106095,Comuna Hantesti (Primaria Comunei Hantesti),CLEANING LOGISTIC DISTRIBUTION S.R.L. / BEST ACHIZITII / S.C. ALISON HAYES (ROMANIA) S.R.L.,22609,2022-05-02,autoritate non-spital
232386-2022,Municipiul Cluj-Napoca,,192058,2022-05-03,autoritate non-spital
232417-2022,JUDETUL SALAJ,,52330,2022-05-03,autoritate non-spital
235729-2022,CONSILIUL JUDETEAN GORJ,SC LANCO SRL,88296,2022-05-04,autoritate non-spital
235814-2022,Municipiul Carei,GRAZY PRICE MEDICAL IMPORT EXPORT S.R.L. / LUAN VISION / RICOMED,43085,2022-05-04,autoritate non-spital
CAN1077610,Comuna Ciorasti,V.R. CRONOS COM SRL,30980,2022-05-04,autoritate non-spital
CN1042158,MUNICIPIUL ARAD,STRYKER ROMANIA S.R.L. / MEDICAL TECHNOLOGIES INTERNATIONAL,80500,2022-05-04,autoritate non-spital
SCN1106292,SCOALA GIMNAZIALA NR. 1 BELCIUGATELE,CREATIVE & INNOVATIVE MANAGEMENT / CENSUS GROUP,202920,2022-05-04,autoritate non-spital
97480-2022,"UNIVERSITATEA DE MEDICINA SI FARMACIE ""GRIGORE T.POPA"" DIN IASI",,925000,2022-05-05,autoritate non-spital
240746-2022,"UNIVERSITATEA DE MEDICINA SI FARMACIE ""GRIGORE T.POPA"" DIN IASI",MEDIST LIFE SCIENCE S.R.L.,33700,2022-05-06,autoritate non-spital
240747-2022,"UNIVERSITATEA DE MEDICINA SI FARMACIE ""GRIGORE T.POPA"" DIN IASI",MEDIST LIFE SCIENCE S.R.L.,850250,2022-05-06,autoritate non-spital
240797-2022,JUDETUL GIURGIU,DAC TECHNOLOGY S.R.L. / Dental Vladmed V&M SRL,821213,2022-05-06,autoritate non-spital
241149-2022,Directia Sanitar Veterinara si pentru Siguranta Alimentelor Braila,DIALAB SOLUTIONS / DIAMEDIX IMPEX / Filara BioMed SRL / MEDICLIM S.R.L. / NOVA GROUP INVESTMENT / Noack Romania S.R.L. / Omnivet Impex S.R.L. / ROMVAC COMPANY,2929094,2022-05-06,autoritate non-spital
241264-2022,MUNICIPIUL ARAD,ACVAROM INTERNATIONAL / BROKMED / BTL ROMANIA APARATURA MEDICALA S.R.L. / DIAPRO TOP / EYECON MEDICAL / GENERAL ELECTRIC MEDICAL SYSTEMS ROMANIA / HELLIMED / KARL STORZ ENDOSCOPIA ROMANIA / LIAMED / MEDIST IMAGING & P.O.C. / Medical Corp S.R.L. / NANO BIO MEDICAL S.R.L. / PAPAPOSTOLOU S.R.L / S.C. ELMED MEDICALS.R.L. / S.C. LINDE GAZ ROMANIA S.R.L. S.R.L. / S.C. Medical Gazplus S.R.L. / SAPACO 2000 S.A. / STRYKER ROMANIA S.R.L. / Sof Medica / TEHNOPLUS MEDICAL,8078136,2022-05-06,autoritate non-spital
241352-2022,Municipiul Sibiu,DACORUM GRUP / LIAMED / NANO BIO MEDICAL S.R.L.,67858,2022-05-06,autoritate non-spital
241613-2022,MINISTERUL APARARII - UNITATEA MILITARA 02464 BUCURESTI,ATLAS MEDICAL / AVENA MEDICA S.R.L. / AXIOMED SOLUTIONS SRL / CRIO - 2 S.R.L. / DELUXE CARDS / GRAZY PRICE MEDICAL IMPORT EXPORT S.R.L. / LUAN VISION / MEDIMPACT / MLM MEDICAL S.R.L. / PARTNERS MEDICAL SOLUTION S.R.L. / PAUL HARTMANN / PRODCONFARM S.R.L. / S.C. MEDITECH S.R.L. S.R.L. / Tody Laboratories Int,3178686,2022-05-06,unitate militara fara profil de spital
245643-2022,Societatea Nationala NUCLEARELECTRICA S.A.,ANN REEVES & FRANCESCA / AVA MEDICAL SERVICES SRL / BIZMED SRL / DENTSTORE / DOLEX COM / FLYNG IMPEX S.R.L. / GB INDCO S.R.L. / GENERAL MEDICALS ACTIVE SRL / MLM MEDICAL S.R.L. / NAGUMA MEDICAL SUPPLY / S.C. ANN REEVES & FRANCESCA S.A. / SC Demiuma Comimpex SRL / TOPALIS ENGINEERING SRL / UNICOMP,428688,2022-05-06,entitate privata (SRL/SA)
SCN1106471,SCOALA GIMNAZIALA CONSTANTIN GEORGE CALINESCU,S.C. CONTE IMPEX S.R.L. S.R.L. / C&C ACTIV GENERAL CONCEPT / P-SEVENTEEN SOLUTIONS,90061,2022-05-06,autoritate non-spital
SCN1106540,Comuna SALCIOARA,SIGNAL SPECTRUM SRL-D / ATS NOVUS / VETRO DESIGN,42039,2022-05-09,autoritate non-spital
247083-2022,INSTITUTUL NATIONAL DE HEMATOLOGIE TRANSFUZIONALA Prof.Dr.C.T.Nicolau,CHRONOS TRADE MEDICAL,54640900,2022-05-10,institut de cercetare / fara paturi de spital
247266-2022,Serviciul de Ambulanta Judetean Bihor,ARTISANA MEDICAL S.R.L. / DELUXE CARDS / EUROMEDICAL IMPORT EXPORT / Euroexpand Impex / Filtre Aer Curat S.R.L. / LUAN VISION / MEDICAL GRUP / MEDIMPACT / MEDITECH CMA / Medplaza Health / NAFKA GRUP / ROVAL MED / VALDOMEDICA TRADING,1322250,2022-05-10,autoritate non-spital
247350-2022,"UNIVERSITATEA DE MEDICINA SI FARMACIE ""GRIGORE T.POPA"" DIN IASI",NUTRICOR BUSINESS,925000,2022-05-10,autoritate non-spital
SCN1106597,COMUNA PARVA (Consiliul Local al comunei Parva),SIGNAL SPECTRUM SRL-D / AMIA INVEST / ATS NOVUS / VETRO DESIGN,37286,2022-05-10,autoritate non-spital
250086-2022,INSPECTORATUL GENERAL AL POLITIEI ROMANE,ANTISEL RO SRL,340000,2022-05-11,autoritate non-spital
259249-2022,Primaria orasului Uricani,ANA INVEST & RESEARCH,939700,2022-05-11,autoritate non-spital
CAN1078828,INSTITUTUL NATIONAL CERCETARE DEZVOLTARE PENTRU ECOLOGIE INDUSTRIALA,MERC INTERNATIONAL IMPEX S.R.L.,3149,2022-05-11,institut de cercetare / fara paturi de spital
CAN1078833,INSTITUTUL NATIONAL CERCETARE DEZVOLTARE PENTRU ECOLOGIE INDUSTRIALA,Agilrom Scientific,20052,2022-05-11,institut de cercetare / fara paturi de spital
SCN1106702,SCOALA GIMNAZIALA PLATONESTI,CREATIVE / FARMEC S.A.,79431,2022-05-11,autoritate non-spital
CAN1078862,INSTITUTUL NATIONAL CERCETARE DEZVOLTARE PENTRU ECOLOGIE INDUSTRIALA,Shimadzu Handelsgesellschaft mbH,7200,2022-05-12,institut de cercetare / fara paturi de spital
CAN1078866,INSTITUTUL NATIONAL CERCETARE DEZVOLTARE PENTRU ECOLOGIE INDUSTRIALA,RONEXPRIM,5301,2022-05-12,institut de cercetare / fara paturi de spital
CN1042604,COMUNA BENESAT,DAC TECHNOLOGY S.R.L. / GERMROM TRADING IMPORT EXPORT S.R.L.,147799,2022-05-12,autoritate non-spital
SCN1106797,DIRECTIA SANITARA VETERINARA SI PENTRU SIGURANTA ALIMENTELOR ALBA,Altium International SRL / FOTOMETRIC INSTRUMENTS S.R.L. / MEDICLIM S.R.L. / EMSAR S.R.L. / DIAMEDIX IMPEX,42206,2022-05-12,autoritate non-spital
254045-2022,JUDETUL SALAJ,SIEMENS HEALTHCARE SRL,4150000,2022-05-13,autoritate non-spital
254535-2022,CONSILIUL JUDETEAN GORJ,ADION PRODIMPEXTRANS S.R.L. / S.C. NERAMO DISTRIBUTION S.R.L.,8329,2022-05-13,autoritate non-spital
CN1042678,Municipiul Sibiu,LC RHEA MEDICAL CARE S.R.L. / CATTUS S.R.L.,589251,2022-05-15,autoritate non-spital
259120-2022,Directia Sanitara Veterinara si pentru Siguranta Alimentelor Suceava,A.M.S. 2000 TRADING IMPEX S.R.L. / Agilrom Scientific / DIALAB SOLUTIONS / DIAMEDIX IMPEX / EMSAR S.R.L. / LABORSISTEM S.R.L. / MEDICLIM S.R.L. / NOVA GROUP INVESTMENT / Noack Romania S.R.L. / PARTNERS MEDICAL SOLUTION S.R.L. / REDOX RESEARCH & ANALYTIC S.R.L. / S.C. NOVACHIM TRADING S.R.L. / TUNIC PROD S.R.L.,879106,2022-05-16,autoritate non-spital
259274-2022,Serviciul de Ambulanta al Judetului Timis,ARTISANA MEDICAL S.R.L. / ATLAS SPORT / CO&CO Consumer 2002 S.R.L. / CRIO - 2 S.R.L. / DELUXE CARDS / DEMOPHORIUS HEALTHCARE / HDL Union / JOLIDON INTERNATIONAL / LUAN VISION / MEDCLAS TRADING S.R.L. / MEDICAL & GRAINS SUPPLIES - MGS / MEDICAL GRUP / MEDIST IMAGING & P.O.C. / NAFKA GRUP / NANO BIO MEDICAL S.R.L. / NOVENTIS International / Pansiprod Distributie / SAFETY GROUP SRL / SANTOMED S.R.L. / TAISSIS CONCEPT / VALDOMEDICA TRADING,2738183,2022-05-16,autoritate non-spital
259201-2022,DIRECTIA GENERALA DE ASISTENTA SOCIALA SI PROTECTIA COPILULUI BOTOSANI,ARCA MONDO CHIM S.R.L. / C&C ACTIV GENERAL CONCEPT / C&I BESTSELLER PRODUCTION / CRAD RO / DELTA MOBIL / MOPEKA IMPEX S.R.L. / SEILAND / SIDE GRUP S.R.L. / TZMO ROMANIA,1020945,2022-05-16,autoritate non-spital
304664-2022,Judetul Covasna,X-Lab Solutions S.R.L.,2972574,2022-05-16,autoritate non-spital
CN1042774,"Universitatea de Medicina si Farmacie ""Carol Davila""",Megagen Dental Implant / TEHNICAL DENT,198692,2022-05-17,autoritate non-spital
SCN1107116,DIRECTIA SANITARA VETERINARA SI PENTRU SIGURANTA ALIMENTELOR BACAU,MERC INTERNATIONAL IMPEX S.R.L. / Global Event Solutions SRL / PRIMEX MEDICAL / Filara BioMed SRL / A.M.S. 2000 TRADING IMPEX / ANTISEL RO SRL / VETRO DESIGN / BROSSER TECHNICS / NOVEI COM / TUNIC PROD S.R.L. / EMSAR S.R.L. / PARTNERS MEDICAL SOLUTION S.R.L. / SOLAGEN LABORATORY / NOVA GROUP INVESTMENT / LABORSISTEM S.R.L.,75117,2022-05-17,autoritate non-spital
4369-2022,Orasul Ocna Mures,,3952180,2022-05-18,autoritate non-spital
SCN1099109,"COMPANIA NATIONALA DE TRANSPORT AL ENERGIEI ELECTRICE ""TRANSELECTRICA"" S.A.",VESTA INVESTMENT S.R.L.,9179,2022-05-18,entitate privata (SRL/SA)
SCN1107132,COMPANIA NATIONALA DE ADMINISTRARE A INFRASTRUCTURII RUTIERE S.A.,S.C. OFFICE&MORE S.R.L. / DNS BIROTICA S.R.L.,70904,2022-05-18,entitate privata (SRL/SA)
71449-2022,JUDETUL CLUJ (CONSILIUL JUDETEAN),,5720584,2022-05-19,autoritate non-spital
269172-2022,ADMINISTRATIA SPITALELOR SI SERVICIILOR MEDICALE BUCURESTI,,40876848,2022-05-20,procedura anulata / fara castigator (confirmat in XML TED)
269433-2022,SERVICIUL DE AMBULANTA JUDETEAN PRAHOVA,AVANT MARIS MEDICAL S.R.L. / BIZMED SRL / CO&CO Consumer 2002 S.R.L. / CRIO - 2 S.R.L. / DELUXE CARDS / DEMOPHORIUS HEALTHCARE SRL / HDL Union / LUAN VISION / MEDIST IMAGING & P.O.C. S.R.L. / NAFKA GRUP S.R.L. / ROVAL MED / RUBICON PHARMACEUTICALS SRL / S.C. DANCRI MEDICAL S.R.L. / S.C. DELTAMED S.R.L. / S.C. FELMEDICA S.R.L. / S.C. MEDITECH S.R.L. S.R.L. / S.C. Natural Es-medical S.R.L S.R.L. / S.C.MEDICAL GRUP S.R.L. / SANROTEX TRADING SRL / TMS - TOP MEDICAL SUPPLIER / TZMO ROMANIA / VALDOMEDICA TRADING / X-Lab Solutions S.R.L.,1117904,2022-05-20,autoritate non-spital
CN1042833,CLINICA POLISANO S.R.L.,MEDI -TECH BUSINESS SRL / BOSTON SCIENTIFIC ROMANIA / MEDTRONIC ROMANIA / ALPHA MEDICAL S.R.L. / NOVENTIS International / MEDICAL TECHNOLOGIES WORLD SRL / EXIMIA MEDICAL / LIFETECH CONSULTING / NEURO MED THERAPY,,2022-05-20,entitate privata (SRL/SA)
SCN1107371,Comuna Bran,SIGNAL SPECTRUM SRL-D / ATS NOVUS / ROM TECH S.R.L. / S.C. FARMACIA OMNIA S.R.L.,161709,2022-05-20,autoritate non-spital
CN1042922,ORAS BUCECEA BOTOSANI,BLUE NEON / ATS NOVUS / BISCOP WOOD S.R.L.,652937,2022-05-22,autoritate non-spital
SCN1102506,Directia Generala de Asistenta Sociala si Protectia Copilului Olt,TZMO ROMANIA,193424,2022-05-23,autoritate non-spital
SCN1107452,Societatea Nationala de Cruce Rosie din Romania Filiala Satu Mare,FLYNG IMPEX S.R.L. / AMIA INVEST,281866,2022-05-23,autoritate non-spital
276505-2022,AGENTIA NATIONALA DE ADMINISTRARE FISCALA,TECHTEX,132300,2022-05-24,autoritate non-spital
276755-2022,"SPITALUL CLINIC DE URGENTA PENTRU COPII ,,Maria Sklodowska Curie""",,9946009,2022-05-24,procedura anulata / fara castigator (confirmat in XML TED)
SCN1102179,COMUNA BUDUREASA,ATS NOVUS,19650,2022-05-24,autoritate non-spital
SCN1107533,JUDETUL BOTOSANI,Altamira Impex,2735,2022-05-24,autoritate non-spital
279564-2022,"Universitatea de Medicina si Farmacie ""Iuliu Hatieganu"" Cluj-Napoca",BIO AQUA GROUP / DELTAMED / EMSAR S.R.L. / LABORSISTEM S.R.L. / MERC INTERNATIONAL IMPEX S.R.L. / OF SYSTEMS / TUNIC PROD S.R.L. / TYD ELAN S.R.L.,249062,2022-05-25,autoritate non-spital
279570-2022,MINISTERUL APARARII - UNITATEA MILITARA 02464 BUCURESTI,ADION PRODIMPEXTRANS S.R.L. / BTL ROMANIA APARATURA MEDICALA S.R.L. / CATTUS S.R.L. / Danson S.R.L. / Dental Vladmed V&M SRL / HELLIMED / KRAL MEDICAL SOLUTIONS SRL / NOVOMED INTERNATIONAL SRL / PHILIPS ROMANIA / PHM COMSERV S.R.L. / Proton Impex 2000 S.R.L. / RETCO S.R.L. / S.C. AUTOLOG GREENLINE S.R.L. / TEHNO ELECTRO MEDICAL COMPANY S.R.L.,61506396,2022-05-25,unitate militara fara profil de spital
SCN1107618,Comuna Abram,KLINTENSIV,54600,2022-05-25,autoritate non-spital
290925-2022,"CONSILIUL JUDETUL PRAHOVA, DIRECTIA SERVICII SI ACHIZITII PUBLICE",CONCELEX / Concelex Engineering S.R.L / GED PROJECT / LON AUTOMATIZĂRI GENERAL / VELMED INTERNATIONAL,43710500,2022-05-26,autoritate non-spital
SCN1107653,CONSILIUL JUDETEAN SUCEAVA,D&D CONSULTANTS GRUP S.R.L.,36494,2022-05-26,autoritate non-spital
SCN1107699,Autoritatea Nationala Fitosanitara,NITECH S.R.L.,643185,2022-05-26,autoritate non-spital
283384-2022,INSTITUTUL NATIONAL DE SANATATE PUBLICA,LIAMED,2078100,2022-05-27,autoritate non-spital
283407-2022,"Centrul Medical de Diagnostic, Tratament Ambulatoriu si Medicina Preventiva",B. BRAUN AVITUM S.R.L. / EVO HEALTHCARE CONSULTING,3306820,2022-05-27,centru medical ambulatoriu (fara paturi)
SCN1107814,JUDETUL TIMIS,LIAMED / TEHNO ELECTRO MEDICAL COMPANY S.R.L. / KARL STORZ ENDOSCOPIA ROMANIA,511428,2022-05-27,autoritate non-spital
CN1043212,Serviciul Judetean de Ambulanta Botosani,MEDICAL GRUP / VETRO DESIGN / CRIO - 2 S.R.L. / MEDCLAS TRADING S.R.L. / TAISSIS CONCEPT / TZMO ROMANIA / Filtre Aer Curat S.R.L. / PAUL HARTMANN,2261245,2022-05-29,autoritate non-spital
SCN1097379,PRIMARIA MUNICIPIULUI ZALAU,OVAVINCI,24950,2022-05-29,autoritate non-spital
37538-2022,Municipiul Călărași,,5495050,2022-05-30,autoritate non-spital
288470-2022,Directia Generala de Asistenta Sociala si Protectia Copilului Sector 2,,1612329,2022-05-30,autoritate non-spital
307596-2022,ORASUL HATEG,DTL Medical SRL / LIAMED / S.C. EDITRONIC INTERNATIONAL S.R.L.,6059143,2022-05-30,autoritate non-spital
146007-2022,"UNIVERSITATEA ""BABES-BOLYAI""",,50995385,2022-05-31,autoritate non-spital
CAN1080059,SERVICIUL DE AMBULANTA BUCURESTI-ILFOV,ALPHA NED 2000 EXIM,6900,2022-05-31,autoritate non-spital
CAN1080061,Directia de Sanatate Publica Vrancea,Filara BioMed SRL,123300,2022-05-31,autoritate non-spital
CAN1080070,SERVICIUL DE AMBULANTA BUCURESTI-ILFOV,CRIO - 2 S.R.L.,6720,2022-05-31,autoritate non-spital
CAN1080073,SERVICIUL DE AMBULANTA BUCURESTI-ILFOV,LUAN VISION,1700,2022-05-31,autoritate non-spital
CAN1080074,SERVICIUL DE AMBULANTA BUCURESTI-ILFOV,LUAN VISION,1900,2022-05-31,autoritate non-spital
CAN1080082,SERVICIUL DE AMBULANTA BUCURESTI-ILFOV,LUAN VISION,2500,2022-05-31,autoritate non-spital
CAN1080087,SERVICIUL DE AMBULANTA BUCURESTI-ILFOV,TAISSIS CONCEPT,1650,2022-05-31,autoritate non-spital
CAN1080091,SERVICIUL DE AMBULANTA BUCURESTI-ILFOV,TAISSIS CONCEPT,4500,2022-05-31,autoritate non-spital
CAN1080092,SERVICIUL DE AMBULANTA BUCURESTI-ILFOV,TAISSIS CONCEPT,3500,2022-05-31,autoritate non-spital
SCN1108056,COMUNA CHETANI,DATA LOGIC AZIMUR SRL / S.C. MEDCHIM EXPERT SRL S.R.L.,132710,2022-05-31,autoritate non-spital
292767-2022,Serviciul Judetean de Ambulanta Botosani,,1399293,2022-06-01,autoritate non-spital
CN1043266,MUNICIPIUL VULCAN,DOLEX COM,43614,2022-06-01,autoritate non-spital
CN1043327,UNIVERSITATEA TEHNICA GHEORGHE ASACHI DIN IASI,AMIA INVEST,638763,2022-06-02,autoritate non-spital
SCN1108097,DIRECTIA SANITARA VETERINARA SI PENTRU SIGURANTA ALIMENTELOR ALBA,NOVA GROUP INVESTMENT / PARTNERS MEDICAL SOLUTION S.R.L. / EUROVET LAB S.R.L. / VETRO DESIGN / Filara BioMed SRL / ANTISEL RO SRL / Tody Laboratories Int / TUNIC PROD S.R.L. / MEDICLIM S.R.L. / DEXTER COM S.R.L. / Noack Romania S.R.L. / A.M.S. 2000 TRADING IMPEX S.R.L. / DIALAB SOLUTIONS,226867,2022-06-02,autoritate non-spital
SCN1108127,COMUNA UNGHENI (Primaria Comunei Ungheni),UNION CO S.R.L.,60600,2022-06-02,autoritate non-spital
297300-2022,SERVICIUL JUDETEAN DE AMBULANTA ARGES,ALPHA BRIO MEDICAL S.R.L. / DELUXE MEDICRAFTS / FARMACIA OMNIA / FLEXAL IMPEX S.R.L. / LUAN VISION / MEDICAL GRUP / TMS - TOP MEDICAL SUPPLIER / VALDOMEDICA TRADING,844195,2022-06-03,autoritate non-spital
297309-2022,JUDETUL TELEORMAN,LIAMED,117157,2022-06-03,autoritate non-spital
297634-2022,SERVICIUL DE AMBULANTA JUDETEAN IASI,A&A FARMA DISTRIBUTION S.R.L / CRIO - 2 S.R.L. / D&G GROUP S.R.L. / GRAZY PRICE MEDICAL IMPORT EXPORT S.R.L. / LUAN VISION / MEDCLAS TRADING S.R.L. / MEDICAL GRUP / MEDIMPACT / MEDIST IMAGING & P.O.C. / Medical Corp S.R.L. / NAFKA GRUP / NANO BIO MEDICAL S.R.L. / Natural Es-medical S.R.L / PAUL HARTMANN / PREBOX EMS / PRODCONFARM S.R.L. / ROVAL MED / TAISSIS CONCEPT / TZMO ROMANIA / VALDOMEDICA TRADING / VETRO DESIGN S.R.L.,1256368,2022-06-03,autoritate non-spital
297663-2022,Primaria Rosiorii de Vede,MEDIST IMAGING & P.O.C. / PRIMERA MED TECHNOLOGY,5574219,2022-06-03,autoritate non-spital
297669-2022,DIRECTIA GENERALA DE ASISTENTA SOCIALA A MUNICIPIULUI BUCURESTI,DOLEX COM / NOVA TECH MED,1707616,2022-06-03,autoritate non-spital
297742-2022,SERVICIUL DE AMBULANTA TULCEA,ATLAS MEDICAL / AVANT MARIS MEDICAL S.R.L. / B.BRAUN MEDICAL / CERTINVEST / CRIO - 2 S.R.L. / DELTAMED / DELUXE CARDS / ECOLAB / Euromedica Inc Group / FARMEC / Filtre Aer Curat S.R.L. / LIVMED IMPULS / Limas Group S.R.L. / MEDCLAS TRADING S.R.L. / MEDICAL GRUP / MEDIMPACT / MEDITECH CMA / NERAMO DISTRIBUTION / Romchim S.R.L. / SANITARY & HOSPITAL SOLUTIONS SRL / SANTOMED IMPEX / TMS - TOP MEDICAL SUPPLIER / TRIDENT MEDICAL COMPANY S.R.L. / TUNIC PROD S.R.L. / TZMO ROMANIA / VALDOMEDICA TRADING / X-Lab Solutions S.R.L.,3336995,2022-06-03,autoritate non-spital
297874-2022,Serviciul de Ambulanta Judetean Arad,ALPHA BRIO MEDICAL S.R.L. / AVA MEDICAL SERVICES SRL / BIZMED / DELUXE MEDICRAFTS / HELLIMED / LARY MELEK IM / LUAN VISION / MEDCLAS TRADING S.R.L. / MEDICAL GRUP / Medplaza Health / Natural Es-medical S.R.L / PAUL HARTMANN / RICOMED / TAISSIS CONCEPT / TRIDENT MEDICAL COMPANY S.R.L. / TZMO ROMANIA / VALDOMEDICA TRADING / X-Lab Solutions S.R.L.,1092355,2022-06-03,autoritate non-spital
SCN1108205,Orasul Deta,S.C. BIOCOMP S.R.L. / Karimed Partener / S.C. FARMACIA OMNIA S.R.L.,73427,2022-06-03,autoritate non-spital
SCN1108284,COMUNA MUNTENI JUDETUL GALATI(CONSILIUL LOCAL AL COMUNEI MUNTENI),SC MOBCOMPACT SRL,256350,2022-06-03,autoritate non-spital
304580-2022,SPITALUL CLINIC DE URGENTA CHIRURGIE PLASTICA REPARATORIE SI ARSURI BUCURESTI,,1499450,2022-06-07,procedura anulata / fara castigator (confirmat in XML TED)
304756-2022,Serviciul de Ambulanta Judetean Galati,ALISON HAYES (ROMANIA) / ARTISANA MEDICAL S.R.L. / AVANT MARIS MEDICAL S.R.L. / B.BRAUN MEDICAL / BEST ACHIZITII / BIZMED / BIZMED SRL / CO&CO Consumer 2002 S.R.L. / GRAZY PRICE MEDICAL IMPORT EXPORT S.R.L. / JOLIDON INTERNATIONAL / LUAN VISION / MEDCLAS TRADING S.R.L. / MEDICAL GRUP / MEDIMPACT / NAFKA GRUP / PRODCONFARM S.R.L. / Pansiprod Distributie / THREE PHARM / TZMO ROMANIA / VALDOMEDICA TRADING,66322,2022-06-07,autoritate non-spital
304859-2022,JUDETUL TELEORMAN,Proton Impex 2000 S.R.L.,510658,2022-06-07,autoritate non-spital
101092-2022,ASOCIATIA CREST,,209440,2022-06-07,autoritate non-spital
195248-2022,MUNICIPIUL URZICENI,,3932524,2022-06-07,autoritate non-spital
CN1043556,Universitatea Stefan cel Mare Suceava,BEST ACHIZITII / MEDIZIN TECHNOLOGIES / VETRO DESIGN / GB INDCO S.R.L.,281270,2022-06-07,autoritate non-spital
307445-2022,COMUNA CRISTINESTI (PRIMARIA),,139087,2022-06-08,autoritate non-spital
307570-2022,COMUNA CRISTINESTI (PRIMARIA),,1251786,2022-06-08,autoritate non-spital
SCN1108540,COMUNA TULCA,BLUE NEON,279888,2022-06-08,autoritate non-spital
311202-2022,MUNICIPIUL CONSTANTA,,6208806,2022-06-10,autoritate non-spital
311273-2022,ORASUL VISEU DE SUS,Logaritm,604500,2022-06-10,autoritate non-spital
343800-2022,"UNIVERSITATEA DE MEDICINA SI FARMACIE ""VICTOR BABES"" TIMISOARA",HEALTHTIM / Johnson & Johnson Romania / Sante International S.A.,2166500,2022-06-10,autoritate non-spital
SCN1108677,Directia Sanitar Veterinara si pentru Siguranta Alimentelor Braila,NOVA GROUP INVESTMENT,46976,2022-06-10,autoritate non-spital
SCN1108686,COMUNA STULPICANI (Primaria Comunei Stulpicani),ANA INVEST & RESEARCH,388115,2022-06-10,autoritate non-spital
315237-2022,JUDETUL CLUJ (CONSILIUL JUDETEAN),B. BRAUN AVITUM S.R.L. / DG DIAGNOSTICS S.R.L. / DUTCHMED S.R.L. / Dyomedica CND SRL / ESMED GROUP / KARL STORZ ENDOSCOPIA ROMANIA / MEDIMPACT / Medist / NOVOMED INTERNATIONAL SRL / Novaintermed S.R.L. / PHILIPS ROMANIA / RADIOMED IMPEX S.R.L / RENAMED FARMA S.R.L. / S&T MEDTECH / SANTIMPEX S.R.L. / SELECT IT / SYNTTERGY CONSULT S.R.L. / TEHNOPLUS MEDICAL,4245692,2022-06-13,autoritate non-spital
SCN1108773,COMUNA UMBRARESTI,SIGNAL SPECTRUM SRL-D / ATS FOR HEALTH,45888,2022-06-13,autoritate non-spital
141000-2022,Comuna Prundu Bârgăului,,1028471,2022-06-14,autoritate non-spital
SCN1108829,Directia Sanitara Veterinara si pentru Siguranta Alimentelor Bistrita-Nasaud,Noack Romania S.R.L. / MEDICLIM S.R.L. / DIAMEDIX IMPEX,52600,2022-06-14,autoritate non-spital
321136-2022,SERVICIUL DE AMBULANTA JUDETEAN ALBA,A&A FARMA DISTRIBUTION S.R.L / AVA MEDICAL SERVICES SRL / AVANT MARIS MEDICAL S.R.L. / B.BRAUN MEDICAL / BIZMED / CO&CO Consumer 2002 S.R.L. / CORAMED MEDIZINISCHE PRODUKTE / CRIO - 2 S.R.L. / DELUXE CARDS / DIRECT PHARMA LOGISTICS S.R.L. / EUROMEDICAL IMPORT EXPORT / HDL Union / IOANA N & M SRL / JOLIDON INTERNATIONAL / LUAN VISION / Limas Group S.R.L. / MED - AL TRADING SRL / MEDCLAS TRADING S.R.L. / MEDICAL GRUP / MEDIMPACT / MEDIST IMAGING & P.O.C. / MEDITECH CMA / Medplaza Health / NAFKA GRUP / Natural Es-medical S.R.L / PRODCONFARM S.R.L. / RICOMED / RUBICON EDITECH 89 S.R.L. / SAFETY GROUP SRL / SANROTEX TRADING SRL / TZMO ROMANIA / X-Lab Solutions S.R.L.,1070369,2022-06-15,autoritate non-spital
33758-2022,JUDETUL BOTOSANI,,1941687,2022-06-15,autoritate non-spital
108454-2022,Orasul Targu Neamt,,846352,2022-06-15,autoritate non-spital
142283-2022,Orasul Siret,,1996643,2022-06-15,autoritate non-spital
338819-2022,Comuna Poiana Stampei (Primaria Poiana Stampei),LIAMED,984370,2022-06-15,autoritate non-spital
CN1043662,MINISTERUL APARARII - UNITATEA MILITARA 02464 BUCURESTI,HELLIMED / S.C. MED TEHNICA SRL S.R.L. / S.C. DRAEGER ROMANIA S.R.L. / ALPHA MEDICAL S.R.L. / SONOROM,,2022-06-16,unitate militara fara profil de spital
SCN1100677,COMUNA BOGDANESTI (CONSILIUL LOCAL BOGDANESTI),SIGNAL SPECTRUM SRL-D,30105,2022-06-16,autoritate non-spital
324872-2022,SERVICIUL JUDETEAN DE AMBULANTA ARGES,ALPHA BRIO MEDICAL S.R.L. / DELUXE MEDICRAFTS / FARMACIA OMNIA / FLEXAL IMPEX S.R.L. / LUAN VISION / MEDICAL GRUP / TMS - TOP MEDICAL SUPPLIER / VALDOMEDICA TRADING,844195,2022-06-17,autoritate non-spital
325432-2022,Orasul Ocna Mures,S.C. PRO CARDIA S.R.L.,1450350,2022-06-17,autoritate non-spital
325435-2022,Directia Sanitara Veterinara si pentru Siguranta Alimentelor Suceava,A.M.S. 2000 TRADING IMPEX S.R.L. / Agilrom Scientific / DIALAB SOLUTIONS / DIAMEDIX IMPEX / EMSAR S.R.L. / LABORSISTEM S.R.L. / MEDICLIM S.R.L. / NOVA GROUP INVESTMENT / Noack Romania S.R.L. / PARTNERS MEDICAL SOLUTION S.R.L. / REDOX RESEARCH & ANALYTIC S.R.L. / S.C. NOVACHIM TRADING S.R.L. / TUNIC PROD S.R.L.,879106,2022-06-17,autoritate non-spital
325491-2022,Directia Sanitara Veterinara si pentru Siguranta Alimentelor Suceava,A.M.S. 2000 TRADING IMPEX S.R.L. / DIALAB SOLUTIONS / Filara BioMed SRL / Global Event Solutions SRL / LABORATORIUM S.R.L. / MECRO SYSTEM S.R.L. / MEDICLIM S.R.L. / MERC INTERNATIONAL IMPEX S.R.L. / NITECH / NOVA GROUP INVESTMENT / Noack Romania S.R.L. / ROMVAC COMPANY / S.C. Agilrom Scientific S.R.L. / S.C. MUSO S.R.L. / S.C. NOVACHIM TRADING S.R.L. / S.C. REDOX RESEARCH & ANALYTIC S.R.L. S.R.L. / TOPOMEV OPTOSCIENCE / TUNIC PROD S.R.L.,435970,2022-06-17,autoritate non-spital
CN1043839,Universitatea de Medicina si Farmacie din Craiova,RS Medical Line / NANO BIO MEDICAL S.R.L.,124170,2022-06-17,autoritate non-spital
SCN1102074,JUDETUL CARAS-SEVERIN,KRAL MEDICAL SOLUTIONS SRL,490000,2022-06-17,autoritate non-spital
SCNA1034113,Orasul Seini,RODA SRL / HORACE MEDIA,2160824,2022-06-17,autoritate non-spital
329887-2022,Orasul Targu Neamt,CLINI-LAB,846352,2022-06-20,autoritate non-spital
330130-2022,JUDETUL VALCEA,ADION PRODIMPEXTRANS S.R.L. / DELUXE MEDICRAFTS / MEDIST IMAGING & P.O.C. S.R.L.,1661820,2022-06-20,autoritate non-spital
330140-2022,SERVICIUL JUDETEAN DE AMBULANTA ARGES,ALPHA BRIO MEDICAL S.R.L. / DELUXE MEDICRAFTS / FARMACIA OMNIA / FLEXAL IMPEX S.R.L. / LUAN VISION / MEDICAL GRUP / TMS - TOP MEDICAL SUPPLIER / VALDOMEDICA TRADING,844195,2022-06-20,autoritate non-spital
SCN1109172,ORASUL ORAVITA,HORACE MEDIA,383800,2022-06-20,autoritate non-spital
332804-2022,Orasul Siret,GLOBAL VIEW MEDICAL BUSINESS / Karimed Partener / ROTEST,1675383,2022-06-21,autoritate non-spital
353233-2022,Universitatea „Dunărea de Jos”,CROMATEC PLUS S.R.L. / S.C. TEHNOINSTRUMENT IMPEX S.R.L.,2702400,2022-06-21,autoritate non-spital
368116-2022,Municipiul Lupeni,ENERGO-METR S.R.L.,690000,2022-06-21,autoritate non-spital
SCN1109255,Institutul National de Medicina Legala Mina Minovici,PRODCONFARM S.R.L. / LUAN VISION / ALPHA HIPOMED SRL / MLM MEDICAL S.R.L. / TUNIC PROD S.R.L. / ROVAL MED / SANROTEX TRADING SRL / DR COLOS MEDICAL / INSECO / Superfood Company S.R.L. / BEST ACHIZITII,2286253,2022-06-21,autoritate non-spital
335171-2022,"Universitatea de Medicina si Farmacie ""Iuliu Hatieganu"" Cluj-Napoca",MEDI SENSE / Nastimed Serv / TEHNODENT POKA S.R.L.,105013014,2022-06-22,autoritate non-spital
403273-2022,INSPECTORATUL GENERAL AL POLITIEI ROMANE,FLANCO RETAIL / PRAGMA COMPUTERS S.R.L. / Q-EAST SOFTWARE / UNION CO,1292654,2022-06-22,autoritate non-spital
338727-2022,SERVICIUL DE AMBULANTA JUDETEAN ALBA,A&A FARMA DISTRIBUTION S.R.L / AVA MEDICAL SERVICES SRL / AVANT MARIS MEDICAL S.R.L. / B.BRAUN MEDICAL / BIZMED / CO&CO Consumer 2002 S.R.L. / CORAMED MEDIZINISCHE PRODUKTE / CRIO - 2 S.R.L. / DELUXE CARDS / DIRECT PHARMA LOGISTICS S.R.L. / EUROMEDICAL IMPORT EXPORT / HDL Union / IOANA N & M SRL / JOLIDON INTERNATIONAL / LUAN VISION / Limas Group S.R.L. / MED - AL TRADING SRL / MEDCLAS TRADING S.R.L. / MEDICAL GRUP / MEDIMPACT / MEDIST IMAGING & P.O.C. / MEDITECH CMA / Medplaza Health / NAFKA GRUP / Natural Es-medical S.R.L / PRODCONFARM S.R.L. / RICOMED / RUBICON EDITECH 89 S.R.L. / SAFETY GROUP SRL / SANROTEX TRADING SRL / TZMO ROMANIA / X-Lab Solutions S.R.L.,1070369,2022-06-24,autoritate non-spital
339099-2022,MINISTERUL APARARII - UNITATEA MILITARA 02464 BUCURESTI,CATTUS S.R.L. / Danson S.R.L. / MLM MEDICAL S.R.L. / S.C. MED TEHNICA SRL S.R.L. / S.C. NEOMED S..R.L. / S.C. PROMED SOLUTION MD SRL S.R.L.,2478088,2022-06-24,unitate militara fara profil de spital
342316-2022,Societatea Nationala NUCLEARELECTRICA S.A.,ANN REEVES & FRANCESCA / AVA MEDICAL SERVICES SRL / BIZMED SRL / DENTSTORE / DOLEX COM / FLYNG IMPEX S.R.L. / GB INDCO S.R.L. / GENERAL MEDICALS ACTIVE SRL / MLM MEDICAL S.R.L. / NAGUMA MEDICAL SUPPLY / S.C. ANN REEVES & FRANCESCA S.A. / SC Demiuma Comimpex SRL / TOPALIS ENGINEERING SRL / UNICOMP,440568,2022-06-24,entitate privata (SRL/SA)
CN1044099,MUNICIPIUL MOTRU,LIAMED,157990,2022-06-24,autoritate non-spital
SCN1109512,Universitatea de Medicina si Farmacie din Craiova,GERIATRICS S.R.L.,38877,2022-06-24,autoritate non-spital
SCN1109515,Universitatea de Medicina si Farmacie din Craiova,GERIATRICS S.R.L.,52674,2022-06-24,autoritate non-spital
SCN1109554,COMUNA DURNESTI (CONSILIUL LOCAL),S.C. INTERSID S.R.L.,16094,2022-06-24,autoritate non-spital
CN1044159,JUDETUL BOTOSANI,PRIMERA MED TECHNOLOGY,76160,2022-06-25,autoritate non-spital
CN1044160,MUNICIPIUL TARGOVISTE,UNION CO S.R.L.,499700,2022-06-25,autoritate non-spital
CN1044174,MINISTERUL APARARII - UNITATEA MILITARA 02464 BUCURESTI,NERAMO DISTRIBUTION / MEDIMPACT / NEOMED S.R.L. / ADION PRODIMPEXTRANS S.R.L. / RICOMED,992163,2022-06-25,unitate militara fara profil de spital
343905-2022,COMPLEXUL MULTIFUNCTIONAL CARAIMAN,NEED FARM,1499723,2022-06-27,autoritate non-spital
394069-2022,MUNICIPIUL BRASOV,CENSUS GROUP / G&M 2000 S.R.L. / Romchim S.R.L. / SC KLINTENSIV SRL (S.C. PRO INTEGRATOR S.R.L.),2761079,2022-06-27,autoritate non-spital
SCN1109615,Universitatea de Medicina si Farmacie din Craiova,ANTISEL RO SRL / MEDIST LIFE SCIENCE S.R.L.,14696,2022-06-27,autoritate non-spital
346613-2022,ORASUL ORAVITA,A.M.C. TRADING TOTAL / CLASSIMED SRL / LUAN VISION / NANO BIO MEDICAL S.R.L. / PRIMERA MED TECHNOLOGY / SANTIMPEX S.R.L.,233008,2022-06-28,autoritate non-spital
346640-2022,Spitalul Clinic Judetean de Urgenta Targu.Mures,,6455244,2022-06-28,procedura anulata / fara castigator (confirmat in XML TED)
346761-2022,"UNIVERSITATEA ""BABES-BOLYAI""",Bruker Biospin MRI GmbH / MECRO SYSTEM S.R.L. / SIEMENS HEALTHCARE SRL,49615500,2022-06-28,autoritate non-spital
206150-2020,Judetul Bistrita-Nasaud,,183032576,2022-06-28,autoritate non-spital
669505-2021,PRIMARIA MUNICIPIULUI OLTENITA,,1088969,2022-06-28,autoritate non-spital
SCN1109681,INSPECTORATUL GENERAL AL POLITIEI ROMANE,CROMATEC PLUS S.R.L. / PRIMEX MEDICAL / EMSAR S.R.L. / S.C. SOLAGEN LABORATORY S.R.L. / S.C. EXPERT TRADE S.R.L. S.R.L. / TYD ELAN S.R.L. / CO&CO Consumer 2002 S.R.L. / LABORSISTEM S.R.L.,32697,2022-06-28,autoritate non-spital
SCN1109811,COMUNA HOGHILAG (PRIMARIA COMUNEI HOGHILAG),S.C. BIOCOMP S.R.L. / S.C. MEDCHIM EXPERT SRL S.R.L. / BLUE NEON / VETRO DESIGN,76829,2022-06-29,autoritate non-spital
CN1044363,COLEGIUL NATIONAL OCTAVIAN GOGA,FARMEC S.A. / S.C. GXG CHEMICALS S.R.L. / S.C. MEDCHIM EXPERT SRL S.R.L.,87105,2022-06-30,autoritate non-spital
SCN1109914,COMUNA SASCIORI,Reinigung / MMTOP SAFE,79430,2022-06-30,autoritate non-spital
SCN1109921,Comunei Lunca Ilvei (Primaria Lunca Ilvei),MULTI CLEANING SYSTEM / Biostec Clinilab / FARMACIA OMNIA,47811,2022-06-30,autoritate non-spital
353869-2022,JUDETUL BOTOSANI,CATTUS / EDITRONIC INTERNATIONAL / Integra Medical Business / SEEK MED S.R.L.,1940119,2022-07-01,autoritate non-spital
SCN1101418,Directia Generala de Asistenta Sociala si Protectia Copilului Sector 5,ATS NOVUS,194580,2022-07-03,autoritate non-spital
358190-2022,"CONSILIUL JUDETUL PRAHOVA, DIRECTIA SERVICII SI ACHIZITII PUBLICE",,40393302,2022-07-04,autoritate non-spital
358384-2022,JUDETUL VALCEA,,171340,2022-07-04,autoritate non-spital
358386-2022,Municipiul Galati,OVAVINCI SRL,41000,2022-07-04,autoritate non-spital
SCN1110070,COMUNA PERIETI,S.C. BIOCOMP S.R.L. / MEDCHIM EXPERT SRL / GB INDCO S.R.L. / S.C. INTERSID S.R.L. / SOLUTIONS LINE S.R.L.,53966,2022-07-04,autoritate non-spital
361438-2022,ASOCIATIA ONCOHELP,VARINAK EUROPE,99950,2022-07-05,autoritate non-spital
CN1041026,ORASUL VISEU DE SUS,Logaritm,604500,2022-07-05,autoritate non-spital
SCN1110207,Societatea COMPLEXUL ENERGETIC OLTENIA SA,VETRO DESIGN,47499,2022-07-05,entitate privata (SRL/SA)
364349-2022,MINISTERUL APARARII - UNITATEA MILITARA 02464 BUCURESTI,ADION PRODIMPEXTRANS S.R.L. / BTL ROMANIA APARATURA MEDICALA S.R.L. / CATTUS S.R.L. / Danson S.R.L. / Dental Vladmed V&M SRL / HELLIMED / KRAL MEDICAL SOLUTIONS SRL / NOVOMED INTERNATIONAL SRL / PHILIPS ROMANIA / PHM COMSERV S.R.L. / Proton Impex 2000 S.R.L. / RAFI MEDICAL / RETCO S.R.L. / S.C. AUTOLOG GREENLINE S.R.L. / TEHNO ELECTRO MEDICAL COMPANY S.R.L.,61506396,2022-07-06,unitate militara fara profil de spital
364355-2022,"Universitatea de Medicina si Farmacie ""Iuliu Hatieganu"" Cluj-Napoca",BIO AQUA GROUP / DELTAMED / EMSAR S.R.L. / LABORSISTEM S.R.L. / MERC INTERNATIONAL IMPEX S.R.L. / OF SYSTEMS / TUNIC PROD S.R.L. / TYD ELAN S.R.L.,251843,2022-07-06,autoritate non-spital
165097-2022,UNITATEA MILITARA 02301,,1381307,2022-07-07,unitate militara fara profil de spital
SCN1110309,Comuna Perieni,S.C. ALISON HAYES (ROMANIA) S.R.L.,11940,2022-07-07,autoritate non-spital
SCN1110310,COMUNA DOLJESTI (CONSILIUL LOCAL DOLJESTI),S.C. FARMACIA OMNIA S.R.L. / TOPP BV,11803,2022-07-07,autoritate non-spital
368299-2022,Comuna Poiana Stampei (Primaria Poiana Stampei),BIOFARM DISTRIBUTION / CREATIVE & INNOVATIVE MANAGEMENT,98517,2022-07-08,autoritate non-spital
368470-2022,Serviciul de Ambulanta Judetean Galati,ALISON HAYES (ROMANIA) / ARTISANA MEDICAL S.R.L. / AVANT MARIS MEDICAL S.R.L. / B.BRAUN MEDICAL / BEST ACHIZITII / BIZMED / BIZMED SRL / CO&CO Consumer 2002 S.R.L. / GRAZY PRICE MEDICAL IMPORT EXPORT S.R.L. / JOLIDON INTERNATIONAL / LUAN VISION / MEDCLAS TRADING S.R.L. / MEDICAL GRUP / MEDIMPACT / NAFKA GRUP / PRODCONFARM S.R.L. / Pansiprod Distributie / THREE PHARM / TZMO ROMANIA / VALDOMEDICA TRADING,68722,2022-07-08,autoritate non-spital
368658-2022,JUDETUL TULCEA,TEHNOPLUS MEDICAL,433034,2022-07-08,autoritate non-spital
SCN1101587,Comuna Slatina Timis,S.C. SMART DISTRIBUTION S.R.L.,55220,2022-07-08,autoritate non-spital
SCN1110438,JUDETUL IASI,QUARTZ MATRIX / VERASYS INTERNATIONAL,260221,2022-07-08,autoritate non-spital
SCN1110453,Institutul National de Medicina Legala Mina Minovici,DIAMEDIX IMPEX / ANTISEL RO SRL / EMSAR S.R.L. / PARTNERS MEDICAL SOLUTION S.R.L.,19120,2022-07-08,autoritate non-spital
417508-2022,Ministerul Apararii U.M. 02412 Bucuresti,AVN Sales Consulting SRL / HELLIMED / INTEGRATOR TEAM / LIAMED / Medical Corp S.R.L. / OPEN MIND LABORATORY S.R.L. / TEHNICAL DENT,1809833,2022-07-11,unitate militara fara profil de spital
SCN1110524,MUNICIPIUL ADJUD (CONSILIUL LOCAL AL MUNICIPIULUI ADJUD),REGENCY PROJECT SRL,45920,2022-07-11,autoritate non-spital
375914-2022,Municipiul Calarasi,SINOFARM / SINOFARM ROMANIA S.R.L.,214990,2022-07-12,autoritate non-spital
376013-2022,JUDETUL VALCEA,ADION PRODIMPEXTRANS S.R.L. / DELUXE MEDICRAFTS / Dyomedica CND SRL / HELLIMED / MEDIST IMAGING & P.O.C. S.R.L. / UNICOMP,2293366,2022-07-12,autoritate non-spital
376204-2022,Serviciul de Ambulanta Judetean Bihor,ARTISANA MEDICAL S.R.L. / DELUXE CARDS / EUROMEDICAL IMPORT EXPORT / Euroexpand Impex / Filtre Aer Curat S.R.L. / LUAN VISION / MEDICAL GRUP / MEDIMPACT / MEDITECH CMA / Medplaza Health / NAFKA GRUP / ROVAL MED / VALDOMEDICA TRADING,1322250,2022-07-12,autoritate non-spital
CAN1082783,SERVICIUL JUDETEAN DE AMBULANTA ARGES,PROFI PENTRU SANATATE,8470,2022-07-12,autoritate non-spital
CAN1082786,SERVICIUL JUDETEAN DE AMBULANTA ARGES,ALPHA BRIO MEDICAL S.R.L.,6000,2022-07-12,autoritate non-spital
CAN1082788,SERVICIUL JUDETEAN DE AMBULANTA ARGES,PROFI PENTRU SANATATE,4050,2022-07-12,autoritate non-spital
CAN1082797,SERVICIUL JUDETEAN DE AMBULANTA ARGES,PROFI PENTRU SANATATE,8470,2022-07-12,autoritate non-spital
CAN1082804,SERVICIUL JUDETEAN DE AMBULANTA ARGES,ALPHA BRIO MEDICAL S.R.L.,3600,2022-07-12,autoritate non-spital
CAN1082805,SERVICIUL JUDETEAN DE AMBULANTA ARGES,PROFI PENTRU SANATATE,2700,2022-07-12,autoritate non-spital
SCN1110605,Serviciul Judetean de Ambulanta Salaj,DELUXE MEDICRAFTS / ALPHA BRIO MEDICAL S.R.L.,,2022-07-12,autoritate non-spital
SCN1110669,COMUNA SANTAU (CONSILIUL LOCAL AL COMUNEI SANTAU),FLYNG IMPEX S.R.L.,83986,2022-07-12,autoritate non-spital
379005-2022,Serviciul de Ambulanta Judetean Bihor,ALPHA BRIO MEDICAL S.R.L. / BIZMED / HELLIMED / IOANA N & M SRL / LUAN VISION / MEDICAL GRUP / MEDIMPACT / NETWORK MEDICAL SOLUTION / Natural Es-medical S.R.L / TZMO ROMANIA / VALDOMEDICA TRADING / VOGUE ART,873076,2022-07-13,autoritate non-spital
CAN1082943,Serviciul Judetean de Ambulanta Botosani,ARTISANA MEDICAL S.R.L.,1256,2022-07-13,autoritate non-spital
CAN1082958,Serviciul Judetean de Ambulanta Botosani,CRIO - 2 S.R.L.,2938,2022-07-13,autoritate non-spital
CAN1082969,Serviciul Judetean de Ambulanta Botosani,MEDCLAS TRADING S.R.L.,13325,2022-07-13,autoritate non-spital
CAN1082972,Serviciul Judetean de Ambulanta Botosani,TAISSIS CONCEPT,7326,2022-07-13,autoritate non-spital
CAN1082974,Serviciul Judetean de Ambulanta Botosani,VETRO DESIGN,3862,2022-07-13,autoritate non-spital
SCN1088547,Societatea Nationala de Transport Gaze Naturale TRANSGAZ SA,VESTA INVESTMENT S.R.L.,44055,2022-07-13,entitate privata (SRL/SA)
CN1038971,DIRECTIA GENERALA DE ASISTENTA SOCIALA SI PROTECTIA COPILULUI HUNEDOARA,TZMO ROMANIA,38058,2022-07-14,autoritate non-spital
CN1044932,Directia Generala de Asistenta Sociala si Protectia Copilului Prahova,S.C. FLOLIV DISTRIBUTION S.R.L. S.R.L. / Reinigung / TZMO ROMANIA,335033,2022-07-14,autoritate non-spital
SCN1110815,Orasul Cugir,S.C. MEDCHIM EXPERT SRL S.R.L. / S.C. CORA OFFICE SOLUTIONS,123538,2022-07-14,autoritate non-spital
SCN1110850,COMUNA MAGURA ILVEI,FARMEC / FARMACIA OMNIA,33137,2022-07-14,autoritate non-spital
383458-2022,"Universitatea de Medicina si Farmacie ""Iuliu Hatieganu"" Cluj-Napoca",Nastimed Serv / S.C. Medica M3 Comexim S.R.L. / TEHNODENT POKA S.R.L.,1479430,2022-07-15,autoritate non-spital
383765-2022,MUNICIPIUL ARAD,ACVAROM INTERNATIONAL / BROKMED / BTL ROMANIA APARATURA MEDICALA S.R.L. / DIAPRO TOP / EYECON MEDICAL / GENERAL ELECTRIC MEDICAL SYSTEMS ROMANIA / HELLIMED / KARL STORZ ENDOSCOPIA ROMANIA / LIAMED / MEDIST IMAGING & P.O.C. / Medical Corp S.R.L. / NANO BIO MEDICAL S.R.L. / PAPAPOSTOLOU S.R.L / S.C. ELMED MEDICALS.R.L. / S.C. LINDE GAZ ROMANIA S.R.L. S.R.L. / S.C. Medical Gazplus S.R.L. / SAPACO 2000 S.A. / STRYKER ROMANIA S.R.L. / Sof Medica / TEHNOPLUS MEDICAL,9816368,2022-07-15,autoritate non-spital
383791-2022,Municipiul Galati,Dyomedica CND SRL / OVAVINCI SRL,95912,2022-07-15,autoritate non-spital
384006-2022,Serviciul Judetean de Ambulanta Botosani,BEST ACHIZITII / GENERAL MEDICALS ACTIVE SRL / Media2door / NAGUMA MEDICAL SUPPLY / NERAMO DISTRIBUTION / RICOMED / TAISSIS CONCEPT,681181,2022-07-15,autoritate non-spital
384019-2022,Directia de Sanatate Publica Buzau,DIALAB SOLUTIONS / Filara BioMed SRL,5340000,2022-07-15,autoritate non-spital
384209-2022,Directia Generala de Asistenta Sociala si Protectia Copilului Neamt,CERTINVEST / EVIDENT VERIAN / INTERCAPITAL / IRIKA KNITTING / Medplaza Health / NERAMO DISTRIBUTION / SC SANDUNAV INTERMED SRL / TECHTEX / Work Safe Box,650213,2022-07-15,autoritate non-spital
384241-2022,Spitalul Clinic de Urgenta Bagdasar-Arseni,,,2022-07-15,procedura anulata / fara castigator (confirmat in XML TED)
384242-2022,Spitalul Clinic de Urgenta Bagdasar-Arseni,,947500,2022-07-15,procedura anulata / fara castigator (confirmat in XML TED)
SCN1110893,PRIMARIA MUNICIPIULUI ZALAU,UNION PROTECTION S.R.L.,305000,2022-07-15,autoritate non-spital
SCN1105930,ADMINISTRATIA NATIONALA A REZERVELOR DE STAT SI PROBLEME SPECIALE,TELETIM S.R.L.,509220,2022-07-16,autoritate non-spital
388845-2022,Directia Generala de Asistenta Sociala si Protectia Copilului Timis,,464460,2022-07-18,autoritate non-spital
391777-2022,SERVICIUL JUDETEAN DE AMBULANTA ARGES,ALPHA BRIO MEDICAL S.R.L. / DELUXE MEDICRAFTS / FARMACIA OMNIA / FLEXAL IMPEX S.R.L. / LUAN VISION / MEDICAL GRUP / TMS - TOP MEDICAL SUPPLIER / VALDOMEDICA TRADING,844195,2022-07-19,autoritate non-spital
412596-2022,SERVICIUL DE PROTECTIE SI PAZA – U.M. 0149 F BUCURESTI,BUSINESS PLUS,1090460,2022-07-19,unitate militara fara profil de spital
SCN1111098,SCOALA GIMNAZIALA NR. 1 UNIREA,CREATIVE / P-SEVENTEEN SOLUTIONS,123228,2022-07-19,autoritate non-spital
417446-2022,Inspectoratul General pentru Situatii de Urgenta,ATS NOVUS,1497600,2022-07-21,autoritate non-spital
CN1045145,"LICEUL TEORETIC ""HORVÁTH JÁNOS""",GENERAL MEDICALS ACTIVE SRL,200731,2022-07-21,autoritate non-spital
CN1045147,LABORATOR DE CONTROL DOPING,BIO AQUA GROUP / REDOX RESEARCH & ANALYTIC S.R.L. / Agilrom Scientific / ANTISEL RO SRL / MUSO / LABORATORIUM / Pro Analysis Systems,,2022-07-21,autoritate non-spital
398049-2022,"SPITALUL CLINIC MUNICIPAL ""DR.GAVRIL CURTEANU""",,412500,2022-07-22,procedura anulata / fara castigator (confirmat in XML TED)
398058-2022,MUNICIPIUL ARAD,MEDICAL TECHNOLOGIES INTERNATIONAL / STRYKER ROMANIA S.R.L.,80500,2022-07-22,autoritate non-spital
398070-2022,"SPITALUL CLINIC MUNICIPAL ""DR.GAVRIL CURTEANU""",,210100,2022-07-22,procedura anulata / fara castigator (confirmat in XML TED)
398663-2022,Serviciul Judetean de Ambulanta Botosani,CRIO - 2 S.R.L. / Filtre Aer Curat S.R.L. / MEDCLAS TRADING S.R.L. / MEDICAL GRUP / PAUL HARTMANN / TAISSIS CONCEPT / TZMO ROMANIA / VETRO DESIGN,816309,2022-07-22,autoritate non-spital
397354-2022,LABORATOR DE CONTROL DOPING,,3583850,2022-07-22,autoritate non-spital
SCN1111339,Comuna Gornesti,ANA INVEST & RESEARCH,83019,2022-07-22,autoritate non-spital
SCN1106666,COMPANIA NATIONALA DE ADMINISTRARE A INFRASTRUCTURII RUTIERE S.A.,FABI TOTAL GRUP S.R.L.,76540,2022-07-23,entitate privata (SRL/SA)
403226-2022,"Universitatea de Medicina si Farmacie ""Iuliu Hatieganu"" Cluj-Napoca",MEDI SENSE / Nastimed Serv / TEHNODENT POKA S.R.L.,105013014,2022-07-25,autoritate non-spital
403362-2022,"Universitatea de Medicina si Farmacie ""Iuliu Hatieganu"" Cluj-Napoca",Nastimed Serv / S.C. Medica M3 Comexim S.R.L. / TEHNODENT POKA S.R.L.,1490120,2022-07-25,autoritate non-spital
65625-2022,ORASUL STEI,,2914163,2022-07-25,autoritate non-spital
420622-2022,Scoala gimnaziala nr3,ANA INVEST & RESEARCH,877500,2022-07-25,autoritate non-spital
447440-2022,COMUNA MARACINENI,Integra Medical Business / S.C. Filtre Aer Curat S.R.L. S.R.L.,971376,2022-07-25,autoritate non-spital
SCN1111395,"Universitatea de Medicina si Farmacie ""Carol Davila""",TEHNODENT POKA S.R.L. / MEDIDENT EXIM S.R.L.,89672,2022-07-25,autoritate non-spital
406101-2022,"SPITALUL CLINIC MUNICIPAL ""DR.GAVRIL CURTEANU""",,37815,2022-07-26,procedura anulata / fara castigator (confirmat in XML TED)
406154-2022,"SPITALUL CLINIC MUNICIPAL ""DR.GAVRIL CURTEANU""",,735300,2022-07-26,procedura anulata / fara castigator (confirmat in XML TED)
406166-2022,"SPITALUL CLINIC MUNICIPAL ""DR.GAVRIL CURTEANU""",,1615127,2022-07-26,procedura anulata / fara castigator (confirmat in XML TED)
406171-2022,"SPITALUL CLINIC MUNICIPAL ""DR.GAVRIL CURTEANU""",,399150,2022-07-26,procedura anulata / fara castigator (confirmat in XML TED)
406174-2022,Directia Sanitara Veterinara si pentru Siguranta Alimentelor Botosani,,570000,2022-07-26,autoritate non-spital
406177-2022,"SPITALUL CLINIC MUNICIPAL ""DR.GAVRIL CURTEANU""",,84032,2022-07-26,procedura anulata / fara castigator (confirmat in XML TED)
406182-2022,"SPITALUL CLINIC MUNICIPAL ""DR.GAVRIL CURTEANU""",,151260,2022-07-26,procedura anulata / fara castigator (confirmat in XML TED)
406193-2022,"SPITALUL CLINIC MUNICIPAL ""DR.GAVRIL CURTEANU""",,84032,2022-07-26,procedura anulata / fara castigator (confirmat in XML TED)
406203-2022,PRIMARIA MUNICIPIULUI OLTENITA,DTL Medical SRL,1087500,2022-07-26,autoritate non-spital
406252-2022,"SPITALUL CLINIC MUNICIPAL ""DR.GAVRIL CURTEANU""",,151260,2022-07-26,procedura anulata / fara castigator (confirmat in XML TED)
406253-2022,"SPITALUL CLINIC MUNICIPAL ""DR.GAVRIL CURTEANU""",,242010,2022-07-26,procedura anulata / fara castigator (confirmat in XML TED)
406255-2022,"SPITALUL CLINIC MUNICIPAL ""DR.GAVRIL CURTEANU""",,22500,2022-07-26,procedura anulata / fara castigator (confirmat in XML TED)
427405-2022,MUNICIPIUL ONESTI,LIAMED / S.C. SKYER MEDICAL IMAGING S.R.L.,757599,2022-07-26,autoritate non-spital
SCN1111496,Orasul Sacueni (Primaria Orasului Sacueni Bihor),PRIMERA MED TECHNOLOGY,36629,2022-07-26,autoritate non-spital
SCN1111501,INSTITUTUL PENTRU CONTROLUL PRODUSELOR BIOLOGICE SI MEDICAMENTELOR DE UZ VETERINAR,NITECH S.R.L. / Shimadzu Handelsgesellschaft mbH,268625,2022-07-26,institut de cercetare / fara paturi de spital
408887-2022,SERVICIUL DE AMBULANTA JUDETEAN VRANCEA,CO&CO Consumer 2002 S.R.L. / CRIO - 2 S.R.L. / D&G GROUP S.R.L. / DELUXE CARDS / HELLIMED / MEDICAL GRUP / MEDIMPACT / MEDIST IMAGING & P.O.C. / REVORA TOPMEDAS / X-Lab Solutions S.R.L.,382690,2022-07-27,autoritate non-spital
CAN1083807,Inspectoratul General pentru Situatii de Urgenta,BEST ACHIZITII,544000,2022-07-27,autoritate non-spital
SCN1089077,Societatea Nationala de Transport Gaze Naturale TRANSGAZ SA,TURKROM,29388,2022-07-27,entitate privata (SRL/SA)
SCN1099922,"SNTFC ""CFR CALATORI"" S.A.",D&G GROUP S.R.L.,20889,2022-07-27,entitate privata (SRL/SA)
427645-2022,MUNICIPIUL URZICENI,Integra Medical Business,767500,2022-07-28,autoritate non-spital
359418-2023,MUNICIPIUL CURTEA DE ARGES,BTL ROMANIA APARATURA MEDICALA S.R.L. / CLINI-LAB / CORTECH MED S.R.L. / Carl Zeiss Instruments / Eldiro Medical / Eldiro Medical SRL / ICEMED / LABORATORIUM LIFE SCIENCE SRL / MEDIST IMAGING & P.O.C. / NICONSULTING TECHNICS SRL / PRIMERA MED TECHNOLOGY / S.C. ELMED MEDICAL S.R.L. / TEHNO ELECTRO MEDICAL COMPANY S.R.L.,7580662,2022-07-28,autoritate non-spital
SCN1111607,DIRECTIA SANITAR VETERINARA SI PENTRU SIGURANTA ALIMENTELOR MARAMURES,Noack Romania S.R.L. / EUROVET LAB S.R.L. / MEDICLIM S.R.L. / NOVA GROUP INVESTMENT,357725,2022-07-28,autoritate non-spital
SCN1111634,COMUNA TUDORA,D&V SOLDEZ SRL,483211,2022-07-28,autoritate non-spital
413088-2022,UM 0929 Bucuresti,,4297479,2022-07-29,procedura anulata / fara castigator (confirmat in XML TED)
413149-2022,JUDETUL GALATI,,674662,2022-07-29,autoritate non-spital
373960-2021,Municipiul Caransebes,,29393392,2022-07-29,autoritate non-spital
SCN1111725,Scoala Gimnaziala nr.1 Lehliu Gara,CONTE IMPEX S.R.L. / CREATIVE & INNOVATIVE MANAGEMENT / P-SEVENTEEN SOLUTIONS,127880,2022-07-29,autoritate non-spital
417414-2022,JUDETUL SALAJ,,3027569,2022-08-01,autoritate non-spital
417489-2022,"Institutul de Pneumoftiziologie ""Marius Nasta""",,1771259,2022-08-01,procedura anulata / fara castigator (confirmat in XML TED)
417582-2022,ORASUL STEI,S.C. ANA INVEST & RESEARCH SRL,1489860,2022-08-01,autoritate non-spital
SCN1111808,Orasul Stefanesti,ALPHA NED 2000 EXIM / TOPP BV,35892,2022-08-01,autoritate non-spital
420395-2022,COMPANIA NATIONALA LOTERIA ROMÂNA S.A.,DOLEX COM / EUROTOTAL COMP / INEDIT CLEAN TOTAL / MMTOP SAFE / S.C. D&G GROUP S.R.L. S.R.L.,857690,2022-08-02,entitate privata (SRL/SA)
420512-2022,UM 0929 Bucuresti,,20470657,2022-08-02,procedura anulata / fara castigator (confirmat in XML TED)
420535-2022,"Universitatea de Medicina si Farmacie ""Iuliu Hatieganu"" Cluj-Napoca",ANTISEL RO / Agilrom Scientific / BIO AQUA GROUP / CHROMAKTIV S.R.L. / CO&CO Consumer 2002 S.R.L. / DELTAMED / EMSAR S.R.L. / Filara BioMed SRL / LABORSISTEM S.R.L. / MERC INTERNATIONAL IMPEX S.R.L. / Novaintermed S.R.L. / PAUL HARTMANN / ROMBIOMEDICA / TEHNO ELECTRO MEDICAL COMPANY S.R.L. / TUNIC PROD S.R.L.,6289570,2022-08-02,autoritate non-spital
422078-2022,Societatea Nationala NUCLEARELECTRICA S.A.,ANN REEVES & FRANCESCA / AVA MEDICAL SERVICES SRL / BIZMED SRL / DENTSTORE / DOLEX COM / FLYNG IMPEX S.R.L. / GB INDCO S.R.L. / GENERAL MEDICALS ACTIVE SRL / MLM MEDICAL S.R.L. / NAGUMA MEDICAL SUPPLY / S.C. ANN REEVES & FRANCESCA S.A. / SC Demiuma Comimpex SRL / TOPALIS ENGINEERING SRL / UNICOMP,444068,2022-08-02,entitate privata (SRL/SA)
SCN1111912,COMUNA BROSCAUTI (CONSILIUL LOCAL BROSCAUTI BOTOSANI),D&V SOLDEZ SRL,189925,2022-08-03,autoritate non-spital
441420-2022,Orasul Segarcea,BPM TEHNOLOGICA / Sharolt Group,499672,2022-08-04,autoritate non-spital
427406-2022,"Universitatea de Medicina si Farmacie ""Iuliu Hatieganu"" Cluj-Napoca",MEDI SENSE / Nastimed Serv / TEHNODENT POKA S.R.L.,105013014,2022-08-05,autoritate non-spital
427555-2022,"Universitatea de Medicina si Farmacie ""Iuliu Hatieganu"" Cluj-Napoca",Nastimed Serv / S.C. Medica M3 Comexim S.R.L. / TEHNODENT POKA S.R.L.,1490120,2022-08-05,autoritate non-spital
427581-2022,ASOCIATIA ONCOHELP,VARINAK EUROPE,99950,2022-08-05,autoritate non-spital
427665-2022,CORAX-BIONER CEU,Elta 90 Medical Research SRL,90060,2022-08-05,autoritate non-spital
78812-2022,"UNIVERSITATEA DE MEDICINA SI FARMACIE ""GRIGORE T.POPA"" DIN IASI",,868078,2022-08-05,autoritate non-spital
458691-2022,"UNIVERSITATEA DE MEDICINA SI FARMACIE ""GRIGORE T.POPA"" DIN IASI",BIOGENETIX S.R.L.,1867417,2022-08-05,autoritate non-spital
CAN1084614,Directia Generala de Asistenta Sociala si Protectia Copilului Prahova,SMART TRADE MASTER S.R.L.,314332,2022-08-05,autoritate non-spital
SCN1103476,ORASUL VALENII DE MUNTE(Primaria Valenii de Munte),MERKAEXIM,14258,2022-08-05,autoritate non-spital
SCN1112075,COMUNA SOCOND (PRIMARIA COMUNEI SOCOND),ANA INVEST & RESEARCH,350922,2022-08-05,autoritate non-spital
432023-2022,Municipiul Sibiu,MEDICLIM S.R.L. / Sante International S.A.,257529,2022-08-08,autoritate non-spital
432045-2022,Municipiul Calarasi,SINOFARM / SINOFARM ROMANIA S.R.L. / SOCADANCE MD SRL,3330220,2022-08-08,autoritate non-spital
432069-2022,Municipiul Caransebes,GLOBAL MEDICAL SOLUTIONS / HELLIMED / MEDFARM TRADING / Medist / SIEMENS HEALTHCARE SRL / SMG ULTRASOUND ROMANIA / UNIMIXSERV,19606304,2022-08-08,autoritate non-spital
SCN1112165,ORASUL HATEG,INFINITY M&S MANAGEMENT S.R.L.,22214,2022-08-08,autoritate non-spital
434590-2022,COMUNA HALMEU,S.C. SMART DISTRIBUTION S.R.L.,29304,2022-08-09,autoritate non-spital
SCN1112267,Directia Sanitara Veterinara si pentru Siguranta Alimentelor Buzau,MEDICLIM S.R.L. / NOVA GROUP INVESTMENT / ANTISEL RO SRL / DIALAB SOLUTIONS,327624,2022-08-09,autoritate non-spital
436929-2022,MUNICIPIUL URZICENI,BPM TEHNOLOGICA / CORTECH MED S.R.L. / KLEVIS GRAFI DESIGN,3163293,2022-08-10,autoritate non-spital
436968-2022,Municipiul Sibiu,MEDIST IMAGING & P.O.C. S.R.L.,69300,2022-08-10,autoritate non-spital
162593-2022,Institutul National de Cercetare Dezvoltare Medico Militara Cantacuzino,,1267460,2022-08-10,institut de cercetare / fara paturi de spital
194435-2022,"CONSILIUL JUDETUL PRAHOVA, DIRECTIA SERVICII SI ACHIZITII PUBLICE",,12280241,2022-08-10,autoritate non-spital
CN1045862,Universitatea de Medicina si Farmacie din Craiova,ALBEDO S.R.L.,63765,2022-08-10,autoritate non-spital
CN1045885,MINISTERUL APARARII - UNITATEA MILITARA 02464 BUCURESTI,CATTUS S.R.L.,597500,2022-08-10,unitate militara fara profil de spital
CN1045886,MINISTERUL APARARII - UNITATEA MILITARA 02464 BUCURESTI,MEDITECH S.R.L. / MEDICAL GRUP,1885782,2022-08-10,unitate militara fara profil de spital
SCN1112330,DIRECTIA DE ASISTENTA SOCIALA SI MEDICALA,BIZMED SRL / S.C. MOLD DENT S.R.L.,251242,2022-08-10,autoritate non-spital
SCN1112337,Comuna Laslea,MULTI CLEANING SYSTEM / SC KLINTENSIV SRL,40241,2022-08-10,autoritate non-spital
SCN1112383,Directia Sanitar Veterinara si pentru Siguranta Alimentelor Braila,ANALYTIK-JENA-ROMANIA S.R.L.,48320,2022-08-11,autoritate non-spital
SCN1112401,Universitatea de Medicina si Farmacie din Craiova,BIOMEDICA MEDIZINPRODUKTE ROMANIA SRL / Elta 90 Medical Research SRL,176405,2022-08-11,autoritate non-spital
SCN1112424,DIRECTIA GENERALA DE ASISTENTA SOCIALA SI PROTECTIA COPILULUI BISTRITA-NASAUD,GECOR SRL / DAC TECHNOLOGY S.R.L.,68972,2022-08-11,autoritate non-spital
441321-2022,"UNIVERSITATEA DE MEDICINA SI FARMACIE ""GRIGORE T.POPA"" DIN IASI",NUTRICOR BUSINESS,556674,2022-08-12,autoritate non-spital
441639-2022,JUDETUL CLUJ (CONSILIUL JUDETEAN),B. BRAUN AVITUM S.R.L. / DG DIAGNOSTICS S.R.L. / DUTCHMED S.R.L. / Dyomedica CND SRL / ESMED GROUP / KARL STORZ ENDOSCOPIA ROMANIA / LUAN VISION / MEDIMPACT / Medist / NOVOMED INTERNATIONAL SRL / Novaintermed S.R.L. / PHILIPS ROMANIA / RADIOMED IMPEX S.R.L / RENAMED FARMA S.R.L. / S&T MEDTECH / SANTIMPEX S.R.L. / SELECT IT / SYNTTERGY CONSULT S.R.L. / TEHNOPLUS MEDICAL,4329692,2022-08-12,autoritate non-spital
441709-2022,"UNIVERSITATEA DE MEDICINA SI FARMACIE ""GRIGORE T.POPA"" DIN IASI",ANTISEL RO,868028,2022-08-12,autoritate non-spital
441731-2022,Serviciul de Ambulanta Judetean Maramures,ALPHA BRIO MEDICAL S.R.L. / CRAD RO / CRIO - 2 S.R.L. / DELUXE MEDICRAFTS / IOANA N & M SRL / LARY MELEK IM / LORD MEDICAL S.R.L. / MEDCLAS TRADING S.R.L. / MEDICAL GRUP / NAFKA GRUP / PRODCONFARM S.R.L. / ROVAL MED / SANTOMED S.R.L. / SOS SECURITY SRL / TAISSIS CONCEPT / TZMO ROMANIA / VETRO DESIGN,600951,2022-08-12,autoritate non-spital
441747-2022,JUDETUL SALAJ,,3027569,2022-08-12,autoritate non-spital
441801-2022,SERVICIUL DE AMBULANTA JUDETEAN BRASOV,ARTISANA MEDICAL S.R.L. / CRIO - 2 S.R.L. / DEMOPHORIUS HEALTHCARE SRL / GRAZY PRICE MEDICAL IMPORT EXPORT S.R.L. / HELLIMED / MEDICO INTERNATIONAL S.R.L. / TOP TRADE MEDICAL,323505,2022-08-12,autoritate non-spital
441907-2022,JUDETUL BOTOSANI,,447928,2022-08-12,autoritate non-spital
440376-2022,UNITATEA MILITARA 02301,,6025500,2022-08-12,unitate militara fara profil de spital
CN1046074,"Universitatea de Medicina si Farmacie ""Iuliu Hatieganu"" Cluj-Napoca",MEDIMPACT / OF SYSTEMS / ANTISEL RO SRL / TEKNOLEB LABORATORY SRL / Omnivet Impex S.R.L. / DEXTER COM S.R.L. / NITECH S.R.L. / S.C. CHROMAKTIV S.R.L.,611744,2022-08-14,autoritate non-spital
SCN1103470,Orasul Harsova,LIAMED,18491,2022-08-14,autoritate non-spital
SCN1108047,COMUNA PESTISANI (PRIMARIA PESTISANI),Target Point,13937,2022-08-14,autoritate non-spital
447422-2022,Municipiul Sibiu,Sante International S.A.,123000,2022-08-16,autoritate non-spital
SCN1112613,ORASUL TAUTII-MAGHERAUS,S.C. ANA INVEST & RESEARCH SRL / BEST ACHIZITII,222862,2022-08-17,autoritate non-spital
SCN1112731,SCOALA GIMNAZIALA NAE A GHICA,MMTOP SAFE / EUROTOTAL COMP / S.C. EFAYNRO S.R.L.,208190,2022-08-18,autoritate non-spital
481403-2022,ORASUL SCORNICESTI,BLUE NEON / S.C. MED TEHNICA SRL S.R.L.,872980,2022-08-19,autoritate non-spital
CN1046283,Directia Sanitara Veterinara si pentru Siguranta Alimentelor Cluj,BIO AQUA GROUP / DIALAB SOLUTIONS / Noack Romania S.R.L. / DIAMEDIX IMPEX / ROMVAC COMPANY / Filara BioMed SRL / MEDICLIM S.R.L.,235091,2022-08-19,autoritate non-spital
SCN1104039,COMUNA CORNESTI (PRIMARIA),CONSTRUCT ASU SRL,1386373,2022-08-19,autoritate non-spital
SCN1112810,DIRECTIA GENERALA DE ASISTENTA SOCIALA SI PROTECTIA COPILULUI BISTRITA-NASAUD,FLAMATEX / OVAVINCI / MOBTECO PRODUCT S.R.L. / AMBIENT ROOF DAHA,117864,2022-08-19,autoritate non-spital
456100-2022,"SCOALA PROFESIONALA ""GEORGE COSBUC"" MEDIESU AURIT",BLUE NEON,27970,2022-08-22,autoritate non-spital
456225-2022,Institutul National de Cercetare Dezvoltare Medico Militara Cantacuzino,NUTRICOR BUSINESS,1267460,2022-08-22,institut de cercetare / fara paturi de spital
456123-2022,INSTITUTUL NATIONAL DE SANATATE PUBLICA,Agilrom Scientific / BIO AQUA GROUP / DACCHIM / DIALAB SOLUTIONS / EMSAR S.R.L. / Global Event Solutions SRL / LABORSISTEM S.R.L. / MAGESA IMPEX / MERC INTERNATIONAL IMPEX S.R.L. / MUSO / PARTNERS MEDICAL SOLUTION S.R.L. / Pro Analysis Systems / SANIMED INTERNATIONAL IMPEX / Shimadzu Handelsgesellschaft mbH / TEHNICAL CONSULTING BUSINESS MGT / TOPOMEV OPTOSCIENCE,805889,2022-08-22,autoritate non-spital
SCN1112844,Compania APA Brasov,BIO AQUA GROUP,64540,2022-08-22,autoritate non-spital
SCN1112865,MINISTERUL APARARII - UNITATEA MILITARA 02464 BUCURESTI,X-Lab Solutions S.R.L. / MEDICAL LOGISTIC PARTNER S.R.L. / DIALAB SOLUTIONS,372582,2022-08-22,unitate militara fara profil de spital
SCN1112893,Orasul Cugir,LIAMED / S.C. MADCIB COMERT S.R.L.,234771,2022-08-22,autoritate non-spital
458519-2022,COMPLEXUL MULTIFUNCTIONAL CARAIMAN,NEED FARM,246680,2022-08-23,autoritate non-spital
458541-2022,COMPLEXUL MULTIFUNCTIONAL CARAIMAN,NEED FARM,1557573,2022-08-23,autoritate non-spital
458772-2022,Serviciul de Ambulanta al Judetului Timis,ARTISANA MEDICAL S.R.L. / ATLAS SPORT / CO&CO Consumer 2002 S.R.L. / CRIO - 2 S.R.L. / DELUXE CARDS / DEMOPHORIUS HEALTHCARE / HDL Union / JOLIDON INTERNATIONAL / LUAN VISION / MEDCLAS TRADING S.R.L. / MEDICAL & GRAINS SUPPLIES - MGS / MEDICAL GRUP / MEDIST IMAGING & P.O.C. / NAFKA GRUP / NANO BIO MEDICAL S.R.L. / NOVENTIS International / Pansiprod Distributie / SAFETY GROUP SRL / SANTOMED S.R.L. / TAISSIS CONCEPT / VALDOMEDICA TRADING,2738183,2022-08-23,autoritate non-spital
458798-2022,ORASUL SINAIA (Primaria Orasului Sinaia),,1647562,2022-08-23,autoritate non-spital
526394-2022,JUDETUL MARAMURES (CONSILIUL JUDETEAN MARAMURES),CENSUS GROUP,712861,2022-08-23,autoritate non-spital
SCN1112937,"Universitatea de Medicina, Farmacie, Stiinte si Tehnologie "" George Emil Palade"" din Targu Mures",PRAGMA COMPUTERS S.R.L. / Electro Orizont S.R.L.,299600,2022-08-23,autoritate non-spital
SCN1112939,"Universitatea de Medicina, Farmacie, Stiinte si Tehnologie "" George Emil Palade"" din Targu Mures",Electro Orizont S.R.L. / CARO COMP S.R.L.,392265,2022-08-23,autoritate non-spital
460909-2022,SERVICIUL DE AMBULANTA JUDETEAN PRAHOVA,MEDIMPACT / MEDIST IMAGING & P.O.C. S.R.L. / NAFKA GRUP S.R.L. / Power Medical / TAISSIS CONCEPT,176150,2022-08-24,autoritate non-spital
461050-2022,SERVICIUL JUDETEAN DE AMBULANTA ARGES,ALPHA BRIO MEDICAL S.R.L. / DELUXE MEDICRAFTS / FARMACIA OMNIA / FLEXAL IMPEX S.R.L. / LUAN VISION / MEDICAL GRUP / TMS - TOP MEDICAL SUPPLIER / VALDOMEDICA TRADING,844195,2022-08-24,autoritate non-spital
461105-2022,SERVICIUL DE AMBULANTA BUCURESTI-ILFOV,ALISON HAYES (ROMANIA) / ALPHA BRIO MEDICAL S.R.L. / ALPHA MEDICAL / BIOLIFE GRUP S.R.L. / BIZMED / CO&CO Consumer 2002 S.R.L. / CRAD RO / CRIO - 2 S.R.L. / DAC MEDICAL PLUS S.R.L. / DELTAMED / DELUXE MEDICRAFTS / GRAZY PRICE MEDICAL IMPORT EXPORT S.R.L. / LUAN VISION / MEDICAL GRUP / MEDIMPACT / MLM MEDICAL S.R.L. / NAFKA GRUP / PAUL HARTMANN / PRODCONFARM S.R.L. / PROFI PENTRU SANATATE / RICOMED / ROVAL MED / SH MEDICAL SRL / STERIL ROMANIA / TAISSIS CONCEPT / TOP TRADE MEDICAL / TZMO ROMANIA / VALDOMEDICA TRADING,1260874,2022-08-24,autoritate non-spital
464184-2022,Orasul Segarcea,BPM TEHNOLOGICA / Sharolt Group,724272,2022-08-26,autoritate non-spital
464332-2022,Orasul Ocna Mures,S.C. PRO CARDIA S.R.L. / UNICOMP,2394224,2022-08-26,autoritate non-spital
464443-2022,MUNICIPIUL CURTEA DE ARGES,CORTECH MED S.R.L. / Eldiro Medical SRL / LABORATORIUM LIFE SCIENCE SRL / MEDIST IMAGING & P.O.C. / PRIMERA MED TECHNOLOGY / S.C. ELMED MEDICAL S.R.L. / TEHNO ELECTRO MEDICAL COMPANY S.R.L.,3091068,2022-08-26,autoritate non-spital
464855-2022,Institutul National de Cercetare Dezvoltare Medico Militara Cantacuzino,Nova Fit 2000 S.R.L.,1450000,2022-08-26,institut de cercetare / fara paturi de spital
CN1046469,ORASUL TASNAD,CATTUS S.R.L. / BLUE NEON / S.C. Medplaza Health S.R.L. / INEDIT CLEAN TOTAL,575884,2022-08-27,autoritate non-spital
468800-2022,Universitatea Tehnica de Constructii Bucuresti,Atelecom Business Inspire / KARLA AUCTION TEAM / SIGNAL SPECTRUM SRL-D,319350,2022-08-29,autoritate non-spital
471079-2022,"UNIVERSITATEA DE MEDICINA SI FARMACIE ""VICTOR BABES"" TIMISOARA",DELTAMED / HEALTHTIM / TEHNICAL CONSULTING BUSINESS MGT / TEHNO ELECTRO MEDICAL COMPANY S.R.L. / ZONEMED BIOMETRIX,254000,2022-08-30,autoritate non-spital
471231-2022,"SCOALA PROFESIONALA ""GEORGE COSBUC"" MEDIESU AURIT",BEST ACHIZITII / BLUE NEON,72361,2022-08-30,autoritate non-spital
SCN1107150,Comuna Dumitrita,SIGNAL SPECTRUM SRL-D,125066,2022-08-30,autoritate non-spital
473489-2022,COMUNA CRISTINESTI (PRIMARIA),EUROCLEANER SERVICE & ENGINEERING,136465,2022-08-31,autoritate non-spital
40154-2022,ORASUL MOLDOVA NOUA (Primaria orasului Moldova Noua),,2689041,2022-08-31,autoritate non-spital
297099-2022,INSTITUTUL NATIONAL DE CERCETARE-DEZVOLTARE ÎN SILVICULTURA “MARIN DRACEA”,,2313310,2022-08-31,institut de cercetare / fara paturi de spital
490936-2022,Municipiul Călărași,BLUE NEON,707890,2022-08-31,autoritate non-spital
CN1046582,Serviciul de Ambulanta al Judetului Timis,ALPHA BRIO MEDICAL S.R.L. / CRIO - 2 S.R.L. / TZMO ROMANIA / CO&CO Consumer 2002 S.R.L. / ATLAS MEDICAL / ADAR UNIC SOLUTIONS / VALDOMEDICA TRADING / NAFKA GRUP S.R.L. / CRAD RO / Medplaza Health / DELUXE MEDICRAFTS / VETRO DESIGN / MEDCLAS TRADING S.R.L. / SH MEDICAL SRL / SANTOMED S.R.L. / LUAN VISION / AVA MEDICAL SERVICES SRL / TMS - TOP MEDICAL SUPPLIER / IOANA N & M SRL / SANROTEX TRADING SRL / ROVAL MED / VIOMED CONSUM S.R.L. / MEDICAL GRUP,9890450,2022-08-31,autoritate non-spital
CN1046661,JUDETUL BOTOSANI,ULTRASONIC S.R.L.,87300,2022-09-01,autoritate non-spital
SCN1113431,COMUNA RACHITI (PRIMARIA RACHITI),KLINTENSIV,54736,2022-09-01,autoritate non-spital
SCN1113443,MUNICIPIUL ROMAN,S.C. NET CHIT COMPUTERS S.R.L.,42000,2022-09-01,autoritate non-spital
481356-2022,SERVICIUL DE AMBULANTA JUDETEAN CONSTANTA,AVANT MARIS MEDICAL S.R.L. / DELUXE CARDS,559200,2022-09-05,autoritate non-spital
481524-2022,MUNICIPIUL CONSTANTA,ASTRA PLUS SRL / RIK,119009,2022-09-05,autoritate non-spital
SCN1113642,SERVICIUL DE PROTECTIE SI PAZA – U.M. 0149 F BUCURESTI,OPTOELECTRONICA 2001,142568,2022-09-06,unitate militara fara profil de spital
486811-2022,INSTITUTUL NATIONAL DE CERCETARE-DEZVOLTARE ÎN SILVICULTURA “MARIN DRACEA”,Filara BioMed SRL,2231140,2022-09-07,institut de cercetare / fara paturi de spital
486973-2022,CONSILIUL JUDETEAN GORJ,CELESTIC MEDICAL SRL,355200,2022-09-07,autoritate non-spital
346291-2022,JUDETUL CLUJ (CONSILIUL JUDETEAN),,1363521,2022-09-08,autoritate non-spital
543369-2022,JUDETUL CLUJ (CONSILIUL JUDETEAN),DIGI MEDICAL TEHNIC / Danson S.R.L. / LOI MEDICAL / MEDICAL GRUP / MEDIKA H & S IMPEX S.R.L. / Sof Medica,2939868,2022-09-08,autoritate non-spital
563681-2022,COMUNA BERCENI,Novaintermed S.R.L.,1861629,2022-09-08,autoritate non-spital
490623-2022,JUDETUL VALCEA,ADION PRODIMPEXTRANS S.R.L. / DELUXE MEDICRAFTS / Dyomedica CND SRL / HELLIMED / MEDIST IMAGING & P.O.C. S.R.L. / UNICOMP,2437166,2022-09-09,autoritate non-spital
5407-2023,DIRECTIA GENERALA IMPOZITE SI TAXE LOCALE SECTOR 3,DNS BIROTICA / H.B.P. EKO DISTRIBUTION,3130372,2022-09-09,autoritate non-spital
SCN1105971,AUTORITATEA NAVALA ROMANA,DARI TEHNOLOGIES,230250,2022-09-10,autoritate non-spital
CN1041260,Municipiul Cluj-Napoca,CENSUS GROUP,94805,2022-09-11,autoritate non-spital
495154-2022,SERVICIUL DE AMBULANTA AL JUDETULUI CLUJ,ARTISANA MEDICAL S.R.L. / AVMED PLUS / CRAD RO / CRIO - 2 S.R.L. / EUROMEDICAL IMPORT EXPORT / GRAZY PRICE MEDICAL IMPORT EXPORT S.R.L. / JOLIDON INTERNATIONAL / LUAN VISION / MED - AL TRADING SRL / MEDIMPACT / MEDIST IMAGING & P.O.C. S.R.L. / MEDITECH CMA / NAFKA GRUP S.R.L. / NOVENTIS International / Novaintermed S.R.L. / PAUL HARTMANN / S.C. MEDCLAS TRADING S.R.L. S.R.L. / S.C. Medplaza Health S.R.L. / S.C. NERAMO DISTRIBUTION S.R.L. / S.C. Natural Es-medical S.R.L S.R.L. / S.C. TECHTEX S.R.L. / S.C.MEDICAL GRUP S.R.L. / SANROTEX TRADING SRL / SH MEDICAL SRL / STERIL ROMANIA / TZMO ROMANIA / VALDOMEDICA TRADING / X-Lab Solutions S.R.L.,2427394,2022-09-12,autoritate non-spital
495156-2022,JUDETUL SALAJ,,3027569,2022-09-12,autoritate non-spital
495036-2022,Statutární město Plzeň,,17455200,2022-09-12,autoritate non-spital
526413-2022,"Universitatea de Medicina, Farmacie, Stiinte si Tehnologie "" George Emil Palade"" din Targu Mures",MEDIST IMAGING & P.O.C.,1148800,2022-09-12,autoritate non-spital
SCN1113992,JUDETUL BOTOSANI,ELTEK MULTIMEDIA,20850,2022-09-12,autoritate non-spital
304407-2022,Directia Generala de Asistenta Sociala si Protectia Copilului Constanta,,1095915,2022-09-13,autoritate non-spital
500841-2022,JUDETUL VALCEA,ADION PRODIMPEXTRANS S.R.L. / DELUXE MEDICRAFTS / Dyomedica CND SRL / HELLIMED / MEDIST IMAGING & P.O.C. S.R.L. / UNICOMP,3586336,2022-09-14,autoritate non-spital
343372-2022,UNIVERSITATEA TEHNICA DIN CLUJ NAPOCA,,881781,2022-09-14,autoritate non-spital
CN1038996,"CONSILIUL JUDETUL PRAHOVA, DIRECTIA SERVICII SI ACHIZITII PUBLICE",SOUL MEDICAL,163000,2022-09-14,autoritate non-spital
SCN1108108,JUDETUL CARAS-SEVERIN,DRAEGER ROMANIA,112320,2022-09-14,autoritate non-spital
214610-2022,"Universitatea ""Alexandru Ioan Cuza"" Iasi",,2024471,2022-09-15,autoritate non-spital
504333-2022,MUNICIPIUL CONSTANTA,ASTRA PLUS SRL / DELUXE MEDICRAFTS / RIK,518902,2022-09-16,autoritate non-spital
504431-2022,MINISTERUL APARARII - UNITATEA MILITARA 02464 BUCURESTI,KRAL MEDICAL SOLUTIONS SRL,5863157,2022-09-16,unitate militara fara profil de spital
504538-2022,SPITALUL CLINIC JUDETEAN DE URGENTA CLUJ,,34234788,2022-09-16,procedura anulata / fara castigator (confirmat in XML TED)
504936-2022,Spitalul Clinic Judetean de Urgenta Targu.Mures,,1142850,2022-09-16,procedura anulata / fara castigator (confirmat in XML TED)
455938-2022,Directia Sanitara Veterinara si pentru Siguranta Alimentelor Botosani,,706500,2022-09-16,autoritate non-spital
579238-2022,JUDETUL TELEORMAN,Eldiro Medical SRL / LIAMED / Medical Corp S.R.L. / NICONSULTING TECHNICS SRL / PROTON IMPEX 2000 / Proton Impex 2000 S.R.L. / TEHNOLAB SOLUTIONS,1486895,2022-09-16,autoritate non-spital
SCN1104342,"COMPANIA NATIONALA DE TRANSPORT AL ENERGIEI ELECTRICE ""TRANSELECTRICA"" S.A.",BEST ACHIZITII,66000,2022-09-16,entitate privata (SRL/SA)
SCN1110243,COMUNA RUNCU (Consiliul Local al Comunei Runcu),ANA INVEST & RESEARCH,423000,2022-09-18,autoritate non-spital
509196-2022,ASOCIATIA CREST,SC NOVAINTERMED SRL,,2022-09-19,autoritate non-spital
509240-2022,Directia Sanitar Veterinara si pentru Siguranta Alimentelor Braila,DIALAB SOLUTIONS / DIAMEDIX IMPEX / Filara BioMed SRL / MEDICLIM S.R.L. / NOVA GROUP INVESTMENT / Noack Romania S.R.L. / Omnivet Impex S.R.L. / ROMVAC COMPANY,2929094,2022-09-19,autoritate non-spital
518712-2022,COMUNA CRISTINESTI (PRIMARIA),EUROCLEANER SERVICE & ENGINEERING,1228185,2022-09-19,autoritate non-spital
512025-2022,Directia Generala de Asistenta Sociala si Protectia Copilului Constanta,Medical Gazplus / ROM TECH / SC AUTOMOTIVE ALBACA SRL,819997,2022-09-20,autoritate non-spital
514694-2022,Serviciul de Ambulanta Judetean Bihor,ARTISANA MEDICAL S.R.L. / DELUXE CARDS / EUROMEDICAL IMPORT EXPORT / Euroexpand Impex / Filtre Aer Curat S.R.L. / LUAN VISION / MEDICAL GRUP / MEDIMPACT / MEDITECH CMA / Medplaza Health / NAFKA GRUP / ROVAL MED / VALDOMEDICA TRADING,1322250,2022-09-21,autoritate non-spital
514696-2022,Serviciul de Ambulanta Judetean Bihor,ALPHA BRIO MEDICAL S.R.L. / BIZMED / HELLIMED / IOANA N & M SRL / LUAN VISION / MEDICAL GRUP / MEDIMPACT / NETWORK MEDICAL SOLUTION / Natural Es-medical S.R.L / TZMO ROMANIA / VALDOMEDICA TRADING / VOGUE ART,873076,2022-09-21,autoritate non-spital
514701-2022,DIRECTIA SANITARA VETERINARA SI PENTRU SIGURANTA ALIMENTELOR BRASOV,A.M.S. 2000 TRADING IMPEX / ANTISEL RO / Agilrom Scientific / DIALAB SOLUTIONS / DIAMEDIX IMPEX / EUROVET LAB / FARMAVET / Filara BioMed SRL / MEDICLIM S.R.L. / NOVA GROUP INVESTMENT / NOVACHIM TRADING / ROMVAC COMPANY / SANIMED INTERNATIONAL IMPEX / TUNIC PROD S.R.L.,3123783,2022-09-21,autoritate non-spital
514852-2022,CLINICA POLISANO S.R.L.,ALPHA MEDICAL S.R.L. / BOSTON SCIENTIFIC ROMANIA / CARDIOTECH / EXIMIA MEDICAL / L&P MEDICAL / LIFETECH CONSULTING / MEDI -TECH BUSINESS SRL / MEDICAL DEVICES & DIAGNOSTICS / MEDICAL TECHNOLOGIES WORLD SRL / MEDTRONIC ROMANIA SRL / NEURO MED THERAPY / NOVENTIS International,3030050,2022-09-21,entitate privata (SRL/SA)
346289-2022,JUDETUL BACAU,,4087650,2022-09-21,autoritate non-spital
CN1047367,SERVICIUL DE AMBULANTA JUDETEAN SATU MARE,DELUXE MEDICRAFTS / MEDIMPACT / TMS - TOP MEDICAL SUPPLIER / RICOMED / FARMACIA OMNIA,,2022-09-22,autoritate non-spital
SCN1114468,JUDETUL CLUJ (CONSILIUL JUDETEAN),Altamira Impex / INFO MED EXPERT S.R.L.,77400,2022-09-22,autoritate non-spital
518814-2022,Directia Sanitara Veterinara si pentru Siguranta Alimentelor Suceava,A.M.S. 2000 TRADING IMPEX S.R.L. / DIALAB SOLUTIONS / Filara BioMed SRL / Global Event Solutions SRL / LABORATORIUM S.R.L. / MECRO SYSTEM S.R.L. / MEDICLIM S.R.L. / MERC INTERNATIONAL IMPEX S.R.L. / NITECH / NOVA GROUP INVESTMENT / Noack Romania S.R.L. / ROMVAC COMPANY / S.C. Agilrom Scientific S.R.L. / S.C. MUSO S.R.L. / S.C. NOVACHIM TRADING S.R.L. / S.C. REDOX RESEARCH & ANALYTIC S.R.L. S.R.L. / TOPOMEV OPTOSCIENCE / TUNIC PROD S.R.L.,437310,2022-09-23,autoritate non-spital
519059-2022,JUDETUL CLUJ (CONSILIUL JUDETEAN),S.C. DELTAMED S.R.L. / SIEMENS HEALTHCARE SRL,1182900,2022-09-23,autoritate non-spital
519072-2022,"Institutul National pentru Sanatatea Mamei si Copilului ""Alessandrescu-Rusescu Bucuresti""",,36869988,2022-09-23,procedura anulata / fara castigator (confirmat in XML TED)
519089-2022,SPITALUL CLINIC JUDETEAN DE URGENTA CLUJ,,6795648,2022-09-23,procedura anulata / fara castigator (confirmat in XML TED)
519149-2022,Spitalul Clinic Judetean de Urgenta Targu.Mures,,5937840,2022-09-23,procedura anulata / fara castigator (confirmat in XML TED)
CAN1087796,Institutul de Biologie si Patologie Celulara '' Nicolae Simionescu'',Omnivet Impex S.R.L.,4070,2022-09-23,institut de cercetare / fara paturi de spital
CN1042957,CORAX-BIONER CEU,Elta 90 Medical Research SRL,90060,2022-09-24,autoritate non-spital
SCN1108693,"SNTFC ""CFR CALATORI"" S.A.",CENSUS GROUP,165900,2022-09-24,entitate privata (SRL/SA)
523398-2022,ORASUL MOLDOVA NOUA (Primaria orasului Moldova Noua),B.BRAUN MEDICAL / BPM TEHNOLOGICA / BROKMED / DRAEGER ROMANIA / ELPIS LOGIC BUSINESS SRL / HELLIMED / LIAMED / SMG ULTRASOUND ROMANIA / SOUL MEDICAL / UNIMIXSERV,2584638,2022-09-26,autoritate non-spital
523685-2022,Institutul de Biologie si Patologie Celulara '' Nicolae Simionescu'',Omnivet Impex S.R.L.,4070,2022-09-26,institut de cercetare / fara paturi de spital
CN1044247,Institutul National de Cercetare Dezvoltare Medico Militara Cantacuzino,Nova Fit 2000 S.R.L.,,2022-09-26,institut de cercetare / fara paturi de spital
526421-2022,"COLEGIUL TEHNIC ""ALEXANDRU ROMAN"" ALESD",Karimed Partener / S.C. ANA INVEST & RESEARCH SRL,556935,2022-09-27,autoritate non-spital
526522-2022,Directia Sanitara Veterinara si pentru Siguranta Alimentelor Botosani,MEDICLIM S.R.L.,706500,2022-09-27,autoritate non-spital
SCN1108804,Directia Generala de Asistenta Sociala si Protectia Copilului Timis,B.N.BUSINESS S.R.L.,348828,2022-09-27,autoritate non-spital
SCN1114699,Institutul National de Cercetare Dezvoltare Medico Militara Cantacuzino,NITECH S.R.L. / Elta 90 Medical Research SRL / S.C. PRIMCONSULT ABC S.R.L.,164225,2022-09-27,institut de cercetare / fara paturi de spital
SCN1114738,SCOALA GIMNAZIALA NR. 1 LUICA,MANUFARM S.R.L. / Reinigung,54948,2022-09-27,autoritate non-spital
529043-2022,"UNIVERSITATEA DE MEDICINA SI FARMACIE ""VICTOR BABES"" TIMISOARA",DELTAMED / Danson S.R.L. / HEALTHTIM / Med Tech Distributions / TEHNICAL CONSULTING BUSINESS MGT / TEHNO ELECTRO MEDICAL COMPANY S.R.L. / ZONEMED BIOMETRIX,424441,2022-09-28,autoritate non-spital
CN1047620,CORAX-BIONER CEU,BIO AQUA GROUP / Elta 90 Medical Research SRL,158906,2022-09-29,autoritate non-spital
SCN1114853,DIRECTIA SANITARA VETERINARA SI PENTRU SIGURANTA ALIMENTELOR BRASOV,NOVA GROUP INVESTMENT / ANTISEL RO SRL,302065,2022-09-29,autoritate non-spital
SCN1114860,Universitatea din Bucuresti,AL-CARINA S.R.L. / KARLA AUCTION TEAM / SIGNAL SPECTRUM SRL-D,180680,2022-09-29,autoritate non-spital
532755-2022,JUDETUL SALAJ,MEDIST LIFE SCIENCE S.R.L.,522600,2022-09-30,autoritate non-spital
532756-2022,Directia Sanitara Veterinara si pentru Siguranta Alimentelor Suceava,A.M.S. 2000 TRADING IMPEX S.R.L. / Agilrom Scientific / DIALAB SOLUTIONS / DIAMEDIX IMPEX / EMSAR S.R.L. / LABORSISTEM S.R.L. / MEDICLIM S.R.L. / NOVA GROUP INVESTMENT / Noack Romania S.R.L. / PARTNERS MEDICAL SOLUTION S.R.L. / REDOX RESEARCH & ANALYTIC S.R.L. / S.C. NOVACHIM TRADING S.R.L. / TUNIC PROD S.R.L.,879106,2022-09-30,autoritate non-spital
532906-2022,Municipiul Craiova,,25113920,2022-09-30,autoritate non-spital
533035-2022,UNIVERSITATEA TEHNICA DIN CLUJ NAPOCA,S.C. ZAPPA TRADING SERVICES SRL S.R.L.,875980,2022-09-30,autoritate non-spital
533114-2022,MUNICIPIUL TARGOVISTE,GERMROM TRADING IMPORT EXPORT S.R.L.,24357,2022-09-30,autoritate non-spital
533116-2022,COMPLEXUL MULTIFUNCTIONAL CARAIMAN,NEED FARM,1640383,2022-09-30,autoritate non-spital
533309-2022,Institutul National de Gerontologie si Geriatrie ANA ASLAN,,1951432,2022-09-30,procedura anulata / fara castigator (confirmat in XML TED)
536294-2022,Societatea Nationala NUCLEARELECTRICA S.A.,ANN REEVES & FRANCESCA / AVA MEDICAL SERVICES SRL / BIZMED SRL / DENTSTORE / DOLEX COM / FLYNG IMPEX S.R.L. / GB INDCO S.R.L. / GENERAL MEDICALS ACTIVE SRL / MLM MEDICAL S.R.L. / NAGUMA MEDICAL SUPPLY / S.C. ANN REEVES & FRANCESCA S.A. / SC Demiuma Comimpex SRL / TOPALIS ENGINEERING SRL / UNICOMP,450822,2022-09-30,entitate privata (SRL/SA)
CAN1088437,Universitatea de Stiinte Agricole si Medicina Veterinara Cluj Napoca,KARL STORZ ENDOSCOPIA ROMANIA,181968,2022-09-30,autoritate non-spital
SCN1114890,ORASUL LITENI,S.C. Medplaza Health S.R.L.,44013,2022-09-30,autoritate non-spital
SCN1114895,ORASUL DARABANI (PRIMARIA ORASULUI DARABANI),H.B.P. EKO DISTRIBUTION / SIDE GRUP S.R.L. / BW TIMBER MANUFACTURE S.R.L. / CENSUS GROUP / EUROFLEX S.R.L. / INEDIT CLEAN TOTAL,249091,2022-09-30,autoritate non-spital
SCN1114897,COMUNA BALUSENI (PRIMARIA COMUNEI BALUSENI),SIDE GRUP S.R.L. / BW TIMBER MANUFACTURE S.R.L. / BISCOP WOOD S.R.L.,47041,2022-09-30,autoritate non-spital
SCN1114923,ORASUL LITENI,BISCOP WOOD S.R.L. / SC KLINTENSIV SRL / H.B.P. EKO DISTRIBUTION,286267,2022-09-30,autoritate non-spital
CN1047775,SERVICIUL DE AMBULANTA BUCURESTI-ILFOV,HELLIMED / RICOMED / ALPHA NED 2000 EXIM / LUAN VISION / IOANA N & M SRL / TOP TRADE MEDICAL / CO&CO Consumer 2002 S.R.L. / ARTISANA MEDICAL S.R.L. / MEDICAL GRUP / TEHNO ELECTRO MEDICAL COMPANY S.R.L. / TRIDENT MEDICAL COMPANY S.R.L. / IDEAL OPTIONS / MED - AL TRADING SRL / ALPHA BRIO MEDICAL S.R.L. / BIZMED,,2022-10-02,autoritate non-spital
537805-2022,DIRECTIA GENERALA DE ASISTENTA SOCIALA A MUNICIPIULUI BUCURESTI,DOLEX COM / NOVA TECH MED,2034622,2022-10-03,autoritate non-spital
537920-2022,Serviciul de Ambulanta Judetean Arad,ALPHA BRIO MEDICAL S.R.L. / AVA MEDICAL SERVICES SRL / BIZMED / DELUXE MEDICRAFTS / HELLIMED / LARY MELEK IM / LUAN VISION / MEDCLAS TRADING S.R.L. / MEDICAL GRUP / Medplaza Health / Natural Es-medical S.R.L / PAUL HARTMANN / RICOMED / TAISSIS CONCEPT / TRIDENT MEDICAL COMPANY S.R.L. / TZMO ROMANIA / VALDOMEDICA TRADING / X-Lab Solutions S.R.L.,1092355,2022-10-03,autoritate non-spital
548131-2022,Orasul Siret,SOCADANCE MD SRL,883300,2022-10-03,autoritate non-spital
CAN1088515,DIRECTIA GENERALA DE ASISTENTA SOCIALA SI PROTECTIA COPILULUI SIBIU,TZMO ROMANIA,83641,2022-10-03,autoritate non-spital
CAN1088521,DIRECTIA GENERALA DE ASISTENTA SOCIALA SI PROTECTIA COPILULUI SIBIU,Klaus Distribution,85835,2022-10-03,autoritate non-spital
SCN1115006,ORASUL FLAMANZI,ROM TECH S.R.L. / INEDIT CLEAN TOTAL,41694,2022-10-03,autoritate non-spital
SCN1115015,COMUNA SABAOANI,SIGNAL SPECTRUM SRL-D / BLUE NEON / FLYNG IMPEX S.R.L. / FARMACIA OMNIA,121593,2022-10-03,autoritate non-spital
SCN1115019,SCOALA GIMNAZIALA NR.1 DICHISENI,S.C. TRANSLIMA SRL S.R.L. / FLYNG IMPEX S.R.L. / S.C. FARMACIA OMNIA S.R.L. / P-SEVENTEEN SOLUTIONS,60911,2022-10-03,autoritate non-spital
540556-2022,Directia de Sanatate Publica Buzau,DIALAB SOLUTIONS / Filara BioMed SRL,5340000,2022-10-04,autoritate non-spital
540580-2022,MINISTERUL APARARII - UNITATEA MILITARA 02464 BUCURESTI,ARCA PERFORMANCE SOLUTIONS / ARTISANA MEDICAL S.R.L. / ATLAS MEDICAL / CRIO - 2 S.R.L. / ESTIMA MEDICAL GROUP S.R.L. / LUAN VISION / Limas Group S.R.L. / MEDICAL & GRAINS SUPPLIES - MGS / MLM MEDICAL S.R.L. / PARTNERS MEDICAL SOLUTION S.R.L. / PAUL HARTMANN / S.C. ALISON HAYES (ROMANIA) S.R.L. / S.C. FARMACIA OMNIA S.R.L. / S.C. Filtre Aer Curat S.R.L. S.R.L. / SANROTEX TRADING SRL / VALDOMEDICA TRADING / VIOMED CONSUM S.R.L.,17759716,2022-10-04,unitate militara fara profil de spital
SCN1115046,COMUNA GANESTI,DATA LOGIC AZIMUR SRL / S.C. ANA INVEST & RESEARCH SRL,104584,2022-10-04,autoritate non-spital
543517-2022,"UNIVERSITATEA DE MEDICINA SI FARMACIE ""GRIGORE T.POPA"" DIN IASI",PRION POCT / ROCHE ROMANIA,221300,2022-10-05,autoritate non-spital
543545-2022,"Universitatea de Medicina si Farmacie ""Iuliu Hatieganu"" Cluj-Napoca",LABO SHOP SRL,1207900,2022-10-05,autoritate non-spital
408502-2022,"Universitatea de Medicina si Farmacie ""Carol Davila""",,2608263,2022-10-05,autoritate non-spital
543072-2022,SERVICIUL DE AMBULANTA BUCURESTI-ILFOV,,1455750,2022-10-05,autoritate non-spital
CAN1088646,Directia Generala de Asistenta Sociala si Protectia Copilului Prahova,SMART TRADE MASTER S.R.L.,83114,2022-10-05,autoritate non-spital
SCN1109315,COMUNA OCNITA,BLUE NEON,364889,2022-10-05,autoritate non-spital
SCN1115159,SCOALA GIMNAZIALA NR.1 RADU VODA,VETRO DESIGN / Reinigung,62802,2022-10-05,autoritate non-spital
CN1047863,Directia Generala de Asistenta Sociala si Protectia Copilului Caras Severin,ATLAS MEDICAL,96124,2022-10-06,autoritate non-spital
SCN1115226,MINISTERUL APARARII - UNITATEA MILITARA 02464 BUCURESTI,LUAN VISION / S.C. MEDITECH S.R.L. S.R.L.,,2022-10-06,unitate militara fara profil de spital
547412-2022,"Universitatea de Medicina si Farmacie ""Iuliu Hatieganu"" Cluj-Napoca",Nastimed Serv / S.C. Medica M3 Comexim S.R.L. / TEHNODENT POKA S.R.L.,1490120,2022-10-07,autoritate non-spital
547477-2022,"Universitatea de Medicina si Farmacie ""Iuliu Hatieganu"" Cluj-Napoca",MEDI SENSE / Nastimed Serv / TEHNODENT POKA S.R.L.,105013014,2022-10-07,autoritate non-spital
547488-2022,"UNIVERSITATEA DE MEDICINA SI FARMACIE ""GRIGORE T.POPA"" DIN IASI",DIAMEDIX IMPEX / Filara BioMed SRL,86040,2022-10-07,autoritate non-spital
547501-2022,"UNIVERSITATEA DE MEDICINA SI FARMACIE ""GRIGORE T.POPA"" DIN IASI",DIAMEDIX IMPEX,235950,2022-10-07,autoritate non-spital
547599-2022,Spitalulul Clinic de Ortopedie Traumatologie si TBC Osteoarticular Foisor,,12990756,2022-10-07,procedura anulata / fara castigator (confirmat in XML TED)
547973-2022,UNIVERSITATEA OVIDIUS CONSTANTA,PONDERA MEDICAL,640000,2022-10-07,autoritate non-spital
548076-2022,Directia Sanitar Veterinara si pentru Siguranta Alimentelor Braila,DIALAB SOLUTIONS / DIAMEDIX IMPEX / Filara BioMed SRL / MEDICLIM S.R.L. / NOVA GROUP INVESTMENT / Noack Romania S.R.L. / Omnivet Impex S.R.L. / ROMVAC COMPANY,2929094,2022-10-07,autoritate non-spital
548126-2022,MUNICIPIUL MOTRU,,2162330,2022-10-07,autoritate non-spital
548448-2022,ADMINISTRATIA NATIONALA A REZERVELOR DE STAT SI PROBLEME SPECIALE,,411641736,2022-10-07,autoritate non-spital
SCN1115252,Directia Generala de Asistenta Sociala si Protectia Copilului Constanta,DIVINE MOB SRL / MOBTECO PRODUCT S.R.L.,211743,2022-10-07,autoritate non-spital
CN1048025,PRIMARIA AGNITA,ATS NOVUS / KARLA AUCTION TEAM / SIGNAL SPECTRUM SRL-D,253602,2022-10-08,autoritate non-spital
SCN1111410,DIRECTIA GENERALA DE ASISTENTA SOCIALA SI PROTECTIA COPILULUI VALCEA,TZMO ROMANIA,199248,2022-10-08,autoritate non-spital
552742-2022,"Universitatea de Medicina si Farmacie ""Iuliu Hatieganu"" Cluj-Napoca",ANTISEL RO / Agilrom Scientific / BIO AQUA GROUP / CHROMAKTIV S.R.L. / CO&CO Consumer 2002 S.R.L. / DELTAMED / EMSAR S.R.L. / Filara BioMed SRL / LABORSISTEM S.R.L. / MERC INTERNATIONAL IMPEX S.R.L. / Novaintermed S.R.L. / PAUL HARTMANN / ROMBIOMEDICA / TEHNO ELECTRO MEDICAL COMPANY S.R.L. / TUNIC PROD S.R.L.,6289570,2022-10-10,autoritate non-spital
552665-2022,Directia Generala de Asistenta Sociala si Protectia Copilului Sector 2,CENSUS GROUP / DUMITRU BUSINESS HOUSE IMPEX / Target Point,744525,2022-10-10,autoritate non-spital
555728-2022,JUDETUL VALCEA,ELPIS LOGIC BUSINESS SRL,57900,2022-10-11,autoritate non-spital
555742-2022,Judetul Brasov,OVAVINCI / S.C. NEOMED S..R.L. / TEHNO ELECTRO MEDICAL COMPANY S.R.L.,377933,2022-10-11,autoritate non-spital
555827-2022,SERVICIUL JUDETEAN DE AMBULANTA ARGES,ALPHA BRIO MEDICAL S.R.L. / DELUXE MEDICRAFTS / FARMACIA OMNIA / FLEXAL IMPEX S.R.L. / LUAN VISION / MEDICAL GRUP / TMS - TOP MEDICAL SUPPLIER / VALDOMEDICA TRADING,844195,2022-10-11,autoritate non-spital
555831-2022,SC. SANADOR SRL,CARDIOTECH,9950000,2022-10-11,entitate privata (SRL/SA)
558867-2022,JUDETUL BACAU,DACORUM GRUP,3509002,2022-10-12,autoritate non-spital
558873-2022,Municipiul Galati,GLOBAL MEDICAL SOLUTIONS SRL,339928,2022-10-12,autoritate non-spital
558899-2022,JUDETUL GALATI,,674662,2022-10-12,autoritate non-spital
559079-2022,Institutul National de Cercetare Dezvoltare Medico Militara Cantacuzino,A.M.S. 2000 TRADING IMPEX S.R.L. / ANTISEL RO SRL / DIALAB SOLUTIONS / DIAMEDIX IMPEX / Elta 90 Medical Research SRL / MERCK ROMANIA S.R.L. / Novaintermed S.R.L.,9408677,2022-10-12,institut de cercetare / fara paturi de spital
559081-2022,Institutul National de Cercetare Dezvoltare Medico Militara Cantacuzino,A.M.S. 2000 TRADING IMPEX S.R.L. / ANTISEL RO SRL / BALMED S.R.L. / BIOMEDICA MEDIZINPRODUKTE ROMANIA SRL / Elta 90 Medical Research SRL / MEDICLIM S.R.L. / MOLECULAR GENOMICS S.R.L. / Novaintermed S.R.L. / Sante International S.A. / VitroBioChem S.R.L.,7171777,2022-10-12,institut de cercetare / fara paturi de spital
346331-2022,Universitatea de Stiinte Agricole si Medicina Veterinara Cluj Napoca,,773109,2022-10-12,autoritate non-spital
458435-2022,Directia Sanitara Veterinara si pentru Siguranta Alimentelor Botosani,,1250000,2022-10-12,autoritate non-spital
CN1048159,JUDETUL TELEORMAN,FLAMATEX / TEHNOPLUS MEDICAL,271882,2022-10-13,autoritate non-spital
SCN1115490,"UNIVERSITATEA DE MEDICINA SI FARMACIE ""VICTOR BABES"" DIN TIMISOARA",WINPHARMAMED,151260,2022-10-13,autoritate non-spital
563306-2022,SC. SANADOR SRL,ALPHA MEDICAL / ANGIOSPECTRU MED S.R.L. / CARDIOTECH / EXIMIA MEDICAL / FARMACEUTICA REMEDIA DISTRIBUTION & LOGISTICS S.R.L. / HELLIMED / LUAN VISION / M-G EXIM ROMITALIA / MEDI -TECH BUSINESS / MEDTRONIC ROMANIA / SC EPSYLON GROUP SRL / Sof Medica,20713263,2022-10-14,entitate privata (SRL/SA)
563779-2022,JUDETUL VALCEA,ADION PRODIMPEXTRANS S.R.L. / DELUXE MEDICRAFTS / Dyomedica CND SRL / HELLIMED / MEDIST IMAGING & P.O.C. S.R.L. / SANTOMED IMPEX S.R.L / UNICOMP,4282836,2022-10-14,autoritate non-spital
563812-2022,Serviciul de Ambulanta Judetean Bihor,ARTISANA MEDICAL S.R.L. / DELUXE CARDS / EUROMEDICAL IMPORT EXPORT / Euroexpand Impex / Filtre Aer Curat S.R.L. / LUAN VISION / MEDICAL GRUP / MEDIMPACT / MEDITECH CMA / Medplaza Health / NAFKA GRUP / ROVAL MED / VALDOMEDICA TRADING,1322250,2022-10-14,autoritate non-spital
SCN1115592,Institutul National de Medicina Legala Mina Minovici,PARTNERS MEDICAL SOLUTION S.R.L. / TUNIC PROD S.R.L. / Altium International SRL / Filara BioMed SRL / BIO AQUA GROUP / EMSAR S.R.L.,339016,2022-10-14,autoritate non-spital
SCN1109990,Scoala Gimnaziala nr.7 Petrosani,BIO HYGIENE,640630,2022-10-15,autoritate non-spital
CN1048309,JUDETUL BOTOSANI,OVAVINCI / EURODIDACTICA S.R.L. / HELLIMED / Dyomedica CND SRL,340079,2022-10-16,autoritate non-spital
SCN1107837,Orasul Harsova,Integra Medical Business,342900,2022-10-16,autoritate non-spital
SCN1107839,Orasul Harsova,ASTRA PLUS SRL,45405,2022-10-16,autoritate non-spital
568575-2022,SERVICIUL DE AMBULANTA JUDETEAN CONSTANTA,AVA MEDICAL SERVICES SRL / ENGLOBER S.R.L. / HELLIMED / LUAN VISION / MEDCLAS TRADING S.R.L. / MERCATOR MEDICAL / NAFKA GRUP / SANROTEX TRADING SRL / TAISSIS CONCEPT / TMS - TOP MEDICAL SUPPLIER / VALDOMEDICA TRADING / VETRO DESIGN / ZARYS INTERNATIONAL GROUP MEDICAL EQUIPMENT S.R.L.,521422,2022-10-17,autoritate non-spital
568690-2022,Directia Generala de Asistenta Sociala si Protectia Copilului Neamt,CERTINVEST / EVIDENT VERIAN / INTERCAPITAL / IRIKA KNITTING / Medplaza Health / NERAMO DISTRIBUTION / SC SANDUNAV INTERMED SRL / TECHTEX / Work Safe Box,650213,2022-10-17,autoritate non-spital
253191-2022,"UNIVERSITATEA DE MEDICINA SI FARMACIE ""GRIGORE T.POPA"" DIN IASI",,850000,2022-10-17,autoritate non-spital
SCN1108178,COMUNA ADANCATA (PRIMARIA),Proton Impex 2000 S.R.L.,295108,2022-10-17,autoritate non-spital
571653-2022,MUNICIPIUL MOTRU,,2162330,2022-10-18,autoritate non-spital
SCN1115759,COMUNA RADOVANU (CONSILIUL LOCAL RADOVANU),MULTI CLEANING SYSTEM,69960,2022-10-18,autoritate non-spital
408376-2022,MUNICIPIUL BACAU,,1919504,2022-10-19,autoritate non-spital
607194-2022,PRO-VITAM SRL,CLINI-LAB / LABORATORIUM,1596700,2022-10-19,entitate privata (SRL/SA)
CN1048364,ORASUL LITENI,ATS NOVUS / KLINTENSIV,45772,2022-10-19,autoritate non-spital
SCN1110354,DIRECTIA GENERALA DE ASISTENTA SOCIALA SI PROTECTIA COPILULUI VRANCEA,TZMO ROMANIA,164810,2022-10-19,autoritate non-spital
SCN1115782,Orasul Stefanesti,BISCOP WOOD S.R.L. / Fidesys Mobile / BW TIMBER MANUFACTURE S.R.L.,132852,2022-10-19,autoritate non-spital
CN1048433,JUDETUL BACAU,AI22L CLOUD S.R.L. / FLYNG IMPEX S.R.L. / Filtre Aer Curat S.R.L. / FARMACIA OMNIA,424439,2022-10-20,autoritate non-spital
578779-2022,SERVICIUL DE AMBULANTA AL JUDETULUI CLUJ,ALPHA BRIO MEDICAL S.R.L. / ALPHA NED 2000 EXIM / AVMED PLUS / CRIO - 2 S.R.L. / JOLIDON INTERNATIONAL / LUAN VISION / Limas Group S.R.L. / MEDIMPACT / THREE PHARM / TZMO ROMANIA,1327750,2022-10-21,autoritate non-spital
578795-2022,"Universitatea de Medicina si Farmacie ""Iuliu Hatieganu"" Cluj-Napoca",ANTISEL RO SRL / BIO AQUA GROUP / S.C. Bio Zyme S.R.L.,17946,2022-10-21,autoritate non-spital
578823-2022,SC. SANADOR SRL,ALPHA MEDICAL / ANGIOSPECTRU MED S.R.L. / BIOLIFE GRUP S.R.L. / BIOTECHNICS IMPLANT / CARDIOTECH / CORAMED MEDIZINISCHE PRODUKTE / EXIMIA MEDICAL / FARMACEUTICA REMEDIA DISTRIBUTION & LOGISTICS S.R.L. / HELLIMED / LIFETECH CONSULTING / LUAN VISION / M-G EXIM ROMITALIA / MEDI -TECH BUSINESS / MEDTRONIC ROMANIA / MLM MEDICAL S.R.L. / NOVENTIS International / RAFI MEDICAL / SC EPSYLON GROUP SRL / Sof Medica,23873093,2022-10-21,entitate privata (SRL/SA)
578962-2022,SERVICIUL DE AMBULANTA AL JUDETULUI CLUJ,B.BRAUN MEDICAL / BIZMED SRL / C&D GENERAL AFFAIRS TRADING SRL / CO&CO Consumer 2002 S.R.L. / CRIO - 2 S.R.L. / DELTAMED / LUAN VISION / MEDIMPACT / NAFKA GRUP S.R.L. / Natural Es-medical S.R.L / PRODCONFARM S.R.L. / Pansiprod Distributie / RICOMED / S.C.MEDICAL GRUP S.R.L. / THREE PHARM / TMS - TOP MEDICAL SUPPLIER / TZMO ROMANIA / VALDOMEDICA TRADING / X-Lab Solutions S.R.L.,561017,2022-10-21,autoritate non-spital
578963-2022,SERVICIUL DE AMBULANTA AL JUDETULUI CLUJ,ALPHA NED 2000 EXIM / AVMED PLUS / B.BRAUN MEDICAL / BIZMED SRL / CRIO - 2 S.R.L. / LUAN VISION / MEDIMPACT / MEDIST IMAGING & P.O.C. S.R.L. / NAFKA GRUP S.R.L. / Novaintermed S.R.L. / Pansiprod Distributie / RICOMED / S.C. DELTAMED S.R.L. / S.C. Natural Es-medical S.R.L S.R.L. / S.C.MEDICAL GRUP S.R.L. / SANROTEX TRADING SRL / TMS - TOP MEDICAL SUPPLIER / TZMO ROMANIA / VALDOMEDICA TRADING,1077806,2022-10-21,autoritate non-spital
579057-2022,SERVICIUL JUDETEAN DE AMBULANTA ARGES,ALPHA BRIO MEDICAL S.R.L. / DELUXE MEDICRAFTS / FARMACIA OMNIA / FLEXAL IMPEX S.R.L. / LUAN VISION / MEDICAL GRUP / TMS - TOP MEDICAL SUPPLIER / VALDOMEDICA TRADING,844195,2022-10-21,autoritate non-spital
579175-2022,SERVICIUL DE AMBULANTA AL JUDETULUI CLUJ,ARTISANA MEDICAL S.R.L. / AVMED PLUS / CRAD RO / CRIO - 2 S.R.L. / EUROMEDICAL IMPORT EXPORT / GRAZY PRICE MEDICAL IMPORT EXPORT S.R.L. / JOLIDON INTERNATIONAL / LUAN VISION / MED - AL TRADING SRL / MEDIMPACT / MEDIST IMAGING & P.O.C. S.R.L. / MEDITECH CMA / NAFKA GRUP S.R.L. / NOVENTIS International / Novaintermed S.R.L. / PAUL HARTMANN / S.C. MEDCLAS TRADING S.R.L. S.R.L. / S.C. Medplaza Health S.R.L. / S.C. NERAMO DISTRIBUTION S.R.L. / S.C. Natural Es-medical S.R.L S.R.L. / S.C. TECHTEX S.R.L. / S.C.MEDICAL GRUP S.R.L. / SANROTEX TRADING SRL / SH MEDICAL SRL / STERIL ROMANIA / TZMO ROMANIA / VALDOMEDICA TRADING / X-Lab Solutions S.R.L.,2427394,2022-10-21,autoritate non-spital
579227-2022,Directia Generala de Asistenta Sociala si Protectia Copilului Sector 2,DUMITRU BUSINESS HOUSE IMPEX / LOIAL OFFICE S.R.L. / Target Point,211638,2022-10-21,autoritate non-spital
579239-2022,MINISTERUL APARARII - UNITATEA MILITARA 02464 BUCURESTI,ADION PRODIMPEXTRANS S.R.L. / MEDIMPACT / NEOMED S.R.L. / NERAMO DISTRIBUTION / RICOMED,2997645,2022-10-21,unitate militara fara profil de spital
579372-2022,Ministerul Apararii U.M. 02412 Bucuresti,DIAMEDIX IMPEX / DTL Medical SRL,1056719,2022-10-21,unitate militara fara profil de spital
383016-2022,MUNICIPIUL BARLAD,,1599638,2022-10-21,autoritate non-spital
CN1048482,MUNICIPIUL BOTOSANI,HIGH PUBLI VIEW S.R.L. / S.C. INTERSID S.R.L.,204083,2022-10-21,autoritate non-spital
CN1048494,Orasul Cisnadie,ATLAS MEDICAL,218336,2022-10-21,autoritate non-spital
SCN1115959,Comuna Albesti,SC KLINTENSIV SRL / DELUXE MEDICRAFTS,265720,2022-10-21,autoritate non-spital
SCN1115970,LICEUL SILVIC TRANSILVANIA NASAUD,Medplaza Health,9184,2022-10-21,autoritate non-spital
CN1048522,Municipiul Slatina,FLYNG IMPEX S.R.L.,199120,2022-10-22,autoritate non-spital
CN1048528,JUDETUL VALCEA,DELUXE MEDICRAFTS,339070,2022-10-22,autoritate non-spital
SCN1107492,"CONSILIUL JUDETUL PRAHOVA, DIRECTIA SERVICII SI ACHIZITII PUBLICE",ALA EXPERT CONSTRUCT,18325792,2022-10-22,autoritate non-spital
CN1048601,ORASUL DARABANI (PRIMARIA ORASULUI DARABANI),SC KLINTENSIV SRL / BW TIMBER MANUFACTURE S.R.L.,67538,2022-10-23,autoritate non-spital
SCN1108520,"SNTFC ""CFR CALATORI"" S.A.",AMIA INVEST,44320,2022-10-23,entitate privata (SRL/SA)
SCN1112522,COMUNA SANTAU (CONSILIUL LOCAL AL COMUNEI SANTAU),ANA INVEST & RESEARCH,634250,2022-10-23,autoritate non-spital
584307-2022,"UNIVERSITATEA DE MEDICINA SI FARMACIE ""GRIGORE T.POPA"" DIN IASI",BIO SUPPLY DEVELOPMENT SRL,850000,2022-10-24,autoritate non-spital
584505-2022,Scoala de Arte si Meserii Turulung Satu Mare,BUG EXTERMINATOR SRL,116030,2022-10-24,autoritate non-spital
140851-2022,Comuna Sinmartin,,1122361,2022-10-24,autoritate non-spital
SCN1116029,DIRECTIA GENERALA DE ASISTENTA SOCIALA SI PROTECTIA COPILULUI,TZMO ROMANIA,207696,2022-10-24,autoritate non-spital
SCN1116052,Comuna Tirnava (Primaria Tirnava),SINOFARM ROMANIA S.R.L. / CLEANING LOGISTIC DISTRIBUTION,317082,2022-10-24,autoritate non-spital
587594-2022,SC. SANADOR SRL,ALPHA MEDICAL / ANGIOSPECTRU MED S.R.L. / BIOLIFE GRUP S.R.L. / BIOTECHNICS IMPLANT / CARDIOTECH / CORAMED MEDIZINISCHE PRODUKTE / EXIMIA MEDICAL / FARMACEUTICA REMEDIA DISTRIBUTION & LOGISTICS S.R.L. / HELLIMED / LIFETECH CONSULTING / LUAN VISION / M-G EXIM ROMITALIA / MEDI -TECH BUSINESS / MEDTRONIC ROMANIA / MLM MEDICAL S.R.L. / NOVENTIS International / RAFI MEDICAL / SC EPSYLON GROUP SRL / Sof Medica,26374643,2022-10-25,entitate privata (SRL/SA)
310498-2022,Municipiul Slatina,,15949708,2022-10-25,autoritate non-spital
383114-2022,INSPECTORATUL SCOLAR JUDETEAN ALBA,,5732990,2022-10-25,autoritate non-spital
601852-2022,COMUNA PADES,AXIOMA MEDICAL S.R.L. / S.C. GRC SPECTRUM SRL,1256068,2022-10-25,autoritate non-spital
CN1043904,COMUNA CRISTINESTI (PRIMARIA),EUROCLEANER SERVICE & ENGINEERING,136465,2022-10-25,autoritate non-spital
590628-2022,Ministerul Apararii U.M. 02412 Bucuresti,DIAMEDIX IMPEX / DTL Medical SRL,512400,2022-10-26,unitate militara fara profil de spital
590652-2022,Directia Sanitara Veterinara si pentru Siguranta Alimentelor Botosani,EUROVET LAB,1249500,2022-10-26,autoritate non-spital
SCN1116202,COMUNA BACIA,SC KLINTENSIV SRL,86224,2022-10-26,autoritate non-spital
594850-2022,Scoala de Arte si Meserii Turulung Satu Mare,BUG EXTERMINATOR SRL,196750,2022-10-28,autoritate non-spital
594998-2022,Comuna Obirsia Closani (Primaria com. Obirsia Closani),MEDFARM TRADING / SONIWORLD APARATURA MEDICALA / TEHNODENT POKA S.R.L.,1038477,2022-10-28,autoritate non-spital
595141-2022,Universitatea de Stiinte Agricole si Medicina Veterinara Cluj Napoca,SIEMENS HEALTHCARE SRL,773000,2022-10-28,autoritate non-spital
595159-2022,"UNIVERSITATEA DE MEDICINA SI FARMACIE ""GRIGORE T.POPA"" DIN IASI",DIALAB SOLUTIONS / NITECH,34084,2022-10-28,autoritate non-spital
595250-2022,SERVICIUL DE AMBULANTA JUDETEAN VRANCEA,CO&CO Consumer 2002 S.R.L. / CRIO - 2 S.R.L. / D&G GROUP S.R.L. / DELUXE CARDS / HELLIMED / MEDICAL GRUP / MEDIMPACT / MEDIST IMAGING & P.O.C. / REVORA TOPMEDAS / X-Lab Solutions S.R.L.,382690,2022-10-28,autoritate non-spital
601599-2022,JUDETUL VALCEA,S.C. LINDE GAZ ROMANIA S.R.L. S.R.L.,129210,2022-10-31,autoritate non-spital
601696-2022,SERVICIUL JUDETEAN DE AMBULANTA ARGES,ALPHA BRIO MEDICAL S.R.L. / DELUXE MEDICRAFTS / FARMACIA OMNIA / FLEXAL IMPEX S.R.L. / LUAN VISION / MEDICAL GRUP / TMS - TOP MEDICAL SUPPLIER / VALDOMEDICA TRADING,844195,2022-10-31,autoritate non-spital
602104-2022,MUNICIPIUL CAMPULUNG,MMTOP SAFE / S.C. Medplaza Health S.R.L.,219019,2022-10-31,autoritate non-spital
602108-2022,MUNICIPIUL MOTRU,LIAMED,157990,2022-10-31,autoritate non-spital
722938-2022,MUNICIPIUL BARLAD,DOLEX COM / KLINTENSIV / Karimed Partener,705246,2022-10-31,autoritate non-spital
724733-2022,ORASUL HUEDIN,BPM TEHNOLOGICA / Integra Medical Business / PAPAPOSTOLOU S.R.L / SOUL MEDICAL / TETRA MED INSPIRE / VICI EVOLUTION S.R.L.,8150838,2022-10-31,autoritate non-spital
SCN1116422,COMUNA FUNDU MOLDOVEI,BEST ACHIZITII / CLEANING LOGISTIC DISTRIBUTION / KARLA AUCTION TEAM,367479,2022-10-31,autoritate non-spital
620612-2022,COMUNA DUMBRAVENI,SIEMENS HEALTHCARE SRL,3371000,2022-11-01,autoritate non-spital
SCN1116477,Compania APA Brasov,EMSAR S.R.L. / BIO AQUA GROUP,151345,2022-11-01,autoritate non-spital
607187-2022,Municipiul Caransebes,GLOBAL MEDICAL SOLUTIONS / HELLIMED / MEDFARM TRADING / Medist / SIEMENS HEALTHCARE SRL / SMG ULTRASOUND ROMANIA / SUPERMEDICAL / UNIMIXSERV,22256174,2022-11-02,autoritate non-spital
607195-2022,Directia Sanitara Veterinara si pentru Siguranta Alimentelor Suceava,ANTISEL RO SRL / EMSAR S.R.L. / Elta 90 Medical Research SRL / Filara BioMed SRL / MEDICLIM S.R.L. / PARTNERS MEDICAL SOLUTION S.R.L. / ROVAL MED / S.C. ALISON HAYES (ROMANIA) S.R.L. / TUNIC PROD S.R.L.,1356108,2022-11-02,autoritate non-spital
194477-2022,COMUNA BIHARIA,,815806,2022-11-03,autoritate non-spital
CN1041067,JUDETUL TELEORMAN,Proton Impex 2000 S.R.L.,265011,2022-11-03,autoritate non-spital
SCN1111115,COMUNA VALEA MARE,FLAMATEX,196920,2022-11-03,autoritate non-spital
SCN1116596,COMUNA VIISOARA (PRIMARIA VIISOARA MURES),S.C. EUROSTING AAW INDUSTRY S.R.L. / GERMROM TRADING IMPORT EXPORT S.R.L.,183525,2022-11-03,autoritate non-spital
610486-2022,"Universitatea ""Alexandru Ioan Cuza"" Iasi",ATLAS MEDICAL / ATS NOVUS / LIAMED / MEDIZIN TECHNOLOGIES / S.C. ALISON HAYES (ROMANIA) S.R.L.,503254,2022-11-04,autoritate non-spital
610633-2022,MUNICIPIUL BACAU,DOLEX COM / SIGNAL SPECTRUM SRL-D,891625,2022-11-04,autoritate non-spital
SCN1116682,Institutul National de Medicina Legala Mina Minovici,TEKNOLEB LABORATORY SRL / SYNTTERGY CONSULT S.R.L. / Elta 90 Medical Research SRL / NITECH S.R.L. / DIALAB SOLUTIONS / MEDIST LIFE SCIENCE S.R.L.,326834,2022-11-04,autoritate non-spital
SCN1109473,SCOALA GIMNAZIALA COLELIA,MEDIZIN TECHNOLOGIES,152048,2022-11-05,autoritate non-spital
SCN1107710,ORASUL POTCOAVA,BLUE NEON,39749,2022-11-06,autoritate non-spital
SCN1109533,COMUNA BRADESTI,MANUFARM S.R.L.,360351,2022-11-06,autoritate non-spital
437325-2022,Orasul Gura Humorului,,,2022-11-07,autoritate non-spital
CAN1091319,Directia Generala de Asistenta Sociala si Protectia Copilului Constanta,MINI-FARM S.R.L.,32794,2022-11-07,autoritate non-spital
CN1045800,Ministerul Apararii U.M. 02412 Bucuresti,DTL Medical SRL / DIAMEDIX IMPEX,512400,2022-11-07,unitate militara fara profil de spital
617172-2022,MUNICIPIUL BARLAD,BIO HYGIENE,1358100,2022-11-08,autoritate non-spital
768881-2023,Directia Sanitar Veterinara si pentru Siguranta Alimentelor Braila,DIALAB SOLUTIONS / DIAMEDIX IMPEX / Filara BioMed SRL / MEDICLIM S.R.L. / NOVA GROUP INVESTMENT / Noack Romania S.R.L. / Omnivet Impex S.R.L. / ROMVAC COMPANY,344386,2022-11-08,autoritate non-spital
641638-2022,UNITATEA MILITARA 02301,LC RHEA MEDICAL CARE S.R.L. / MEDIST IMAGING & P.O.C. S.R.L. / Medical Sport Solutions SRL / REO MEDICAL APARATURA MEDICALA,1247890,2022-11-08,unitate militara fara profil de spital
CAN1091443,Directia Generala de Asistenta Sociala si Protectia Copilului Timis,AVANTECH INTERACTIVE SYSTEMS,145900,2022-11-08,autoritate non-spital
SCN1109296,Comuna Madarjac (Consiliul Local MADARJAC),BPM TEHNOLOGICA,628710,2022-11-08,autoritate non-spital
SCN1116778,Directia Sanitara Veterinara si pentru Siguranta Alimentelor Bistrita-Nasaud,BIO AQUA GROUP / MEDVET DIAGNOSTIC / NITECH S.R.L. / MEDICLIM S.R.L. / DIAMEDIX IMPEX / Noack Romania S.R.L.,46804,2022-11-08,autoritate non-spital
619175-2022,Universitatea de Medicina si Farmacie din Craiova,NANO BIO MEDICAL S.R.L. / RS Medical Line,260288,2022-11-09,autoritate non-spital
619292-2022,SERVICIUL DE AMBULANTA JUDETEAN CONSTANTA,AVA MEDICAL SERVICES SRL / ENGLOBER S.R.L. / HELLIMED / LUAN VISION / MEDCLAS TRADING S.R.L. / MERCATOR MEDICAL / NAFKA GRUP / SANROTEX TRADING SRL / TAISSIS CONCEPT / TMS - TOP MEDICAL SUPPLIER / VALDOMEDICA TRADING / VETRO DESIGN / ZARYS INTERNATIONAL GROUP MEDICAL EQUIPMENT S.R.L.,521422,2022-11-09,autoritate non-spital
620589-2022,SERVICIUL DE AMBULANTA JUDETEAN CONSTANTA,AVANT MARIS MEDICAL S.R.L. / DELUXE CARDS,559200,2022-11-09,autoritate non-spital
626607-2022,UNIVERSITATEA MARITIMA DIN CONSTANTA,,1553676,2022-11-09,autoritate non-spital
SCN1116874,COMUNA CHIOJDU,Proton Impex 2000 S.R.L.,116724,2022-11-10,autoritate non-spital
SCN1116906,CONSILIUL JUDETEAN BRAILA,DAC TECHNOLOGY S.R.L.,109975,2022-11-10,autoritate non-spital
625309-2022,Orasul Gura Humorului,CREATIVE & INNOVATIVE MANAGEMENT / FARMACIA OMNIA,1755785,2022-11-11,autoritate non-spital
654940-2022,Comitetul Olimpic si Sportiv Roman,Medical Sport Solutions SRL / NEOTECH,720520,2022-11-11,autoritate non-spital
CN1049267,JUDETUL CLUJ (CONSILIUL JUDETEAN),SANTIMPEX S.R.L.,18925,2022-11-11,autoritate non-spital
CN1049285,MUNICIPIUL TARGOVISTE,EUROTOTAL COMP,233464,2022-11-11,autoritate non-spital
630814-2022,Comuna Sinmartin,FARMEC S.A. / S.C. ANA INVEST & RESEARCH SRL,894210,2022-11-14,autoritate non-spital
629403-2022,Serviciul de Ambulanta Judetean Bacau,,1285820,2022-11-14,autoritate non-spital
655033-2022,Orasul Novaci,AXIOMA MEDICAL / SOUL MEDICAL,1101510,2022-11-14,autoritate non-spital
633581-2022,"CONSILIUL JUDETUL PRAHOVA, DIRECTIA SERVICII SI ACHIZITII PUBLICE",,40393302,2022-11-15,autoritate non-spital
635815-2022,Directia Sanitara Veterinara si pentru Siguranta Alimentelor Suceava,A.M.S. 2000 TRADING IMPEX S.R.L. / DIALAB SOLUTIONS / Filara BioMed SRL / Global Event Solutions SRL / LABORATORIUM S.R.L. / MECRO SYSTEM S.R.L. / MEDICLIM S.R.L. / MERC INTERNATIONAL IMPEX S.R.L. / NITECH / NOVA GROUP INVESTMENT / Noack Romania S.R.L. / ROMVAC COMPANY / S.C. Agilrom Scientific S.R.L. / S.C. MUSO S.R.L. / S.C. NOVACHIM TRADING S.R.L. / S.C. REDOX RESEARCH & ANALYTIC S.R.L. S.R.L. / TOPOMEV OPTOSCIENCE / TUNIC PROD S.R.L.,441090,2022-11-16,autoritate non-spital
636675-2022,Universitatea de Medicina si Farmacie din Craiova,NANO BIO MEDICAL S.R.L. / RS Medical Line,82780,2022-11-16,autoritate non-spital
636797-2022,Universitatea de Medicina si Farmacie din Craiova,ALBEDO S.R.L.,65037,2022-11-16,autoritate non-spital
518060-2022,CONSILIUL JUDETEAN GORJ,,2521008,2022-11-16,autoritate non-spital
253510-2022,Consiliul Judetean Arad,,2903727,2022-11-17,autoritate non-spital
32575-2023,MUNICIPIUL ADJUD (CONSILIUL LOCAL AL MUNICIPIULUI ADJUD),ANA INVEST & RESEARCH / CLEANEXPERT SHOP SRL / SOCADANCE MD SRL,4107299,2022-11-17,autoritate non-spital
CAN1092121,Directia generala de asistenta sociala si protectia copilului Cluj,RAPSODIA COM SRL,49938,2022-11-17,autoritate non-spital
638251-2022,"LICEUL TEORETIC ""HORVÁTH JÁNOS""",GENERAL MEDICALS ACTIVE SRL,200731,2022-11-18,autoritate non-spital
638303-2022,MINISTERUL APARARII - UNITATEA MILITARA 02464 BUCURESTI,MEDICAL GRUP / MEDITECH S.R.L.,896650,2022-11-18,unitate militara fara profil de spital
638707-2022,JUDETUL VALCEA,CATTUS S.R.L. / ELPIS LOGIC BUSINESS SRL,151900,2022-11-18,autoritate non-spital
639048-2022,Spitalul Clinic de Urgenta Bucuresti,,37191264,2022-11-18,procedura anulata / fara castigator (confirmat in XML TED)
640647-2022,MINISTERUL APARARII - UNITATEA MILITARA 02464 BUCURESTI,CATTUS,4550000,2022-11-18,unitate militara fara profil de spital
642088-2022,JUDETUL BOTOSANI,PRIMERA MED TECHNOLOGY,76160,2022-11-18,autoritate non-spital
CN1043893,C.N. POSTA ROMANA S.A.,PRODIVEX,329587,2022-11-19,entitate privata (SRL/SA)
643516-2022,Directia Generala de Asistenta Sociala si Protectia Copilului Caras Severin,,1470832,2022-11-21,autoritate non-spital
645226-2022,"Universitatea de Medicina si Farmacie ""Iuliu Hatieganu"" Cluj-Napoca",ANTISEL RO SRL / DR COLOS MEDICAL / LIAMED / MEDIMPACT / MEDIST IMAGING & P.O.C. S.R.L. / RAFI MEDICAL / S.C. DELTAMED S.R.L. / S.C. ELMED MEDICALS.R.L.,519280,2022-11-21,autoritate non-spital
384496-2022,ORASUL SINAIA (Primaria Orasului Sinaia),,7685252,2022-11-21,autoritate non-spital
SCN1117364,DIRECTIA SANITARA VETERINARA SI PENTRU SIGURANTA ALIMENTELOR BACAU,EUROVET LAB S.R.L. / MEDICLIM S.R.L.,45400,2022-11-21,autoritate non-spital
646577-2022,Serviciul Judetean de Ambulanta Botosani,CRIO - 2 S.R.L. / Filtre Aer Curat S.R.L. / MEDCLAS TRADING S.R.L. / MEDICAL GRUP / PAUL HARTMANN / TAISSIS CONCEPT / TZMO ROMANIA / VETRO DESIGN,816309,2022-11-22,autoritate non-spital
646963-2022,MINISTERUL APARARII - UNITATEA MILITARA 02464 BUCURESTI,Dental Vladmed V&M SRL / MEDIMPACT / PRO RSQ / S.C. NERAMO DISTRIBUTION S.R.L. / S.C. PROMED SOLUTION MD SRL S.R.L.,153744,2022-11-22,unitate militara fara profil de spital
647091-2022,SERVICIUL JUDETEAN DE AMBULANTA ARGES,ALPHA BRIO MEDICAL S.R.L. / DELUXE MEDICRAFTS / FARMACIA OMNIA / FLEXAL IMPEX S.R.L. / LUAN VISION / MEDICAL GRUP / TMS - TOP MEDICAL SUPPLIER / VALDOMEDICA TRADING,844195,2022-11-22,autoritate non-spital
SCN1110120,COMUNA ROSIA Jud Bihor,BLUE NEON,33750,2022-11-22,autoritate non-spital
SCN1117449,Comuna Certeze,METAL MINDS DESIGN S.R.L. / DIGIMED DEVICES CENTER / KLINTENSIV / FARMACIA OMNIA / DYNAMIC CHEM S.R.L. / AMIA INVEST,384250,2022-11-22,autoritate non-spital
650273-2022,Universitatea de Medicina si Farmacie din Craiova,ALBEDO S.R.L.,65037,2022-11-23,autoritate non-spital
682968-2022,"UNIVERSITATEA DE MEDICINA SI FARMACIE ""GRIGORE T.POPA"" DIN IASI",TEHNO ELECTRO MEDICAL COMPANY S.R.L.,903000,2022-11-23,autoritate non-spital
652924-2022,MINISTERUL APARARII - UNITATEA MILITARA 02464 BUCURESTI,CATTUS S.R.L. / Danson S.R.L. / MLM MEDICAL S.R.L. / S.C. MED TEHNICA SRL S.R.L. / S.C. NEOMED S..R.L. / S.C. PROMED SOLUTION MD SRL S.R.L.,2478088,2022-11-25,unitate militara fara profil de spital
653311-2022,SPITALUL CLINIC DE URGENTA SF.IOAN,,20823775,2022-11-25,procedura anulata / fara castigator (confirmat in XML TED)
656807-2022,Municipiul Caransebes,,8520490,2022-11-25,autoritate non-spital
656862-2022,SERVICIUL DE AMBULANTA AL JUDETULUI CLUJ,ALCA DUO MEDICAL S.R.L. / ALPHA BRIO MEDICAL S.R.L. / ALPHA MEDICAL S.R.L. / ARTISANA MEDICAL S.R.L. / AVMED PLUS / B.BRAUN MEDICAL / BEST ACHIZITII / BIOLIFE GRUP S.R.L. / BIZMED SRL / CO&CO Consumer 2002 S.R.L. / CRAD RO / CRIO - 2 S.R.L. / DELUXE MEDICRAFTS / HELLIMED / LUAN VISION / MEDIMPACT / MEDIST IMAGING & P.O.C. S.R.L. / MEDITECH CMA / NAFKA GRUP S.R.L. / Novaintermed S.R.L. / PAUL HARTMANN / PRODCONFARM S.R.L. / RICOMED / ROVAL MED / S.C. ADAR UNIC SOLUTIONS S.R.L. / S.C. DANCRI MEDICAL S.R.L. / S.C. DRAEGER ROMANIA S.R.L. / S.C. FARMACIA OMNIA S.R.L. / S.C. Filtre Aer Curat S.R.L. S.R.L. / S.C. IANLUX S.R.L. / S.C. MEDCLAS TRADING S.R.L. S.R.L. / S.C. Medplaza Health S.R.L. / S.C. Natural Es-medical S.R.L S.R.L. / S.C.MEDICAL GRUP S.R.L. / TIS FARMACEUTIC S.A. / TMS - TOP MEDICAL SUPPLIER / TOP TRADE MEDICAL / VALDOMEDICA TRADING / VETRO DESIGN S.R.L. / X-Lab Solutions S.R.L. / ZARYS INTERNATIONAL GROUP MEDICAL EQUIPMENT S.R.L.,4176622,2022-11-25,autoritate non-spital
657879-2022,MINISTERUL APARARII - UNITATEA MILITARA 02464 BUCURESTI,CATTUS S.R.L. / LIAMED / MEDIMPACT / RICOMED / S.C. NEOMED S..R.L. / S.C. NERAMO DISTRIBUTION S.R.L. / S.C.MEDICAL GRUP S.R.L.,426451,2022-11-25,unitate militara fara profil de spital
523001-2022,"UNIVERSITATEA DE MEDICINA SI FARMACIE ""GRIGORE T.POPA"" DIN IASI",,1775800,2022-11-25,autoritate non-spital
CN1049824,"SCOALA GIMNAZIALA ""GRIGORIE GHICA VOIEVOD""",FLYNG IMPEX S.R.L. / DELUXE MEDICRAFTS,121110,2022-11-25,autoritate non-spital
658827-2022,Directia Sanitar Veterinara si pentru Siguranta Alimentelor Braila,DIALAB SOLUTIONS / DIAMEDIX IMPEX / Filara BioMed SRL / MEDICLIM S.R.L. / NOVA GROUP INVESTMENT / Noack Romania S.R.L. / Omnivet Impex S.R.L. / ROMVAC COMPANY,2929094,2022-11-28,autoritate non-spital
659618-2022,Consiliul Judetean Buzau,,786383,2022-11-28,autoritate non-spital
659857-2022,Directia Generala de Asistenta Sociala si Protectia Copilului Neamt,CERTINVEST / EVIDENT VERIAN / INTERCAPITAL / IRIKA KNITTING / Medplaza Health / NERAMO DISTRIBUTION / SC SANDUNAV INTERMED SRL / TECHTEX / Work Safe Box,650213,2022-11-28,autoritate non-spital
661151-2022,"Universitatea de Medicina si Farmacie ""Iuliu Hatieganu"" Cluj-Napoca",ANTISEL RO SRL / DEXTER COM S.R.L. / MEDIMPACT / NITECH / OF SYSTEMS / Omnivet Impex S.R.L. / S.C. CHROMAKTIV S.R.L. / TEKNOLEB LABORATORY SRL,611744,2022-11-28,autoritate non-spital
660688-2022,Directia Generala de Asistenta Sociala si Protectia Copilului Sector 2,,2293279,2022-11-28,autoritate non-spital
SCN1117757,Gradinita cu Program Prelungit Lumea Copilariei,DETERGENTI PROFESIONALI SRL,294490,2022-11-28,autoritate non-spital
662653-2022,MINISTERUL APARARII - UNITATEA MILITARA 02464 BUCURESTI,ALPHA MEDICAL S.R.L. / Dyomedica CND SRL / HELLIMED / S.C. DRAEGER ROMANIA S.R.L. / S.C. GENERAL ELECTRIC MEDICAL SYSTEMS ROMANIA S.R.L. / S.C. MED TEHNICA SRL S.R.L. / S.C. Medical Logistic Mall S.R.L. / SONOROM,21326500,2022-11-29,unitate militara fara profil de spital
663596-2022,"UNIVERSITATEA DE MEDICINA SI FARMACIE ""VICTOR BABES"" TIMISOARA",HEALTHTIM,157300,2022-11-29,autoritate non-spital
664181-2022,Spitalul Judetean de Urgenta Miercurea Ciuc,,5428360,2022-11-29,procedura anulata / fara castigator (confirmat in XML TED)
SCN1112280,"Centrul Medical de Diagnostic, Tratament Ambulatoriu si Medicina Preventiva",VAVIAN TRADING S.R.L.,263500,2022-11-29,centru medical ambulatoriu (fara paturi)
666974-2022,Consiliul Judetean Arad,PHILIPS ROMANIA / S.C. GENERAL ELECTRIC MEDICAL SYSTEMS ROMANIA S.R.L.,2527000,2022-11-30,autoritate non-spital
SCN1109167,COMUNA GLODEANU SARAT (PRIMARIA),FLYNG IMPEX S.R.L.,13297,2022-11-30,autoritate non-spital
SCN1082028,DIRECTIA DE ASISTENTA SOCIALA SI MEDICALA,ARLECHIN TOTAL DISTRIBUTION,136010,2022-12-01,autoritate non-spital
SCN1111074,ORASUL EFORIE (CONSILIUL LOCAL EFORIE),BLUE NEON,523400,2022-12-01,autoritate non-spital
668094-2022,Directia Sanitar Veterinara si pentru Siguranta Alimentelor Braila,DIALAB SOLUTIONS / DIAMEDIX IMPEX / Filara BioMed SRL / MEDICLIM S.R.L. / NOVA GROUP INVESTMENT / Noack Romania S.R.L. / Omnivet Impex S.R.L. / ROMVAC COMPANY,2929094,2022-12-02,autoritate non-spital
670481-2022,MINISTERUL APARARII - UNITATEA MILITARA 02464 BUCURESTI,A&A FARMA DISTRIBUTION S.R.L / ALPHA BRIO MEDICAL S.R.L. / ALPHA NED 2000 EXIM / AVA MEDICAL SERVICES SRL / CRIO - 2 S.R.L. / GRAZY PRICE MEDICAL IMPORT EXPORT S.R.L. / LUAN VISION / PRODCONFARM S.R.L. / S.C.MEDICAL GRUP S.R.L. / SANROTEX TRADING SRL / SINOFARM ROMANIA S.R.L. / TUNIC PROD S.R.L. / TZMO ROMANIA / Tody Laboratories Int / VALDOMEDICA TRADING,48471556,2022-12-02,unitate militara fara profil de spital
670736-2022,LABORATOR DE CONTROL DOPING,ANTISEL RO / Agilrom Scientific / BIO AQUA GROUP / LABORATORIUM / MUSO / Pro Analysis Systems / REDOX RESEARCH & ANALYTIC S.R.L.,3104814,2022-12-02,autoritate non-spital
673524-2022,"UNIVERSITATEA DE MEDICINA SI FARMACIE ""VICTOR BABES"" TIMISOARA",HEALTHTIM / Novaintermed S.R.L.,177100,2022-12-02,autoritate non-spital
349077-2022,Orasul Tg.Ocna (Consiliul local Tg.Ocna),,1611097,2022-12-05,autoritate non-spital
426610-2022,JUDETUL GALATI,,1844309,2022-12-05,autoritate non-spital
537325-2022,Inspectoratul General pentru Situatii de Urgenta,,2818458,2022-12-05,autoritate non-spital
562192-2022,JUDETUL GALATI,,674662,2022-12-05,autoritate non-spital
242075-2022,INSPECTORATUL SCOLAR AL JUD IASI,,5292690,2022-12-06,autoritate non-spital
SCN1113023,"Centrul Medical de Diagnostic, Tratament Ambulatoriu si Medicina Preventiva",B. BRAUN AVITUM S.R.L.,311980,2022-12-06,centru medical ambulatoriu (fara paturi)
SCN1113094,Directia Generala de Asistenta Sociala si Protectia Copilului Timis,TZMO ROMANIA,333084,2022-12-06,autoritate non-spital
518036-2022,SSOA Integration,,927424,2022-12-08,autoritate non-spital
CAN1093552,INSTITUTUL NATIONAL DE SANATATE PUBLICA,LIAMED,125253,2022-12-08,autoritate non-spital
684497-2022,Serviciul de Ambulanta Judetean Bacau,ALPHA NED 2000 EXIM / B.BRAUN MEDICAL / BIZMED / CO&CO Consumer 2002 S.R.L. / CRAD RO / FRESENIUS KABI ROMANIA / Filtre Aer Curat S.R.L. / HELLIMED / LUAN VISION / MEDCLAS TRADING S.R.L. / MEDIST IMAGING & P.O.C. / MERCATOR MEDICAL / Medplaza Health / NAFKA GRUP / PAUL HARTMANN / PRODCONFARM S.R.L. / TAISSIS CONCEPT / TMS - TOP MEDICAL SUPPLIER / VALDOMEDICA TRADING,1558381,2022-12-09,autoritate non-spital
684598-2022,"SPITALUL MUNICIPAL ""DR.POP MIRCEA"" MARGHITA",,2974280,2022-12-09,procedura anulata / fara castigator (confirmat in XML TED)
685286-2022,ORASUL HUEDIN,BPM TEHNOLOGICA / Integra Medical Business / PAPAPOSTOLOU S.R.L / TETRA MED INSPIRE / VICI EVOLUTION S.R.L.,7450838,2022-12-09,autoritate non-spital
688791-2022,"UNIVERSITATEA DE MEDICINA SI FARMACIE ""GRIGORE T.POPA"" DIN IASI",Sof Medica,1775000,2022-12-12,autoritate non-spital
689013-2022,"UNIVERSITATEA DE MEDICINA SI FARMACIE ""VICTOR BABES"" TIMISOARA",S.C. BIOCOMP S.R.L.,439280,2022-12-12,autoritate non-spital
689917-2022,Orasul Tg.Ocna (Consiliul local Tg.Ocna),S.C. Dancrisor Impex S.R.L. / SIGNAL SPECTRUM SRL-D,908325,2022-12-12,autoritate non-spital
691188-2022,MUNICIPIUL MOTRU,LIAMED,157990,2022-12-12,autoritate non-spital
397171-2022,JUDETUL BIHOR,,968482,2022-12-12,autoritate non-spital
CN1050245,JUDETUL BOTOSANI,CATTUS S.R.L. / PRIMERA MED TECHNOLOGY,235661,2022-12-12,autoritate non-spital
SCN1113342,UNIVERSITATEA OVIDIUS CONSTANTA,S.C. ELMED MEDICALS.R.L.,341352,2022-12-12,autoritate non-spital
691896-2022,ORASUL SINAIA (Primaria Orasului Sinaia),B.BRAUN MEDICAL / BROKMED / CLEANING LOGISTIC DISTRIBUTION / CORAMED MEDIZINISCHE PRODUKTE / Filtre Aer Curat S.R.L. / MEDICLIM S.R.L. / SANPRODMED S.R.L. / Sante International / TEHNOPLUS MEDICAL / VAVIAN TRADING,2699841,2022-12-13,autoritate non-spital
692156-2022,MINISTERUL APARARII - UNITATEA MILITARA 02464 BUCURESTI,ADION PRODIMPEXTRANS S.R.L. / MEDIMPACT / NEOMED S.R.L. / NERAMO DISTRIBUTION / RICOMED,2997645,2022-12-13,unitate militara fara profil de spital
692840-2022,SERVICIUL DE PROTECTIE SI PAZA – U.M. 0149 F BUCURESTI,,592942,2022-12-13,unitate militara fara profil de spital
693053-2022,SERVICIUL DE AMBULANTA TULCEA,ALPHA BRIO MEDICAL S.R.L. / B.BRAUN MEDICAL / BIZMED / CORAMED MEDIZINISCHE PRODUKTE / CRAD RO / DELTAROM SRL / Karimed Partener / LUAN VISION / MED - AL TRADING SRL / MEDICAL GRUP / SINOFARM ROMANIA S.R.L. / STERIL ROMANIA / TMS - TOP MEDICAL SUPPLIER / TUNIC PROD S.R.L. / Tody Laboratories Int,1704650,2022-12-13,autoritate non-spital
702638-2022,"Universitatea de Medicina si Farmacie ""Carol Davila""",TEHNO ELECTRO MEDICAL COMPANY S.R.L.,1009600,2022-12-13,autoritate non-spital
695981-2022,CONSILIUL JUDETEAN GORJ,HALMADENT SRL / HELLIMED / KRAL MEDICAL SOLUTIONS SRL / LUAN VISION / Sof Medica / TUNIC PROD S.R.L.,1305159,2022-12-14,autoritate non-spital
696095-2022,CORAX-BIONER CEU,BIO AQUA GROUP / Elta 90 Medical Research SRL,158906,2022-12-14,autoritate non-spital
696596-2022,Directia Sanitara Veterinara si pentru Siguranta Alimentelor Suceava,A.M.S. 2000 TRADING IMPEX S.R.L. / DIALAB SOLUTIONS / Filara BioMed SRL / Global Event Solutions SRL / LABORATORIUM S.R.L. / MECRO SYSTEM S.R.L. / MEDICLIM S.R.L. / MERC INTERNATIONAL IMPEX S.R.L. / NITECH / NOVA GROUP INVESTMENT / Noack Romania S.R.L. / ROMVAC COMPANY / S.C. Agilrom Scientific S.R.L. / S.C. MUSO S.R.L. / S.C. NOVACHIM TRADING S.R.L. / S.C. REDOX RESEARCH & ANALYTIC S.R.L. S.R.L. / TOPOMEV OPTOSCIENCE / TUNIC PROD S.R.L.,479483,2022-12-14,autoritate non-spital
SCN1107258,COMPANIA NATIONALA DE ADMINISTRARE A INFRASTRUCTURII RUTIERE S.A.,MEDCHIM EXPERT SRL,58061,2022-12-14,entitate privata (SRL/SA)
SCN1113383,SC PARAPHARM SRL,EMSAR S.R.L.,62976,2022-12-14,entitate privata (SRL/SA)
SCN1113366,COMPANIA NATIONALA DE ADMINISTRARE A INFRASTRUCTURII RUTIERE S.A.,NEVADA DUAL S.R.L.,46932,2022-12-15,entitate privata (SRL/SA)
696936-2022,SPITALUL CLINIC DE URGENTA SF.IOAN,,20960335,2022-12-16,procedura anulata / fara castigator (confirmat in XML TED)
697596-2022,SPITALUL CLINIC DE URGENTA SF.IOAN,,1219020,2022-12-16,procedura anulata / fara castigator (confirmat in XML TED)
699325-2022,MINISTERUL APARARII - U.M. 01512 SIBIU,COMTIB / S.C. TECHTEX S.R.L. / YORK FARM S.R.L.,258509,2022-12-16,unitate militara fara profil de spital
700747-2022,DIRECTIA GENERALA DE ASISTENTA SOCIALA A MUNICIPIULUI BUCURESTI,DOLEX COM / NOVA TECH MED,2118590,2022-12-16,autoritate non-spital
702492-2022,INSTITUTUL DE BOLI CARDIOVASCULARE TIMISOARA,,9317540,2022-12-16,procedura anulata / fara castigator (confirmat in XML TED)
702720-2022,SPITALUL CLINIC DE URGENTA SF.IOAN,,45283376,2022-12-16,procedura anulata / fara castigator (confirmat in XML TED)
702820-2022,JUDETUL CARAS-SEVERIN,MEDIST IMAGING & P.O.C.,99000,2022-12-16,autoritate non-spital
703300-2022,Municipiul Sibiu,CATTUS S.R.L. / LC RHEA MEDICAL CARE S.R.L.,589251,2022-12-16,autoritate non-spital
610177-2022,UNITATEA MILITARA 02379 BUCURESTI,,768500,2022-12-16,unitate militara fara profil de spital
SCN1111991,Directia Generala de Asistenta Sociala si Protectia Copilului Sector 1,TZMO ROMANIA,611486,2022-12-16,autoritate non-spital
706639-2022,JUDETUL GALATI,DAC TECHNOLOGY S.R.L.,672457,2022-12-19,autoritate non-spital
CN1046027,CONSILIUL JUDETEAN OLT,PRIMERA MED TECHNOLOGY,242200,2022-12-19,autoritate non-spital
SCN1111803,Orasul Harsova,Filtre Aer Curat S.R.L.,42256,2022-12-19,autoritate non-spital
559301-2022,Municipiul Caransebes,,8520490,2022-12-20,autoritate non-spital
711441-2022,JUDETUL GALATI,CATTUS / CATTUS S.R.L. / S.C. A&B COMPUTERS S.R.L. / S.C. Medical Logistic Mall S.R.L.,1131517,2022-12-21,autoritate non-spital
711565-2022,"LICEUL TEORETIC ""CONSTANTIN SERBAN""",MULTI CLEANING SYSTEM / S.C. ANA INVEST & RESEARCH SRL,735658,2022-12-21,autoritate non-spital
712474-2022,SERVICIUL DE AMBULANTA JUDETEAN IASI,A&A FARMA DISTRIBUTION S.R.L / CRIO - 2 S.R.L. / D&G GROUP S.R.L. / GRAZY PRICE MEDICAL IMPORT EXPORT S.R.L. / LUAN VISION / MEDCLAS TRADING S.R.L. / MEDICAL GRUP / MEDIMPACT / MEDIST IMAGING & P.O.C. / Medical Corp S.R.L. / NAFKA GRUP / NANO BIO MEDICAL S.R.L. / Natural Es-medical S.R.L / PAUL HARTMANN / PREBOX EMS / PRODCONFARM S.R.L. / ROVAL MED / TAISSIS CONCEPT / TZMO ROMANIA / VALDOMEDICA TRADING / VETRO DESIGN S.R.L.,1256368,2022-12-21,autoritate non-spital
712898-2022,SERVICIUL DE AMBULANTA JUDETEAN CONSTANTA,AVA MEDICAL SERVICES SRL / ENGLOBER S.R.L. / HELLIMED / LUAN VISION / MEDCLAS TRADING S.R.L. / MERCATOR MEDICAL / NAFKA GRUP / SANROTEX TRADING SRL / TAISSIS CONCEPT / TMS - TOP MEDICAL SUPPLIER / VALDOMEDICA TRADING / VETRO DESIGN / ZARYS INTERNATIONAL GROUP MEDICAL EQUIPMENT S.R.L.,521422,2022-12-21,autoritate non-spital
429747-2020,Complexul Multifuncțional Caraiman,Need Farm,47265600,2022-12-21,autoritate non-spital
SCN1118591,LICEUL TEHNOLOGIC MAGURA,S.C. BIOCOMP S.R.L. / SINOFARM ROMANIA S.R.L. / S.C. EFAYNRO S.R.L. / HP CARE PACK S.R.L.,525562,2022-12-21,autoritate non-spital
SCN1118611,COMUNA ROMA,FARMEC / KLINTENSIV,68674,2022-12-21,autoritate non-spital
SCN1118638,COMUNA REMETEA (PRIMARIA COMUNEI REMETEA BIHOR),FARMEC / KLINTENSIV / SIGNAL SPECTRUM SRL-D / ALISON HAYES (ROMANIA) / DELUXE MEDICRAFTS / Reinigung / ATS NOVUS,156171,2022-12-21,autoritate non-spital
715042-2022,Orasul Gura Humorului,CREATIVE & INNOVATIVE MANAGEMENT / FARMACIA OMNIA / SOCADANCE MD SRL,2051678,2022-12-23,autoritate non-spital
715315-2022,Serviciul de Ambulanta al Judetului Timis,ARTISANA MEDICAL S.R.L. / ATLAS SPORT / CO&CO Consumer 2002 S.R.L. / CRIO - 2 S.R.L. / DELUXE CARDS / DEMOPHORIUS HEALTHCARE / HDL Union / JOLIDON INTERNATIONAL / LUAN VISION / MEDCLAS TRADING S.R.L. / MEDICAL & GRAINS SUPPLIES - MGS / MEDICAL GRUP / MEDIST IMAGING & P.O.C. / NAFKA GRUP / NANO BIO MEDICAL S.R.L. / NOVENTIS International / Pansiprod Distributie / SAFETY GROUP SRL / SANTOMED S.R.L. / TAISSIS CONCEPT / VALDOMEDICA TRADING,2738183,2022-12-23,autoritate non-spital
715619-2022,JUDETUL SALAJ,,2504969,2022-12-23,autoritate non-spital
716926-2022,"LICEUL TEORETIC ""HORVÁTH JÁNOS""",ANA INVEST & RESEARCH,129760,2022-12-23,autoritate non-spital
717110-2022,Directia Sanitar Veterinara si pentru Siguranta Alimentelor Braila,DIALAB SOLUTIONS / DIAMEDIX IMPEX / Filara BioMed SRL / MEDICLIM S.R.L. / NOVA GROUP INVESTMENT / Noack Romania S.R.L. / Omnivet Impex S.R.L. / ROMVAC COMPANY,2929094,2022-12-23,autoritate non-spital
717412-2022,Comuna Domnesti,,2246921,2022-12-23,autoritate non-spital
719713-2022,UNITATEA MILITARA 02379 BUCURESTI,CHRONOS TRADE MEDICAL,768500,2022-12-23,unitate militara fara profil de spital
720260-2022,SERVICIUL DE PROTECTIE SI PAZA – U.M. 0149 F BUCURESTI,ATLAS MEDICAL / CARTO PLAST SRL / HALMADENT SRL / MAGIC VIEW / MEDIMPACT / OVAVINCI / SC MOUNTAIN INDUSTRIAL RESOURCES SRL,179107,2022-12-23,unitate militara fara profil de spital
721205-2022,DIRECTIA SANITARA VETERINARA SI PENTRU SIGURANTA ALIMENTELOR BRASOV,A.M.S. 2000 TRADING IMPEX / ANTISEL RO / Agilrom Scientific / DIALAB SOLUTIONS / DIAMEDIX IMPEX / EUROVET LAB / FARMAVET / Filara BioMed SRL / MEDICLIM S.R.L. / NOVA GROUP INVESTMENT / NOVACHIM TRADING / ROMVAC COMPANY / SANIMED INTERNATIONAL IMPEX / TUNIC PROD S.R.L.,3123783,2022-12-23,autoritate non-spital
SCN1111901,Orasul Harsova,GENERAL MEDICALS ACTIVE SRL,54245,2022-12-23,autoritate non-spital
SCN1113900,DIRECTIA GENERALA DE ASISTENTA SOCIALA SI PROTECTIA COPILULUI MARAMURES,FLYNG IMPEX S.R.L.,378938,2022-12-26,autoritate non-spital
728654-2022,ORASUL HATEG,DTL Medical SRL / LIAMED / S.C. EDITRONIC INTERNATIONAL S.R.L.,6059143,2022-12-27,autoritate non-spital
CN1050743,SERVICIUL DE AMBULANTA JUDETEAN SATU MARE,TEHNO ELECTRO MEDICAL COMPANY S.R.L. / LUAN VISION,,2022-12-27,autoritate non-spital
731089-2022,Directia Sanitara Veterinara si pentru Siguranta Alimentelor Suceava,ANTISEL RO SRL / EMSAR S.R.L. / Elta 90 Medical Research SRL / Filara BioMed SRL / MEDICLIM S.R.L. / PARTNERS MEDICAL SOLUTION S.R.L. / ROVAL MED / S.C. ALISON HAYES (ROMANIA) S.R.L. / TUNIC PROD S.R.L.,1356108,2022-12-28,autoritate non-spital
58871-2023,Consiliul Judetean Arad,GENERAL ELECTRIC MEDICAL SYSTEMS ROMANIA / MEDIST IMAGING & P.O.C. / N&B / TEHNOPLUS MEDICAL,5491330,2022-12-29,autoritate non-spital
SCN1108857,CAMINUL PENTRU PERSOANE VARSTNICE SF. SPIRIDON,Dental Vladmed V&M SRL,315000,2022-12-29,autoritate non-spital
SCN1112715,DIRECTIA GENERALA ASISTENTA SOCIALA CONSTANTA,SC MYOSOTIS S.R.L.,16267,2022-12-29,autoritate non-spital
SCN1114088,Institutul National de Cercetare Dezvoltare in Domeniul Patologiei si Stiintelor Biomedicale Victor Babes,EMSAR S.R.L.,11984,2022-12-29,institut de cercetare / fara paturi de spital
SCN1117469,CLUBUL SPORTIV MUNICIPAL BUCURESTI,INA MEDICAL & SPORT,178000,2022-12-29,autoritate non-spital
SCN1118929,LICEUL TEHNOLOGIC NR. 1,S.C. LEBON TRADING S.R.L. / MULTI CLEANING SYSTEM,18490,2022-12-29,autoritate non-spital
733154-2022,Municipiul Caransebes,CREATIVE & INNOVATIVE MANAGEMENT / LIAMED / MLM MEDICAL S.R.L. / Neologis Medical / SUPERMEDICAL SRL,6957967,2022-12-30,autoritate non-spital
734410-2022,MUNICIPIUL CAMPINA,,2057986,2022-12-30,autoritate non-spital
734627-2022,COMUNA PISCOLT (PRIMARIA COMUNEI PISCOLT),FLYNG IMPEX S.R.L. / PROTON IMPEX 2000,576693,2022-12-30,autoritate non-spital
734806-2022,SPITALUL JUDETEAN DE URGENTA ALEXANDRIA,,1744484,2022-12-30,procedura anulata / fara castigator (confirmat in XML TED)
93861-2023,MUNICIPIUL TARGOVISTE,SOCADANCE MD SRL,371859,2022-12-30,autoritate non-spital
175757-2023,MUNICIPIUL TARGOVISTE,FLYNG IMPEX S.R.L. / KARLA AUCTION TEAM / SOCADANCE MD SRL,4324196,2022-12-30,autoritate non-spital
CN1050871,Consiliul Judetean Buzau,Prime Solutions S.R.L.,32097,2022-12-31,autoritate non-spital
129-2023,COMPLEXUL MULTIFUNCTIONAL CARAIMAN,NEED FARM,395505,2023-01-02,autoritate non-spital
131-2023,SPITALUL CLINIC JUDETEAN DE URGENTA SF. APOSTOL ANDREI,,9709080,2023-01-02,procedura anulata / fara castigator (confirmat in XML TED)
484-2023,COMPLEXUL MULTIFUNCTIONAL CARAIMAN,NEED FARM,1678288,2023-01-02,autoritate non-spital
774-2023,SERVICIUL DE AMBULANTA TULCEA,ALPHA BRIO MEDICAL S.R.L. / B.BRAUN MEDICAL / BIZMED / CORAMED MEDIZINISCHE PRODUKTE / CRAD RO / DELTAROM SRL / Karimed Partener / LUAN VISION / MED - AL TRADING SRL / MEDICAL GRUP / SINOFARM ROMANIA S.R.L. / STERIL ROMANIA / TMS - TOP MEDICAL SUPPLIER / TUNIC PROD S.R.L. / Tody Laboratories Int,31396,2023-01-02,autoritate non-spital
4298-2023,CONSILIUL JUDETEAN GORJ,HALMADENT SRL / HELLIMED / KRAL MEDICAL SOLUTIONS SRL / LUAN VISION / Sof Medica / TEHNO ELECTRO MEDICAL COMPANY S.R.L. / TUNIC PROD S.R.L.,1725159,2023-01-03,autoritate non-spital
5040-2023,SPITALUL MUNICIPAL CODLEA,,3008401,2023-01-04,procedura anulata / fara castigator (confirmat in XML TED)
6251-2023,Serviciul de Ambulanta Judetean Arad,ALPHA BRIO MEDICAL S.R.L. / AVA MEDICAL SERVICES SRL / BIZMED / DELUXE MEDICRAFTS / HELLIMED / LARY MELEK IM / LUAN VISION / MEDCLAS TRADING S.R.L. / MEDICAL GRUP / Medplaza Health / Natural Es-medical S.R.L / PAUL HARTMANN / RICOMED / TAISSIS CONCEPT / TRIDENT MEDICAL COMPANY S.R.L. / TZMO ROMANIA / VALDOMEDICA TRADING / X-Lab Solutions S.R.L.,1092355,2023-01-04,autoritate non-spital
6880-2023,Västra Götalandsregionen,Buta Paul,1500,2023-01-05,autoritate non-spital
7936-2023,DIRECTIA SANITARA VETERINARA SI PENTRU SIGURANTA ALIMENTELOR BRASOV,A.M.S. 2000 TRADING IMPEX / ANTISEL RO / Agilrom Scientific / DIALAB SOLUTIONS / DIAMEDIX IMPEX / EUROVET LAB / FARMAVET / Filara BioMed SRL / MEDICLIM S.R.L. / NOVA GROUP INVESTMENT / NOVACHIM TRADING / ROMVAC COMPANY / SANIMED INTERNATIONAL IMPEX / TUNIC PROD S.R.L.,3123783,2023-01-06,autoritate non-spital
8593-2023,ORASUL STEFANESTI,,2137810,2023-01-06,autoritate non-spital
9717-2023,PRIMARIA MUNICIPIULUI RAMNICU SARAT,,9378371,2023-01-06,autoritate non-spital
13272-2023,JUDETUL VALCEA,,598299,2023-01-09,autoritate non-spital
21995-2022,S.C. AQUACARAS S.A.,,3588388,2023-01-09,entitate privata (SRL/SA)
65753-2024,Directia Sanitar Veterinara si pentru Siguranta Alimentelor Braila,DIALAB SOLUTIONS / DIAMEDIX IMPEX / Filara BioMed SRL / MEDICLIM S.R.L. / NOVA GROUP INVESTMENT / Noack Romania S.R.L. / Omnivet Impex S.R.L. / ROMVAC COMPANY,2929094,2023-01-11,autoritate non-spital
CAN1095892,Directia Generala de Asistenta Sociala si Protectia Copilului Prahova,SC SMART TRADE MASTER SRL,141002,2023-01-12,autoritate non-spital
SCN1119287,COMUNA BRETEA ROMANA (CONSILIUL LOCAL),AMIA INVEST / TZE DISTRIBUTION / SC KLINTENSIV SRL / LIAMED,136460,2023-01-12,autoritate non-spital
20134-2023,"Universitatea de Medicina si Farmacie ""Iuliu Hatieganu"" Cluj-Napoca",CHROMAKTIV S.R.L.,30100,2023-01-13,autoritate non-spital
20593-2023,MINISTERUL APARARII - UNITATEA MILITARA 02464 BUCURESTI,ADION PRODIMPEXTRANS S.R.L. / Danson S.R.L. / Dental Vladmed V&M SRL / FRESENIUS KABI ROMANIA / HELLIMED / KRAL MEDICAL SOLUTIONS SRL / LIAMED / MEDIKA H & S IMPEX S.R.L. / NITECH / Novaintermed S.R.L. / PRIMERA MED TECHNOLOGY / S.C. NUMERIS COM S.R.L. / S.C. PRO CARDIA S.R.L. / ULTRASONIC S.R.L.,475695,2023-01-13,unitate militara fara profil de spital
20819-2023,MINISTERUL APARARII - UNITATEA MILITARA 02464 BUCURESTI,MEDICAL GRUP / MEDITECH S.R.L.,896650,2023-01-13,unitate militara fara profil de spital
22092-2023,Asociatia Filantropia Oradea,MST SOLUTIONS SRL,328671,2023-01-13,autoritate non-spital
22331-2023,MINISTERUL APARARII - UNITATEA MILITARA 02464 BUCURESTI,ROCHE ROMANIA,1022112,2023-01-13,unitate militara fara profil de spital
25785-2023,MINISTERUL APARARII - UNITATEA MILITARA 02464 BUCURESTI,ADION PRODIMPEXTRANS S.R.L. / BTL ROMANIA APARATURA MEDICALA S.R.L. / CATTUS S.R.L. / Danson S.R.L. / Dental Vladmed V&M SRL / HELLIMED / KRAL MEDICAL SOLUTIONS SRL / NOVOMED INTERNATIONAL SRL / PHILIPS ROMANIA / PHM COMSERV S.R.L. / Proton Impex 2000 S.R.L. / RAFI MEDICAL / RETCO S.R.L. / S.C. AUTOLOG GREENLINE S.R.L. / TEHNO ELECTRO MEDICAL COMPANY S.R.L.,1707515,2023-01-13,unitate militara fara profil de spital
CAN1096003,Directia Generala de Asistenta Sociala si Protectia Copilului Prahova,SMART TRADE MASTER S.R.L.,205548,2023-01-13,autoritate non-spital
CAN1096012,Directia Generala de Asistenta Sociala si Protectia Copilului Prahova,SMART TRADE MASTER S.R.L.,67369,2023-01-13,autoritate non-spital
SCN1114816,Municipiul Orastie,INFO MED EXPERT S.R.L.,105000,2023-01-14,autoritate non-spital
26707-2023,Serviciul de Ambulanta Judetean Arad,ALPHA BRIO MEDICAL S.R.L. / AVA MEDICAL SERVICES SRL / BIZMED / DELUXE MEDICRAFTS / HELLIMED / LARY MELEK IM / LUAN VISION / MEDCLAS TRADING S.R.L. / MEDICAL GRUP / Medplaza Health / Natural Es-medical S.R.L / PAUL HARTMANN / RICOMED / TAISSIS CONCEPT / TRIDENT MEDICAL COMPANY S.R.L. / TZMO ROMANIA / VALDOMEDICA TRADING / X-Lab Solutions S.R.L.,1092355,2023-01-16,autoritate non-spital
626050-2022,Primaria municipiului Campulung Moldovenesc,,13765382,2023-01-16,autoritate non-spital
29572-2023,"Universitatea de Medicina si Farmacie ""Iuliu Hatieganu"" Cluj-Napoca",LABO SHOP SRL,1207900,2023-01-17,autoritate non-spital
30909-2023,JUDETUL TULCEA,DRAEGER ROMANIA,178800,2023-01-17,autoritate non-spital
33668-2023,JUDETUL GIURGIU,Cubix IT Srl / HALMADENT SRL,222361,2023-01-18,autoritate non-spital
35392-2023,FUNDAŢIA FILANTROPIA TIMIŞOARA,MST SOLUTIONS SRL,308651,2023-01-18,autoritate non-spital
332426-2022,MUNICIPIUL CONSTANTA,,5223243,2023-01-18,autoritate non-spital
SCN1115312,COMUNA PUNGHINA,NEXT GEN MEDICAL SOLUTIONS S.R.L.,383601,2023-01-18,autoritate non-spital
SCN1119507,COLEGIUL MIHAI VITEAZUL INEU,SC KLINTENSIV SRL / S.C. ALISON HAYES (ROMANIA) S.R.L.,107092,2023-01-18,autoritate non-spital
CN1051261,SC. SANADOR SRL,LIFETECH CONSULTING / EXIMIA MEDICAL / MEDI -TECH BUSINESS SRL / REVISMED MEDICAL / Sof Medica / MAC'S MEDICAL SURGICAL / CARDIOTECH / SMART MEDICAL SOLUTIONS S.R.L. / MEDTRONIC ROMANIA / S.C. SMART HEALTH GROUP SRL S.R.L.,,2023-01-19,entitate privata (SRL/SA)
SCN1113612,"INSTITUTUL NATIONAL DE TRANSFUZIE SANGUINA ""Prof.Dr.C.T.Nicolau""",Novaintermed S.R.L.,,2023-01-19,institut de cercetare / fara paturi de spital
SCN1113797,CONSILIUL JUDETEAN SUCEAVA,DIGI MEDICAL TEHNIC,36072,2023-01-19,autoritate non-spital
40256-2023,SPITALUL JUDETEAN DE URGENTA ALEXANDRIA,,61176506,2023-01-20,procedura anulata / fara castigator (confirmat in XML TED)
41229-2023,Orasul Zarnesti (Primaria Orasului Zarnesti),,882927,2023-01-20,autoritate non-spital
558603-2022,COMUNA CORBII MARI (PRIMARIA CORBII MARI),,2909782,2023-01-20,autoritate non-spital
SCN1119598,LICEUL SILVIC TRANSILVANIA NASAUD,SIGNAL SPECTRUM SRL-D / GB INDCO S.R.L. / FARMEC,65102,2023-01-20,autoritate non-spital
47286-2023,SERVICIUL JUDETEAN DE AMBULANTA ARGES,ALPHA BRIO MEDICAL S.R.L. / DELUXE MEDICRAFTS / FARMACIA OMNIA / FLEXAL IMPEX S.R.L. / LUAN VISION / MEDICAL GRUP / TMS - TOP MEDICAL SUPPLIER / VALDOMEDICA TRADING,844195,2023-01-24,autoritate non-spital
47442-2023,LICEUL TEHNOLOGIC GRIGORE C. MOISIL TARGU LAPUS,EUROTOTAL COMP / FARMACIA OMNIA / SIGNAL SPECTRUM,468190,2023-01-24,autoritate non-spital
47475-2023,Serviciul de Ambulanta Judetean Arad,ALPHA BRIO MEDICAL S.R.L. / AVA MEDICAL SERVICES SRL / BIZMED / DELUXE MEDICRAFTS / HELLIMED / LARY MELEK IM / LUAN VISION / MEDCLAS TRADING S.R.L. / MEDICAL GRUP / Medplaza Health / Natural Es-medical S.R.L / PAUL HARTMANN / RICOMED / TAISSIS CONCEPT / TRIDENT MEDICAL COMPANY S.R.L. / TZMO ROMANIA / VALDOMEDICA TRADING / X-Lab Solutions S.R.L.,1092355,2023-01-24,autoritate non-spital
47680-2023,Primaria Municipiului Lugoj,,1934417,2023-01-24,autoritate non-spital
SCN1117165,Comuna Gruia (Primaria Gruia Jud. Mehedinti ),P-SEVENTEEN SOLUTIONS,309214,2023-01-25,autoritate non-spital
SCN1112465,LICEUL TEORETIC AVRAM IANCU BRAD,SANI LUX,364888,2023-01-26,autoritate non-spital
SCN1119704,COMUNA SARU DORNEI,DOLEX COM / MMTOP SAFE / S.C. SUPPLIER AKT SRL S.R.L. / S.C. FARMACIA OMNIA S.R.L. / SC KLINTENSIV SRL / MULTI CLEANING SYSTEM,343186,2023-01-26,autoritate non-spital
SCN1119720,PRIMARIA MUNICIPIULUI FAGARAS,DOLAS ECOTRADE / UNICORN CENTER A.H. SRL,213267,2023-01-26,autoritate non-spital
SCN1119751,ASOCIATIA CARITAS CATOLICA,DOGY ROBOTIX,1250,2023-01-27,autoritate non-spital
SCN1119764,DIRECTIA SANITARA VETERINARA SI PENTRU SIGURANTA ALIMENTELOR IALOMITA,AVENA MEDICA S.R.L.,832,2023-01-27,autoritate non-spital
CN1051518,CORAX-BIONER CEU,INFRATECH TEHNOLOGIES S.R.L. / BIO AQUA GROUP / TEKNOLEB LABORATORY SRL / Altium International SRL / LKB ROMANIA,358441,2023-01-29,autoritate non-spital
58425-2023,SERVICIUL DE AMBULANTA JUDETEAN VRANCEA,CO&CO Consumer 2002 S.R.L. / CRIO - 2 S.R.L. / D&G GROUP S.R.L. / DELUXE CARDS / HELLIMED / MEDICAL GRUP / MEDIMPACT / MEDIST IMAGING & P.O.C. / REVORA TOPMEDAS / X-Lab Solutions S.R.L.,382690,2023-01-30,autoritate non-spital
59509-2023,JUDETUL BOTOSANI,ULTRASONIC S.R.L.,87300,2023-01-30,autoritate non-spital
60495-2023,JUDEȚUL SUCEAVA,,1889176,2023-01-30,autoritate non-spital
65856-2023,PRIMARIA AGNITA,SIGNAL SPECTRUM SRL-D,45650,2023-02-01,autoritate non-spital
72175-2023,COMUNA BRETEA ROMANA (CONSILIUL LOCAL),,1148057,2023-02-03,autoritate non-spital
72434-2023,JUDETUL VALCEA,,598299,2023-02-03,autoritate non-spital
72798-2023,ADMINISTRATIA NATIONALA A REZERVELOR DE STAT SI PROBLEME SPECIALE,BEST ACHIZITII / ZORLU DIS TICARET ANONIM SIRKETI,366768280,2023-02-03,autoritate non-spital
73320-2023,Primaria municipiului Campulung Moldovenesc,BLUEBOX MEDICAL / BROKMED S.R.L. / COLECTIV ENERGY / CREATIVE / CREATIVE & INNOVATIVE MANAGEMENT / GRIT CONSTRUCTII LUCRARI SPECIALE / LIAMED / PHM COMSERV S.R.L. / S.C. NEOMED S..R.L.,12681356,2023-02-03,autoritate non-spital
SCN1115818,Universitatea de Medicina si Farmacie din Craiova,SONIWORLD APARATURA MEDICALA,614800,2023-02-04,autoritate non-spital
76821-2023,PRIMARIA AGNITA,ATS NOVUS / KARLA AUCTION TEAM / SIGNAL SPECTRUM SRL-D,253602,2023-02-06,autoritate non-spital
21846-2023,LICEUL TEHNOLOGIC BAIA DE FIER,,1164240,2023-02-06,autoritate non-spital
77075-2023,"Universitatea de Medicina si Farmacie ""Iuliu Hatieganu"" Cluj-Napoca",ANTISEL RO / Agilrom Scientific / BIO AQUA GROUP / CHROMAKTIV S.R.L. / CO&CO Consumer 2002 S.R.L. / DELTAMED / EMSAR S.R.L. / Filara BioMed SRL / LABORSISTEM S.R.L. / MERC INTERNATIONAL IMPEX S.R.L. / Novaintermed S.R.L. / PAUL HARTMANN / ROMBIOMEDICA / TEHNO ELECTRO MEDICAL COMPANY S.R.L. / TUNIC PROD S.R.L.,6289570,2023-02-07,autoritate non-spital
77369-2023,"Universitatea de Medicina si Farmacie ""Iuliu Hatieganu"" Cluj-Napoca",BIO AQUA GROUP / DELTAMED / EMSAR S.R.L. / LABORSISTEM S.R.L. / MERC INTERNATIONAL IMPEX S.R.L. / OF SYSTEMS / TUNIC PROD S.R.L. / TYD ELAN S.R.L.,251843,2023-02-07,autoritate non-spital
78567-2023,"Universitatea de Medicina si Farmacie ""Iuliu Hatieganu"" Cluj-Napoca",Nastimed Serv / S.C. Medica M3 Comexim S.R.L. / TEHNODENT POKA S.R.L.,1490120,2023-02-07,autoritate non-spital
79750-2023,"Universitatea de Medicina si Farmacie ""Iuliu Hatieganu"" Cluj-Napoca",MEDI SENSE / Nastimed Serv / TEHNODENT POKA S.R.L.,105013014,2023-02-07,autoritate non-spital
79568-2023,DIRECTIA GENERALA DE ASISTENTA SOCIALA SI PROTECTIA COPILULUI SIBIU,COMTIB / DELUXE MEDICRAFTS / MEDCHIM EXPERT SRL / TZMO ROMANIA,1076274,2023-02-07,autoritate non-spital
CAN1097383,SERVICIUL DE AMBULANTA JUDETEAN SATU MARE,MEDIMPACT,7500,2023-02-07,autoritate non-spital
82380-2023,ORASUL ORAVITA,S.C. LINDE GAZ ROMANIA S.R.L. S.R.L. / Sante International S.A.,65000,2023-02-08,autoritate non-spital
148984-2023,Municipiul Sibiu,BROKMED / MLM MEDICAL S.R.L. / Medical Corp S.R.L. / RAFI MEDICAL / Sante International / TEHNOPLUS MEDICAL,918198,2023-02-09,autoritate non-spital
86698-2023,COMUNA CORBII MARI (PRIMARIA CORBII MARI),AXIOMA MEDICAL S.R.L. / SINOFARM ROMANIA S.R.L.,1749224,2023-02-10,autoritate non-spital
SCN1115225,MINISTERUL APARARII - UNITATEA MILITARA 02464 BUCURESTI,EVO HEALTHCARE CONSULTING,393250,2023-02-12,unitate militara fara profil de spital
91139-2023,ORASUL HATEG,,1164825,2023-02-13,autoritate non-spital
594073-2022,MUNICIPIUL BOTOSANI,,2096985,2023-02-14,autoritate non-spital
95217-2023,LICEUL TEHNOLOGIC BAIA DE FIER,AXIOMA MEDICAL S.R.L. / SC KLINTENSIV SRL,877910,2023-02-15,autoritate non-spital
97510-2023,JUDETUL GIURGIU,,1717168,2023-02-15,autoritate non-spital
716200-2022,DIRECTIA GENERALA DE ASISTENTA SOCIALA SI PROTECTIA COPILULUI SECTOR 6,,1138063,2023-02-16,autoritate non-spital
SCN1120562,DIRECTIA SANITARA VETERINARA SI PENTRU SIGURANTA ALIMENTELOR ALBA,Altium International SRL / DIAMEDIX IMPEX / EMSAR S.R.L. / FOTOMETRIC INSTRUMENTS S.R.L. / MEDICLIM S.R.L.,75443,2023-02-16,autoritate non-spital
SCN1120567,UAT Comuna Cotnari,DOLAS ECOTRADE / 4M BUSINESS / Altamira Impex,165186,2023-02-16,autoritate non-spital
SCN1120579,DIRECTIA GENERALA DE ASISTENTA SOCIALA SI PROTECTIA COPILULUI,Target Point / DUAL TOP / DUMITRU BUSINESS HOUSE IMPEX / RUXMAR OFFICE SRL / TZMO ROMANIA,1216210,2023-02-16,autoritate non-spital
102219-2023,INSTITUTUL DE BOLI CARDIOVASCULARE TIMISOARA,,69928440,2023-02-17,procedura anulata / fara castigator (confirmat in XML TED)
104301-2023,SPITAL CLINIC CAI FERATE CONSTANTA,,981800,2023-02-17,procedura anulata / fara castigator (confirmat in XML TED)
98405-2023,Municipiul Sibiu,MLM MEDICAL S.R.L. / Medical Corp S.R.L. / RAFI MEDICAL / Sante International / TEHNOPLUS MEDICAL,899098,2023-02-17,autoritate non-spital
CN1052117,Institutul National de Cercetare Dezvoltare Medico Militara Cantacuzino,MEDICLIM S.R.L.,,2023-02-17,institut de cercetare / fara paturi de spital
CN1052165,INSTITUTUL NATIONAL DE HEMATOLOGIE TRANSFUZIONALA Prof.Dr.C.T.Nicolau,GRANDIS IMPACT SRL / Hemarom S.R.L.,,2023-02-18,institut de cercetare / fara paturi de spital
SCN1115055,Comuna Ogra (Primaria Ogra),SYNTTERGY CONSULT S.R.L.,262350,2023-02-18,autoritate non-spital
105948-2023,SERVICIUL DE AMBULANTA AL JUDETULUI CLUJ,ALCA DUO MEDICAL S.R.L. / ALPHA BRIO MEDICAL S.R.L. / ALPHA MEDICAL S.R.L. / ARTISANA MEDICAL S.R.L. / AVMED PLUS / B.BRAUN MEDICAL / BEST ACHIZITII / BIOLIFE GRUP S.R.L. / BIZMED SRL / CO&CO Consumer 2002 S.R.L. / CRAD RO / CRIO - 2 S.R.L. / DELUXE MEDICRAFTS / HELLIMED / LUAN VISION / MEDIMPACT / MEDIST IMAGING & P.O.C. S.R.L. / MEDITECH CMA / NAFKA GRUP S.R.L. / Novaintermed S.R.L. / PAUL HARTMANN / PRODCONFARM S.R.L. / RICOMED / ROVAL MED / S.C. ADAR UNIC SOLUTIONS S.R.L. / S.C. DANCRI MEDICAL S.R.L. / S.C. DRAEGER ROMANIA S.R.L. / S.C. FARMACIA OMNIA S.R.L. / S.C. Filtre Aer Curat S.R.L. S.R.L. / S.C. IANLUX S.R.L. / S.C. MEDCLAS TRADING S.R.L. S.R.L. / S.C. Medplaza Health S.R.L. / S.C. Natural Es-medical S.R.L S.R.L. / S.C.MEDICAL GRUP S.R.L. / TIS FARMACEUTIC S.A. / TMS - TOP MEDICAL SUPPLIER / TOP TRADE MEDICAL / VALDOMEDICA TRADING / VETRO DESIGN S.R.L. / X-Lab Solutions S.R.L. / ZARYS INTERNATIONAL GROUP MEDICAL EQUIPMENT S.R.L.,220577,2023-02-20,autoritate non-spital
106405-2023,JUDETUL SALAJ,,2504969,2023-02-20,autoritate non-spital
149195-2023,Orasul Sângeorgiu de Padure,CATTUS / CATTUS S.R.L. / CLINI-LAB / OVAVINCI / PHM COMSERV S.R.L.,2360857,2023-02-20,autoritate non-spital
CN1047195,JUDETUL CARAS-SEVERIN,MEDIST IMAGING & P.O.C. S.R.L.,99000,2023-02-20,autoritate non-spital
108915-2023,ORASUL TASNAD,BLUE NEON / CATTUS / INEDIT CLEAN TOTAL / S.C. Medplaza Health S.R.L.,575884,2023-02-21,autoritate non-spital
109455-2023,"SPITALUL ORASENESC ""DR. VALER RUSSU"" LUDUS",,1457875,2023-02-21,procedura anulata / fara castigator (confirmat in XML TED)
109723-2023,DIRECTIA GENERALA DE ASISTENTA SOCIALA SI PROTECTIA COPILULUI MARAMURES,BIOMIGA PHARM / FLYNG IMPEX S.R.L. / ROALMISA INV / TZMO ROMANIA,460515,2023-02-21,autoritate non-spital
SCN1120896,JUDETUL CLUJ (CONSILIUL JUDETEAN),SC BIOPHARM INTERNATIONAL SRL,50000,2023-02-23,autoritate non-spital
113947-2023,ORAS TECHIRGHIOL,,1052218,2023-02-24,autoritate non-spital
114031-2023,MUNICIPIUL BACAU,DOLEX COM / SIGNAL SPECTRUM SRL-D,891625,2023-02-24,autoritate non-spital
114715-2023,JUDETUL BOTOSANI,Dyomedica CND SRL / EURODIDACTICA S.R.L. / HELLIMED / OVAVINCI,340079,2023-02-24,autoritate non-spital
114811-2023,SPITALUL CLINIC JUDETEAN DE URGENTA CLUJ,,8853824,2023-02-24,procedura anulata / fara castigator (confirmat in XML TED)
115867-2023,JUDETUL VALCEA,DELUXE MEDICRAFTS,339070,2023-02-24,autoritate non-spital
117317-2023,SPITALUL CLINIC JUDETEAN DE URGENTA CLUJ,,150345535,2023-02-24,procedura anulata / fara castigator (confirmat in XML TED)
118980-2023,DIRECTIA GENERALA DE ASISTENTA SOCIALA SI PROTECTIA COPILULUI SECTOR 6,HEALTH SUPPLY / MG Medical Ecoline,1125000,2023-02-24,autoritate non-spital
SCN1115533,Comuna Cudalbi (Primaria Cudalbi),DELUXE MEDICRAFTS,105794,2023-02-24,autoritate non-spital
SCN1115823,MINISTERUL APARARII - UNITATEA MILITARA 02464 BUCURESTI,NERAMO DISTRIBUTION,34659,2023-02-25,unitate militara fara profil de spital
121344-2023,Serviciul de Ambulanta Judetean Bacau,ALPHA NED 2000 EXIM / ARTISANA MEDICAL S.R.L. / ATLAS MEDICAL / B.BRAUN MEDICAL / BEST ACHIZITII / BIZMED / CO&CO Consumer 2002 S.R.L. / COMPANIA NATIONALA UNIFARM / CORAMED MEDIZINISCHE PRODUKTE / CRAD RO / DRAEGER ROMANIA / FRESENIUS KABI ROMANIA / Filtre Aer Curat S.R.L. / GRAZY PRICE MEDICAL IMPORT EXPORT S.R.L. / HDL Union / HELLIMED / LUAN VISION / MEDCLAS TRADING S.R.L. / MEDI -TECH BUSINESS / MEDIST IMAGING & P.O.C. / MERCATOR MEDICAL / Medplaza Health / NAFKA GRUP / NOVA FIT 2000 SRL / PAUL HARTMANN / PRODCONFARM S.R.L. / ROVAL MED / TAISSIS CONCEPT / TMS - TOP MEDICAL SUPPLIER / VALDOMEDICA TRADING,1558381,2023-02-27,autoritate non-spital
122084-2023,JUDETUL SALAJ,PAPAPOSTOLOU S.R.L,450000,2023-02-27,autoritate non-spital
561914-2022,MUNICIPIUL CONSTANTA,,41443791,2023-02-27,autoritate non-spital
122827-2023,JUDETUL CLUJ (CONSILIUL JUDETEAN),SANTIMPEX S.R.L.,18925,2023-02-28,autoritate non-spital
122990-2023,Directia Sanitara Veterinara si pentru Siguranta Alimentelor Suceava,A.M.S. 2000 TRADING IMPEX S.R.L. / DIALAB SOLUTIONS / Filara BioMed SRL / Global Event Solutions SRL / LABORATORIUM S.R.L. / MECRO SYSTEM S.R.L. / MEDICLIM S.R.L. / MERC INTERNATIONAL IMPEX S.R.L. / NITECH / NOVA GROUP INVESTMENT / Noack Romania S.R.L. / ROMVAC COMPANY / S.C. Agilrom Scientific S.R.L. / S.C. MUSO S.R.L. / S.C. NOVACHIM TRADING S.R.L. / S.C. REDOX RESEARCH & ANALYTIC S.R.L. S.R.L. / TOPOMEV OPTOSCIENCE / TUNIC PROD S.R.L.,570384,2023-02-28,autoritate non-spital
124962-2023,"SPITALUL MUNICIPAL ""DR.POP MIRCEA"" MARGHITA",,1558040,2023-02-28,procedura anulata / fara castigator (confirmat in XML TED)
SCN1121112,Unitatea Administrativ Teritoriala (UAT) Orasul Jibou,FLAMATEX DISTRIBUTION S.R.L. / ARTIMEX PLAY / ENTERPRISE FOCUSED SOLUTIONS SRL,512037,2023-02-28,autoritate non-spital
127099-2023,ADMINISTRATIA NATIONALA A REZERVELOR DE STAT SI PROBLEME SPECIALE,BEST ACHIZITII / ZORLU DIS TICARET ANONIM SIRKETI,366768280,2023-03-01,autoritate non-spital
CN1047628,MUNICIPIUL DOROHOI,A&B COMPUTERS,24500,2023-03-01,autoritate non-spital
CN1048842,ASOCIATIA FILANTROPIA ORADEA,MST SOLUTIONS SRL,328671,2023-03-01,autoritate non-spital
CN1052544,SERVICIUL DE AMBULANTA JUDETEAN IASI,TAISSIS CONCEPT / CO&CO Consumer 2002 S.R.L. / NAFKA GRUP S.R.L. / NANO BIO MEDICAL S.R.L. / LUAN VISION / PREBOX EMS / ZARYS INTERNATIONAL GROUP MEDICAL EQUIPMENT S.R.L. / DELTAMED / SANROTEX TRADING SRL / TZMO ROMANIA / CRAD RO / CRIO - 2 S.R.L. / DELUXE MEDICRAFTS / MEDICAL GRUP / ROVAL MED / Biolife Systems / CORAMED MEDIZINISCHE PRODUKTE / VETRO DESIGN / MEDCLAS TRADING S.R.L. / Natural Es-medical S.R.L / HELLIMED / Novaintermed S.R.L. / RICOMED / Medplaza Health / IOANA N & M SRL / ALCA DUO MEDICAL S.R.L.,6401325,2023-03-01,autoritate non-spital
SCN1117088,COMUNA SANT,KLINTENSIV,210635,2023-03-01,autoritate non-spital
SCN1121209,Directia Generala de Asistenta Sociala si Protectia Copilului Constanta,DIVINE MOB SRL / EUROSTING AAW INDUSTRY,11843,2023-03-02,autoritate non-spital
SCN1121213,Directia Sanitara Veterinara si pentru Siguranta Alimentelor Cluj,DIALAB SOLUTIONS / Noack Romania S.R.L. / Filara BioMed SRL,153386,2023-03-02,autoritate non-spital
129586-2023,SERVICIUL JUDETEAN DE AMBULANTA ARGES,ALPHA BRIO MEDICAL S.R.L. / DELUXE MEDICRAFTS / FARMACIA OMNIA / FLEXAL IMPEX S.R.L. / LUAN VISION / MEDICAL GRUP / TMS - TOP MEDICAL SUPPLIER / VALDOMEDICA TRADING,844195,2023-03-03,autoritate non-spital
130576-2023,ORASUL MILISAUTI,,1048345,2023-03-03,autoritate non-spital
131140-2023,CONSILIUL JUDETEAN GORJ,HALMADENT SRL / MEDICAL SIMULATOR PROJECTS / Medical Corp S.R.L. / TEHNOPLUS MEDICAL,568650,2023-03-03,autoritate non-spital
132479-2023,MUNICIPIUL BOTOSANI,DOCTOR SWISS / S.C. BIOCOMP S.R.L. / S.C. Medical Gazplus S.R.L.,1242903,2023-03-03,autoritate non-spital
133700-2023,UNIVERSITATEA DUNAREA DE JOS,DENTSTORE,98381,2023-03-03,autoritate non-spital
SCN1121288,ORASUL FLAMANZI,SC CLEANEXPERT SHOP SRL / BIOCOMP,78753,2023-03-03,autoritate non-spital
CN1049056,FUNDAŢIA FILANTROPIA TIMIŞOARA,MST SOLUTIONS SRL,308651,2023-03-05,autoritate non-spital
SCN1117067,"SNTFC ""CFR CALATORI"" S.A.",TURKROM,11305,2023-03-05,entitate privata (SRL/SA)
137089-2023,Municipiul Sibiu,BIO HYGIENE SRL / MEDFARM TRADING / MULTI CLEANING SYSTEM / RAFI MEDICAL / RETCO S.R.L. / TIMBERSTAR S.R.L.,219610,2023-03-07,autoritate non-spital
137373-2023,SERVICIUL JUDETEAN DE AMBULANTA ARGES,ALPHA BRIO MEDICAL S.R.L. / DELUXE MEDICRAFTS / FARMACIA OMNIA / FLEXAL IMPEX S.R.L. / LUAN VISION / MEDICAL GRUP / TMS - TOP MEDICAL SUPPLIER / VALDOMEDICA TRADING,844195,2023-03-07,autoritate non-spital
139931-2023,SPITALUL CLINIC DE URGENTA SF.IOAN,,20960335,2023-03-07,procedura anulata / fara castigator (confirmat in XML TED)
CN1052853,INSTITUTUL NATIONAL DE HEMATOLOGIE TRANSFUZIONALA Prof.Dr.C.T.Nicolau,Novaintermed S.R.L. / A&A FARMA DISTRIBUTION S.R.L,,2023-03-09,institut de cercetare / fara paturi de spital
SCN1121612,Directia Sanitara Veterinara si pentru Siguranta Alimentelor Buzau,ROMVAC COMPANY / Noack Romania S.R.L.,12243,2023-03-09,autoritate non-spital
147085-2023,Directia Sanitara Veterinara si pentru Siguranta Alimentelor Suceava,A.M.S. 2000 TRADING IMPEX S.R.L. / Agilrom Scientific / DIALAB SOLUTIONS / DIAMEDIX IMPEX / EMSAR S.R.L. / LABORSISTEM S.R.L. / MEDICLIM S.R.L. / NOVA GROUP INVESTMENT / Noack Romania S.R.L. / PARTNERS MEDICAL SOLUTION S.R.L. / REDOX RESEARCH & ANALYTIC S.R.L. / S.C. NOVACHIM TRADING S.R.L. / TUNIC PROD S.R.L.,879106,2023-03-10,autoritate non-spital
147387-2023,SERVICIUL DE AMBULANTA JUDETEAN CONSTANTA,AVA MEDICAL SERVICES SRL / ENGLOBER S.R.L. / HELLIMED / LUAN VISION / MEDCLAS TRADING S.R.L. / MERCATOR MEDICAL / NAFKA GRUP / SANROTEX TRADING SRL / TAISSIS CONCEPT / TMS - TOP MEDICAL SUPPLIER / VALDOMEDICA TRADING / VETRO DESIGN / ZARYS INTERNATIONAL GROUP MEDICAL EQUIPMENT S.R.L.,521422,2023-03-10,autoritate non-spital
148903-2023,DIRECTIA GENERALA DE ASISTENTA SOCIALA A MUNICIPIULUI BUCURESTI,DOLEX COM / NOVA TECH MED,2370486,2023-03-10,autoritate non-spital
12812-2023,INSTITUTUL NATIONAL DE CERCETARE - DEZVOLTARE IN SUDURA SI INCERCARI DE MATERIALE - ISIM,,18817494,2023-03-10,institut de cercetare / fara paturi de spital
147588-2023,INSTITUTUL NATIONAL DE HEMATOLOGIE TRANSFUZIONALA Prof.Dr.C.T.Nicolau,,2860089,2023-03-10,institut de cercetare / fara paturi de spital
CN1052875,JUDETUL VALCEA,BROKMED S.R.L. / S.C. SOLMED PROIECT S.R.L. / LUKA AGRO CERES SRL / S.C. SANIPACK DISTRIBUTION SRL S.R.L.,587184,2023-03-10,autoritate non-spital
SCN1116141,Orasul Harsova,Integra Medical Business,205740,2023-03-11,autoritate non-spital
SCN1121749,DIRECTIA SANITARA VETERINARA SI PENTRU SIGURANTA ALIMENTELOR ALBA,NOVA GROUP INVESTMENT / ROMVAC COMPANY / Noack Romania S.R.L. / MEDICLIM S.R.L.,122286,2023-03-13,autoritate non-spital
152623-2023,SPITALUL CLINIC DE URGENTA SF.IOAN,,17585590,2023-03-14,procedura anulata / fara castigator (confirmat in XML TED)
152770-2023,STIMPEX,,1396906,2023-03-14,autoritate non-spital
281813-2022,COMPANIA NATIONALA DE INVESTITII SA,,94321621,2023-03-14,entitate privata (SRL/SA)
155762-2023,Directia Sanitara Veterinara si pentru Siguranta Alimentelor Suceava,ANTISEL RO SRL / EMSAR S.R.L. / Elta 90 Medical Research SRL / Filara BioMed SRL / MEDICLIM S.R.L. / PARTNERS MEDICAL SOLUTION S.R.L. / ROVAL MED / S.C. ALISON HAYES (ROMANIA) S.R.L. / TUNIC PROD S.R.L.,1356108,2023-03-15,autoritate non-spital
157952-2023,Directia Generala de Asistenta Sociala si Protectia Copilului Caras Severin,ATLAS MEDICAL,96124,2023-03-15,autoritate non-spital
168068-2023,Judetul Covasna,Magic Solutions,879500,2023-03-15,autoritate non-spital
319259-2023,PRIMARIA TG. CARBUNESTI,Logaritm / RATEHNO SIST / UNIVERSAL MEDICAL S.R.L.,2566910,2023-03-16,autoritate non-spital
SCN1116363,COMUNA GHIMPETENI (PRIMARIA COMUNEI GHIMPETENI OLT),MED TEHNICA,132012,2023-03-16,autoritate non-spital
SCN1117951,INSTITUTUL NATIONAL DE SANATATE PUBLICA,LIAMED,134300,2023-03-16,autoritate non-spital
SCN1121911,DIRECTIA GENERALA DE ASISTENTA SOCIALA SI PROTECTIA COPILULUI BISTRITA-NASAUD,Amicii Building / DATA LOGIC AZIMUR SRL / MOBTECO PRODUCT S.R.L. / TRANSLIMA,330992,2023-03-16,autoritate non-spital
158462-2023,Municipiul Sibiu,Medical Gazplus / N&B,25990,2023-03-17,autoritate non-spital
161975-2023,SANATORIUL PNEUMOFTIZIOLOGIE BRAD,,3681462,2023-03-17,procedura anulata / fara castigator (confirmat in XML TED)
162559-2023,"UNIVERSITATEA DE MEDICINA SI FARMACIE ""VICTOR BABES"" TIMISOARA",CLEANING LOGISTIC DISTRIBUTION / S.C. BIOCOMP S.R.L.,489751,2023-03-17,autoritate non-spital
163931-2023,SPITALUL CLINIC DE URGENTA SF.IOAN,,9029040,2023-03-17,procedura anulata / fara castigator (confirmat in XML TED)
163965-2023,Serviciul de Ambulanta Judetean Bacau,ARTISANA MEDICAL S.R.L. / CO&CO Consumer 2002 S.R.L. / DELUXE CARDS / Novaintermed S.R.L. / SANIMED INTERNATIONAL IMPEX / VALDOMEDICA TRADING,180468,2023-03-17,autoritate non-spital
197492-2023,MUNICIPIUL ROMAN,MEDIST IMAGING & P.O.C.,721000,2023-03-17,autoritate non-spital
CN1053114,Municipiul Sibiu,CATTUS S.R.L. / Medical Logistic Mall / Medical Corp S.R.L.,90518,2023-03-17,autoritate non-spital
SCN1117964,DIRECTIA GENERALA DE ASISTENTA SOCIALA SI PROTECTIA COPILULUI - SALAJ,SOLARAMI CRIS SRL,464812,2023-03-19,autoritate non-spital
181825-2023,Orasul Gura Humorului,OVAVINCI SRL / S.C. ASTRA BUCURESTI & CO PROD SRL S.R.L. / TEHNO ELECTRO MEDICAL COMPANY S.R.L.,2756495,2023-03-20,autoritate non-spital
218058-2023,Serviciul de Ambulanta al Judetului Timis,ADAR UNIC SOLUTIONS / ALPHA BRIO MEDICAL S.R.L. / ATLAS MEDICAL / AVA MEDICAL SERVICES SRL / CO&CO Consumer 2002 S.R.L. / CRAD RO / CRIO - 2 S.R.L. / DELUXE MEDICRAFTS / IOANA N & M SRL / LUAN VISION / MEDCLAS TRADING S.R.L. / MEDICAL GRUP / Medplaza Health / NAFKA GRUP / ROVAL MED / SANROTEX TRADING SRL / SANTOMED / SH MEDICAL SRL / TMS - TOP MEDICAL SUPPLIER / TZMO ROMANIA / VALDOMEDICA TRADING / VETRO DESIGN / VIOMED CONSUM S.R.L.,962720,2023-03-20,autoritate non-spital
SCN1118098,COMPANIA AQUASERV S.A,BIO AQUA GROUP,177744,2023-03-20,entitate privata (SRL/SA)
187033-2023,CONSILIUL SUPERIOR AL MAGISTRATURII,GR8 RESEARCH & DEVELOPMENT / GREAT PEOPLE INSIDE / PSIHO PROIECT S.R.L.,7949400,2023-03-21,autoritate non-spital
SCN1122153,SERVICIUL DE AMBULANTA JUDETEAN VRANCEA,TZMO ROMANIA / MEDICAL GRUP / ROSALVAMED PLUS / TMS - TOP MEDICAL SUPPLIER / MEDIST IMAGING & P.O.C. S.R.L. / HELLIMED / ADAR UNIC SOLUTIONS / X-Lab Solutions S.R.L. / D&G GROUP S.R.L.,1657113,2023-03-21,autoritate non-spital
170200-2023,JUDETUL IASI,,2794463,2023-03-22,autoritate non-spital
619445-2022,Administrația Publică Locală Orașul Popești-Leordeni,,49530867,2023-03-22,autoritate non-spital
197223-2023,"UNIVERSITATEA DE MEDICINA SI FARMACIE ""GRIGORE T.POPA"" DIN IASI",LABORATORIUM LIFE SCIENCE SRL / S.C. Agilrom Scientific S.R.L.,719500,2023-03-22,autoritate non-spital
SCN1118174,COMUNA PIETROSANI (PRIMARIA),TEHNICAL DENT,66000,2023-03-22,autoritate non-spital
245873-2023,JUDETUL HUNEDOARA,CATTUS S.R.L. / PAPAPOSTOLOU S.R.L / S.C. GENERAL ELECTRIC MEDICAL SYSTEMS ROMANIA S.R.L.,6312920,2023-03-23,autoritate non-spital
SCN1113687,Primaria Negru Voda,EURODIDACTICA S.R.L.,629553,2023-03-23,autoritate non-spital
178368-2023,DIRECTIA SANITARA VETERINARA SI PENTRU SIGURANTA ALIMENTELOR BRASOV,A.M.S. 2000 TRADING IMPEX / ANTISEL RO / Agilrom Scientific / DIALAB SOLUTIONS / DIAMEDIX IMPEX / EUROVET LAB / FARMAVET / Filara BioMed SRL / MEDICLIM S.R.L. / NOVA GROUP INVESTMENT / NOVACHIM TRADING / ROMVAC COMPANY / SANIMED INTERNATIONAL IMPEX / TUNIC PROD S.R.L.,3123783,2023-03-24,autoritate non-spital
179151-2023,Municipiul Sibiu,DACORUM GRUP / ULTRASONIC,209500,2023-03-24,autoritate non-spital
179272-2023,Consiliul Judetean Buzau,ULTRASONIC APARATURA MEDICALA,279000,2023-03-24,autoritate non-spital
SCN1122390,COMUNA DICULESTI,CHIRITOIU ELENA-CLAUDIA,88665,2023-03-24,autoritate non-spital
CN1053534,CORAX-BIONER CEU,Altium International SRL / BIO AQUA GROUP,220968,2023-03-26,autoritate non-spital
SCN1116798,COMUNA CHINTENI JUDETUL CLUJ,AURORA MEDICAL SUPPORT,297850,2023-03-28,autoritate non-spital
188394-2023,SERVICIUL DE AMBULANTA BUCURESTI-ILFOV,ADAR UNIC SOLUTIONS / ALPHA BRIO MEDICAL S.R.L. / ALPHA NED 2000 EXIM / ARTISANA MEDICAL S.R.L. / BIZMED / CO&CO Consumer 2002 S.R.L. / CRAD RO / DELUXE MEDICRAFTS / DR COLOS MEDICAL / ENGLOBER S.R.L. / HELLIMED / IDEAL OPTIONS / IOANA N & M SRL / LUAN VISION / Limas Group S.R.L. / MED - AL TRADING SRL / MEDICAL GRUP / NAFKA GRUP / RICOMED / ROVAL MED / TEHNO ELECTRO MEDICAL COMPANY S.R.L. / TOP TRADE MEDICAL / TRIDENT MEDICAL COMPANY S.R.L. / TZMO ROMANIA,1455750,2023-03-29,autoritate non-spital
269564-2023,"LICEUL TEHNOLOGIC ""BRATIANU""",S.C. PREMAR PRODUCTION S.R.L.,1388350,2023-03-29,autoritate non-spital
190292-2023,SPITALUL CLINIC DE URGENTA SF.IOAN,,45283376,2023-03-31,procedura anulata / fara castigator (confirmat in XML TED)
190329-2023,SERVICIUL DE AMBULANTA JUDETEAN SATU MARE,DELUXE MEDICRAFTS / FARMACIA OMNIA / MEDIMPACT / RICOMED / TMS - TOP MEDICAL SUPPLIER,1704075,2023-03-31,autoritate non-spital
191870-2023,SERVICIUL DE AMBULANTA JUDETEAN ALBA,A&A FARMA DISTRIBUTION S.R.L / AVA MEDICAL SERVICES SRL / BIZMED / CORAMED MEDIZINISCHE PRODUKTE / CRAD RO / CRIO - 2 S.R.L. / DELTAMED / DELUXE MEDICRAFTS / HELLIMED / IOANA N & M SRL / LUAN VISION / MEDICAL GRUP / MEDIMPACT / MEDIST IMAGING & P.O.C. / MEDITECH CMA / Medplaza Health / NAFKA GRUP / NOVA FIT 2000 SRL / PAUL HARTMANN / RICOMED / SANROTEX TRADING SRL / TMS - TOP MEDICAL SUPPLIER / TRADECO ENGINEERING DGC / TZMO ROMANIA / VALDOMEDICA TRADING / VETRO DESIGN / X-Lab Solutions S.R.L. / ZARYS INTERNATIONAL GROUP MEDICAL EQUIPMENT S.R.L.,974772,2023-03-31,autoritate non-spital
194028-2023,"Universitatea de Medicina si Farmacie ""Iuliu Hatieganu"" Cluj-Napoca",ANTISEL RO / Agilrom Scientific / BIO AQUA GROUP / CHROMAKTIV S.R.L. / CO&CO Consumer 2002 S.R.L. / DELTAMED / EMSAR S.R.L. / Filara BioMed SRL / LABORSISTEM S.R.L. / MERC INTERNATIONAL IMPEX S.R.L. / Novaintermed S.R.L. / PAUL HARTMANN / ROMBIOMEDICA / TEHNO ELECTRO MEDICAL COMPANY S.R.L. / TUNIC PROD S.R.L.,6289570,2023-03-31,autoritate non-spital
574979-2022,ORASUL STEI,,845331,2023-03-31,autoritate non-spital
SCN1122747,JUDETUL BACAU,SC KLINTENSIV SRL,6720,2023-03-31,autoritate non-spital
SCN1122754,CONSILIUL JUDETEAN BRAILA,S.C. PANCRONEX S.A.,0,2023-03-31,autoritate non-spital
SCN1115301,DENTIX MILLENNIUM SRL,TECHNOTRADE,46750,2023-04-01,entitate privata (SRL/SA)
196738-2023,Serviciul de Ambulanta Judetean Bihor,ALPHA BRIO MEDICAL S.R.L. / BIZMED / HELLIMED / IOANA N & M SRL / LUAN VISION / MEDICAL GRUP / MEDIMPACT / NETWORK MEDICAL SOLUTION / Natural Es-medical S.R.L / TZMO ROMANIA / VALDOMEDICA TRADING / VOGUE ART,873076,2023-04-03,autoritate non-spital
196922-2023,Serviciul de Ambulanta al Judetului Timis,ADAR UNIC SOLUTIONS / ALPHA BRIO MEDICAL S.R.L. / ATLAS MEDICAL / AVA MEDICAL SERVICES SRL / CO&CO Consumer 2002 S.R.L. / CRAD RO / CRIO - 2 S.R.L. / DELUXE MEDICRAFTS / IOANA N & M SRL / LUAN VISION / MEDCLAS TRADING S.R.L. / MEDICAL GRUP / Medplaza Health / NAFKA GRUP / ROVAL MED / SANROTEX TRADING SRL / SANTOMED / SH MEDICAL SRL / TMS - TOP MEDICAL SUPPLIER / TZMO ROMANIA / VALDOMEDICA TRADING / VETRO DESIGN / VIOMED CONSUM S.R.L.,962720,2023-04-03,autoritate non-spital
197399-2023,Serviciul de Ambulanta Judetean Bihor,ARTISANA MEDICAL S.R.L. / DELUXE CARDS / EUROMEDICAL IMPORT EXPORT / Euroexpand Impex / Filtre Aer Curat S.R.L. / LUAN VISION / MEDICAL GRUP / MEDIMPACT / MEDITECH CMA / Medplaza Health / NAFKA GRUP / ROVAL MED / VALDOMEDICA TRADING,1322250,2023-04-03,autoritate non-spital
SCN1122845,DIRECTIA SANITARA VETERINARA SI PENTRU SIGURANTA ALIMENTELOR BACAU,ROMVAC COMPANY / Filara BioMed SRL / EUROVET LAB S.R.L. / DIAMEDIX IMPEX / DIALAB SOLUTIONS / BIO AQUA GROUP / A.M.S. 2000 TRADING IMPEX / Agilrom Scientific / FOTOMETRIC INSTRUMENTS S.R.L. / TUNIC PROD S.R.L. / MEDICLIM S.R.L. / REDOX RESEARCH & ANALYTIC S.R.L. / NOVACHIM TRADING / TYD ELAN S.R.L. / NOVA GROUP INVESTMENT / Noack Romania S.R.L.,534130,2023-04-03,autoritate non-spital
199730-2023,Directia Generala de Asistenta Sociala si Protectia Copilului Caras Severin,ATLAS MEDICAL,96124,2023-04-04,autoritate non-spital
200235-2023,Serviciul de Ambulanta Judetean Arad,ALPHA BRIO MEDICAL S.R.L. / AVA MEDICAL SERVICES SRL / BIZMED / DELUXE MEDICRAFTS / HELLIMED / LARY MELEK IM / LUAN VISION / MEDCLAS TRADING S.R.L. / MEDICAL GRUP / Medplaza Health / Natural Es-medical S.R.L / PAUL HARTMANN / RICOMED / TAISSIS CONCEPT / TRIDENT MEDICAL COMPANY S.R.L. / TZMO ROMANIA / VALDOMEDICA TRADING / X-Lab Solutions S.R.L.,1092355,2023-04-04,autoritate non-spital
SCN1118027,Societatea COMPLEXUL ENERGETIC OLTENIA SA,TRIBOTEC RO,94352,2023-04-04,entitate privata (SRL/SA)
CN1053807,Institutul National de Cercetare Dezvoltare Medico Militara Cantacuzino,Omnivet Impex S.R.L. / Novaintermed S.R.L. / BIOMEDICA MEDIZINPRODUKTE ROMANIA SRL / DEXTER COM S.R.L. / DIALAB SOLUTIONS / NOVA GROUP INVESTMENT / MEDICLIM S.R.L. / A.M.S. 2000 TRADING IMPEX S.R.L. / Elta 90 Medical Research SRL / MOLECULAR GENOMICS S.R.L. / S.C. Bio Zyme S.R.L. / ANTISEL RO SRL,,2023-04-05,institut de cercetare / fara paturi de spital
CN1053922,Inspectoratul General pentru Situatii de Urgenta,PRION POCT / N&B / LUAN VISION / Medical Gazplus,549200,2023-04-05,autoritate non-spital
SCN1118927,COMUNA RADOVANU (CONSILIUL LOCAL RADOVANU),MMTOP SAFE,36860,2023-04-05,autoritate non-spital
SCN1119625,DIRECTIA SANITARA VETERINARA SI PENTRU SIGURANTA ALIMENTELOR NEAMT,DIALAB SOLUTIONS,20250,2023-04-06,autoritate non-spital
210292-2023,Orasul Cisnadie,ATLAS MEDICAL,218336,2023-04-07,autoritate non-spital
211257-2023,"Institutul Regional de Gastroenterologie-Hepatologie ""Prof. Dr. Octavian Fodor"" Cluj",,11385792,2023-04-07,procedura anulata / fara castigator (confirmat in XML TED)
213080-2023,JUDETUL SALAJ,PAPAPOSTOLOU S.R.L / SONOROM,715567,2023-04-07,autoritate non-spital
215358-2023,"Spitalul de REcuperare Cardiovasculara "" Dr. Benedek Geza"" Covasna",,2457907,2023-04-07,procedura anulata / fara castigator (confirmat in XML TED)
SCN1123111,COMUNA PIETROSANI (PRIMARIA),PRINTFLEET S.R.L.,24518,2023-04-07,autoritate non-spital
164601-2023,SC CARDIOMED SRL,,5000000,2023-04-10,entitate privata (SRL/SA)
165028-2023,SC CARDIOMED SRL,,2790000,2023-04-10,entitate privata (SRL/SA)
SCN1123223,DIRECTIA SANITARA VETERINARA SI PENTRU SIGURANTA ALIMENTELOR IALOMITA,Elta 90 Medical Research SRL / NOVA GROUP INVESTMENT / DACCHIM S.R.L.,149088,2023-04-10,autoritate non-spital
SCN1123243,JUDETUL VALCEA,LUKA AGRO CERES SRL,115000,2023-04-10,autoritate non-spital
215940-2023,INSTITUTUL NATIONAL DE SANATATE PUBLICA,LIAMED,2078100,2023-04-11,autoritate non-spital
SCN1123320,DIRECTIA GENERALA DE ASISTENTA SOCIALA SI PROTECTIA COPILULUI BISTRITA-NASAUD,OVAVINCI / TRANSLIMA,274200,2023-04-11,autoritate non-spital
219841-2023,MUNICIPIUL BRASOV,,3990136,2023-04-12,autoritate non-spital
277529-2023,Directia Generala de Asistenta Sociala si Protectia Copilului Caras Severin,ADION PRODIMPEXTRANS S.R.L. / KARLA AUCTION TEAM / MED TEHNICA / S.C. ANA INVEST & RESEARCH SRL,1087310,2023-04-12,autoritate non-spital
SCN1118448,Societatea COMPLEXUL ENERGETIC OLTENIA SA,PRODIVEX,354577,2023-04-12,entitate privata (SRL/SA)
CN1054122,JUDETUL TIMIS,OVAVINCI,525990,2023-04-13,autoritate non-spital
CN1054155,"Universitatea de Medicina, Farmacie, Stiinte si Tehnologie "" George Emil Palade"" din Targu Mures",Electro Orizont S.R.L. / ARLECHIN TOTAL DISTRIBUTION / A&B COMPUTERS / B.N.BUSINESS S.R.L.,133862,2023-04-13,autoritate non-spital
CN1054170,MINISTERUL APARARII - UNITATEA MILITARA 02464 BUCURESTI,Nastimed Serv / RAFI MEDICAL / TEHNICAL DENT / MEDIDENT EXIM S.R.L.,,2023-04-13,unitate militara fara profil de spital
SCN1123493,DIRECTIA GENERALA DE ASISTENTA SOCIALA SI PROTECTIA COPILULUI BISTRITA-NASAUD,OVAVINCI,122130,2023-04-13,autoritate non-spital
220953-2023,Universitatea de Medicina si Farmacie din Craiova,ALBEDO S.R.L.,65037,2023-04-14,autoritate non-spital
221262-2023,SERVICIUL JUDETEAN DE AMBULANTA ARGES,ALPHA BRIO MEDICAL S.R.L. / DELUXE MEDICRAFTS / FARMACIA OMNIA / FLEXAL IMPEX S.R.L. / LUAN VISION / MEDICAL GRUP / TMS - TOP MEDICAL SUPPLIER / VALDOMEDICA TRADING,844195,2023-04-14,autoritate non-spital
222112-2023,Directia Sanitara Veterinara si pentru Siguranta Alimentelor Suceava,A.M.S. 2000 TRADING IMPEX S.R.L. / Agilrom Scientific / DIALAB SOLUTIONS / DIAMEDIX IMPEX / EMSAR S.R.L. / LABORSISTEM S.R.L. / MEDICLIM S.R.L. / NOVA GROUP INVESTMENT / Noack Romania S.R.L. / PARTNERS MEDICAL SOLUTION S.R.L. / REDOX RESEARCH & ANALYTIC S.R.L. / S.C. NOVACHIM TRADING S.R.L. / TUNIC PROD S.R.L.,879106,2023-04-14,autoritate non-spital
223241-2023,Directia Sanitara Veterinara si pentru Siguranta Alimentelor Suceava,A.M.S. 2000 TRADING IMPEX S.R.L. / DIALAB SOLUTIONS / Filara BioMed SRL / Global Event Solutions SRL / LABORATORIUM S.R.L. / MECRO SYSTEM S.R.L. / MEDICLIM S.R.L. / MERC INTERNATIONAL IMPEX S.R.L. / NITECH / NOVA GROUP INVESTMENT / Noack Romania S.R.L. / ROMVAC COMPANY / S.C. Agilrom Scientific S.R.L. / S.C. MUSO S.R.L. / S.C. NOVACHIM TRADING S.R.L. / S.C. REDOX RESEARCH & ANALYTIC S.R.L. S.R.L. / TOPOMEV OPTOSCIENCE / TUNIC PROD S.R.L.,580662,2023-04-14,autoritate non-spital
224480-2023,Ministerul Sanatatii,,160972545,2023-04-17,autoritate non-spital
229793-2023,SERVICIUL DE AMBULANTA AL JUDETULUI CLUJ,ALCA DUO MEDICAL S.R.L. / ALPHA BRIO MEDICAL S.R.L. / ALPHA MEDICAL S.R.L. / ARTISANA MEDICAL S.R.L. / AVMED PLUS / B.BRAUN MEDICAL / BEST ACHIZITII / BIOLIFE GRUP S.R.L. / BIZMED SRL / CO&CO Consumer 2002 S.R.L. / CRAD RO / CRIO - 2 S.R.L. / DELUXE MEDICRAFTS / HELLIMED / LUAN VISION / MEDIMPACT / MEDIST IMAGING & P.O.C. S.R.L. / MEDITECH CMA / NAFKA GRUP S.R.L. / Novaintermed S.R.L. / PAUL HARTMANN / PRODCONFARM S.R.L. / RICOMED / ROVAL MED / S.C. ADAR UNIC SOLUTIONS S.R.L. / S.C. DANCRI MEDICAL S.R.L. / S.C. DRAEGER ROMANIA S.R.L. / S.C. FARMACIA OMNIA S.R.L. / S.C. Filtre Aer Curat S.R.L. S.R.L. / S.C. IANLUX S.R.L. / S.C. MEDCLAS TRADING S.R.L. S.R.L. / S.C. Medplaza Health S.R.L. / S.C. Natural Es-medical S.R.L S.R.L. / S.C.MEDICAL GRUP S.R.L. / TIS FARMACEUTIC S.A. / TMS - TOP MEDICAL SUPPLIER / TOP TRADE MEDICAL / VALDOMEDICA TRADING / VETRO DESIGN S.R.L. / X-Lab Solutions S.R.L. / ZARYS INTERNATIONAL GROUP MEDICAL EQUIPMENT S.R.L.,612619,2023-04-18,autoritate non-spital
230069-2023,SERVICIUL DE AMBULANTA AL JUDETULUI CLUJ,ARTISANA MEDICAL S.R.L. / AVMED PLUS / CRAD RO / CRIO - 2 S.R.L. / EUROMEDICAL IMPORT EXPORT / GRAZY PRICE MEDICAL IMPORT EXPORT S.R.L. / JOLIDON INTERNATIONAL / LUAN VISION / MED - AL TRADING SRL / MEDIMPACT / MEDIST IMAGING & P.O.C. S.R.L. / MEDITECH CMA / NAFKA GRUP S.R.L. / NOVENTIS International / Novaintermed S.R.L. / PAUL HARTMANN / S.C. MEDCLAS TRADING S.R.L. S.R.L. / S.C. Medplaza Health S.R.L. / S.C. NERAMO DISTRIBUTION S.R.L. / S.C. Natural Es-medical S.R.L S.R.L. / S.C. TECHTEX S.R.L. / S.C.MEDICAL GRUP S.R.L. / SANROTEX TRADING SRL / SH MEDICAL SRL / STERIL ROMANIA / TZMO ROMANIA / VALDOMEDICA TRADING / X-Lab Solutions S.R.L.,2427394,2023-04-18,autoritate non-spital
230347-2023,Consiliul Judetean Arad,ACVAROM INTERNATIONAL / GENERAL ELECTRIC MEDICAL SYSTEMS ROMANIA / MEDIST IMAGING & P.O.C. / N&B / TEHNOPLUS MEDICAL / VODIMEDICOR S.R.L.,5810217,2023-04-18,autoritate non-spital
230582-2023,Spital Clinic Judetean de Urgenta Arad,,82821390,2023-04-18,procedura anulata / fara castigator (confirmat in XML TED)
SCN1123657,COMUNA FALCIU,S.C. GENERAL DYNAMICS S.R.L. S.R.L. / PRODENERGO SERVICE S.R.L. / EURODIDACTICA S.R.L.,266961,2023-04-19,autoritate non-spital
397142-2022,Municipiul Lupeni,,6475000,2023-04-20,autoritate non-spital
80889-2023,"UNIVERSITATEA DE MEDICINA SI FARMACIE ""GRIGORE T.POPA"" DIN IASI",,1020304,2023-04-20,autoritate non-spital
277762-2023,MUNICIPIUL TOPLITA,ABB Medtec / BIVARIA GRUP S.R.L. / MED HEALTHCARE PROJECT / SUPERMEDICAL,5951918,2023-04-20,autoritate non-spital
SCN1123740,DIRECTIA SANITARA VETERINARA SI PENTRU SIGURANTA ALIMENTELOR ALBA,MEDICLIM S.R.L. / Filara BioMed SRL / PARTNERS MEDICAL SOLUTION S.R.L. / SC MAGESA IMPEX SRL / EMSAR S.R.L. / AVENA MEDICA S.R.L. / VETRO DESIGN / EUROVET LAB S.R.L. / A.M.S. 2000 TRADING IMPEX / Noack Romania S.R.L. / DIALAB SOLUTIONS,146475,2023-04-21,autoritate non-spital
243919-2023,Comuna Domnesti,,2246921,2023-04-25,autoritate non-spital
244788-2023,"Universitatea de Medicina si Farmacie ""Iuliu Hatieganu"" Cluj-Napoca",Nastimed Serv / S.C. Medica M3 Comexim S.R.L. / TEHNODENT POKA S.R.L.,1490120,2023-04-25,autoritate non-spital
245256-2023,JUDEȚUL SUCEAVA,,1889634,2023-04-25,autoritate non-spital
245390-2023,"Universitatea de Medicina si Farmacie ""Iuliu Hatieganu"" Cluj-Napoca",ANTISEL RO / Agilrom Scientific / BIO AQUA GROUP / CHROMAKTIV S.R.L. / CO&CO Consumer 2002 S.R.L. / DELTAMED / EMSAR S.R.L. / Filara BioMed SRL / LABORSISTEM S.R.L. / MERC INTERNATIONAL IMPEX S.R.L. / Novaintermed S.R.L. / PAUL HARTMANN / ROMBIOMEDICA / TEHNO ELECTRO MEDICAL COMPANY S.R.L. / TUNIC PROD S.R.L.,6289570,2023-04-25,autoritate non-spital
247118-2023,"Universitatea de Medicina si Farmacie ""Iuliu Hatieganu"" Cluj-Napoca",MEDI SENSE / Nastimed Serv / TEHNODENT POKA S.R.L.,105013014,2023-04-26,autoritate non-spital
249816-2023,SERVICIUL DE AMBULANTA DOLJ,ALPHA BRIO MEDICAL S.R.L. / CRAD RO / CRIO - 2 S.R.L. / DELUXE MEDICRAFTS / DEMOPHORIUS HEALTHCARE SRL / EUROMEDICAL IMPORT EXPORT / LUAN VISION / NAFKA GRUP S.R.L. / PAUL HARTMANN / S.C. FARMACIA OMNIA S.R.L. / S.C. IOANA N & M SRL S.R.L. / S.C. Natural Es-medical S.R.L S.R.L. / S.C.MEDICAL GRUP S.R.L. / SANROTEX TRADING SRL / TZMO ROMANIA / VALDOMEDICA TRADING,340333,2023-04-26,autoritate non-spital
CN1054601,ORASUL HOREZU - CONSILIUL LOCAL HOREZU,SH MEDICAL SRL / SUPERMEDICAL,334300,2023-04-27,autoritate non-spital
250826-2023,MUNICIPIUL CAMPINA,MEDIZIN TECHNOLOGIES,368830,2023-04-28,autoritate non-spital
251735-2023,ORASUL SINAIA (Primaria Orasului Sinaia),ARCMED NET SRL / MEDIZIN TECHNOLOGIES,290290,2023-04-28,autoritate non-spital
253961-2023,SERVICIUL DE AMBULANTA JUDETEAN CONSTANTA,AVA MEDICAL SERVICES SRL / ENGLOBER S.R.L. / HELLIMED / LUAN VISION / MEDCLAS TRADING S.R.L. / MERCATOR MEDICAL / NAFKA GRUP / SANROTEX TRADING SRL / TAISSIS CONCEPT / TMS - TOP MEDICAL SUPPLIER / VALDOMEDICA TRADING / VETRO DESIGN / ZARYS INTERNATIONAL GROUP MEDICAL EQUIPMENT S.R.L.,521422,2023-04-28,autoritate non-spital
254515-2023,SERVICIUL DE PROTECTIE SI PAZA – U.M. 0149 F BUCURESTI,,616788,2023-04-28,unitate militara fara profil de spital
255199-2023,JUDEȚUL SUCEAVA,,1889634,2023-04-28,autoritate non-spital
255737-2023,"UNIVERSITATEA DE MEDICINA SI FARMACIE ""GRIGORE T.POPA"" DIN IASI",TEHNO ELECTRO MEDICAL COMPANY S.R.L.,1020300,2023-04-28,autoritate non-spital
256641-2023,ADMINISTRATIA NATIONALA A REZERVELOR DE STAT SI PROBLEME SPECIALE,BEST ACHIZITII / ZORLU DIS TICARET ANONIM SIRKETI,366768280,2023-04-28,autoritate non-spital
257120-2023,ORAS TECHIRGHIOL,,1052218,2023-04-28,autoritate non-spital
258914-2023,SPITALUL CLINIC DE URGENTA SF.IOAN,,20960335,2023-04-28,procedura anulata / fara castigator (confirmat in XML TED)
259503-2023,SC. SANADOR SRL,CARDIOTECH / EXIMIA MEDICAL / FARMACEUTICA REMEDIA DISTRIBUTION & LOGISTICS S.R.L. / LIFETECH CONSULTING / MAC'S MEDICAL SURGICAL / MEDI -TECH BUSINESS SRL / MEDTRONIC ROMANIA SRL / REVISMED MEDICAL / S.C. SMART HEALTH GROUP SRL S.R.L. / SMART MEDICAL SOLUTIONS S.R.L. / Sof Medica,12591350,2023-04-28,entitate privata (SRL/SA)
CN1048567,"LICEUL TEORETIC ""HORVÁTH JÁNOS""",ANA INVEST & RESEARCH,129760,2023-04-28,autoritate non-spital
CN1050208,JUDETUL CARAS-SEVERIN,GLOBAL MEDICAL SOLUTIONS,183000,2023-04-29,autoritate non-spital
SCN1122237,CLUBUL SPORTIV MUNICIPAL BUCURESTI,MUSCLE SHOP,,2023-04-29,autoritate non-spital
197729-2024,Serviciul de Ambulanta Judetean Bacau,ALISON HAYES (ROMANIA) / ALPHA BRIO MEDICAL S.R.L. / CRIO - 2 S.R.L. / DANCRI MEDICAL / DELUXE MEDICRAFTS / FARMACIA OMNIA / LUAN VISION / MEDICAL GRUP / MEDIMPACT / NERAMO DISTRIBUTION / TOP TRADE MEDICAL / VALDOMEDICA TRADING / VETRO DESIGN,273454,2023-05-02,autoritate non-spital
265626-2023,MUNICIPIUL CAMPINA,DELUXE MEDICRAFTS / MEDIZIN TECHNOLOGIES / SOCADANCE MD SRL,666113,2023-05-03,autoritate non-spital
265924-2023,Municipiul Lupeni,CORTECH MED S.R.L. / Integra Medical Business,6474040,2023-05-03,autoritate non-spital
263508-2023,"BAZA DE APROVIZIONARE, GOSPODARIRE SI REPARATII",Klaus Distribution / SC ARASINVEST GROUP SRL / TURKROM,5793104,2023-05-03,autoritate non-spital
268039-2023,Judetul Brasov,,300438,2023-05-05,autoritate non-spital
40196-2024,"Universitatea de Medicina si Farmacie ""Iuliu Hatieganu"" Cluj-Napoca",ANTISEL RO / Agilrom Scientific / BIO AQUA GROUP / CHROMAKTIV S.R.L. / CO&CO Consumer 2002 S.R.L. / DELTAMED / EMSAR S.R.L. / Filara BioMed SRL / LABORSISTEM S.R.L. / MERC INTERNATIONAL IMPEX S.R.L. / Novaintermed S.R.L. / PAUL HARTMANN / ROMBIOMEDICA / TEHNO ELECTRO MEDICAL COMPANY S.R.L. / TUNIC PROD S.R.L.,6289570,2023-05-05,autoritate non-spital
302135-2023,Clusterul Regional Inovativ de Imagistica Moleculara si Structurala Nord-Est (IMAGO-MOL),GENERAL ELECTRIC MEDICAL SYSTEMS ROMANIA,4000000,2023-05-05,autoritate non-spital
270861-2023,SERVICIUL JUDETEAN DE AMBULANTA ARGES,ALPHA BRIO MEDICAL S.R.L. / DELUXE MEDICRAFTS / FARMACIA OMNIA / FLEXAL IMPEX S.R.L. / LUAN VISION / MEDICAL GRUP / TMS - TOP MEDICAL SUPPLIER / VALDOMEDICA TRADING,844195,2023-05-08,autoritate non-spital
271486-2023,SC CARDIOMED SRL,PHILIPS ROMANIA,5000000,2023-05-08,entitate privata (SRL/SA)
273441-2023,SERVICIUL DE PROTECTIE SI PAZA – U.M. 0149 F BUCURESTI,BTL ROMANIA APARATURA MEDICALA S.R.L. / MEDIMPACT / PRIMERA MED TECHNOLOGY,546159,2023-05-08,unitate militara fara profil de spital
273541-2023,SC CARDIOMED SRL,PHILIPS ROMANIA,2790000,2023-05-08,entitate privata (SRL/SA)
463676-2022,MUNICIPIUL DOROHOI,,11520168,2023-05-11,autoritate non-spital
282180-2023,Institutul National de Cercetare Dezvoltare Medico Militara Cantacuzino,MEDICLIM S.R.L.,787814,2023-05-12,institut de cercetare / fara paturi de spital
283668-2023,JUDETUL BOTOSANI,CATTUS S.R.L. / PRIMERA MED TECHNOLOGY,235661,2023-05-12,autoritate non-spital
284842-2023,Spitalul Clinic de Psihiatrie Prof. Dr. Alexandru Obregia,,3161893,2023-05-12,procedura anulata / fara castigator (confirmat in XML TED)
286032-2023,CONSILIUL JUDETEAN GORJ,SMART MEDICAL SOLUTIONS S.R.L.,170588,2023-05-15,autoritate non-spital
286389-2023,SERVICIUL JUDETEAN DE AMBULANTA ARGES,ALPHA BRIO MEDICAL S.R.L. / DELUXE MEDICRAFTS / FARMACIA OMNIA / FLEXAL IMPEX S.R.L. / LUAN VISION / MEDICAL GRUP / TMS - TOP MEDICAL SUPPLIER / VALDOMEDICA TRADING,844195,2023-05-15,autoritate non-spital
286650-2023,SPITALUL JUDETEAN DE URGENTA PIATRA NEAMT,,8408640,2023-05-15,procedura anulata / fara castigator (confirmat in XML TED)
286713-2023,SERVICIUL DE AMBULANTA JUDETEAN ALBA,A&A FARMA DISTRIBUTION S.R.L / AVA MEDICAL SERVICES SRL / BIZMED / CORAMED MEDIZINISCHE PRODUKTE / CRAD RO / CRIO - 2 S.R.L. / DELTAMED / DELUXE MEDICRAFTS / HELLIMED / IOANA N & M SRL / LUAN VISION / MEDICAL GRUP / MEDIMPACT / MEDIST IMAGING & P.O.C. / MEDITECH CMA / Medplaza Health / NAFKA GRUP / NOVA FIT 2000 SRL / PAUL HARTMANN / RICOMED / SANROTEX TRADING SRL / TMS - TOP MEDICAL SUPPLIER / TRADECO ENGINEERING DGC / TZMO ROMANIA / VALDOMEDICA TRADING / VETRO DESIGN / X-Lab Solutions S.R.L. / ZARYS INTERNATIONAL GROUP MEDICAL EQUIPMENT S.R.L.,1086872,2023-05-15,autoritate non-spital
288471-2023,SERVICIUL DE AMBULANTA JUDETEAN CONSTANTA,AVA MEDICAL SERVICES SRL / ENGLOBER S.R.L. / HELLIMED / LUAN VISION / MEDCLAS TRADING S.R.L. / MERCATOR MEDICAL / NAFKA GRUP / SANROTEX TRADING SRL / TAISSIS CONCEPT / TMS - TOP MEDICAL SUPPLIER / VALDOMEDICA TRADING / VETRO DESIGN / ZARYS INTERNATIONAL GROUP MEDICAL EQUIPMENT S.R.L.,521422,2023-05-15,autoritate non-spital
175999-2023,Directia Sanitara Veterinara si pentru Siguranta Alimentelor Botosani,,1065400,2023-05-15,autoritate non-spital
289364-2023,Spitalul Clinic de Pneumoftiziologie Iasi,,13938120,2023-05-16,procedura anulata / fara castigator (confirmat in XML TED)
290384-2023,CORAX-BIONER CEU,BIO AQUA GROUP / S.C. Agilrom Scientific S.R.L.,220968,2023-05-16,autoritate non-spital
290450-2023,SPITALUL CLINIC DE URGENTA SF.IOAN,,3650880,2023-05-16,procedura anulata / fara castigator (confirmat in XML TED)
715280-2022,MUNICIPIUL BACAU,,4001210,2023-05-17,autoritate non-spital
SCN1123349,CLUBUL SPORTIV MUNICIPAL BUCURESTI,NEED FARM,,2023-05-18,autoritate non-spital
297411-2023,SERVICIUL DE AMBULANTA JUDETEAN IASI,,3708606,2023-05-19,autoritate non-spital
300922-2023,Consiliul Judetean Buzau,Prime Solutions S.R.L.,32097,2023-05-19,autoritate non-spital
332739-2023,Universitatea din Bucuresti,ANALITIC LABORATORY / ANTISEL RO / BIO AQUA GROUP / COMLIBRIS / DEXTER COM S.R.L. / Elta 90 Medical Research SRL / HYPO TECH & CONSULTING / LABORATORIUM / MUSO / NITECH / SEPADIN S.R.L.,1171449,2023-05-19,autoritate non-spital
CN1055458,Ministerul Apararii U.M. 02412 Bucuresti,NOVA GROUP INVESTMENT / OPEN MIND LABORATORY S.R.L. / MEDICLIM S.R.L. / CLINI-LAB S.R.L. / TIMBERSTAR S.R.L. / LIAMED / RAFI MEDICAL / MEDIKA H & S IMPEX S.R.L. / HELLIMED,555582,2023-05-21,unitate militara fara profil de spital
302781-2023,Universitatea de Medicina si Farmacie din Craiova,NANO BIO MEDICAL S.R.L. / RS Medical Line,124170,2023-05-22,autoritate non-spital
596035-2022,Primaria Rosiorii de Vede,,3200529,2023-05-22,autoritate non-spital
SCN1125321,Directia generala de asistenta sociala si protectia copilului Cluj,TZMO ROMANIA,271820,2023-05-22,autoritate non-spital
305847-2023,SERVICIUL DE AMBULANTA TULCEA,ATLAS MEDICAL / AVANT MARIS MEDICAL S.R.L. / B.BRAUN MEDICAL / CERTINVEST / CRIO - 2 S.R.L. / DELTAMED / DELUXE CARDS / ECOLAB / Euromedica Inc Group / FARMEC / Filtre Aer Curat S.R.L. / LIVMED IMPULS / Limas Group S.R.L. / MEDCLAS TRADING S.R.L. / MEDICAL GRUP / MEDIMPACT / MEDITECH CMA / NERAMO DISTRIBUTION / Romchim S.R.L. / SANITARY & HOSPITAL SOLUTIONS SRL / SANTOMED IMPEX / TMS - TOP MEDICAL SUPPLIER / TRIDENT MEDICAL COMPANY S.R.L. / TUNIC PROD S.R.L. / TZMO ROMANIA / VALDOMEDICA TRADING / X-Lab Solutions S.R.L.,3336995,2023-05-23,autoritate non-spital
306502-2023,SERVICIUL DE AMBULANTA TULCEA,ALPHA BRIO MEDICAL S.R.L. / B.BRAUN MEDICAL / BIZMED / CORAMED MEDIZINISCHE PRODUKTE / CRAD RO / DELTAROM SRL / Karimed Partener / LUAN VISION / MED - AL TRADING SRL / MEDICAL GRUP / SINOFARM ROMANIA S.R.L. / STERIL ROMANIA / TMS - TOP MEDICAL SUPPLIER / TUNIC PROD S.R.L. / Tody Laboratories Int,750154,2023-05-23,autoritate non-spital
306617-2023,JUDETUL VALCEA,LUKA AGRO CERES SRL / S.C. SOLMED PROIECT S.R.L.,177222,2023-05-23,autoritate non-spital
306772-2023,Directia Sanitara Veterinara si pentru Siguranta Alimentelor Botosani,MEDICLIM S.R.L.,1065339,2023-05-23,autoritate non-spital
119096-2023,SERVICIUL DE AMBULANTA JUDETEAN PRAHOVA,,1655115,2023-05-23,autoritate non-spital
CAN1104285,Institutul de Biologie si Patologie Celulara '' Nicolae Simionescu'',Omnivet Impex S.R.L.,4820,2023-05-24,institut de cercetare / fara paturi de spital
CN1055630,Institutul National de Cercetare Dezvoltare Medico Militara Cantacuzino,MOLECULAR GENOMICS S.R.L. / A.M.S. 2000 TRADING IMPEX S.R.L. / MEDIST LIFE SCIENCE S.R.L. / Omnivet Impex S.R.L. / ROM TECH S.R.L. / BIOGENETIX S.R.L. / CLINI-LAB S.R.L. / Novaintermed S.R.L. / ANTISEL RO SRL / Elta 90 Medical Research SRL / DIALAB SOLUTIONS / DIAMEDIX IMPEX,,2023-05-25,institut de cercetare / fara paturi de spital
309940-2023,Orasul Lipova,,1616690,2023-05-26,autoritate non-spital
310717-2023,SERVICIUL DE AMBULANTA JUDETEAN PRAHOVA,BIZMED SRL / Biolife Systems / CO&CO Consumer 2002 S.R.L. / CRAD RO / CRIO - 2 S.R.L. / DANCRI MEDICAL / DELUXE MEDICRAFTS / GRAZY PRICE MEDICAL IMPORT EXPORT S.R.L. / HELLIMED / LUAN VISION / MEDIMPACT / MEDIST IMAGING & P.O.C. / NAFKA GRUP S.R.L. / NANO BIO MEDICAL S.R.L. / ROVAL MED / S.C. DELTAMED S.R.L. / S.C. Filtre Aer Curat S.R.L. S.R.L. / S.C. IOANA N & M SRL S.R.L. / S.C. Medplaza Health S.R.L. / S.C. Natural Es-medical S.R.L S.R.L. / S.C.MEDICAL GRUP S.R.L. / TMS - TOP MEDICAL SUPPLIER / TOP TRADE MEDICAL / TZMO ROMANIA / VETRO DESIGN S.R.L. / X-Lab Solutions S.R.L. / ZARYS INTERNATIONAL GROUP MEDICAL EQUIPMENT S.R.L.,1096495,2023-05-26,autoritate non-spital
310840-2023,Institutul National de Gerontologie si Geriatrie ANA ASLAN,,9361000,2023-05-26,procedura anulata / fara castigator (confirmat in XML TED)
311883-2023,Institutul de Biologie si Patologie Celulara '' Nicolae Simionescu'',Omnivet Impex S.R.L.,4820,2023-05-26,institut de cercetare / fara paturi de spital
314876-2023,Municipiul Sibiu,RETCO S.R.L.,38880,2023-05-26,autoritate non-spital
314407-2023,Institutul National de Cercetare Dezvoltare Medico Militara Cantacuzino,,4909675,2023-05-26,institut de cercetare / fara paturi de spital
CN1048486,JUDETUL TULCEA,DRAEGER ROMANIA,178800,2023-05-28,autoritate non-spital
205556-2023,Regia Autonoma Administratia Patrimoniului Protocolului de Stat Bucuresti,,985000,2023-05-29,autoritate non-spital
SCN1125694,Directia Generala de Asistenta Sociala si Protectia Copilului Constanta,EUROSTING AAW INDUSTRY / TRANSLIMA,93608,2023-05-29,autoritate non-spital
322610-2023,SERVICIUL DE AMBULANTA JUDETEAN CONSTANTA,AVA MEDICAL SERVICES SRL / ENGLOBER S.R.L. / HELLIMED / LUAN VISION / MEDCLAS TRADING S.R.L. / MERCATOR MEDICAL / NAFKA GRUP / SANROTEX TRADING SRL / TAISSIS CONCEPT / TMS - TOP MEDICAL SUPPLIER / VALDOMEDICA TRADING / VETRO DESIGN / ZARYS INTERNATIONAL GROUP MEDICAL EQUIPMENT S.R.L.,521422,2023-05-31,autoritate non-spital
324401-2023,Primaria Rosiorii de Vede,BLUEBOX MEDICAL / LIAMED / Logaritm / PRIMERA MED TECHNOLOGY,3053391,2023-05-31,autoritate non-spital
324777-2023,DIRECTIA GENERALA DE ASISTENTA SOCIALA SI PROTECTIA COPILULUI BOTOSANI,BE ON THE LIST S.R.L. / DECAS / EUROTOTAL COMP / KALMAN DISTRIBUTION S.R.L. / KLINTENSIV / Reinigung / SEILAND / SIDE GRUP S.R.L. / TZMO ROMANIA,1220240,2023-05-31,autoritate non-spital
SCN1121876,DIRECTIA GENERALA DE ASISTENTA SOCIALA SI PROTECTIA COPILULUI VALCEA,TZMO ROMANIA,366587,2023-05-31,autoritate non-spital
327857-2023,Regia Autonoma Administratia Patrimoniului Protocolului de Stat Bucuresti,Logaritm,979400,2023-06-02,autoritate non-spital
327992-2023,ORAS NEHOIU,,1121900,2023-06-02,autoritate non-spital
328011-2023,MUNICIPIUL MOTRU,,2004330,2023-06-02,autoritate non-spital
329145-2023,ORAS NEHOIU,,1138450,2023-06-02,autoritate non-spital
SCN1120653,COMUNA PIETROSANI (PRIMARIA),ANDCOR,119353,2023-06-03,autoritate non-spital
378302-2023,"Universitatea de Medicina si Farmacie ""Iuliu Hatieganu"" Cluj-Napoca",Carl Zeiss Instruments / KARL STORZ ENDOSCOPIA ROMANIA,1390800,2023-06-06,autoritate non-spital
CN1050895,JUDETUL CARAS-SEVERIN,Hospital Technical Solutions,79857,2023-06-06,autoritate non-spital
CN1055987,SERVICIUL DE PROTECTIE SI PAZA – U.M. 0149 F BUCURESTI,TEHNOPLUS MEDICAL / HALMADENT SRL / S.C. TEHNICAL DENT S.R.L.,108655,2023-06-08,unitate militara fara profil de spital
344303-2023,MUNICIPIUL BACAU,CORTECH MED S.R.L. / S.C. EDITRONIC INTERNATIONAL S.R.L.,2890000,2023-06-09,autoritate non-spital
135267-2023,ASOCIATIA „CLUSTER MOBILIER TRANSILVAN”,,1031871,2023-06-09,autoritate non-spital
212866-2023,Directia Generala de Asistenta Sociala si Protectia Copilului Caras Severin,,900000,2023-06-09,autoritate non-spital
356329-2023,ORAȘ BAIA DE ARAMA,SUPERMEDICAL,1789900,2023-06-09,autoritate non-spital
373174-2023,Orasul Siret,FLAMATEX / MEDIST IMAGING & P.O.C. S.R.L. / REO MEDICAL APARATURA MEDICALA,4159054,2023-06-12,autoritate non-spital
SCN1126285,MUNICIPIUL ROMAN,S.C. TRANSLIMA SRL S.R.L. / DOLAS ECOTRADE / 4M BUSINESS,166348,2023-06-12,autoritate non-spital
SCN1126306,Directia Sanitara Veterinara si pentru Siguranta Alimentelor Buzau,NOVA GROUP INVESTMENT / Noack Romania S.R.L. / DIALAB SOLUTIONS,11590,2023-06-12,autoritate non-spital
351340-2023,UNIVERSITATEA DUNAREA DE JOS,,993553,2023-06-13,autoritate non-spital
SCN1126353,"UNIVERSITATEA DE MEDICINA SI FARMACIE ""VICTOR BABES"" DIN TIMISOARA",TEHNICAL CONSULTING BUSINESS MGT / KARL STORZ ENDOSCOPIA ROMANIA / LIAMED / S.C. MST SOLUTIONS SRL S.R.L. / ANTISEL RO SRL,92576,2023-06-13,autoritate non-spital
352154-2023,"CONSILIUL JUDETUL PRAHOVA, DIRECTIA SERVICII SI ACHIZITII PUBLICE",,40393302,2023-06-14,autoritate non-spital
352368-2023,CONSILIUL JUDETEAN GORJ,Medical Gazplus / SMART MEDICAL SOLUTIONS S.R.L.,217838,2023-06-14,autoritate non-spital
CN1050755,Societatea Nationala de Gaze Naturale Romgaz S.A.,ROZANI KRAFT,62409,2023-06-14,entitate privata (SRL/SA)
SCN1126485,Orasul Gura Humorului,OFFICE PRO MEDIA S.R.L. / SAFETY TECHNOLOGY / ARLECHIN TOTAL DISTRIBUTION,270283,2023-06-14,autoritate non-spital
310721-2022,JUDETUL BIHOR,,6534830,2023-06-15,autoritate non-spital
357612-2023,PRIMARIA MUNICIPIULUI RAMNICU SARAT,GLOBAL MEDICAL SOLUTIONS SRL / MED HEALTHCARE PROJECT / PAPAPOSTOLOU S.R.L / S.C. EDITRONIC INTERNATIONAL S.R.L.,6596150,2023-06-16,autoritate non-spital
360923-2023,SPITALUL JUDETEAN DE URGENTA DROBETA TURNU SEVERIN,,1588996,2023-06-16,procedura anulata / fara castigator (confirmat in XML TED)
CN1049995,INSPECTORATUL SCOLAR JUDETEAN BACAU,KYNITA S.R.L.,143317,2023-06-16,autoritate non-spital
CN1056272,"Universitatea de Medicina si Farmacie ""Iuliu Hatieganu"" Cluj-Napoca",KARL STORZ ENDOSCOPIA ROMANIA / PHYSIOMED APARATURA MEDICALA / S.C. MEDITECH S.R.L. S.R.L. / TEHNO ELECTRO MEDICAL COMPANY S.R.L.,551600,2023-06-16,autoritate non-spital
SCN1126581,"Universitatea de Medicina si Farmacie ""Iuliu Hatieganu"" Cluj-Napoca",A.M.S. 2000 TRADING IMPEX S.R.L. / EPI SISTEM S.R.L. / S.C. MUSO S.R.L. / MERC INTERNATIONAL IMPEX S.R.L. / TUNIC PROD S.R.L. / LABORSISTEM S.R.L. / DEXTER COM S.R.L. / BIOMEDICA MEDIZINPRODUKTE ROMANIA SRL / ORION BIOLOGICS SRL / DIALAB SOLUTIONS / INTERNATIONAL LABORATORY S.R.L. / REDOX RESEARCH & ANALYTIC S.R.L. / Filara BioMed SRL,194055,2023-06-16,autoritate non-spital
362578-2023,Directia Sanitara Veterinara si pentru Siguranta Alimentelor Cluj,A.M.S. 2000 TRADING IMPEX S.R.L. / AVENA MEDICA S.R.L. / BIO AQUA GROUP / DIALAB SOLUTIONS / DIAMEDIX IMPEX / MEDICLIM S.R.L. / NITECH / Noack Romania S.R.L. / ROMVAC COMPANY / S.C. NOVACHIM TRADING S.R.L. / TUNIC PROD S.R.L.,642217,2023-06-19,autoritate non-spital
362789-2023,ORAS TECHIRGHIOL,FARMACIA OMNIA / KLINTENSIV / SIGNAL SPECTRUM,162710,2023-06-19,autoritate non-spital
365877-2023,SPITALUL MUNICIPAL ORSOVA,,222263,2023-06-20,procedura anulata / fara castigator (confirmat in XML TED)
366303-2023,Institutul National de Cercetare Dezvoltare Medico Militara Cantacuzino,A.M.S. 2000 TRADING IMPEX S.R.L. / ANTISEL RO SRL / BIOMEDICA MEDIZINPRODUKTE ROMANIA SRL / DEXTER COM S.R.L. / DIALAB SOLUTIONS / Elta 90 Medical Research SRL / MEDICLIM S.R.L. / MOLECULAR GENOMICS S.R.L. / NOVA GROUP INVESTMENT / Novaintermed S.R.L. / Omnivet Impex S.R.L. / S.C. Bio Zyme S.R.L.,11032182,2023-06-20,institut de cercetare / fara paturi de spital
367047-2023,JUDETUL VALCEA,BROKMED S.R.L. / LUKA AGRO CERES SRL / S.C. SANIPACK DISTRIBUTION SRL S.R.L. / S.C. SOLMED PROIECT S.R.L.,587184,2023-06-20,autoritate non-spital
367864-2023,MUNICIPIUL DOROHOI,ABB Medtec / EDITRONIC INTERNATIONAL / HELLIMED / Logaritm / PRAXIS MEDICA / UNIVERSAL MEDICAL S.R.L.,10885270,2023-06-20,autoritate non-spital
368545-2023,Inspectoratul General pentru Situatii de Urgenta,,3942675,2023-06-21,autoritate non-spital
387060-2023,"UNIVERSITATEA DE MEDICINA SI FARMACIE ""VICTOR BABES"" TIMISOARA",HEALTHTIM / NEWMEDICS COM S.R.L.,957700,2023-06-21,autoritate non-spital
CN1056547,Serviciul de Ambulanta Judetean Bacau,CO&CO Consumer 2002 S.R.L. / ARTISANA MEDICAL S.R.L.,42420,2023-06-21,autoritate non-spital
373742-2023,SPITALUL CLINIC DE URGENTA SF.IOAN,,43340928,2023-06-22,procedura anulata / fara castigator (confirmat in XML TED)
373774-2023,Directia Generala de Asistenta Sociala si Protectia Copilului Caras Severin,BIO HYGIENE,825000,2023-06-22,autoritate non-spital
373828-2023,"Universitatea de Medicina si Farmacie ""Iuliu Hatieganu"" Cluj-Napoca",TEHNODENT POKA S.R.L.,878663,2023-06-22,autoritate non-spital
377573-2023,JUDETUL TELEORMAN,FLAMATEX / TEHNOPLUS MEDICAL,271882,2023-06-22,autoritate non-spital
426350-2023,"Universitatea de Medicina si Farmacie ""Iuliu Hatieganu"" Cluj-Napoca",LABORATORIUM,1898510,2023-06-27,autoritate non-spital
SCN1127089,Institutul National de Medicina Legala Mina Minovici,S.C. D&G GROUP S.R.L. S.R.L. / MLM MEDICAL S.R.L. / VETRO DESIGN / ALPHA HIPOMED SRL / INSECO / LUAN VISION / SANROTEX TRADING SRL / TZMO ROMANIA / S.C. Filtre Aer Curat S.R.L. S.R.L. / CRAD RO / PRODCONFARM S.R.L. / DR COLOS MEDICAL,,2023-06-27,autoritate non-spital
407489-2023,"Autoritatea Națională pentru Drepturile Persoanelor cu Dizabilități, Copii și Adopții",Mida Soft Business,848570,2023-06-28,autoritate non-spital
265455-2023,INSTITUTUL NATIONAL DE CERCETARE - DEZVOLTARE IN SUDURA SI INCERCARI DE MATERIALE - ISIM,,10354821,2023-06-29,institut de cercetare / fara paturi de spital
CN1056758,JUDETUL TELEORMAN,NICONSULTING TECHNICS SRL / Proton Impex 2000 S.R.L. / S.C. Medical Logistic Mall S.R.L. / Dyomedica CND SRL / S.C. EVSTAR COMPUTERS S.R.L. S.R.L.,525598,2023-06-29,autoritate non-spital
389975-2023,"Universitatea de Medicina si Farmacie ""Iuliu Hatieganu"" Cluj-Napoca",LABO SHOP SRL,1207900,2023-06-30,autoritate non-spital
390930-2023,Directia Sanitara Veterinara si pentru Siguranta Alimentelor Suceava,A.M.S. 2000 TRADING IMPEX S.R.L. / Agilrom Scientific / DIALAB SOLUTIONS / DIAMEDIX IMPEX / EMSAR S.R.L. / LABORSISTEM S.R.L. / MEDICLIM S.R.L. / NOVA GROUP INVESTMENT / Noack Romania S.R.L. / PARTNERS MEDICAL SOLUTION S.R.L. / REDOX RESEARCH & ANALYTIC S.R.L. / S.C. NOVACHIM TRADING S.R.L. / TUNIC PROD S.R.L.,879106,2023-06-30,autoritate non-spital
391192-2023,SPITALUL CLINIC DE URGENTA SF.IOAN,,17585590,2023-06-30,procedura anulata / fara castigator (confirmat in XML TED)
391638-2023,JUDETUL TELEORMAN,,491373,2023-06-30,autoritate non-spital
392880-2023,Directia Sanitara Veterinara si pentru Siguranta Alimentelor Suceava,A.M.S. 2000 TRADING IMPEX S.R.L. / DIALAB SOLUTIONS / Filara BioMed SRL / Global Event Solutions SRL / LABORATORIUM S.R.L. / MECRO SYSTEM S.R.L. / MEDICLIM S.R.L. / MERC INTERNATIONAL IMPEX S.R.L. / NITECH / NOVA GROUP INVESTMENT / Noack Romania S.R.L. / ROMVAC COMPANY / S.C. Agilrom Scientific S.R.L. / S.C. MUSO S.R.L. / S.C. NOVACHIM TRADING S.R.L. / S.C. REDOX RESEARCH & ANALYTIC S.R.L. S.R.L. / TOPOMEV OPTOSCIENCE / TUNIC PROD S.R.L.,581575,2023-06-30,autoritate non-spital
395136-2023,DIRECTIA SANITARA VETERINARA SI PENTRU SIGURANTA ALIMENTELOR TULCEA,,1495000,2023-06-30,autoritate non-spital
97875-2023,Municipiul Galati,,2105050,2023-06-30,autoritate non-spital
423835-2023,"Institutul National de Cercetare-Dezvoltare Aerospatiala ""Elie Carafoli"" - I.N.C.A.S. Bucuresti",APEL LASER,1849900,2023-06-30,institut de cercetare / fara paturi de spital
CN1056801,UNIVERSITATEA TEHNICA GHEORGHE ASACHI DIN IASI,Target Point / AMIA INVEST / EUROTOTAL COMP,552314,2023-06-30,autoritate non-spital
SCN1127390,COMUNA FALCIU,S.C. AMBIENT ROOF DAHA S.R.L.,82630,2023-06-30,autoritate non-spital
CN1056882,Agentia pentru Dezvoltare Regionala Sud Muntenia,SOFIT WARE / NS COPIERS S.R.L. / 2NET COMPUTER S.R.L.,610430,2023-07-02,autoritate non-spital
396218-2023,SERVICIUL DE AMBULANTA JUDETEAN CONSTANTA,AVA MEDICAL SERVICES SRL / ENGLOBER S.R.L. / HELLIMED / LUAN VISION / MEDCLAS TRADING S.R.L. / MERCATOR MEDICAL / NAFKA GRUP / SANROTEX TRADING SRL / TAISSIS CONCEPT / TMS - TOP MEDICAL SUPPLIER / VALDOMEDICA TRADING / VETRO DESIGN / ZARYS INTERNATIONAL GROUP MEDICAL EQUIPMENT S.R.L.,521422,2023-07-03,autoritate non-spital
398505-2023,JUDETUL SATU MARE,,49033404,2023-07-03,autoritate non-spital
187350-2024,Directia Sanitara Veterinara si pentru Siguranta Alimentelor Suceava,ANTISEL RO SRL / EMSAR S.R.L. / Elta 90 Medical Research SRL / Filara BioMed SRL / MEDICLIM S.R.L. / PARTNERS MEDICAL SOLUTION S.R.L. / ROVAL MED / S.C. ALISON HAYES (ROMANIA) S.R.L. / TUNIC PROD S.R.L.,515592,2023-07-04,autoritate non-spital
22377-2024,Directia Sanitara Veterinara si pentru Siguranta Alimentelor Suceava,ANTISEL RO SRL / EMSAR S.R.L. / Elta 90 Medical Research SRL / Filara BioMed SRL / MEDICLIM S.R.L. / PARTNERS MEDICAL SOLUTION S.R.L. / ROVAL MED / S.C. ALISON HAYES (ROMANIA) S.R.L. / TUNIC PROD S.R.L.,1356108,2023-07-04,autoritate non-spital
35056-2024,Directia Sanitara Veterinara si pentru Siguranta Alimentelor Suceava,ANTISEL RO SRL / EMSAR S.R.L. / Elta 90 Medical Research SRL / Filara BioMed SRL / MEDICLIM S.R.L. / PARTNERS MEDICAL SOLUTION S.R.L. / ROVAL MED / S.C. ALISON HAYES (ROMANIA) S.R.L. / TUNIC PROD S.R.L.,1356108,2023-07-04,autoritate non-spital
402439-2023,DIRECTIA GENERALA DE ASISTENTA SOCIALA A MUNICIPIULUI BUCURESTI,DOLEX COM / NOVA TECH MED,2453160,2023-07-05,autoritate non-spital
403902-2023,SPITALUL JUDETEAN DE URGENTA ALEXANDRIA,,61176506,2023-07-05,procedura anulata / fara castigator (confirmat in XML TED)
CN1052731,Orasul Segarcea,LUAN VISION,34900,2023-07-05,autoritate non-spital
SCN1127638,INSTITUTUL PENTRU CONTROLUL PRODUSELOR BIOLOGICE SI MEDICAMENTELOR DE UZ VETERINAR,EMSAR S.R.L. / DIAMEDIX IMPEX / Filara BioMed SRL / LIAMED / SEPADIN S.R.L. / S.C. DELTAMED S.R.L. / NITECH S.R.L. / NOVA GROUP INVESTMENT,262060,2023-07-05,institut de cercetare / fara paturi de spital
406384-2023,Spitalul Clinic de Urgenta pentru Copii Brasov,,1654919,2023-07-07,procedura anulata / fara castigator (confirmat in XML TED)
408209-2023,Orasul Lipova,,1616690,2023-07-07,autoritate non-spital
410693-2023,Municipiul Galati,MED HEALTHCARE PROJECT,1149417,2023-07-07,autoritate non-spital
411793-2023,Municipiul Sibiu,CATTUS / Medical Corp S.R.L. / Medical Logistic Mall,90518,2023-07-07,autoritate non-spital
412949-2023,"Universitatea de Medicina si Farmacie ""Iuliu Hatieganu"" Cluj-Napoca",TEHNODENT POKA S.R.L.,878663,2023-07-07,autoritate non-spital
421723-2023,Comuna Smeeni,BPM TEHNOLOGICA,1253452,2023-07-07,autoritate non-spital
CN1057038,UNIVERSITATEA TEHNICA DIN CLUJ NAPOCA,SIDE GRUP S.R.L.,120140,2023-07-07,autoritate non-spital
SCN1122770,MINISTERUL APARARII - UNITATEA MILITARA 02464 BUCURESTI,MEDIMPACT,,2023-07-07,unitate militara fara profil de spital
413239-2023,JUDETUL VALCEA,BROKMED S.R.L. / LUKA AGRO CERES SRL / S.C. SANIPACK DISTRIBUTION SRL S.R.L. / S.C. SOLMED PROIECT S.R.L.,587184,2023-07-10,autoritate non-spital
415098-2023,MUNICIPIUL RAMNICU VALCEA,FARMACIA OMNIA / FLYNG IMPEX S.R.L.,596199,2023-07-10,autoritate non-spital
SCN1122442,DIRECTIA GENERALA DE ASISTENTA SOCIALA SI PROTECTIA COPILULUI MARAMURES,TZMO ROMANIA,328881,2023-07-10,autoritate non-spital
SCN1122498,Directia Generala de Asistenta Sociala si Protectia Copilului Prahova,Target Point,551162,2023-07-10,autoritate non-spital
SCN1127942,DIRECTIA SANITARA VETERINARA SI PENTRU SIGURANTA ALIMENTELOR BACAU,BROSSER TECHNICS / PARTNERS MEDICAL SOLUTION S.R.L. / Filara BioMed SRL / A.M.S. 2000 TRADING IMPEX / NOVEI COM / MEDICLIM S.R.L. / MERC INTERNATIONAL IMPEX S.R.L. / EMSAR S.R.L. / LABORSISTEM S.R.L. / DEXTER COM S.R.L. / Tody Laboratories Int / BIO AQUA GROUP,68995,2023-07-10,autoritate non-spital
SCN1127949,CONSILIUL LOCAL CHIAJNA,S.C. OFFICE PRO MEDIA S.R.L. S.R.L.,148447,2023-07-10,autoritate non-spital
419208-2023,Institutul National de Gerontologie si Geriatrie ANA ASLAN,,3675375,2023-07-11,procedura anulata / fara castigator (confirmat in XML TED)
485761-2023,Municipiul Galati,ANDCOR / LIME MEDICALS S.R.L.,1020315,2023-07-11,autoritate non-spital
CN1050099,Municipiul Galati,SC ROVIS LIDER SRL,8195298,2023-07-11,autoritate non-spital
421738-2023,CORAX-BIONER CEU,BIO AQUA GROUP,340450,2023-07-12,autoritate non-spital
218809-2023,"UNIVERSITATEA ""LUCIAN BLAGA"" DIN SIBIU",,6370758,2023-07-12,autoritate non-spital
SCN1122932,MINISTERUL APARARII - UNITATEA MILITARA 02464 BUCURESTI,HALMADENT SRL,29000,2023-07-12,unitate militara fara profil de spital
CN1057248,SERVICIUL DE AMBULANTA JUDETEAN SATU MARE,MEDICAL GRUP / DELTAMED / ESMED GROUP / MEDIST IMAGING & P.O.C. S.R.L. / TZMO ROMANIA / VETRO DESIGN,,2023-07-13,autoritate non-spital
424444-2023,"UNIVERSITATEA DE MEDICINA SI FARMACIE ""GRIGORE T.POPA"" DIN IASI",BIOGENETIX S.R.L. / DEXTER COM S.R.L. / SEPADIN S.R.L.,272740,2023-07-14,autoritate non-spital
424922-2023,Orasul Zarnesti (Primaria Orasului Zarnesti),,882927,2023-07-14,autoritate non-spital
427034-2023,"Spitalul MUnicipal ""Anton Cincu"" Tecuci",,4807059,2023-07-14,procedura anulata / fara castigator (confirmat in XML TED)
429351-2023,MINISTERUL APARARII UM 01932 Brasov,,1219130,2023-07-14,unitate militara fara profil de spital
CN1057301,MUNICIPIUL ADJUD (CONSILIUL LOCAL AL MUNICIPIULUI ADJUD),REGENCY PROJECT SRL,204000,2023-07-14,autoritate non-spital
CN1057402,UNIVERSITATEA TEHNICA DIN CLUJ NAPOCA,3D DOT / Russi Scientific Instruments,69500,2023-07-16,autoritate non-spital
138835-2024,MUNICIPIUL MOTRU,4M BUSINESS / CATTUS S.R.L. / S.C. EDITRONIC INTERNATIONAL S.R.L.,1155123,2023-07-17,autoritate non-spital
432201-2023,Institutul National de Cercetare Dezvoltare Medico Militara Cantacuzino,NICONSULTING TECHNICS SRL,497000,2023-07-17,institut de cercetare / fara paturi de spital
142866-2023,MUNICIPIUL MOTRU,,2004330,2023-07-17,autoritate non-spital
218845-2023,"UNIVERSITATEA DE MEDICINA SI FARMACIE ""GRIGORE T.POPA"" DIN IASI",,2149401,2023-07-17,autoritate non-spital
433973-2023,INSTITUTUL NATIONAL DE TRANSFUZIE SANGUINA Prof.Dr.C.T.Nicolau,GRANDIS IMPACT SRL / HEMAROM / RENAMED FARMA S.R.L. / X-Lab Solutions S.R.L.,48113383,2023-07-18,institut de cercetare / fara paturi de spital
435454-2023,MUNICIPIUL BOTOSANI,HIGH PUBLI VIEW S.R.L. / S.C. INTERSID S.R.L.,204083,2023-07-18,autoritate non-spital
646362-2022,Județul Brașov,,1635576,2023-07-18,autoritate non-spital
CAN1107786,Directia Sanitara Veterinara si pentru Siguranta Alimentelor Cluj,MEDICLIM S.R.L.,2880,2023-07-18,autoritate non-spital
CAN1107791,Directia Sanitara Veterinara si pentru Siguranta Alimentelor Cluj,AQUATOR S.R.L.,4514,2023-07-18,autoritate non-spital
CAN1107793,Directia Sanitara Veterinara si pentru Siguranta Alimentelor Cluj,FOTOMETRIC INSTRUMENTS S.R.L.,1900,2023-07-18,autoritate non-spital
CAN1107797,Directia Sanitara Veterinara si pentru Siguranta Alimentelor Cluj,INTERLAB AUSTRIA SRL,325,2023-07-18,autoritate non-spital
CAN1107800,Directia Sanitara Veterinara si pentru Siguranta Alimentelor Cluj,DIAMEDIX IMPEX,29918,2023-07-18,autoritate non-spital
437783-2023,COMPLEXUL MULTIFUNCTIONAL CARAIMAN,NEED FARM,1697113,2023-07-19,autoritate non-spital
438236-2023,SERVICIUL JUDETEAN DE AMBULANTA ARGES,ALPHA BRIO MEDICAL S.R.L. / DELUXE MEDICRAFTS / FARMACIA OMNIA / FLEXAL IMPEX S.R.L. / LUAN VISION / MEDICAL GRUP / TMS - TOP MEDICAL SUPPLIER / VALDOMEDICA TRADING,844195,2023-07-19,autoritate non-spital
439094-2023,ORASUL ABRUD,,3939624,2023-07-19,autoritate non-spital
439289-2023,COMPLEXUL MULTIFUNCTIONAL CARAIMAN,NEED FARM,399255,2023-07-19,autoritate non-spital
272844-2023,ORASUL CHITILA (CONSILIUL LOCAL CHITILA),,12974671,2023-07-20,autoritate non-spital
SCN1128562,"Comuna Smardan, judetul Galati(Comuna Smardan)",DATA LOGIC AZIMUR SRL,300385,2023-07-20,autoritate non-spital
440074-2023,MUNICIPIUL ONESTI,ARCMED NET SRL,86300,2023-07-21,autoritate non-spital
441298-2023,ORAS TECHIRGHIOL,FARMACIA OMNIA / KLINTENSIV / SIGNAL SPECTRUM,162710,2023-07-21,autoritate non-spital
441860-2023,"Spitalul MUnicipal ""Anton Cincu"" Tecuci",,4807059,2023-07-21,procedura anulata / fara castigator (confirmat in XML TED)
SCN1124653,DIRECTIA SANITARA VETERINARA SI PENTRU SIGURANTA ALIMENTELOR GORJ,NITECH S.R.L.,49500,2023-07-23,autoritate non-spital
447628-2023,Orasul Zarnesti (Primaria Orasului Zarnesti),Logaritm,603220,2023-07-24,autoritate non-spital
138178-2023,STIMPEX,,1396906,2023-07-24,autoritate non-spital
447789-2023,Directia Generala de Asistenta Sociala si Protectia Copilului a judetului Satu Mare,Reinigung / TZMO ROMANIA,1788010,2023-07-24,autoritate non-spital
467525-2023,DIRECTIA GENERALA DE ASISTENTA SOCIALA SI PROTECTIA COPILULUI BISTRITA-NASAUD,4M BUSINESS / BTL ROMANIA APARATURA MEDICALA S.R.L. / FLAMATEX / OVAVINCI / TRANSLIMA,917940,2023-07-24,autoritate non-spital
38774-2024,"Universitatea de Medicina si Farmacie ""Iuliu Hatieganu"" Cluj-Napoca",TEHNODENT POKA S.R.L.,854723,2023-07-25,autoritate non-spital
451370-2023,SERVICIUL DE AMBULANTA JUDETEAN CONSTANTA,AVA MEDICAL SERVICES SRL / ENGLOBER S.R.L. / HELLIMED / LUAN VISION / MEDCLAS TRADING S.R.L. / MERCATOR MEDICAL / NAFKA GRUP / SANROTEX TRADING SRL / TAISSIS CONCEPT / TMS - TOP MEDICAL SUPPLIER / VALDOMEDICA TRADING / VETRO DESIGN / ZARYS INTERNATIONAL GROUP MEDICAL EQUIPMENT S.R.L.,521422,2023-07-25,autoritate non-spital
555313-2022,Județul Brașov,,1471500,2023-07-25,autoritate non-spital
CN1057740,"UNIVERSITATEA DE MEDICINA SI FARMACIE ""GRIGORE T.POPA"" DIN IASI",MEDIST IMAGING & P.O.C. S.R.L. / BTL ROMANIA APARATURA MEDICALA S.R.L.,101900,2023-07-25,autoritate non-spital
452665-2023,JUDETUL TIMIS,OVAVINCI,525990,2023-07-26,autoritate non-spital
455535-2023,Directia Sanitara Veterinara si pentru Siguranta Alimentelor Suceava,ANTISEL RO SRL / EMSAR S.R.L. / Elta 90 Medical Research SRL / Filara BioMed SRL / MEDICLIM S.R.L. / PARTNERS MEDICAL SOLUTION S.R.L. / ROVAL MED / S.C. ALISON HAYES (ROMANIA) S.R.L. / TUNIC PROD S.R.L.,1356108,2023-07-27,autoritate non-spital
CN1057799,Directia Sanitara Veterinara si pentru Siguranta Alimentelor Suceava,DR COLOS MEDICAL / NITECH S.R.L. / DIALAB SOLUTIONS / S.C. SERVITECH EXPRES S.R.L.,667700,2023-07-27,autoritate non-spital
456188-2023,MUNICIPIUL DEJ,,12764264,2023-07-28,autoritate non-spital
457513-2023,MUNICIPIUL MOTRU,S.C. EDITRONIC INTERNATIONAL S.R.L.,944800,2023-07-28,autoritate non-spital
459980-2023,SPITALUL JUDETEAN DE URGENTA PLOIESTI,,9540000,2023-07-28,procedura anulata / fara castigator (confirmat in XML TED)
461210-2023,"UNIVERSITATEA DE MEDICINA SI FARMACIE ""GRIGORE T.POPA"" DIN IASI",ALLIGATOR S.R.L. / S.C. SC DEXELLENCE PROJECT SRL S.R.L.,1086064,2023-07-28,autoritate non-spital
461771-2023,Orasul Targu Neamt,,1135534,2023-07-28,autoritate non-spital
456364-2023,"Universitatea de Medicina si Farmacie ""Iuliu Hatieganu"" Cluj-Napoca",,2130104,2023-07-28,autoritate non-spital
474486-2023,ORASUL STREHAIA,S.C. NEOMED S..R.L.,179355,2023-07-28,autoritate non-spital
SCN1128930,MUNICIPIUL HUSI,S.C. TRANSLIMA SRL S.R.L. / Altamira Impex,56040,2023-07-28,autoritate non-spital
463217-2023,SPITALUL JUDETEAN DE URGENTA TARGOVISTE,,466387,2023-07-31,procedura anulata / fara castigator (confirmat in XML TED)
465272-2023,UNIVERSITATEA DUNAREA DE JOS,DIALAB SOLUTIONS / Elta 90 Medical Research SRL / FORMWERK / HYPO TECH & CONSULTING SRL / NITECH / S.C. ELMED MEDICALS.R.L. / S.C. SOLANTIS LABORATORY S.R.L. S.R.L. / TEHNODENT POKA S.R.L.,512432,2023-08-01,autoritate non-spital
465581-2023,"Universitatea de Medicina si Farmacie ""Iuliu Hatieganu"" Cluj-Napoca",ANTISEL RO / Agilrom Scientific / BIO AQUA GROUP / CHROMAKTIV S.R.L. / CO&CO Consumer 2002 S.R.L. / DELTAMED / EMSAR S.R.L. / Filara BioMed SRL / LABORSISTEM S.R.L. / MERC INTERNATIONAL IMPEX S.R.L. / Novaintermed S.R.L. / PAUL HARTMANN / ROMBIOMEDICA / TEHNO ELECTRO MEDICAL COMPANY S.R.L. / TUNIC PROD S.R.L.,6289570,2023-08-01,autoritate non-spital
467192-2023,"Universitatea de Medicina si Farmacie ""Iuliu Hatieganu"" Cluj-Napoca",Nastimed Serv / S.C. Medica M3 Comexim S.R.L. / TEHNODENT POKA S.R.L.,1490120,2023-08-01,autoritate non-spital
467484-2023,"Universitatea de Medicina si Farmacie ""Iuliu Hatieganu"" Cluj-Napoca",MEDI SENSE / Nastimed Serv / TEHNODENT POKA S.R.L.,105013014,2023-08-01,autoritate non-spital
71896-2023,MUNICIPIUL VULCAN,,3172040,2023-08-01,autoritate non-spital
96253-2023,Inspectoratul General pentru Situatii de Urgenta,,5295817,2023-08-02,autoritate non-spital
CN1057989,CORAX-BIONER CEU,Elta 90 Medical Research SRL / BIO AQUA GROUP / INFRATECH TEHNOLOGIES S.R.L.,139794,2023-08-02,autoritate non-spital
527971-2023,Consiliul Judetean Dambovita,MED HEALTHCARE PROJECT,2116000,2023-08-03,autoritate non-spital
473066-2023,Judetul Brasov,Dyomedica CND / Novaintermed S.R.L.,1281195,2023-08-04,autoritate non-spital
473416-2023,SPITALUL CLINIC JUDETEAN DE URGENTA CLUJ,,88561852,2023-08-04,procedura anulata / fara castigator (confirmat in XML TED)
476417-2023,Judetul Neamt,,2537792,2023-08-04,autoritate non-spital
477294-2023,Judetul Brasov,MEDICAL DEVICE STORE SRL,212800,2023-08-04,autoritate non-spital
SCN1123403,Directia Generala de Asistenta Sociala si Protectia Copilului Prahova,TZMO ROMANIA,422333,2023-08-04,autoritate non-spital
212586-2023,ORASUL FLAMANZI,,1221384,2023-08-07,autoritate non-spital
SCN1129366,"SNTFC ""CFR CALATORI"" S.A.",FARMEC,19700,2023-08-07,entitate privata (SRL/SA)
480585-2023,Orasul Zarnesti (Primaria Orasului Zarnesti),Kembli Med / Logaritm / MLM MEDICAL S.R.L.,728241,2023-08-08,autoritate non-spital
CAN1109387,JUDETUL GALATI,NICONSULTING TECHNICS SRL,562441,2023-08-08,autoritate non-spital
168071-2023,AGENTIA PENTRU DEZVOLTARE REGIONALA SUD-VEST OLTENIA,,1106357,2023-08-09,autoritate non-spital
513840-2023,MUNICIPIUL RAMNICU VALCEA,KLINTENSIV / SIGNAL SPECTRUM,2673460,2023-08-09,autoritate non-spital
292952-2023,ORASUL HATEG,,1164825,2023-08-10,autoritate non-spital
662832-2023,JUDETUL ARGES,CATTUS S.R.L. / DVC MEDICAL VISION SRL / HALMADENT SRL / IT HERO TECHNOLOGIES S.R.L. / MEDICAL DEVICE STORE SRL / MEDIST IMAGING & P.O.C. S.R.L. / REO MEDICAL APARATURA MEDICALA,1866002,2023-08-10,autoritate non-spital
SCN1129583,Orasul Gura Humorului,HISTRIA INTERNATIONAL S.R.L. / ANA INVEST & RESEARCH / EURODIDACTICA S.R.L.,459951,2023-08-10,autoritate non-spital
487348-2023,Institutul National de Cercetare Dezvoltare Medico Militara Cantacuzino,A.M.S. 2000 TRADING IMPEX S.R.L. / ANTISEL RO SRL / BIOGENETIX S.R.L. / CLINI-LAB / DIALAB SOLUTIONS / DIAMEDIX IMPEX / Elta 90 Medical Research SRL / MEDIST LIFE SCIENCE S.R.L. / MOLECULAR GENOMICS S.R.L. / Novaintermed S.R.L. / Omnivet Impex S.R.L. / ROM TECH S.R.L.,4300623,2023-08-11,institut de cercetare / fara paturi de spital
489097-2023,JUDETUL GIURGIU,ANDCOR S.R.L. / CATTUS / RIDA S SRL / S.C. MED TEHNICA SRL S.R.L.,1025610,2023-08-11,autoritate non-spital
489197-2023,SERVICIUL DE AMBULANTA JUDETEAN PRAHOVA,S.C. DELTAMED S.R.L.,390328,2023-08-11,autoritate non-spital
489767-2023,MUNICIPIUL VULCAN,CARO INTERNATIONAL S.R.L. / DTL Medical SRL / S.C. EDITRONIC INTERNATIONAL S.R.L.,2088980,2023-08-11,autoritate non-spital
491028-2023,Municipiul Sibiu,GISCO MED / LIAMED / Medical Corp S.R.L. / NOVA TECH MED,53773,2023-08-11,autoritate non-spital
CN1058421,ADMINISTRATIA REZERVATIEI BIOSFEREI DELTA DUNARII,S.C. NAMICON- TESTING S.R.L. S.R.L.,1920,2023-08-13,autoritate non-spital
492802-2023,ORASUL HATEG,EDITRONIC INTERNATIONAL,1021870,2023-08-14,autoritate non-spital
496471-2023,JUDETUL SALAJ,,6278971,2023-08-14,autoritate non-spital
SCN1124293,Asociatia Dezvoltare si Psihoterapie prin Actiune,HOPE PROMO,242887,2023-08-15,autoritate non-spital
498847-2023,SERVICIUL JUDETEAN DE AMBULANTA ARGES,,3165510,2023-08-16,autoritate non-spital
SCN1129809,Directia Generala de Asistenta Sociala si Protectia Copilului Arges,ANA INVEST & RESEARCH / INFINITY M&S MANAGEMENT S.R.L. / DIMI MAN CONF / S.C. TRANSLIMA SRL S.R.L. / MOBTECO PRODUCT S.R.L.,273962,2023-08-16,autoritate non-spital
SCN1129844,Consiliul Judetean Dambovita,SAFETY TECHNOLOGY / MOBTECO PRODUCT S.R.L.,398304,2023-08-17,autoritate non-spital
SCN1129952,Institutul National de Medicina Legala Mina Minovici,Altium International SRL / EMSAR S.R.L. / Filara BioMed SRL / S.C. MUSO S.R.L. / PARTNERS MEDICAL SOLUTION S.R.L. / SYNTTERGY CONSULT S.R.L. / Tody Laboratories Int / DIALAB SOLUTIONS / LABORSISTEM S.R.L. / S.C. DELTAMED S.R.L. / BIO AQUA GROUP / VETRO DESIGN / TUNIC PROD S.R.L.,,2023-08-18,autoritate non-spital
503987-2023,ORASUL CHITILA (CONSILIUL LOCAL CHITILA),ABB Medtec / BPM TEHNOLOGICA / INMEDICA SMART SOLUTIONS / MED HEALTHCARE PROJECT / ULTRASONIC,12440077,2023-08-21,autoritate non-spital
505615-2023,ORASUL CHITILA (CONSILIUL LOCAL CHITILA),INMEDICA SMART SOLUTIONS,500297,2023-08-21,autoritate non-spital
506443-2023,Spitalul Municipal Odorheiu Secuiesc,,6335726,2023-08-22,procedura anulata / fara castigator (confirmat in XML TED)
507167-2023,Judetul Brasov,ELECTRONIC SECURITY SYSTEMS SRL / KARL STORZ ENDOSCOPIA ROMANIA / MEDIST IMAGING & P.O.C. S.R.L. / NOVOMED INTERNATIONAL SRL,1037000,2023-08-22,autoritate non-spital
507751-2023,SERVICIUL DE AMBULANTA JUDETEAN CONSTANTA,AVA MEDICAL SERVICES SRL / ENGLOBER S.R.L. / HELLIMED / LUAN VISION / MEDCLAS TRADING S.R.L. / MERCATOR MEDICAL / NAFKA GRUP / SANROTEX TRADING SRL / TAISSIS CONCEPT / TMS - TOP MEDICAL SUPPLIER / VALDOMEDICA TRADING / VETRO DESIGN / ZARYS INTERNATIONAL GROUP MEDICAL EQUIPMENT S.R.L.,521422,2023-08-22,autoritate non-spital
603874-2024,"Universitatea de Medicina si Farmacie ""Iuliu Hatieganu"" Cluj-Napoca",DENTAL PARTNER'S GRUP / Nastimed Serv / TEHNICAL DENT / TEHNODENT POKA S.R.L.,1077220,2023-08-22,autoritate non-spital
SCNA1090997,Directia Sanitara Veterinara si pentru Siguranta Alimentelor Buzau,MEDICLIM S.R.L.,196350,2023-08-22,autoritate non-spital
509161-2023,CORAX-BIONER CEU,Altium International SRL / BIO AQUA GROUP / TEKNOLEB LABORATORY SRL,567063,2023-08-23,autoritate non-spital
510728-2023,CONSILIUL JUDETEAN GORJ,MEDIST LIFE SCIENCE S.R.L. / Medical Gazplus / SMART MEDICAL SOLUTIONS S.R.L.,426238,2023-08-23,autoritate non-spital
275000-2023,MUNICIPIUL DOROHOI,,2142744,2023-08-23,autoritate non-spital
SCN1130227,Directia Generala de Asistenta Sociala si Protectia Copilului Constanta,DRUGON INTERNATIONAL / OVAVINCI,241596,2023-08-24,autoritate non-spital
226627-2024,"Universitatea de Medicina si Farmacie ""Iuliu Hatieganu"" Cluj-Napoca",DENTAL PARTNER'S GRUP / Nastimed Serv / TEHNICAL DENT / TEHNODENT POKA S.R.L.,457565,2023-08-25,autoritate non-spital
44543-2024,"Universitatea de Medicina si Farmacie ""Iuliu Hatieganu"" Cluj-Napoca",TEHNODENT POKA S.R.L.,854723,2023-08-25,autoritate non-spital
513713-2023,STIMPEX,Italmatic Presse Stampi srl,1356556,2023-08-25,autoritate non-spital
514679-2023,SERVICIUL JUDETEAN DE AMBULANTA ARGES,ALPHA BRIO MEDICAL S.R.L. / DELUXE MEDICRAFTS / FARMACIA OMNIA / FLEXAL IMPEX S.R.L. / LUAN VISION / MEDICAL GRUP / TMS - TOP MEDICAL SUPPLIER / VALDOMEDICA TRADING,844195,2023-08-25,autoritate non-spital
762396-2023,JUDETUL ARGES,DACORUM GRUP / Dental Vladmed V&M SRL / MEDICAL SIMULATOR PROJECTS / MINIMED SOLUTIONS S.R.L. / Microcomputer Service S.A.,2376202,2023-08-25,autoritate non-spital
331495-2023,JUDETUL ARGES,,3162432,2023-08-25,autoritate non-spital
517340-2023,"Universitatea de Medicina si Farmacie ""Iuliu Hatieganu"" Cluj-Napoca",DENTAL PARTNER'S GRUP / Nastimed Serv / TEHNICAL DENT / TEHNODENT POKA S.R.L.,3100660,2023-08-28,autoritate non-spital
518968-2023,"UNIVERSITATEA DE MEDICINA SI FARMACIE ""VICTOR BABES"" TIMISOARA",,1074222,2023-08-28,autoritate non-spital
520111-2023,UNIVERSITATEA DUNAREA DE JOS,ANTISEL RO / BIVARIA GRUP S.R.L. / LABORATORIUM LIFE SCIENCE SRL,462710,2023-08-29,autoritate non-spital
521761-2023,SERVICIUL DE AMBULANTA JUDETEAN IASI,ALCA DUO MEDICAL S.R.L. / Biolife Systems / CO&CO Consumer 2002 S.R.L. / CORAMED MEDIZINISCHE PRODUKTE / CRAD RO / CRIO - 2 S.R.L. / DELTAMED / DELUXE MEDICRAFTS / HELLIMED / IOANA N & M SRL / LUAN VISION / MEDCLAS TRADING S.R.L. / MEDICAL GRUP / Medplaza Health / NAFKA GRUP / NANO BIO MEDICAL S.R.L. / Natural Es-medical S.R.L / Novaintermed S.R.L. / PREBOX EMS / RICOMED / ROVAL MED / SANROTEX TRADING SRL / TAISSIS CONCEPT / TZMO ROMANIA / VETRO DESIGN / ZARYS INTERNATIONAL GROUP MEDICAL EQUIPMENT S.R.L.,1973910,2023-08-29,autoritate non-spital
SCN1125120,DIRECTIA GENERALA DE ASISTENTA SOCIALA SI PROTECTIA COPILULUI BRAILA,TZMO ROMANIA,135091,2023-08-29,autoritate non-spital
523618-2023,SERVICIUL JUDETEAN DE AMBULANTA ARGES,ALPHA BRIO MEDICAL S.R.L. / DELUXE MEDICRAFTS / FARMACIA OMNIA / FLEXAL IMPEX S.R.L. / LUAN VISION / MEDICAL GRUP / TMS - TOP MEDICAL SUPPLIER / VALDOMEDICA TRADING,844195,2023-08-30,autoritate non-spital
524025-2023,Spitalul Clinic Judetean de Urgenta Targu.Mures,,819030,2023-08-30,procedura anulata / fara castigator (confirmat in XML TED)
401768-2023,ADMINISTRATIA REZERVATIEI BIOSFEREI DELTA DUNARII,,1344548,2023-08-30,autoritate non-spital
530903-2023,Consiliul Judetean Calarasi,EN ELECTRIC PROIECT OFFICE / EUROCERAD INTERNATIONAL / Integra Medical Business,28476945,2023-08-30,autoritate non-spital
524962-2023,PRIMARIA MUNICIPIULUI RAMNICU SARAT,,2781015,2023-09-01,autoritate non-spital
525353-2023,Directia Sanitara Veterinara si pentru Siguranta Alimentelor Suceava,A.M.S. 2000 TRADING IMPEX S.R.L. / DIALAB SOLUTIONS / Filara BioMed SRL / Global Event Solutions SRL / LABORATORIUM S.R.L. / MECRO SYSTEM S.R.L. / MEDICLIM S.R.L. / MERC INTERNATIONAL IMPEX S.R.L. / NITECH / NOVA GROUP INVESTMENT / Noack Romania S.R.L. / ROMVAC COMPANY / S.C. Agilrom Scientific S.R.L. / S.C. MUSO S.R.L. / S.C. NOVACHIM TRADING S.R.L. / S.C. REDOX RESEARCH & ANALYTIC S.R.L. S.R.L. / TOPOMEV OPTOSCIENCE / TUNIC PROD S.R.L.,614881,2023-09-01,autoritate non-spital
525907-2023,Ministerul Apararii U.M. 02412 Bucuresti,CLINI-LAB / HELLIMED / LIAMED / MEDICLIM S.R.L. / MEDIKA H & S IMPEX S.R.L. / NOVA GROUP INVESTMENT / OPEN MIND LABORATORY S.R.L. / RAFI MEDICAL / TIMBERSTAR,555582,2023-09-01,unitate militara fara profil de spital
527214-2023,Municipiul Craiova,,7860125,2023-09-01,autoritate non-spital
527920-2023,Municipiul Craiova,,2107185,2023-09-01,autoritate non-spital
528844-2023,ORASUL STREHAIA,CARO INTERNATIONAL S.R.L. / DTL Medical SRL / NICONSULTING TECHNICS SRL / S.C. NEOMED S..R.L.,2281277,2023-09-01,autoritate non-spital
531221-2023,JUDETUL ARGES,CATTUS S.R.L. / MEDIST IMAGING & P.O.C. S.R.L.,631800,2023-09-04,autoritate non-spital
579852-2023,SERVICIUL DE PROTECTIE SI PAZA – U.M. 0149 F BUCURESTI,Medist / RENAMED FARMA S.R.L.,1496809,2023-09-04,unitate militara fara profil de spital
640599-2023,MUNICIPIUL DRAGASANI,BPM TEHNOLOGICA / CATTUS / GLOBAL MEDICAL SOLUTIONS SRL,3819468,2023-09-04,autoritate non-spital
534287-2023,Spitalulul Clinic de Ortopedie Traumatologie si TBC Osteoarticular Foisor,,1497000,2023-09-05,procedura anulata / fara castigator (confirmat in XML TED)
534576-2023,Spitalulul Clinic de Ortopedie Traumatologie si TBC Osteoarticular Foisor,,11575000,2023-09-05,procedura anulata / fara castigator (confirmat in XML TED)
535377-2023,MINISTERUL APARARII - UNITATEA MILITARA 02464 BUCURESTI,MEDIDENT EXIM S.R.L. / Nastimed Serv / RAFI MEDICAL / TEHNICAL DENT,1223951,2023-09-05,unitate militara fara profil de spital
SCN1130775,Institutul National de Medicina Legala Mina Minovici,TUNIC PROD S.R.L. / ANTISEL RO SRL / DIAMEDIX IMPEX / AVENA MEDICA S.R.L. / Tody Laboratories Int / S.C. MUSO S.R.L. / S.C. DELTAMED S.R.L. / PARTNERS MEDICAL SOLUTION S.R.L. / DEXTER COM S.R.L. / LABORSISTEM S.R.L.,36697,2023-09-05,autoritate non-spital
SCN1125592,Penitenciarul cu Regim de Maxima Siguranta Giurgiu,CARLAND S.R.L.,,2023-09-06,autoritate non-spital
SCN1125652,Directia Sanitar Veterinara si pentru Siguranta Alimentelor Braila,MEDICLIM S.R.L.,4980,2023-09-06,autoritate non-spital
539404-2023,JUDETUL ARGES,CATTUS S.R.L. / IT HERO TECHNOLOGIES S.R.L. / MEDIST IMAGING & P.O.C. S.R.L.,666380,2023-09-08,autoritate non-spital
540614-2023,Orasul Zarnesti (Primaria Orasului Zarnesti),,16452079,2023-09-08,autoritate non-spital
540874-2023,MUNICIPIUL MOTRU,S.C. EDITRONIC INTERNATIONAL S.R.L.,944800,2023-09-08,autoritate non-spital
541765-2023,COMUNA BOZOVICI (PRIMARIA BOZOVICI,,6804144,2023-09-08,autoritate non-spital
352978-2023,"UNIVERSITATEA DE MEDICINA SI FARMACIE ""VICTOR BABES"" TIMISOARA",,1074222,2023-09-08,autoritate non-spital
493647-2023,CROMATEC PLUS S.R.L.,,9157526,2023-09-08,entitate privata (SRL/SA)
CN1049702,Consiliul Judetean Buzau,ULTRASONIC APARATURA MEDICALA,279000,2023-09-09,autoritate non-spital
790352-2024,"Universitatea de Medicina si Farmacie ""Iuliu Hatieganu"" Cluj-Napoca",MEDICA M3 APARATURĂ SERVICE S.R.L. / Nastimed Serv / TEHNICAL DENT,565151,2023-09-11,autoritate non-spital
547981-2023,MUNICIPIUL MOTRU,4M BUSINESS / CATTUS S.R.L. / S.C. EDITRONIC INTERNATIONAL S.R.L.,1155123,2023-09-12,autoritate non-spital
549313-2023,"Spitalul Clinic ""Prof.Dr.Th.Burghele""",,3397360,2023-09-12,procedura anulata / fara castigator (confirmat in XML TED)
588788-2023,MUNICIPIUL ROMAN,CORTECH MED S.R.L.,3611278,2023-09-12,autoritate non-spital
CN1055059,Institutul National de Cercetare Dezvoltare Medico Militara Cantacuzino,NICONSULTING TECHNICS SRL,497000,2023-09-12,institut de cercetare / fara paturi de spital
CN1059554,Societatea Nationala de Gaze Naturale Romgaz S.A.,ROGER INVEST SRL / FLYNG IMPEX S.R.L.,41578,2023-09-12,entitate privata (SRL/SA)
SCN1131179,Ministerul Sanatatii,OVAVINCI,152800,2023-09-12,autoritate non-spital
553094-2023,CONSILIUL JUDETEAN GORJ,MLM MEDICAL S.R.L.,66058,2023-09-13,autoritate non-spital
CN1059578,Directia Sanitara Veterinara si pentru Siguranta Alimentelor Cluj,NOVA GROUP INVESTMENT / Noack Romania S.R.L. / FOTOMETRIC INSTRUMENTS S.R.L. / MEDICLIM S.R.L. / BIO AQUA GROUP / S.C. NOVACHIM TRADING S.R.L. / TUNIC PROD S.R.L.,105467,2023-09-13,autoritate non-spital
556526-2023,JUDETUL ARGES,CATTUS S.R.L. / DVC MEDICAL VISION SRL / IT HERO TECHNOLOGIES S.R.L. / MEDICAL DEVICE STORE SRL / MEDIST IMAGING & P.O.C. S.R.L.,839045,2023-09-15,autoritate non-spital
557017-2023,JUDETUL ARGES,MEDICAL SIMULATOR PROJECTS,177800,2023-09-15,autoritate non-spital
590305-2023,SERVICIUL DE PROTECTIE SI PAZA – U.M. 0149 F BUCURESTI,ALTIUM INTERNATIONAL / ANTISEL RO / CLINI-LAB / CROMATEC PLUS / Elta 90 Medical Research SRL / MECRO SYSTEM S.R.L.,7996424,2023-09-15,unitate militara fara profil de spital
CN1055249,Societatea Nationala de Gaze Naturale Romgaz S.A.,DARI TEHNOLOGIES,4400,2023-09-15,entitate privata (SRL/SA)
CN1059583,SERVICIUL DE AMBULANTA JUDETEAN CONSTANTA,ROVAL MED / S.C. Medplaza Health S.R.L. / VALDOMEDICA TRADING / HELLIMED / CRAD RO / ROSALVAMED PLUS / SANTOMED S.R.L. / MEDIST IMAGING & P.O.C. S.R.L. / VETRO DESIGN / CO&CO Consumer 2002 S.R.L. / PRODCONFARM S.R.L. / S.C.MEDICAL GRUP S.R.L. / AVMED PLUS / TZMO ROMANIA / ALCA DUO MEDICAL S.R.L. / TMS - TOP MEDICAL SUPPLIER / DEMOPHORIUS HEALTHCARE SRL,62931882,2023-09-15,autoritate non-spital
562870-2023,MUNICIPIUL DOROHOI,BIVARIA GRUP S.R.L. / MARSTE NOVA SRL / OVAVINCI SRL / TEHNOPLUS MEDICAL,1392597,2023-09-19,autoritate non-spital
563353-2023,Spital Clinic Judetean de Urgenta Arad,,350000,2023-09-19,procedura anulata / fara castigator (confirmat in XML TED)
563763-2023,Spital Clinic Judetean de Urgenta Arad,,2456265,2023-09-19,procedura anulata / fara castigator (confirmat in XML TED)
567725-2023,CORAX-BIONER CEU,BIO AQUA GROUP / Elta 90 Medical Research SRL / INFRATECH TEHNOLOGIES S.R.L.,139794,2023-09-20,autoritate non-spital
324346-2023,MUNICIPIUL BARLAD,,2538106,2023-09-20,autoritate non-spital
642139-2023,SERVICIUL DE PROTECTIE SI PAZA – U.M. 0149 F BUCURESTI,ANTISEL RO / Elta 90 Medical Research SRL / Filara BioMed SRL / MEDICLIM S.R.L. / Premium Chem Expert SRL,1914790,2023-09-20,unitate militara fara profil de spital
CN1059723,SPITALUL CLINIC DE RECUPERARE IASI,GLOBAL PLAST S.R.L. / SIDE GRUP S.R.L. / EUROFLEX S.R.L. / MULTI CLEANING SYSTEM,865827,2023-09-20,deseuri menajere dupa titlu ('Hartie igienica/prosoape pentru dispensere si saci menajeri')
209926-2024,"Universitatea de Medicina si Farmacie ""Iuliu Hatieganu"" Cluj-Napoca",MEDICA M3 APARATURĂ SERVICE S.R.L. / Nastimed Serv / TEHNICAL DENT,222777,2023-09-21,autoritate non-spital
38176-2024,"Universitatea de Medicina si Farmacie ""Iuliu Hatieganu"" Cluj-Napoca",MEDICA M3 APARATURĂ SERVICE S.R.L. / Nastimed Serv / TEHNICAL DENT,2068669,2023-09-21,autoritate non-spital
411268-2024,"Universitatea de Medicina si Farmacie ""Iuliu Hatieganu"" Cluj-Napoca",MEDICA M3 APARATURĂ SERVICE S.R.L. / Nastimed Serv / TEHNICAL DENT,225767,2023-09-21,autoritate non-spital
45897-2024,"Universitatea de Medicina si Farmacie ""Iuliu Hatieganu"" Cluj-Napoca",MEDICA M3 APARATURĂ SERVICE S.R.L. / Nastimed Serv / TEHNICAL DENT,2068669,2023-09-21,autoritate non-spital
606575-2024,"Universitatea de Medicina si Farmacie ""Iuliu Hatieganu"" Cluj-Napoca",MEDICA M3 APARATURĂ SERVICE S.R.L. / Nastimed Serv / TEHNICAL DENT,564766,2023-09-21,autoritate non-spital
569486-2023,SPITALUL CLINIC DE URGENTA SF.IOAN,,25046945,2023-09-22,procedura anulata / fara castigator (confirmat in XML TED)
570630-2023,JUDETUL SIBIU,NITECH,38450,2023-09-22,autoritate non-spital
570780-2023,"Universitatea de Medicina si Farmacie ""Iuliu Hatieganu"" Cluj-Napoca",KARL STORZ ENDOSCOPIA ROMANIA / PHYSIOMED APARATURA MEDICALA / S.C. MEDITECH S.R.L. S.R.L. / TEHNO ELECTRO MEDICAL COMPANY S.R.L.,551600,2023-09-22,autoritate non-spital
596096-2023,Banca Nationala a Romaniei,SIDE GRUP S.R.L.,511658,2023-09-22,autoritate non-spital
SCN1124739,COMPANIA NATIONALA DE ADMINISTRARE A INFRASTRUCTURII RUTIERE S.A. prin DRDP BRASOV,Target Point,188297,2023-09-22,entitate privata (SRL/SA)
CN1059831,ORASUL ORAVITA,SAFETY TECHNOLOGY,287069,2023-09-23,autoritate non-spital
CN1059888,MUNICIPIUL PITESTI - CONSILIUL LOCAL AL MUNICIPIULUI PITESTI,PRODENERGO SERVICE S.R.L. / S.C. ARTIMEX PLAY S.R.L.,192370,2023-09-24,autoritate non-spital
142252-2024,Serviciul de Ambulanta al Judetului Timis,ADAR UNIC SOLUTIONS / ALPHA BRIO MEDICAL S.R.L. / ATLAS MEDICAL / AVA MEDICAL SERVICES SRL / CO&CO Consumer 2002 S.R.L. / CRAD RO / CRIO - 2 S.R.L. / DELUXE MEDICRAFTS / IOANA N & M SRL / LUAN VISION / MEDCLAS TRADING S.R.L. / MEDICAL GRUP / Medplaza Health / NAFKA GRUP / ROVAL MED / SANROTEX TRADING SRL / SANTOMED / SH MEDICAL SRL / TMS - TOP MEDICAL SUPPLIER / TZMO ROMANIA / VALDOMEDICA TRADING / VETRO DESIGN / VIOMED CONSUM S.R.L.,232745,2023-09-25,autoritate non-spital
147977-2024,Serviciul de Ambulanta al Judetului Timis,ADAR UNIC SOLUTIONS / ALPHA BRIO MEDICAL S.R.L. / ATLAS MEDICAL / AVA MEDICAL SERVICES SRL / CO&CO Consumer 2002 S.R.L. / CRAD RO / CRIO - 2 S.R.L. / DELUXE MEDICRAFTS / IOANA N & M SRL / LUAN VISION / MEDCLAS TRADING S.R.L. / MEDICAL GRUP / Medplaza Health / NAFKA GRUP / ROVAL MED / SANROTEX TRADING SRL / SANTOMED / SH MEDICAL SRL / TMS - TOP MEDICAL SUPPLIER / TZMO ROMANIA / VALDOMEDICA TRADING / VETRO DESIGN / VIOMED CONSUM S.R.L.,234228,2023-09-25,autoritate non-spital
152779-2024,Serviciul de Ambulanta al Judetului Timis,ADAR UNIC SOLUTIONS / ALPHA BRIO MEDICAL S.R.L. / ATLAS MEDICAL / AVA MEDICAL SERVICES SRL / CO&CO Consumer 2002 S.R.L. / CRAD RO / CRIO - 2 S.R.L. / DELUXE MEDICRAFTS / IOANA N & M SRL / LUAN VISION / MEDCLAS TRADING S.R.L. / MEDICAL GRUP / Medplaza Health / NAFKA GRUP / ROVAL MED / SANROTEX TRADING SRL / SANTOMED / SH MEDICAL SRL / TMS - TOP MEDICAL SUPPLIER / TZMO ROMANIA / VALDOMEDICA TRADING / VETRO DESIGN / VIOMED CONSUM S.R.L.,235658,2023-09-25,autoritate non-spital
575967-2023,Institutul de Boli Cardiovasculare Prof. Dr. I. M. Georgescu,,103376019,2023-09-25,procedura anulata / fara castigator (confirmat in XML TED)
576371-2023,Institutul de Boli Cardiovasculare Prof. Dr. I. M. Georgescu,,4078550,2023-09-25,procedura anulata / fara castigator (confirmat in XML TED)
577006-2023,SERVICIUL DE AMBULANTA JUDETEAN BRASOV,ARTISANA MEDICAL S.R.L. / CO&CO Consumer 2002 S.R.L. / CRAD RO / CRIO - 2 S.R.L. / DANCRI MEDICAL / HELLIMED / LUAN VISION / MEDCLAS TRADING S.R.L. / MEDICAL GRUP / Medplaza Health / NAFKA GRUP / PRODCONFARM S.R.L. / TMS - TOP MEDICAL SUPPLIER / VALDOMEDICA TRADING / VIOMED CONSUM S.R.L. / ZARYS INTERNATIONAL GROUP MEDICAL EQUIPMENT S.R.L.,125826,2023-09-25,autoritate non-spital
445181-2023,Directia Sanitara Veterinara si pentru Siguranta Alimentelor Dolj,,1512605,2023-09-25,autoritate non-spital
619030-2023,ORASUL ORAVITA,Medist,998130,2023-09-25,autoritate non-spital
SCN1131781,Directia Sanitara Veterinara si pentru Siguranta Alimentelor Buzau,Noack Romania S.R.L. / ROMVAC COMPANY / ANTISEL RO SRL / MEDICLIM S.R.L.,59445,2023-09-25,autoritate non-spital
577925-2023,SPITAL MUNICIPAL GHEORGHENI,,2077314,2023-09-26,procedura anulata / fara castigator (confirmat in XML TED)
577933-2023,"Universitatea de Medicina si Farmacie ""Iuliu Hatieganu"" Cluj-Napoca",MEDICA M3 APARATURĂ SERVICE S.R.L. / Nastimed Serv / TEHNICAL DENT,2021169,2023-09-26,autoritate non-spital
578154-2023,UNIVERSITATEA CRAIOVA,BTL ROMANIA APARATURA MEDICALA S.R.L. / LIAMED / S.C. MST SOLUTIONS SRL S.R.L. / S.C. Russi Scientific Instruments S.R.L.,640338,2023-09-26,autoritate non-spital
578748-2023,"UNIVERSITATEA DE MEDICINA SI FARMACIE ""VICTOR BABES"" TIMISOARA",ALLIGATOR S.R.L. / DENTSTORE / Dentotal Protect S.R.L. / HALMADENT SRL / MEDIDENT EXIM S.R.L. / SC DEXELLENCE PROJECT SRL / TEHNICAL DENT / TERRAMOLD SOLUTIONS,995676,2023-09-26,autoritate non-spital
579028-2023,SPITALUL CLINIC JUDETEAN DE URGENTA SF. APOSTOL ANDREI,,2563995,2023-09-26,procedura anulata / fara castigator (confirmat in XML TED)
SCN1126041,Universitatea de Medicina si Farmacie din Craiova,TEHNODENT POKA S.R.L.,362745,2023-09-26,autoritate non-spital
SCN1131849,Directia Generala de Asistenta Sociala si Protectia Copilului Timis,S.C. EUROSTING AAW INDUSTRY S.R.L. / KAPAN-SPORT,34235,2023-09-26,autoritate non-spital
580757-2023,JUDETUL SALAJ,,1789200,2023-09-27,autoritate non-spital
582453-2023,MUNICIPIUL ORADEA,ARCA PERFORMANCE SOLUTIONS / AVANT MARIS MEDICAL S.R.L. / KARL STORZ ENDOSCOPIA ROMANIA / MEDIMPACT / MINIMED SOLUTIONS S.R.L. / S.C. DELTAMED S.R.L. / VIVA MED MARKET S.R.L.,11018764,2023-09-27,autoritate non-spital
CN1060002,MUNICIPIUL TARGOVISTE,DOLAS ECOTRADE,212100,2023-09-28,autoritate non-spital
583693-2023,SERVICIUL DE AMBULANTA JUDETEAN IASI,ALCA DUO MEDICAL S.R.L. / Biolife Systems / CO&CO Consumer 2002 S.R.L. / CORAMED MEDIZINISCHE PRODUKTE / CRAD RO / CRIO - 2 S.R.L. / DELTAMED / DELUXE MEDICRAFTS / HELLIMED / IOANA N & M SRL / LUAN VISION / MEDCLAS TRADING S.R.L. / MEDICAL GRUP / Medplaza Health / NAFKA GRUP / NANO BIO MEDICAL S.R.L. / Natural Es-medical S.R.L / Novaintermed S.R.L. / PREBOX EMS / RICOMED / ROVAL MED / SANROTEX TRADING SRL / TAISSIS CONCEPT / TZMO ROMANIA / VETRO DESIGN / ZARYS INTERNATIONAL GROUP MEDICAL EQUIPMENT S.R.L.,1973910,2023-09-29,autoritate non-spital
586578-2023,DIRECTIA SANITARA VETERINARA SI PENTRU SIGURANTA ALIMENTELOR DOLJ,ROMSPECTRA IMPEX S.R.L.,1512600,2023-09-29,autoritate non-spital
634754-2023,PRO-VITAM SRL,MEDIQ INNOVATIVE TECHNOLOGIES SRL,695000,2023-09-29,entitate privata (SRL/SA)
SCN1132098,ORASUL FLAMANZI,S.C. AMBIENT ROOF DAHA S.R.L.,66835,2023-09-29,autoritate non-spital
CN1055819,CORAX-BIONER CEU,BIO AQUA GROUP,340450,2023-09-30,autoritate non-spital
592565-2023,ORASUL HOREZU - CONSILIUL LOCAL HOREZU,SH MEDICAL SRL / SUPERMEDICAL SRL,334300,2023-10-02,autoritate non-spital
605149-2023,DIRECTIA SANITARA VETERINARA SI PENTRU SIGURANTA ALIMENTELOR TULCEA,ROMSPECTRA IMPEX S.R.L.,1495000,2023-10-02,autoritate non-spital
593424-2023,MUNICIPIUL CARACAL,,3132575,2023-10-03,autoritate non-spital
628981-2023,Municipiul Vatra Dornei,OVAVINCI / Proton Impex 2000 S.R.L. / S.C. A&B COMPUTERS S.R.L. / S.C. ANA INVEST & RESEARCH SRL,1988792,2023-10-03,autoritate non-spital
SCN1132231,DIRECTIA GENERALA DE ASISTENTA SOCIALA SI PROTECTIA COPILULUI VRANCEA,MOBTECO PRODUCT S.R.L.,345687,2023-10-03,autoritate non-spital
470129-2023,MUNICIPIUL CARACAL,,2016807,2023-10-04,autoritate non-spital
619066-2023,MUNICIPIUL TARGOVISTE,Altamira Impex / EURODIDACTICA S.R.L. / GBC EXIM S.R.L. / S.C. ARTIMEX PLAY S.R.L. / TITAN TRACO,1990087,2023-10-04,autoritate non-spital
SCN1132354,CLUBUL SPORTIV MUNICIPAL BUCURESTI,PROFESSIONAL FARMA LINE,,2023-10-04,autoritate non-spital
599979-2023,Spitalul Clinic Judetean de Urgenta Targu.Mures,,1002000,2023-10-06,procedura anulata / fara castigator (confirmat in XML TED)
600148-2023,JUDETUL SATU MARE,GLOBAL MEDICAL SOLUTIONS / NITECH,3654269,2023-10-06,autoritate non-spital
600393-2023,SERVICIUL DE AMBULANTA JUDETEAN CONSTANTA,AVA MEDICAL SERVICES SRL / ENGLOBER S.R.L. / HELLIMED / LUAN VISION / MEDCLAS TRADING S.R.L. / MERCATOR MEDICAL / NAFKA GRUP / SANROTEX TRADING SRL / TAISSIS CONCEPT / TMS - TOP MEDICAL SUPPLIER / VALDOMEDICA TRADING / VETRO DESIGN / ZARYS INTERNATIONAL GROUP MEDICAL EQUIPMENT S.R.L.,521422,2023-10-06,autoritate non-spital
600519-2023,MINISTERUL APARARII - UNITATEA MILITARA 02464 BUCURESTI,ADION PRODIMPEXTRANS S.R.L. / BTL ROMANIA APARATURA MEDICALA S.R.L. / CATTUS S.R.L. / Danson S.R.L. / Dental Vladmed V&M SRL / HELLIMED / KRAL MEDICAL SOLUTIONS SRL / NOVOMED INTERNATIONAL SRL / PHILIPS ROMANIA / PHM COMSERV S.R.L. / Proton Impex 2000 S.R.L. / RAFI MEDICAL / RETCO S.R.L. / S.C. AUTOLOG GREENLINE S.R.L. / TEHNO ELECTRO MEDICAL COMPANY S.R.L.,1770515,2023-10-06,unitate militara fara profil de spital
601323-2023,MINISTERUL APARARII - UNITATEA MILITARA 02464 BUCURESTI,ADION PRODIMPEXTRANS S.R.L. / Danson S.R.L. / Dental Vladmed V&M SRL / FRESENIUS KABI ROMANIA / HELLIMED / KRAL MEDICAL SOLUTIONS SRL / LIAMED / MEDIKA H & S IMPEX S.R.L. / NITECH / Novaintermed S.R.L. / PRIMERA MED TECHNOLOGY / S.C. NUMERIS COM S.R.L. / S.C. PRO CARDIA S.R.L. / ULTRASONIC S.R.L.,496845,2023-10-06,unitate militara fara profil de spital
601588-2023,MINISTERUL APARARII - UNITATEA MILITARA 02464 BUCURESTI,CATTUS S.R.L. / LIAMED / MEDIMPACT / RICOMED / S.C. NEOMED S..R.L. / S.C. NERAMO DISTRIBUTION S.R.L. / S.C.MEDICAL GRUP S.R.L.,438746,2023-10-06,unitate militara fara profil de spital
603270-2023,MINISTERUL APARARII - UNITATEA MILITARA 02464 BUCURESTI,MEDICAL GRUP / MEDITECH S.R.L.,896650,2023-10-06,unitate militara fara profil de spital
604635-2023,MINISTERUL APARARII - UNITATEA MILITARA 02464 BUCURESTI,CATTUS,4550000,2023-10-06,unitate militara fara profil de spital
604783-2023,SERVICIUL JUDETEAN DE AMBULANTA ARGES,ALPHA BRIO MEDICAL S.R.L. / DELUXE MEDICRAFTS / FARMACIA OMNIA / FLEXAL IMPEX S.R.L. / LUAN VISION / MEDICAL GRUP / TMS - TOP MEDICAL SUPPLIER / VALDOMEDICA TRADING,844195,2023-10-06,autoritate non-spital
605262-2023,SPITALUL CLINIC DE URGENTA SF.IOAN,,12187622,2023-10-06,procedura anulata / fara castigator (confirmat in XML TED)
CN1060264,Serviciul Judetean de Ambulanta Botosani,TAISSIS CONCEPT / X-Lab Solutions S.R.L. / B.BRAUN MEDICAL / FARMACIA OMNIA / ROVAL MED / RICOMED / PRODCONFARM S.R.L. / MEDCLAS TRADING S.R.L. / MEDICAL GRUP / VALDOMEDICA TRADING / LUAN VISION / TZMO ROMANIA / ALCA DUO MEDICAL S.R.L. / VETRO DESIGN,2749691,2023-10-06,autoritate non-spital
SCN1132488,JUDETUL BOTOSANI,DHS BIKE PARTS / BRO ROM INDUSTRIAL MACHINES-SIBIU,264801,2023-10-06,autoritate non-spital
606172-2023,SERVICIUL DE AMBULANTA JUDETEAN IASI,ALCA DUO MEDICAL S.R.L. / Biolife Systems / CO&CO Consumer 2002 S.R.L. / CORAMED MEDIZINISCHE PRODUKTE / CRAD RO / CRIO - 2 S.R.L. / DELTAMED / DELUXE MEDICRAFTS / HELLIMED / IOANA N & M SRL / LUAN VISION / MEDCLAS TRADING S.R.L. / MEDICAL GRUP / Medplaza Health / NAFKA GRUP / NANO BIO MEDICAL S.R.L. / Natural Es-medical S.R.L / Novaintermed S.R.L. / PREBOX EMS / RICOMED / ROVAL MED / SANROTEX TRADING SRL / TAISSIS CONCEPT / TZMO ROMANIA / VETRO DESIGN / ZARYS INTERNATIONAL GROUP MEDICAL EQUIPMENT S.R.L.,2117266,2023-10-09,autoritate non-spital
606478-2023,Serviciul de Ambulanta Judetean Bacau,ALISON HAYES (ROMANIA) / ALPHA BRIO MEDICAL S.R.L. / CRIO - 2 S.R.L. / DANCRI MEDICAL / DELUXE MEDICRAFTS / FARMACIA OMNIA / LUAN VISION / MEDICAL GRUP / MEDIMPACT / NERAMO DISTRIBUTION / TOP TRADE MEDICAL / VALDOMEDICA TRADING / VETRO DESIGN,903990,2023-10-09,autoritate non-spital
611200-2023,SERVICIUL DE AMBULANTA JUDETEAN CONSTANTA,AVA MEDICAL SERVICES SRL / ENGLOBER S.R.L. / HELLIMED / LUAN VISION / MEDCLAS TRADING S.R.L. / MERCATOR MEDICAL / NAFKA GRUP / SANROTEX TRADING SRL / TAISSIS CONCEPT / TMS - TOP MEDICAL SUPPLIER / VALDOMEDICA TRADING / VETRO DESIGN / ZARYS INTERNATIONAL GROUP MEDICAL EQUIPMENT S.R.L.,521422,2023-10-10,autoritate non-spital
SCN1132666,Directia Sanitara Veterinara si pentru Siguranta Alimentelor Buzau,ANTISEL RO SRL / EUROVET LAB S.R.L.,274396,2023-10-10,autoritate non-spital
612498-2023,Universitatea de Medicina si Farmacie din Craiova,ALBEDO S.R.L.,65037,2023-10-11,autoritate non-spital
613950-2023,JUDETUL GALATI,,21906765,2023-10-11,autoritate non-spital
614125-2023,JUDETUL SATU MARE,GLOBAL MEDICAL SOLUTIONS / NITECH,3654269,2023-10-11,autoritate non-spital
SCN1132689,Comuna Gornesti,WOODART,215600,2023-10-11,autoritate non-spital
648211-2023,Ministerul Sanatatii,MEDIMPACT / TODAY SOLUTION,1521271,2023-10-12,autoritate non-spital
621470-2023,"UNIVERSITATEA DE MEDICINA SI FARMACIE ""VICTOR BABES"" TIMISOARA",,703613,2023-10-13,autoritate non-spital
621998-2023,JUDETUL ARGES,CATTUS S.R.L. / DVC MEDICAL VISION SRL / HALMADENT SRL / IT HERO TECHNOLOGIES S.R.L. / MEDICAL DEVICE STORE SRL / MEDIST IMAGING & P.O.C. S.R.L.,929310,2023-10-13,autoritate non-spital
792301-2023,MUNICIPIUL DRAGASANI,BPM TEHNOLOGICA / CATTUS / GLOBAL MEDICAL SOLUTIONS SRL,3819468,2023-10-13,autoritate non-spital
716901-2023,"Centrul Medical de Evaluare,Terapie,Educatie Medicala Specifica si Recup pentru Copii si Tineri ""Cristian Serban"" Buzias",BIOMEDICA MEDIZINPRODUKTE ROMANIA SRL / DTL Medical SRL / REO MEDICAL APARATURA MEDICALA / RIDA S SRL,756614,2023-10-13,autoritate non-spital
CN1060551,Inspectoratul General pentru Situatii de Urgenta,MLM MEDICAL S.R.L. / DELTAMED / POP INDUSTRY S.R.L.,308552,2023-10-13,autoritate non-spital
SCN1127437,"Universitatea de Medicina si Farmacie ""Carol Davila""",TEHNO ELECTRO MEDICAL COMPANY S.R.L.,416000,2023-10-14,autoritate non-spital
216064-2023,JUDETUL GALATI,,8564172,2023-10-16,autoritate non-spital
489695-2023,CONSILIUL JUDETEAN GORJ,,2169748,2023-10-16,autoritate non-spital
SCN1132961,DIRECTIA SANITAR VETERINARA SI PENTRU SIGURANTA ALIMENTELOR MARAMURES,NOVA GROUP INVESTMENT / Noack Romania S.R.L. / DIALAB SOLUTIONS / ROMVAC COMPANY / EUROVET LAB S.R.L. / MEDICLIM S.R.L.,238165,2023-10-16,autoritate non-spital
626369-2023,ADMINISTRATIA SPITALELOR SI SERVICIILOR MEDICALE BUCURESTI,,814017,2023-10-17,procedura anulata / fara castigator (confirmat in XML TED)
626375-2023,Serviciul de Ambulanta Judetean Bihor,ALPHA BRIO MEDICAL S.R.L. / BIZMED / HELLIMED / IOANA N & M SRL / LUAN VISION / MEDICAL GRUP / MEDIMPACT / NETWORK MEDICAL SOLUTION / Natural Es-medical S.R.L / TZMO ROMANIA / VALDOMEDICA TRADING / VOGUE ART,873076,2023-10-17,autoritate non-spital
626710-2023,"Universitatea de Medicina si Farmacie ""Iuliu Hatieganu"" Cluj-Napoca",Nastimed Serv / S.C. Medica M3 Comexim S.R.L. / TEHNODENT POKA S.R.L.,1490120,2023-10-17,autoritate non-spital
627836-2023,"Universitatea de Medicina si Farmacie ""Iuliu Hatieganu"" Cluj-Napoca",TEHNODENT POKA S.R.L.,878663,2023-10-17,autoritate non-spital
628337-2023,Serviciul de Ambulanta Judetean Bihor,ARTISANA MEDICAL S.R.L. / DELUXE CARDS / EUROMEDICAL IMPORT EXPORT / Euroexpand Impex / Filtre Aer Curat S.R.L. / LUAN VISION / MEDICAL GRUP / MEDIMPACT / MEDITECH CMA / Medplaza Health / NAFKA GRUP / ROVAL MED / VALDOMEDICA TRADING,1322250,2023-10-17,autoritate non-spital
628771-2023,"Universitatea de Medicina si Farmacie ""Iuliu Hatieganu"" Cluj-Napoca",DENTAL PARTNER'S GRUP / Nastimed Serv / TEHNICAL DENT / TEHNODENT POKA S.R.L.,3100660,2023-10-17,autoritate non-spital
645662-2023,Municipiul Galati,Elta 90 Medical Research SRL / TUNIC PROD S.R.L.,1725340,2023-10-17,autoritate non-spital
630218-2023,DIRECTIA SANITARA VETERINARA SI PENTRU SIGURANTA ALIMENTELOR BRASOV,A.M.S. 2000 TRADING IMPEX / ANTISEL RO / Agilrom Scientific / DIALAB SOLUTIONS / DIAMEDIX IMPEX / EUROVET LAB / FARMAVET / Filara BioMed SRL / MEDICLIM S.R.L. / NOVA GROUP INVESTMENT / NOVACHIM TRADING / ROMVAC COMPANY / SANIMED INTERNATIONAL IMPEX / TUNIC PROD S.R.L.,3123783,2023-10-18,autoritate non-spital
346173-2023,SERVICIUL DE PROTECTIE SI PAZA – U.M. 0149 F BUCURESTI,,2147647,2023-10-19,unitate militara fara profil de spital
CN1053160,SC IRUM SA Reghin,Net Brinel,130711,2023-10-19,entitate privata (SRL/SA)
CN1060803,MUNICIPIUL ONESTI,LIAMED,31700,2023-10-19,autoritate non-spital
SCN1133277,COMUNA BRAZII,DISTINCT MOB / CG&GC Hitech Solutions SRL,253472,2023-10-19,autoritate non-spital
636757-2023,"Universitatea de Medicina si Farmacie ""Iuliu Hatieganu"" Cluj-Napoca",ANTISEL RO / Agilrom Scientific / BIO AQUA GROUP / CHROMAKTIV S.R.L. / CO&CO Consumer 2002 S.R.L. / DELTAMED / EMSAR S.R.L. / Filara BioMed SRL / LABORSISTEM S.R.L. / MERC INTERNATIONAL IMPEX S.R.L. / Novaintermed S.R.L. / PAUL HARTMANN / ROMBIOMEDICA / TEHNO ELECTRO MEDICAL COMPANY S.R.L. / TUNIC PROD S.R.L.,6289570,2023-10-20,autoritate non-spital
CN1060927,SERVICIUL DE PROTECTIE SI PAZA – U.M. 0149 F BUCURESTI,NITECH S.R.L. / LIAMED / LINK BUILDER SRL,49970,2023-10-21,unitate militara fara profil de spital
641499-2023,SPITALUL CLINIC DE URGENTA SF.IOAN,,43340928,2023-10-23,procedura anulata / fara castigator (confirmat in XML TED)
642876-2023,MUNICIPIUL CARACAL,BPM TEHNOLOGICA,2016750,2023-10-23,autoritate non-spital
148332-2023,UNIVERSITATEA VALAHIA DIN TARGOVISTE,,5860407,2023-10-23,autoritate non-spital
677223-2023,UNITATEA MILITARA 02301,FITT-BEAUTY S.R.L. / GOLDNUTRITION EEC / PROFESSIONAL FARMA LINE / SMART NUTRITION SRL,844639,2023-10-23,unitate militara fara profil de spital
687325-2023,Consiliul Judetean Suceava,SIEMENS HEALTHCARE SRL,1889250,2023-10-23,autoritate non-spital
644905-2023,SERVICIUL DE AMBULANTA BUCURESTI-ILFOV,,3321848,2023-10-24,autoritate non-spital
645162-2023,Serviciul de Ambulanta al Judetului Timis,ADAR UNIC SOLUTIONS / ALPHA BRIO MEDICAL S.R.L. / ATLAS MEDICAL / AVA MEDICAL SERVICES SRL / CO&CO Consumer 2002 S.R.L. / CRAD RO / CRIO - 2 S.R.L. / DELUXE MEDICRAFTS / IOANA N & M SRL / LUAN VISION / MEDCLAS TRADING S.R.L. / MEDICAL GRUP / Medplaza Health / NAFKA GRUP / ROVAL MED / SANROTEX TRADING SRL / SANTOMED / SH MEDICAL SRL / TMS - TOP MEDICAL SUPPLIER / TZMO ROMANIA / VALDOMEDICA TRADING / VETRO DESIGN / VIOMED CONSUM S.R.L.,962720,2023-10-24,autoritate non-spital
645893-2023,MUNICIPIUL CARACAL,CATTUS S.R.L. / Logaritm / S.C. EDITRONIC INTERNATIONAL S.R.L. / UNIVERSAL MEDICAL S.R.L.,2696170,2023-10-24,autoritate non-spital
676908-2023,JUDETUL VASLUI,ANDCOR S.R.L. / DTL Medical SRL / LIAMED / NOVA TECH MED / NOVOMED INTERNATIONAL SRL,1985447,2023-10-24,autoritate non-spital
698369-2023,Inspectoratul General pentru Situatii de Urgenta,CALORIS GROUP / Endress Group Romania S.R.L. / POP INDUSTRY / POP INDUSTRY S.R.L.,1863853,2023-10-24,autoritate non-spital
SCN1133518,UAT Comuna Cotnari,ANA INVEST & RESEARCH / PLATEROM S.R.L.,127905,2023-10-24,autoritate non-spital
58949-2024,"Universitatea de Medicina si Farmacie ""Iuliu Hatieganu"" Cluj-Napoca",ANTISEL RO / Agilrom Scientific / BIO AQUA GROUP / CHROMAKTIV S.R.L. / CO&CO Consumer 2002 S.R.L. / DELTAMED / EMSAR S.R.L. / Filara BioMed SRL / LABORSISTEM S.R.L. / MERC INTERNATIONAL IMPEX S.R.L. / Novaintermed S.R.L. / PAUL HARTMANN / ROMBIOMEDICA / TEHNO ELECTRO MEDICAL COMPANY S.R.L. / TUNIC PROD S.R.L.,6289570,2023-10-25,autoritate non-spital
661550-2023,MUNICIPIUL DOROHOI,MEDIST IMAGING & P.O.C.,936000,2023-10-25,autoritate non-spital
CN1061074,INSTITUTUL NATIONAL DE HEMATOLOGIE TRANSFUZIONALA Prof.Dr.C.T.Nicolau,CHRONOS TRADE MEDICAL,,2023-10-25,institut de cercetare / fara paturi de spital
SCN1133539,Directia Generala de Asistenta Sociala si Protectia Copilului Constanta,OVAVINCI / MOBTECO PRODUCT S.R.L. / EUROSTING AAW INDUSTRY / TRANSLIMA,282418,2023-10-25,autoritate non-spital
313932-2023,Județul Brașov,,5588927,2023-10-26,autoritate non-spital
SCN1133626,Directia Generala de Asistenta Sociala si Protectia Copilului Constanta,OVAVINCI / DRUGON INTERNATIONAL / TRANSLIMA,272373,2023-10-26,autoritate non-spital
650857-2023,SERVICIUL DE PROTECTIE SI PAZA – U.M. 0149 F BUCURESTI,HALMADENT SRL / S.C. TEHNICAL DENT S.R.L. / TEHNOPLUS MEDICAL,108655,2023-10-27,unitate militara fara profil de spital
652438-2023,UNIVERSITATEA TEHNICA DIN CLUJ NAPOCA,YOTTA VOLT,248469,2023-10-27,autoritate non-spital
653844-2023,JUDETUL ARGES,DACORUM GRUP / MEDICAL SIMULATOR PROJECTS / Microcomputer Service S.A. / TEHNOPLUS MEDICAL,774702,2023-10-27,autoritate non-spital
654946-2023,INSTITUTUL DE BOLI CARDIOVASCULARE TIMISOARA,,41541600,2023-10-27,procedura anulata / fara castigator (confirmat in XML TED)
655609-2023,Serviciul Judetean de Ambulanta Botosani,CRIO - 2 S.R.L. / Filtre Aer Curat S.R.L. / MEDCLAS TRADING S.R.L. / MEDICAL GRUP / PAUL HARTMANN / TAISSIS CONCEPT / TZMO ROMANIA / VETRO DESIGN,816309,2023-10-27,autoritate non-spital
655844-2023,MUNICIPIUL CARACAL,,2016807,2023-10-27,autoritate non-spital
656790-2023,CONSILIUL JUDETEAN GORJ,3M PROJECT,2148000,2023-10-27,autoritate non-spital
498615-2023,ORASUL PUCIOASA,,5429266,2023-10-27,autoritate non-spital
672579-2023,Directia Sanitara Veterinara si pentru Siguranta Alimentelor Botosani,EUROVET LAB,1698640,2023-10-27,autoritate non-spital
SCN1126305,"SNTFC ""CFR CALATORI"" S.A.",PRODIVEX,63889,2023-10-27,entitate privata (SRL/SA)
SCN1133815,COMUNA GANESTI,S.C. Arminco BMC SRL S.R.L. / S.C. ESTBIMAR ISD S.R.L. / S.C. ANA INVEST & RESEARCH SRL,16353,2023-10-30,autoritate non-spital
662507-2023,INSTITUTUL NATIONAL DE TRANSFUZIE SANGUINA Prof.Dr.C.T.Nicolau,A&A FARMA DISTRIBUTION S.R.L / AVENA MEDICA S.R.L. / ENGLOBER S.R.L. / Novaintermed S.R.L. / PLASTIC PROD,1784675,2023-10-31,institut de cercetare / fara paturi de spital
664357-2023,Consiliul Judetean Buzau,,724393,2023-10-31,autoritate non-spital
681807-2023,JUDETUL VRANCEA(CONSILIUL JUDETEAN),S.C. MOBISTAR S.R.L.,1195547,2023-10-31,autoritate non-spital
738489-2023,S.N. AEROPORTUL INTERNATIONAL TIMISOARA TRAIAN VUIA S.A.,EVO LOGISTICS / HORACE MEDIA / S.C. ANA INVEST & RESEARCH SRL / S.P.C. Compact S.R.L. / TRADECO ENGINEERING TECH,1862247,2023-10-31,entitate privata (SRL/SA)
CAN1114775,MUNICIPIUL BARLAD,INFO TRUST,188644,2023-10-31,autoritate non-spital
SCN1128424,Directia Generala de Asistenta Sociala si Protectia Copilului Buzau,TZMO ROMANIA,466715,2023-10-31,autoritate non-spital
546692-2023,"UNIVERSITATEA DE MEDICINA SI FARMACIE ""GRIGORE T.POPA"" DIN IASI",,918487,2023-11-01,autoritate non-spital
666872-2023,INSTITUTUL ONCOLOGIC PROF DR ALEXANDRU TRESTIOREANU,,1083412,2023-11-03,procedura anulata / fara castigator (confirmat in XML TED)
667386-2023,Judetul Brasov,TEHNO ELECTRO MEDICAL COMPANY S.R.L.,280000,2023-11-03,autoritate non-spital
668016-2023,SERVICIUL DE PROTECTIE SI PAZA – U.M. 0149 F BUCURESTI,BPM TEHNOLOGICA / BROKMED S.R.L. / BTL ROMANIA APARATURA MEDICALA S.R.L. / Integra Medical Business / S.C. PRO CARDIA S.R.L.,1789790,2023-11-03,unitate militara fara profil de spital
669550-2023,"Universitatea de Medicina si Farmacie ""Iuliu Hatieganu"" Cluj-Napoca",ANTISEL RO,125617,2023-11-03,autoritate non-spital
704949-2023,"Institutul National de Cercetare Dezvoltare pentru Fizica si Inginerie Nucleara ""Horia Hulubei""",Polarize,672000,2023-11-03,institut de cercetare / fara paturi de spital
CN1061393,COMUNA DRAGOMIRESTI,SOCUB SRL,502900,2023-11-03,autoritate non-spital
SCN1134111,DIRECTIA GENERALA DE ASISTENTA SOCIALA SI PROTECTIA COPILULUI,FARMACIA OMNIA / TZMO ROMANIA,323882,2023-11-03,autoritate non-spital
672478-2023,"UNIVERSITATEA DE MEDICINA SI FARMACIE ""GRIGORE T.POPA"" DIN IASI",LABORATORIUM LIFE SCIENCE SRL,918000,2023-11-06,autoritate non-spital
672600-2023,SERVICIUL JUDETEAN DE AMBULANTA ARGES,ALPHA BRIO MEDICAL S.R.L. / DELUXE MEDICRAFTS / FARMACIA OMNIA / FLEXAL IMPEX S.R.L. / LUAN VISION / MEDICAL GRUP / TMS - TOP MEDICAL SUPPLIER / VALDOMEDICA TRADING,844195,2023-11-06,autoritate non-spital
672643-2023,PRIMARIA MUNICIPIULUI RAMNICU SARAT,BIOTECHNICS IMPLANT / BROKMED / MEDICLIM S.R.L. / PHYSIOMED APARATURA MEDICALA / PRAXIS MEDICA / TEHNOPLUS MEDICAL,821550,2023-11-06,autoritate non-spital
485916-2023,UAT JUDETUL ALBA,,1560497,2023-11-06,autoritate non-spital
674049-2023,SERVICIUL DE AMBULANTA JUDETEAN IASI,ALCA DUO MEDICAL S.R.L. / Biolife Systems / CO&CO Consumer 2002 S.R.L. / CORAMED MEDIZINISCHE PRODUKTE / CRAD RO / CRIO - 2 S.R.L. / DELTAMED / DELUXE MEDICRAFTS / HELLIMED / IOANA N & M SRL / LUAN VISION / MEDCLAS TRADING S.R.L. / MEDICAL GRUP / Medplaza Health / NAFKA GRUP / NANO BIO MEDICAL S.R.L. / Natural Es-medical S.R.L / Novaintermed S.R.L. / PREBOX EMS / RICOMED / ROVAL MED / SANROTEX TRADING SRL / TAISSIS CONCEPT / TZMO ROMANIA / VETRO DESIGN / ZARYS INTERNATIONAL GROUP MEDICAL EQUIPMENT S.R.L.,2117266,2023-11-07,autoritate non-spital
674461-2023,DIRECTIA SANITARA VETERINARA SI PENTRU SIGURANTA ALIMENTELOR BRASOV,A.M.S. 2000 TRADING IMPEX / ANTISEL RO / Agilrom Scientific / DIALAB SOLUTIONS / DIAMEDIX IMPEX / EUROVET LAB / FARMAVET / Filara BioMed SRL / MEDICLIM S.R.L. / NOVA GROUP INVESTMENT / NOVACHIM TRADING / ROMVAC COMPANY / SANIMED INTERNATIONAL IMPEX / TUNIC PROD S.R.L.,3123783,2023-11-07,autoritate non-spital
674478-2023,CONSILIUL JUDETEAN GORJ,RETCO S.R.L. / S.C.MEDICAL GRUP S.R.L.,251364,2023-11-07,autoritate non-spital
674918-2023,SERVICIUL DE AMBULANTA JUDETEAN IASI,A&A FARMA DISTRIBUTION S.R.L / CRIO - 2 S.R.L. / D&G GROUP S.R.L. / GRAZY PRICE MEDICAL IMPORT EXPORT S.R.L. / LUAN VISION / MEDCLAS TRADING S.R.L. / MEDICAL GRUP / MEDIMPACT / MEDIST IMAGING & P.O.C. / Medical Corp S.R.L. / NAFKA GRUP / NANO BIO MEDICAL S.R.L. / Natural Es-medical S.R.L / PAUL HARTMANN / PREBOX EMS / PRODCONFARM S.R.L. / ROVAL MED / TAISSIS CONCEPT / TZMO ROMANIA / VALDOMEDICA TRADING / VETRO DESIGN S.R.L.,1256368,2023-11-07,autoritate non-spital
675036-2023,JUDETUL ARGES,DACORUM GRUP / MEDICAL SIMULATOR PROJECTS / MINIMED SOLUTIONS S.R.L. / Microcomputer Service S.A. / TEHNOPLUS MEDICAL,2001202,2023-11-07,autoritate non-spital
CAN1115320,ORASUL MIZIL,IT HERO TECHNOLOGIES S.R.L.,288914,2023-11-07,autoritate non-spital
SCN1134276,COMUNA BRUSTURI,SC MOB METEOR SRL / DOMINIUM MANAGEMENT SOLUTIONS S.R.L.,322082,2023-11-07,autoritate non-spital
677668-2023,JUDETUL GIURGIU,ANDCOR / PROTON IMPEX 2000,443347,2023-11-08,autoritate non-spital
718424-2023,"UNIVERSITATEA DE MEDICINA SI FARMACIE ""GRIGORE T.POPA"" DIN IASI",ALLIGATOR S.R.L.,1061640,2023-11-08,autoritate non-spital
490863-2023,JUDETUL SALAJ,,1789200,2023-11-09,autoritate non-spital
CAN1115565,NUCLEARELECTRICA SERV S.R.L.,SIDE GRUP S.R.L.,116501,2023-11-09,entitate privata (SRL/SA)
680896-2023,SPITALUL ORASENESC MIZIL,,1956260,2023-11-10,procedura anulata / fara castigator (confirmat in XML TED)
680940-2023,JUDETUL GALATI,ANDCOR S.R.L. / Dyomedica CND SRL / MEDIZIN TECHNOLOGIES / Proton Impex 2000 S.R.L.,4321199,2023-11-10,autoritate non-spital
681448-2023,ORASUL PUCIOASA,CORTECH MED S.R.L.,1460000,2023-11-10,autoritate non-spital
682682-2023,"UNIVERSITATEA DE MEDICINA SI FARMACIE ""GRIGORE T.POPA"" DIN IASI",MEDTRONIC ROMANIA,156260,2023-11-10,autoritate non-spital
682835-2023,SPITALUL DE RECUPERARE BORSA,,1993000,2023-11-10,procedura anulata / fara castigator (confirmat in XML TED)
SCN1134500,ORASUL TARGU FRUMOS,SERVICELL / ANA INVEST & RESEARCH,286818,2023-11-10,autoritate non-spital
756033-2023,JUDETUL SIBIU,CLINI-LAB / MEDICAL DEVICE STORE SRL,1583055,2023-11-13,autoritate non-spital
491032-2023,COMUNA VIDRA,,7283716,2023-11-13,autoritate non-spital
634730-2023,MUNICIPIUL ONESTI,,1236689,2023-11-13,autoritate non-spital
690049-2023,Consiliul Judetean Dambovita,,2123504,2023-11-14,autoritate non-spital
690483-2023,JUDETUL SATU MARE,B.BRAUN MEDICAL / CLASSIMED / GLOBAL MEDICAL SOLUTIONS / NITECH,4468319,2023-11-14,autoritate non-spital
SCN1116167,COMPANIA NATIONALA DE INVESTITII SA,Logaritm,562884,2023-11-14,entitate privata (SRL/SA)
67477-2024,JUDETUL SATU MARE,B.BRAUN MEDICAL / CLASSIMED / GLOBAL MEDICAL SOLUTIONS / KARL STORZ ENDOSCOPIA ROMANIA / NITECH / RAFI MEDICAL,5303819,2023-11-15,autoritate non-spital
692836-2023,SERVICIUL DE AMBULANTA AL JUDETULUI CLUJ,ALCA DUO MEDICAL S.R.L. / ALPHA BRIO MEDICAL S.R.L. / ALPHA MEDICAL S.R.L. / ARTISANA MEDICAL S.R.L. / AVMED PLUS / B.BRAUN MEDICAL / BEST ACHIZITII / BIOLIFE GRUP S.R.L. / BIZMED SRL / CO&CO Consumer 2002 S.R.L. / CRAD RO / CRIO - 2 S.R.L. / DELUXE MEDICRAFTS / HELLIMED / LUAN VISION / MEDIMPACT / MEDIST IMAGING & P.O.C. S.R.L. / MEDITECH CMA / NAFKA GRUP S.R.L. / Novaintermed S.R.L. / PAUL HARTMANN / PRODCONFARM S.R.L. / RICOMED / ROVAL MED / S.C. ADAR UNIC SOLUTIONS S.R.L. / S.C. DANCRI MEDICAL S.R.L. / S.C. DRAEGER ROMANIA S.R.L. / S.C. FARMACIA OMNIA S.R.L. / S.C. Filtre Aer Curat S.R.L. S.R.L. / S.C. IANLUX S.R.L. / S.C. MEDCLAS TRADING S.R.L. S.R.L. / S.C. Medplaza Health S.R.L. / S.C. Natural Es-medical S.R.L S.R.L. / S.C.MEDICAL GRUP S.R.L. / TIS FARMACEUTIC S.A. / TMS - TOP MEDICAL SUPPLIER / TOP TRADE MEDICAL / VALDOMEDICA TRADING / VETRO DESIGN S.R.L. / X-Lab Solutions S.R.L. / ZARYS INTERNATIONAL GROUP MEDICAL EQUIPMENT S.R.L.,824605,2023-11-15,autoritate non-spital
693320-2023,JUDETUL SALAJ,BTL ROMANIA APARATURA MEDICALA S.R.L.,687000,2023-11-15,autoritate non-spital
755431-2023,JUDETUL SALAJ,ANTISEL RO SRL / BTL ROMANIA APARATURA MEDICALA S.R.L.,853496,2023-11-15,autoritate non-spital
421713-2023,Consiliul Judetean Dambovita,,2123504,2023-11-15,autoritate non-spital
107026-2024,JUDETUL SATU MARE,ANDCOR / B.BRAUN MEDICAL / CATTUS / CLASSIMED / DIALAB SOLUTIONS / Dental Vladmed V&M SRL / GLOBAL MEDICAL SOLUTIONS / INNOVA INTEGRATION S.R.L. / KARL STORZ ENDOSCOPIA ROMANIA / LIAMED / MEDIQ INNOVATIVE TECHNOLOGIES SRL / MEDIST IMAGING & P.O.C. / MEDIST LIFE SCIENCE S.R.L. / MEDIXFARM TEHNOPLUS / NITECH / NOVA GROUP INVESTMENT / NOVOMED INTERNATIONAL SRL / RAFI MEDICAL / Sof Medica / TEHNO ELECTRO MEDICAL COMPANY S.R.L. / VLADI MED DISTRIBUTION S.R.L.,42481061,2023-11-16,autoritate non-spital
549139-2023,Orasul Cisnadie,,1796425,2023-11-16,autoritate non-spital
606571-2023,PRIMARIA ORASULUI BOLINTIN-VALE,,2877519,2023-11-16,autoritate non-spital
700028-2023,MUNICIPIUL DEJ,,12764264,2023-11-17,autoritate non-spital
700036-2023,JUDETUL SATU MARE,B.BRAUN MEDICAL / CLASSIMED / GLOBAL MEDICAL SOLUTIONS / NITECH,4468319,2023-11-17,autoritate non-spital
SCN1129177,MINISTERUL ANTREPRENORIATULUI SI TURISMULUI,PRAGMA COMPUTERS S.R.L.,167378,2023-11-17,autoritate non-spital
SCN1134857,Directia Generala de Asistenta Sociala si Protectia Copilului a judetului Satu Mare,INFOCENTER S.R.L. / BASIC POINT SRL / LIAMED / BTL ROMANIA APARATURA MEDICALA S.R.L.,284474,2023-11-17,autoritate non-spital
SCN1124449,COMPANIA NATIONALA DE ADMINISTRARE A INFRASTRUCTURII RUTIERE S.A.,VESTA INVESTMENT S.R.L.,17975,2023-11-18,entitate privata (SRL/SA)
115316-2024,SERVICIUL JUDETEAN DE AMBULANTA ARGES,ALPHA BRIO MEDICAL S.R.L. / DELTAMED / LIME MEDICALS S.R.L. / LUAN VISION / MANUFARM S.R.L. / MEDCLAS TRADING S.R.L. / MEDICAL GRUP / ROSALVAMED PLUS / TMS - TOP MEDICAL SUPPLIER / VETRO DESIGN / X-Lab Solutions S.R.L.,1737386,2023-11-20,autoritate non-spital
131393-2024,JUDETUL SATU MARE,ANDCOR / B.BRAUN MEDICAL / CATTUS / CLASSIMED / DIALAB SOLUTIONS / Dental Vladmed V&M SRL / Dyomedica CND / GLOBAL MEDICAL SOLUTIONS / INNOVA INTEGRATION S.R.L. / KARL STORZ ENDOSCOPIA ROMANIA / LIAMED / MEDIQ INNOVATIVE TECHNOLOGIES SRL / MEDIST IMAGING & P.O.C. / MEDIST LIFE SCIENCE S.R.L. / MEDIXFARM TEHNOPLUS / MEDIZIN TECHNOLOGIES / NANO BIO MEDICAL S.R.L. / NITECH / NOVA GROUP INVESTMENT / NOVOMED INTERNATIONAL SRL / RAFI MEDICAL / RIDA S SRL / Sof Medica / TEHNO ELECTRO MEDICAL COMPANY S.R.L. / VLADI MED DISTRIBUTION S.R.L.,4725769,2023-11-20,autoritate non-spital
179749-2024,SERVICIUL JUDETEAN DE AMBULANTA ARGES,ALPHA BRIO MEDICAL S.R.L. / DELTAMED / LIME MEDICALS S.R.L. / LUAN VISION / MANUFARM S.R.L. / MEDCLAS TRADING S.R.L. / MEDICAL GRUP / ROSALVAMED PLUS / TMS - TOP MEDICAL SUPPLIER / VETRO DESIGN / X-Lab Solutions S.R.L.,240768,2023-11-20,autoritate non-spital
38289-2024,SERVICIUL JUDETEAN DE AMBULANTA ARGES,ALPHA BRIO MEDICAL S.R.L. / DELTAMED / LIME MEDICALS S.R.L. / LUAN VISION / MANUFARM S.R.L. / MEDCLAS TRADING S.R.L. / MEDICAL GRUP / ROSALVAMED PLUS / TMS - TOP MEDICAL SUPPLIER / VETRO DESIGN / X-Lab Solutions S.R.L.,1737386,2023-11-20,autoritate non-spital
702519-2023,SERVICIUL DE PROTECTIE SI PAZA – U.M. 0149 F BUCURESTI,BPM TEHNOLOGICA / BROKMED S.R.L. / BTL ROMANIA APARATURA MEDICALA S.R.L. / Integra Medical Business / PRIMERA MED TECHNOLOGY / S.C. LINDE GAZ ROMANIA S.R.L. S.R.L. / S.C. PRO CARDIA S.R.L.,1952885,2023-11-20,unitate militara fara profil de spital
766732-2023,JUDETUL ARGES,DACORUM GRUP / Dental Vladmed V&M SRL / MEDICAL SIMULATOR PROJECTS / MINIMED SOLUTIONS S.R.L. / Microcomputer Service S.A.,2557102,2023-11-20,autoritate non-spital
514195-2023,MUNICIPIUL ONESTI,,839905,2023-11-20,autoritate non-spital
SCN1134886,ORASUL TARGU FRUMOS,SERVICELL / ANA INVEST & RESEARCH,175480,2023-11-20,autoritate non-spital
233151-2024,ORASUL COMANESTI,MEDIQ INNOVATIVE TECHNOLOGIES SRL / PAPAPOSTOLOU S.R.L / S.C. GENERAL ELECTRIC MEDICAL SYSTEMS ROMANIA S.R.L.,1816400,2023-11-21,autoritate non-spital
5227-2024,ORASUL COMANESTI,MEDIQ INNOVATIVE TECHNOLOGIES SRL / PAPAPOSTOLOU S.R.L,1643500,2023-11-21,autoritate non-spital
704830-2023,ORASUL ABRUD,,3939624,2023-11-21,autoritate non-spital
705123-2023,SERVICIUL JUDETEAN DE AMBULANTA ARGES,ALPHA BRIO MEDICAL S.R.L. / DELUXE MEDICRAFTS / FARMACIA OMNIA / FLEXAL IMPEX S.R.L. / LUAN VISION / MEDICAL GRUP / TMS - TOP MEDICAL SUPPLIER / VALDOMEDICA TRADING,844195,2023-11-21,autoritate non-spital
705354-2023,SERVICIUL DE AMBULANTA JUDETEAN SATU MARE,DELTAMED / ESMED GROUP / MEDICAL GRUP / MEDIST IMAGING & P.O.C. / TZMO ROMANIA / VETRO DESIGN,1516527,2023-11-21,autoritate non-spital
705388-2023,Serviciul de Ambulanta Judetean Bacau,ALPHA NED 2000 EXIM / ARTISANA MEDICAL S.R.L. / ATLAS MEDICAL / B.BRAUN MEDICAL / BEST ACHIZITII / BIZMED / CO&CO Consumer 2002 S.R.L. / COMPANIA NATIONALA UNIFARM / CORAMED MEDIZINISCHE PRODUKTE / CRAD RO / DRAEGER ROMANIA / FRESENIUS KABI ROMANIA / Filtre Aer Curat S.R.L. / GRAZY PRICE MEDICAL IMPORT EXPORT S.R.L. / HDL Union / HELLIMED / LUAN VISION / MEDCLAS TRADING S.R.L. / MEDI -TECH BUSINESS / MEDIST IMAGING & P.O.C. / MERCATOR MEDICAL / Medplaza Health / NAFKA GRUP / NOVA FIT 2000 SRL / PAUL HARTMANN / PRODCONFARM S.R.L. / ROVAL MED / TAISSIS CONCEPT / TMS - TOP MEDICAL SUPPLIER / VALDOMEDICA TRADING,1558381,2023-11-21,autoritate non-spital
706343-2023,PRIMARIA ORASULUI BOLINTIN-VALE,BPM TEHNOLOGICA,2860076,2023-11-21,autoritate non-spital
706370-2023,"Universitatea de Medicina si Farmacie ""Carol Davila""",MEDIDENT EXIM S.R.L. / TEHNICAL DENT,125933,2023-11-21,autoritate non-spital
708463-2023,UAT JUDETUL ALBA,AKESO MEDICAL INNOVATIONS S.R.L. / DACORUM GRUP / MEDITECH S.R.L.,1552300,2023-11-22,autoritate non-spital
709452-2023,JUDETUL SALAJ,ANTISEL RO SRL / BTL ROMANIA APARATURA MEDICALA S.R.L.,853496,2023-11-22,autoritate non-spital
SCN1135018,Apavital SA Iasi,ALIANT BUSINESS SOLUTIONS,339510,2023-11-22,entitate privata (SRL/SA)
103024-2024,SERVICIUL JUDETEAN DE AMBULANTA ARGES,ALPHA BRIO MEDICAL S.R.L. / DELTAMED / LIME MEDICALS S.R.L. / LUAN VISION / MANUFARM S.R.L. / MEDCLAS TRADING S.R.L. / MEDICAL GRUP / ROSALVAMED PLUS / TMS - TOP MEDICAL SUPPLIER / VETRO DESIGN / X-Lab Solutions S.R.L.,1737386,2023-11-24,autoritate non-spital
713086-2023,Municipiul Vatra Dornei,OVAVINCI / Proton Impex 2000 S.R.L. / S.C. A&B COMPUTERS S.R.L. / S.C. ANA INVEST & RESEARCH SRL,1901812,2023-11-24,autoritate non-spital
713185-2023,SPITALUL ORASENESC DR. GHEORGHE CONSTANTINESCU BUMBESTI-JIU,,3361,2023-11-24,procedura anulata / fara castigator (confirmat in XML TED)
713207-2023,Judetul Brasov,A.M.S. 2000 TRADING IMPEX S.R.L. / DIAMEDIX IMPEX / MEDIST IMAGING & P.O.C. / MEDIST IMAGING & P.O.C. S.R.L. / Medist / Novaintermed S.R.L.,5436122,2023-11-24,autoritate non-spital
713594-2023,ORASUL PUCIOASA,CORTECH MED S.R.L. / Integra Medical Business,5379988,2023-11-24,autoritate non-spital
714946-2023,"UNIVERSITATEA DE MEDICINA SI FARMACIE ""VICTOR BABES"" TIMISOARA",ANATOMIKA COD S.R.L. / Carl Zeiss Instruments / DENTSTORE / Megagen Dental Implant / Mixed Brands Trading / TEHNICAL DENT / TEHNODENT POKA S.R.L.,304887,2023-11-24,autoritate non-spital
CAN1116364,Institutul de Biologie si Patologie Celulara '' Nicolae Simionescu'',Omnivet Impex S.R.L.,4820,2023-11-24,institut de cercetare / fara paturi de spital
CAN1116443,SERVICIUL DE AMBULANTA BUCURESTI-ILFOV,CRIO - 2 S.R.L.,1080,2023-11-24,autoritate non-spital
CAN1116445,SERVICIUL DE AMBULANTA BUCURESTI-ILFOV,CRIO - 2 S.R.L.,1295,2023-11-24,autoritate non-spital
CN1062093,SERVICIUL DE PROTECTIE SI PAZA – U.M. 0149 F BUCURESTI,Top Diagnostics S.R.L. / BIVARIA GRUP S.R.L. / SYNTTERGY CONSULT S.R.L. / HALMADENT SRL / BIOTEC / RAFI MEDICAL / OPEN MIND LABORATORY S.R.L. / S.C. TEHNICAL DENT S.R.L.,256757,2023-11-25,unitate militara fara profil de spital
CN1062141,COMUNA COTOFENII DIN DOS,TEHNODENT POKA S.R.L. / ANDCOR,218622,2023-11-26,autoritate non-spital
156877-2024,JUDETUL MEHEDINTI,CATTUS S.R.L. / LIAMED / MEDICAL ORTOVIT / PRIMERA MED TECHNOLOGY,825418,2023-11-27,autoritate non-spital
717241-2023,Institutul de Biologie si Patologie Celulara '' Nicolae Simionescu'',Omnivet Impex S.R.L.,4820,2023-11-27,institut de cercetare / fara paturi de spital
717311-2023,MUNICIPIUL BACAU,ANDCOR S.R.L. / GLOBAL MEDICAL SOLUTIONS SRL / MEDIZIN TECHNOLOGIES / NEOTECH / S.C. BIO SERVICE S.R.L. S.C.S.,948929,2023-11-27,autoritate non-spital
717491-2023,Institutul National de Gerontologie si Geriatrie ANA ASLAN,,9000000,2023-11-27,procedura anulata / fara castigator (confirmat in XML TED)
718112-2023,COMUNA VIDRA,CORTECH MED S.R.L. / EDITRONIC INTERNATIONAL / Logaritm / MEDIZIN TECHNOLOGIES / QUATTRO IMPEX,6917700,2023-11-27,autoritate non-spital
718317-2023,Institutul National de Gerontologie si Geriatrie ANA ASLAN,,13000,2023-11-27,procedura anulata / fara castigator (confirmat in XML TED)
751924-2023,MUNICIPIUL CURTEA DE ARGES,ANTISEL RO / BLUEBOX MEDICAL / DIAPRO TOP / FARMATIN MEDICAL / MEDICLIM S.R.L. / PRAXIS MEDICA / PRIMERA MED TECHNOLOGY,410712,2023-11-27,autoritate non-spital
754597-2023,Municipiul Galati,DIAMEDIX IMPEX / MEDICLIM S.R.L. / MLM MEDICAL S.R.L. / ROTEST,748351,2023-11-27,autoritate non-spital
720306-2023,MUNICIPIUL MOTRU,COMTEC S.R.L.,80240,2023-11-28,autoritate non-spital
720384-2023,SERVICIUL JUDETEAN DE AMBULANTA ARGES,ALPHA BRIO MEDICAL S.R.L. / DELTAMED / LIME MEDICALS S.R.L. / LUAN VISION / MANUFARM S.R.L. / MEDCLAS TRADING S.R.L. / MEDICAL GRUP / ROSALVAMED PLUS / TMS - TOP MEDICAL SUPPLIER / VETRO DESIGN / X-Lab Solutions S.R.L.,1737386,2023-11-28,autoritate non-spital
720716-2023,Orasul Cisnadie,Integra Medical Business,1795830,2023-11-28,autoritate non-spital
769824-2023,JUDETUL CLUJ (CONSILIUL JUDETEAN),BRAINS M & A CONSULTING / BTL ROMANIA APARATURA MEDICALA S.R.L. / MEDICAL GRUP / PHYSIOMED APARATURA MEDICALA,10024646,2023-11-28,autoritate non-spital
CN1062248,SERVICIUL DE AMBULANTA JUDETEAN SATU MARE,S.C. DELTAMED S.R.L. / Tody Laboratories Int / TMS - TOP MEDICAL SUPPLIER,,2023-11-28,autoritate non-spital
40108-2024,MUNICIPIUL ORADEA,Ac Rad Medical Consult&Service / CORTECH MED S.R.L. / DELTAMED / GENERAL ELECTRIC MEDICAL SYSTEMS ROMANIA / KARL STORZ ENDOSCOPIA ROMANIA / PIXELDATA S.R.L. / Proton Impex 2000 S.R.L. / S.C. AVITECH CO S.R.L. S.R.L. / SC REGIO MED SRL / VICI EVOLUTION S.R.L.,,2023-11-29,autoritate non-spital
729877-2023,SERVICIUL DE AMBULANTA JUDETEAN IASI,ALCA DUO MEDICAL S.R.L. / Biolife Systems / CO&CO Consumer 2002 S.R.L. / CORAMED MEDIZINISCHE PRODUKTE / CRAD RO / CRIO - 2 S.R.L. / DELTAMED / DELUXE MEDICRAFTS / HELLIMED / IOANA N & M SRL / LUAN VISION / MEDCLAS TRADING S.R.L. / MEDICAL GRUP / Medplaza Health / NAFKA GRUP / NANO BIO MEDICAL S.R.L. / Natural Es-medical S.R.L / Novaintermed S.R.L. / PREBOX EMS / RICOMED / ROVAL MED / SANROTEX TRADING SRL / TAISSIS CONCEPT / TZMO ROMANIA / VETRO DESIGN / ZARYS INTERNATIONAL GROUP MEDICAL EQUIPMENT S.R.L.,2117266,2023-12-01,autoritate non-spital
730142-2023,JUDETUL SATU MARE,B.BRAUN MEDICAL / CLASSIMED / GLOBAL MEDICAL SOLUTIONS / KARL STORZ ENDOSCOPIA ROMANIA / NITECH / RAFI MEDICAL,5303819,2023-12-01,autoritate non-spital
SCN1135480,COMPANIA NATIONALA DE ADMINISTRARE A INFRASTRUCTURII RUTIERE S.A.,INSTAL SOMET S.A.,28183,2023-12-04,entitate privata (SRL/SA)
735208-2023,SPITALUL CLINIC JUDETEAN MURES,,1322000,2023-12-05,procedura anulata / fara castigator (confirmat in XML TED)
735455-2023,Spital Clinic Judetean de Urgenta Arad,,2456265,2023-12-05,procedura anulata / fara castigator (confirmat in XML TED)
735627-2023,Consiliul Judetean Calarasi,,27207050,2023-12-05,autoritate non-spital
735888-2023,JUDETUL ARGES,DACORUM GRUP / Dental Vladmed V&M SRL / MEDICAL SIMULATOR PROJECTS / MINIMED SOLUTIONS S.R.L. / Microcomputer Service S.A. / TEHNOPLUS MEDICAL,2376202,2023-12-05,autoritate non-spital
736053-2023,ORASUL HATEG,LIAMED / MEDIST IMAGING & P.O.C.,385000,2023-12-05,autoritate non-spital
736063-2023,Consiliul Judetean Dambovita,BPM TEHNOLOGICA / BRAVA MEDICAL / GBC EXIM,1257081,2023-12-05,autoritate non-spital
755875-2023,JUDETUL HUNEDOARA,OVAVINCI,265670,2023-12-05,autoritate non-spital
736974-2023,Directia Generala de Asistenta Sociala si Protectia Copilului Sector 2,DUMITRU BUSINESS HOUSE IMPEX / FABI TOTAL GRUP S.R.L. / FLYNG IMPEX S.R.L. / INEDIT CLEAN TOTAL,1304012,2023-12-05,autoritate non-spital
741697-2023,Spitalul Clinic de Urgenta Bucuresti,,,2023-12-07,procedura anulata / fara castigator (confirmat in XML TED)
741902-2023,Spitalul Clinic de Urgenta Bucuresti,,,2023-12-07,procedura anulata / fara castigator (confirmat in XML TED)
742675-2023,Spitalul Clinic de Urgenta Bucuresti,,,2023-12-07,procedura anulata / fara castigator (confirmat in XML TED)
749726-2023,Institutul de Biologie si Patologie Celulara '' Nicolae Simionescu'',DEXTER COM S.R.L.,45375,2023-12-07,institut de cercetare / fara paturi de spital
CN1056987,"Universitatea de Medicina si Farmacie ""Iuliu Hatieganu"" Cluj-Napoca",ANTISEL RO SRL,125617,2023-12-07,autoritate non-spital
746637-2023,GABRIELA CLINIC SRL,,,2023-12-08,entitate privata (SRL/SA)
CN1054909,Societatea Nationala de Gaze Naturale Romgaz S.A.,VETRO DESIGN,2900,2023-12-09,entitate privata (SRL/SA)
SCN1125320,UAT ORAS BREZOI,INNOVA INTEGRATION S.R.L.,12469800,2023-12-09,autoritate non-spital
SCN1128687,PRIMARIA MUNICIPIULUI OLTENITA,DAC TECHNOLOGY S.R.L.,254100,2023-12-10,autoritate non-spital
784961-2023,Universitatea de Stiinte Agricole si Medicina Veterinara Cluj Napoca,CORTECH MED S.R.L.,10105000,2023-12-11,autoritate non-spital
748883-2023,ORASUL FIENI (PRIMARIA),Alive Deals Solutions / TITAN TRACO,1640004,2023-12-11,autoritate non-spital
13272-2024,JUDETUL TELEORMAN,Dyomedica CND SRL / NICONSULTING TECHNICS SRL / Proton Impex 2000 S.R.L. / S.C. EVSTAR COMPUTERS S.R.L. S.R.L. / S.C. Medical Logistic Mall S.R.L.,,2023-12-12,autoritate non-spital
15719-2024,MUNICIPIUL MOTRU,COMTEC S.R.L. / LIAMED / MEDICAL ORTOVIT,,2023-12-12,autoritate non-spital
762198-2023,MUNICIPIUL MOTRU,COMTEC S.R.L. / LIAMED / MEDICAL ORTOVIT,452700,2023-12-12,autoritate non-spital
770192-2023,MUNICIPIUL ONESTI,LIAMED,31700,2023-12-12,autoritate non-spital
752153-2023,Universitatea Aurel Vlaicu din Arad,NITECH / Shimadzu Handelsgesellschaft mbH,6305798,2023-12-12,autoritate non-spital
752244-2023,COMUNA BUCOV (CONSILIUL LOCAL AL COMUNEI BUCOV),,,2023-12-12,autoritate non-spital
SCN1130102,Serviciul de Telecomunicatii Speciale,ROMGER GENERAL TRADE & CONSULTING S.R.L.,500000,2023-12-12,autoritate non-spital
754826-2023,Județul Brașov,,,2023-12-13,autoritate non-spital
569896-2024,Serviciul de Ambulanta Judetean Bacau,ALPHA NED 2000 EXIM / ARTISANA MEDICAL S.R.L. / ATLAS MEDICAL / B.BRAUN MEDICAL / BEST ACHIZITII / BIZMED / CO&CO Consumer 2002 S.R.L. / COMPANIA NATIONALA UNIFARM / CORAMED MEDIZINISCHE PRODUKTE / CRAD RO / DRAEGER ROMANIA / FRESENIUS KABI ROMANIA / Filtre Aer Curat S.R.L. / GRAZY PRICE MEDICAL IMPORT EXPORT S.R.L. / HDL Union / HELLIMED / LUAN VISION / MEDCLAS TRADING S.R.L. / MEDI -TECH BUSINESS / MEDIST IMAGING & P.O.C. / MERCATOR MEDICAL / Medplaza Health / NAFKA GRUP / NOVA FIT 2000 SRL / PAUL HARTMANN / PRODCONFARM S.R.L. / ROVAL MED / TAISSIS CONCEPT / TMS - TOP MEDICAL SUPPLIER / VALDOMEDICA TRADING,799114,2023-12-14,autoritate non-spital
SCN1125716,COMUNA LOGRESTI,Esomed Solution,366247,2023-12-14,autoritate non-spital
15577-2024,JUDETUL GALATI,BIO HYGIENE / TEHNOPLUS MEDICAL,,2023-12-15,autoritate non-spital
761469-2023,Spitalul Clinic de Urgenta Bucuresti,,,2023-12-15,procedura anulata / fara castigator (confirmat in XML TED)
763217-2023,"ASOCIATIA ""UN PAS INAINTE ALEXANDRA""",,,2023-12-15,autoritate non-spital
CAN1117372,DIRECTIA GENERALA DE ASISTENTA SOCIALA SI PROTECTIA COPILULUI SIBIU,Klaus Distribution,70386,2023-12-15,autoritate non-spital
SCN1136012,Directia Generala de Asistenta Sociala si Protectia Copilului Constanta,OVAVINCI / TRANSLIMA / 4M BUSINESS,315919,2023-12-15,autoritate non-spital
139960-2024,JUDETUL SATU MARE,ANDCOR / B.BRAUN MEDICAL / CATTUS / CLASSIMED / DIALAB SOLUTIONS / Dental Vladmed V&M SRL / Dyomedica CND / GLOBAL MEDICAL SOLUTIONS / INNOVA INTEGRATION S.R.L. / KARL STORZ ENDOSCOPIA ROMANIA / LIAMED / MEDIQ INNOVATIVE TECHNOLOGIES SRL / MEDIST IMAGING & P.O.C. / MEDIST LIFE SCIENCE S.R.L. / MEDIXFARM TEHNOPLUS / MEDIZIN TECHNOLOGIES / NANO BIO MEDICAL S.R.L. / NITECH / NOVA GROUP INVESTMENT / NOVOMED INTERNATIONAL SRL / RAFI MEDICAL / RIDA S SRL / Sof Medica / TEHNO ELECTRO MEDICAL COMPANY S.R.L. / VLADI MED DISTRIBUTION S.R.L.,15388801,2023-12-18,autoritate non-spital
208928-2024,JUDETUL SATU MARE,ANDCOR / B.BRAUN MEDICAL / CATTUS / CLASSIMED / DIALAB SOLUTIONS / Dental Vladmed V&M SRL / Dyomedica CND / GLOBAL MEDICAL SOLUTIONS / INNOVA INTEGRATION S.R.L. / KARL STORZ ENDOSCOPIA ROMANIA / LIAMED / MEDIQ INNOVATIVE TECHNOLOGIES SRL / MEDIST IMAGING & P.O.C. / MEDIST LIFE SCIENCE S.R.L. / MEDIXFARM TEHNOPLUS / MEDIZIN TECHNOLOGIES / NANO BIO MEDICAL S.R.L. / NITECH / NOVA GROUP INVESTMENT / NOVOMED INTERNATIONAL SRL / RAFI MEDICAL / RIDA S SRL / Sof Medica / TEHNO ELECTRO MEDICAL COMPANY S.R.L. / VLADI MED DISTRIBUTION S.R.L.,15388801,2023-12-18,autoritate non-spital
CAN1117528,Directia Sanitara Veterinara si pentru Siguranta Alimentelor Cluj,DIALAB SOLUTIONS,550,2023-12-18,autoritate non-spital
139212-2024,Administratia Nationala a Penitenciarelor,DIGI MEDICAL TEHNIC,3970666,2023-12-19,autoritate non-spital
14159-2024,Administratia Nationala a Penitenciarelor,DIGI MEDICAL TEHNIC,6953240,2023-12-19,autoritate non-spital
27388-2024,COMUNA BOZOVICI (PRIMARIA BOZOVICI,EDITRONIC INTERNATIONAL / GLOBAL MEDICAL SOLUTIONS / TEST TRADING S.R.L.,,2023-12-19,autoritate non-spital
768882-2023,SPITALUL CLINIC DE URGENTA SF.IOAN,,,2023-12-19,procedura anulata / fara castigator (confirmat in XML TED)
769214-2023,Municipiul Lupeni,PROMTINTER EXPERT SRL / S.C. ENERGO-METR S.R.L. S.R.L.,728340,2023-12-19,autoritate non-spital
770512-2023,Agentia pentru Dezvoltare Regionala Centru,SOBIS SOLUTIONS,1239617,2023-12-19,autoritate non-spital
125660-2024,Serviciul Judetean de Ambulanta Botosani,ALCA DUO MEDICAL S.R.L. / B.BRAUN MEDICAL / FARMACIA OMNIA / LUAN VISION / MEDCLAS TRADING S.R.L. / MEDICAL GRUP / PRODCONFARM S.R.L. / RICOMED / ROVAL MED / TAISSIS CONCEPT / TZMO ROMANIA / VALDOMEDICA TRADING / VETRO DESIGN / X-Lab Solutions S.R.L.,1077700,2023-12-20,autoritate non-spital
138724-2024,Serviciul Judetean de Ambulanta Botosani,ALCA DUO MEDICAL S.R.L. / B.BRAUN MEDICAL / FARMACIA OMNIA / LUAN VISION / MEDCLAS TRADING S.R.L. / MEDICAL GRUP / PRODCONFARM S.R.L. / RICOMED / ROVAL MED / TAISSIS CONCEPT / TZMO ROMANIA / VALDOMEDICA TRADING / VETRO DESIGN / X-Lab Solutions S.R.L.,23252,2023-12-20,autoritate non-spital
5427-2024,INSTITUTUL NATIONAL DE TRANSFUZIE SANGUINA Prof.Dr.C.T.Nicolau,CHRONOS TRADE MEDICAL S.R.L.,63828830,2023-12-20,institut de cercetare / fara paturi de spital
705574-2025,Serviciul Judetean de Ambulanta Botosani,ALCA DUO MEDICAL S.R.L. / B.BRAUN MEDICAL / FARMACIA OMNIA / LUAN VISION / MEDCLAS TRADING S.R.L. / MEDICAL GRUP / PRODCONFARM S.R.L. / RICOMED / ROVAL MED / TAISSIS CONCEPT / TZMO ROMANIA / VALDOMEDICA TRADING / VETRO DESIGN / X-Lab Solutions S.R.L.,306964,2023-12-20,autoritate non-spital
792980-2023,Serviciul Judetean de Ambulanta Botosani,ALCA DUO MEDICAL S.R.L. / B.BRAUN MEDICAL / FARMACIA OMNIA / LUAN VISION / MEDCLAS TRADING S.R.L. / MEDICAL GRUP / PRODCONFARM S.R.L. / RICOMED / ROVAL MED / TAISSIS CONCEPT / TZMO ROMANIA / VALDOMEDICA TRADING / VETRO DESIGN / X-Lab Solutions S.R.L.,1077700,2023-12-20,autoritate non-spital
SCN1136229,JUDETUL TULCEA,OVAVINCI / MEDIZIN TECHNOLOGIES,427988,2023-12-20,autoritate non-spital
27278-2024,JUDETUL TELEORMAN,MEDIMPACT / TEHNOPLUS MEDICAL,,2023-12-21,autoritate non-spital
783419-2023,MINISTERUL APARARII UM 02534 IASI,,,2023-12-22,procedura anulata / fara castigator (confirmat in XML TED)
784668-2023,SECTOR 4 (PRIMARIA SECTORULUI 4 BUCURESTI),,583000000,2023-12-22,autoritate non-spital
SCN1136401,Comuna Boroaia,EUROPE ONE DREAM TREND / DAC TECHNOLOGY S.R.L. / ENERGO-METR S.R.L. / HERALD S.R.L.,541807,2023-12-22,autoritate non-spital
788306-2023,Banca Nationala a Romaniei,AMIA INVEST / DUMITRU BUSINESS HOUSE IMPEX / FLYNG IMPEX S.R.L. / KLINTENSIV / SIDE GRUP S.R.L.,2303519,2023-12-26,autoritate non-spital
34343-2024,COMUNA CIUPERCENII NOI,ANDCOR,,2023-12-27,autoritate non-spital
83615-2024,Consiliul Judetean Buzau,CATTUS S.R.L. / HELLIMED / KARLA AUCTION TEAM / NOVOMED INTERNATIONAL SRL / OVAVINCI SRL / PHILIPS ROMANIA / SYNTTERGY CONSULT S.R.L. / TEHNOPLUS MEDICAL,,2023-12-27,autoritate non-spital
13959-2024,GABRIELA CLINIC SRL,Dyomedica CND,,2023-12-28,entitate privata (SRL/SA)
792671-2023,JUDETUL SALAJ,,,2023-12-28,autoritate non-spital
SCN1128268,COMUNA ZIMBOR,MEDIST IMAGING & P.O.C. S.R.L.,618400,2023-12-31,autoritate non-spital
13140-2024,Ministerul Apararii Nationale - Unitatea Militara 01836,NAMICON- TESTING S.R.L.,,2024-01-04,unitate militara fara profil de spital
6101-2024,Municipiul Craiova,PRIMERA MED TECHNOLOGY / KADRA TECH / MEDIZIN TECHNOLOGIES,,2024-01-04,autoritate non-spital
23639-2024,DIRECTIA GENERALA DE ASISTENTA SOCIALA A MUNICIPIULUI BUCURESTI,NOVA TECH MED,5201752,2024-01-05,autoritate non-spital
42907-2024,SERVICIUL DE AMBULANTA AL JUDETULUI CLUJ,ALCA DUO MEDICAL S.R.L. / ALPHA BRIO MEDICAL S.R.L. / AVMED PLUS / CO&CO Consumer 2002 S.R.L. / CRAD RO / DELUXE MEDICRAFTS / HELLIMED / MASEPHARM S.R.L. / MEDIMPACT / NAFKA GRUP S.R.L. / Novaintermed S.R.L. / PAUL HARTMANN / PROFI PENTRU SANATATE SRL S.R.L. / RICOMED / ROVAL MED / S.C. CERTINVEST S.R.L. / S.C. D&G GROUP S.R.L. S.R.L. / S.C. DELTAMED S.R.L. / S.C. MEDCLAS TRADING S.R.L. S.R.L. / S.C. Medplaza Health S.R.L. / S.C. Natural Es-medical S.R.L S.R.L. / S.C.MEDICAL GRUP S.R.L. / SANROTEX TRADING SRL / SC Nova Fit 2000 S.R.L. / TMS - TOP MEDICAL SUPPLIER / TZMO ROMANIA / VALDOMEDICA TRADING / VETRO DESIGN S.R.L. / X-Lab Solutions S.R.L.,1856744,2024-01-05,autoritate non-spital
8555-2024,Consiliul Judetean Calarasi,,,2024-01-05,autoritate non-spital
SCN1130168,Compania Nationala Aeroporturi Bucuresti SA,EVOLIO AUTOMOTIVE S.R.L.,329992,2024-01-05,entitate privata (SRL/SA)
81450-2024,MINISTERUL APARARII - UNITATEA MILITARA 02464 BUCURESTI,BROKMED S.R.L. / CATTUS S.R.L. / LIAMED / MEDIMPACT / MEDISENS HEALTH CARE / MLM MEDICAL S.R.L. / PAUL HARTMANN / RICOMED / S.C. NERAMO DISTRIBUTION S.R.L. / S.C.MEDICAL GRUP S.R.L.,2068939,2024-01-07,unitate militara fara profil de spital
13519-2024,"Spitalul de Recuperare ""Sf.Gheorghe"" Botosani",,,2024-01-09,procedura anulata / fara castigator (confirmat in XML TED)
13744-2024,Municipiul Galati,,,2024-01-09,autoritate non-spital
13884-2024,Spitalul Clinic Judetean de Urgenta Targu.Mures,,,2024-01-09,procedura anulata / fara castigator (confirmat in XML TED)
13839-2024,MUNICIPIUL PLOIESTI,GLOBAL MEDICAL SOLUTIONS SRL / MEDICAMED MARKET S.R.L. / Hospital Technical Solutions,,2024-01-09,autoritate non-spital
CN1063958,MINISTERUL APARARII - UNITATEA MILITARA 02464 BUCURESTI,KRAL MEDICAL SOLUTIONS SRL / ULTRASONIC S.R.L. / LIAMED / HELLIMED S.R.L. / TEHNOPLUS MEDICAL / ADION PRODIMPEXTRANS S.R.L. / HS MEDICAL SRL,,2024-01-09,unitate militara fara profil de spital
16065-2024,"Institutul de Pneumoftiziologie ""Marius Nasta""",,,2024-01-10,procedura anulata / fara castigator (confirmat in XML TED)
16771-2024,MUNICIPIUL MORENI,,,2024-01-10,autoritate non-spital
17285-2024,"Institutul de Pneumoftiziologie ""Marius Nasta""",,416880,2024-01-10,procedura anulata / fara castigator (confirmat in XML TED)
48076-2024,JUDETUL CARAS-SEVERIN,ANTISEL RO SRL / Elta 90 Medical Research SRL / MEDICLIM S.R.L.,,2024-01-10,autoritate non-spital
17197-2024,MUNICIPIUL MORENI,Stage & Showtech Management,,2024-01-10,autoritate non-spital
SCN1126731,Municipiul Timisoara,PRINTOPIA,195505,2024-01-10,autoritate non-spital
23393-2024,ORASUL ABRUD,,,2024-01-12,autoritate non-spital
23946-2024,DIRECTIA GENERALA DE ASISTENTA SOCIALA SI PROTECTIA COPILULUI SECTOR 6,,,2024-01-12,autoritate non-spital
SCN1126979,"Universitatea de Medicina, Farmacie, Stiinte si Tehnologie "" George Emil Palade"" din Targu Mures",MEDIST IMAGING & P.O.C. S.R.L.,451675,2024-01-14,autoritate non-spital
403948-2024,MINISTERUL APARARII - UNITATEA MILITARA 02464 BUCURESTI,ALPHA BRIO MEDICAL S.R.L. / ALPHA NED 2000 EXIM / AVA MEDICAL SERVICES SRL / AXIOMED SOLUTIONS SRL / CRAD RO / CRIO - 2 S.R.L. / DELUXE MEDICRAFTS / MLM MEDICAL S.R.L. / Novaintermed S.R.L. / PAUL HARTMANN / PRODCONFARM S.R.L. / RAFI MEDICAL / S.C. NEOMED S..R.L. / SANROTEX TRADING SRL / SC Nova Fit 2000 S.R.L. / SINOFARM ROMANIA S.R.L. / TZMO ROMANIA / ZARYS INTERNATIONAL GROUP MEDICAL EQUIPMENT S.R.L.,71456299,2024-01-15,unitate militara fara profil de spital
84765-2024,MUNICIPIUL DOROHOI,MEDIST IMAGING & P.O.C.,,2024-01-15,autoritate non-spital
85173-2024,MUNICIPIUL DOROHOI,Logaritm,,2024-01-15,autoritate non-spital
88674-2024,MUNICIPIUL DOROHOI,Logaritm,,2024-01-15,autoritate non-spital
94928-2024,MUNICIPIUL DOROHOI,Logaritm,,2024-01-15,autoritate non-spital
197143-2024,ORASUL COMANESTI,CATTUS S.R.L. / Logaritm / S.C. ELMED MEDICALS.R.L. / SPECTRUM POINT / TEHNO ELECTRO MEDICAL COMPANY S.R.L. / UNIVERSAL MEDICAL S.R.L.,8793150,2024-01-16,autoritate non-spital
29224-2024,SPITALUL MUNICIPAL SIGHETU MARMATIEI,,,2024-01-16,procedura anulata / fara castigator (confirmat in XML TED)
29788-2024,SPITALUL JUDETEAN DE URGENTA PITESTI,,,2024-01-16,procedura anulata / fara castigator (confirmat in XML TED)
30265-2024,SPITALUL JUDETEAN DE URGENTA ZALAU,,,2024-01-16,procedura anulata / fara castigator (confirmat in XML TED)
30758-2024,INSTITUTUL DE BOLI CARDIOVASCULARE TIMISOARA,,,2024-01-16,procedura anulata / fara castigator (confirmat in XML TED)
30139-2024,SC. SANADOR SRL,,,2024-01-16,entitate privata (SRL/SA)
CN1064240,JUDETUL ARGES,Tarabostes Software SRL / C&C ACTIV GENERAL CONCEPT / EUROPE ONE DREAM TREND / SILVER TRADING PARTNERS SRL,395100,2024-01-16,autoritate non-spital
CN1064247,SC. SANADOR SRL,REVISMED MEDICAL / ANGIOSPECTRU MED S.R.L. / MEDTRONIC ROMANIA / CARDIOTECH / Sof Medica / Sante International S.A. / ENDOTECHNOLOGY / BOSTON SCIENTIFIC ROMANIA,,2024-01-16,entitate privata (SRL/SA)
32706-2024,DIRECTIA GENERALA DE ASISTENTA SOCIALA SI PROTECTIA COPILULUI SIBIU,COMTIB / DELUXE MEDICRAFTS / MEDCHIM EXPERT SRL / TZMO ROMANIA,1076274,2024-01-17,autoritate non-spital
CAN1119454,SERVICIUL DE AMBULANTA TULCEA,MINI-FARM S.R.L.,10800,2024-01-17,autoritate non-spital
34239-2024,Spitalulul Clinic de Ortopedie Traumatologie si TBC Osteoarticular Foisor,,,2024-01-18,procedura anulata / fara castigator (confirmat in XML TED)
33956-2024,Municipiul Galati,ANDCOR / CLEANEXPERT SHOP SRL / DOLEX COM / LIME MEDICALS S.R.L.,,2024-01-18,autoritate non-spital
181763-2024,SERVICIUL DE AMBULANTA BUCURESTI-ILFOV,ALCA DUO MEDICAL S.R.L. / ALPHA BRIO MEDICAL S.R.L. / ALPHA NED 2000 EXIM / CO&CO Consumer 2002 S.R.L. / CRIO - 2 S.R.L. / DAC MEDICAL PLUS S.R.L. / DELUXE MEDICRAFTS / FLEXAL IMPEX S.R.L. / HDL Union / LUAN VISION / MEDCLAS TRADING S.R.L. / MEDIMPACT / MLM MEDICAL S.R.L. / NAFKA GRUP S.R.L. / NANO BIO MEDICAL S.R.L. / Novaintermed S.R.L. / PAUL HARTMANN / PH MEDICAL TRADE / PRION POCT / PRODCONFARM S.R.L. / ROVAL MED / S.C. ADAR UNIC SOLUTIONS S.R.L. / S.C. D&G GROUP S.R.L. S.R.L. / S.C. DELTAMED S.R.L. / S.C. IOANA N & M SRL S.R.L. / S.C. Medplaza Health S.R.L. / S.C. Natural Es-medical S.R.L S.R.L. / S.C.MEDICAL GRUP S.R.L. / STERIL ROMANIA / TAISSIS CONCEPT / TMS - TOP MEDICAL SUPPLIER / TZMO ROMANIA / VALDOMEDICA TRADING / VETRO DESIGN / X-Lab Solutions S.R.L. / ZARYS INTERNATIONAL GROUP,2128190,2024-01-22,autoritate non-spital
41762-2024,Judetul Neamt,,,2024-01-22,autoritate non-spital
44473-2024,Spitalul Clinic de Urgenta Bucuresti,,,2024-01-23,procedura anulata / fara castigator (confirmat in XML TED)
44939-2024,Spitalul Clinic de Urgenta Bucuresti,,,2024-01-23,procedura anulata / fara castigator (confirmat in XML TED)
45147-2024,Spitalul Clinic de Urgenta Bucuresti,,,2024-01-23,procedura anulata / fara castigator (confirmat in XML TED)
45252-2024,Spitalul Clinic de Urgenta Bucuresti,,,2024-01-23,procedura anulata / fara castigator (confirmat in XML TED)
46450-2024,Spitalul Clinic de Urgenta Bucuresti,,,2024-01-23,procedura anulata / fara castigator (confirmat in XML TED)
92916-2024,SERVICIUL DE AMBULANTA AL JUDETULUI CLUJ,ALCA DUO MEDICAL S.R.L. / ALPHA BRIO MEDICAL S.R.L. / AVMED PLUS / CO&CO Consumer 2002 S.R.L. / CRAD RO / DELUXE MEDICRAFTS / HELLIMED / MASEPHARM S.R.L. / MEDIMPACT / NAFKA GRUP S.R.L. / Novaintermed S.R.L. / PAUL HARTMANN / PROFI PENTRU SANATATE SRL S.R.L. / RICOMED / ROVAL MED / S.C. CERTINVEST S.R.L. / S.C. D&G GROUP S.R.L. S.R.L. / S.C. DELTAMED S.R.L. / S.C. MEDCLAS TRADING S.R.L. S.R.L. / S.C. Medplaza Health S.R.L. / S.C. Natural Es-medical S.R.L S.R.L. / S.C.MEDICAL GRUP S.R.L. / SANROTEX TRADING SRL / SC Nova Fit 2000 S.R.L. / TMS - TOP MEDICAL SUPPLIER / TZMO ROMANIA / VALDOMEDICA TRADING / VETRO DESIGN S.R.L. / X-Lab Solutions S.R.L.,1856744,2024-01-23,autoritate non-spital
CAN1119807,DIRECTIA GENERALA DE ASISTENTA SOCIALA SI PROTECTIA COPILULUI VASLUI,PRIMOSTAR S.R.L.,90166,2024-01-23,autoritate non-spital
SCN1139138,COMUNA BEICA DE JOS (PRIMARIA COMUNEI BEICA DE JOS JUD. MURES),S.C. MED TEHNICA SRL S.R.L. / HALMADENT SRL / ULTRASONIC S.R.L.,249800,2024-01-23,autoritate non-spital
49350-2024,Spitalul Clinic de Urgenta Bucuresti,,,2024-01-24,procedura anulata / fara castigator (confirmat in XML TED)
47603-2024,Directia Generala de Asistenta Sociala si Protectia Copilului Sector 2,CENSUS GROUP / DUMITRU BUSINESS HOUSE IMPEX / Target Point,744525,2024-01-24,autoritate non-spital
48172-2024,COMUNA TIRGSORU VECHI,,,2024-01-24,autoritate non-spital
48780-2024,"Universitatea de Medicina, Farmacie, Stiinte si Tehnologie "" George Emil Palade"" din Targu Mures",CONCELEX / CUBICON INVEST / Concelex Engineering S.R.L / MANSART CORPORATE / TERRA GAZ CONSTRUCT,,2024-01-24,autoritate non-spital
107376-2024,JUDETUL GALATI,BIO HYGIENE / DIAMEDIX IMPEX / NITECH / NOVA GROUP INVESTMENT,,2024-01-26,autoritate non-spital
165020-2024,SERVICIUL JUDETEAN DE AMBULANTA ARGES,ALPHA BRIO MEDICAL S.R.L. / DELTAMED / LIME MEDICALS S.R.L. / LUAN VISION / MANUFARM S.R.L. / MEDCLAS TRADING S.R.L. / MEDICAL GRUP / ROSALVAMED PLUS / TMS - TOP MEDICAL SUPPLIER / VETRO DESIGN / X-Lab Solutions S.R.L.,147023,2024-01-26,autoritate non-spital
91435-2024,MUNICIPIUL DEJ,CATTUS S.R.L. / GISCO MED / Kembli Med / Medical Corp S.R.L. / NANO BIO MEDICAL S.R.L. / NIMKOS MEDSOLUTIONS / S.C. ELMED MEDICALS.R.L. / SUPERMEDICAL SRL / TIMBERSTAR S.R.L.,,2024-01-26,autoritate non-spital
SCN1139244,COMUNA BOGDAN VODA (PRIMARIA BOGDAN VODA),ANDRANI HOME OFFICE S.R.L. / SHORTCUT,671083,2024-01-26,autoritate non-spital
56963-2024,Spitalul Clinic de Urgenta Bucuresti,,,2024-01-29,procedura anulata / fara castigator (confirmat in XML TED)
57067-2024,MUNICIPIUL DEJ,,,2024-01-29,autoritate non-spital
57143-2024,Spitalul Clinic de Urgenta Bucuresti,,,2024-01-29,procedura anulata / fara castigator (confirmat in XML TED)
57758-2024,Spitalul Clinic de Urgenta Bucuresti,,,2024-01-29,procedura anulata / fara castigator (confirmat in XML TED)
58763-2024,Judetul Neamt,,,2024-01-29,autoritate non-spital
58869-2024,Spitalul Clinic de Urgenta Bucuresti,,,2024-01-29,procedura anulata / fara castigator (confirmat in XML TED)
59034-2024,Spitalul Clinic de Urgenta Bucuresti,,,2024-01-29,procedura anulata / fara castigator (confirmat in XML TED)
127416-2024,ORASUL VICTORIA,BIVARIA GRUP S.R.L. / BPM TEHNOLOGICA / BPM TEHNOLOGICA SRL / S.C. SOLMED PROIECT S.R.L.,6406508,2024-01-30,autoritate non-spital
66239-2024,COMPANIA NATIONALA DE ADMINISTRARE A INFRASTRUCTURII RUTIERE S.A. prin CENTRUL DE STUDII TEHNICE RUTIERE SI INFORMATICA,TECNOSERVICE EQUIPMENT,,2024-01-30,entitate privata (SRL/SA)
580586-2024,Directia Sanitara Veterinara si pentru Siguranta Alimentelor Suceava,A.M.S. 2000 TRADING IMPEX S.R.L. / Agilrom Scientific / DIALAB SOLUTIONS / DIAMEDIX IMPEX / EMSAR S.R.L. / LABORSISTEM S.R.L. / MEDICLIM S.R.L. / NOVA GROUP INVESTMENT / Noack Romania S.R.L. / PARTNERS MEDICAL SOLUTION S.R.L. / REDOX RESEARCH & ANALYTIC S.R.L. / S.C. NOVACHIM TRADING S.R.L. / TUNIC PROD S.R.L.,396360,2024-01-31,autoritate non-spital
65191-2024,JUDETUL SALAJ,,,2024-01-31,autoritate non-spital
CN1064680,Inspectoratul General pentru Situatii de Urgenta,VECTRA EXIM / REGENCY PROJECT SRL / DELTAMED,616996,2024-01-31,autoritate non-spital
66842-2024,"Institutul Regional de Gastroenterologie-Hepatologie ""Prof. Dr. Octavian Fodor"" Cluj",,,2024-02-01,procedura anulata / fara castigator (confirmat in XML TED)
96780-2024,PRIMARIA MUNICIPIULUI RAMNICU SARAT,LIAMED,,2024-02-01,autoritate non-spital
66348-2024,Comuna Borca (Primăria Borca),SC MOB METEOR SRL,,2024-02-01,autoritate non-spital
66713-2024,Consiliul Județean Buzău,,,2024-02-01,autoritate non-spital
SCN1139563,Directia Sanitara Veterinara si pentru Siguranta Alimentelor Bistrita-Nasaud,EUROVET LAB S.R.L. / DIALAB SOLUTIONS / BIO AQUA GROUP / MEDICLIM S.R.L. / Filara BioMed SRL / ROMVAC COMPANY / DIAMEDIX IMPEX / Noack Romania S.R.L.,165944,2024-02-01,autoritate non-spital
71819-2024,SPITALUL CLINIC DE URGENTA SF.IOAN,,,2024-02-02,procedura anulata / fara castigator (confirmat in XML TED)
SCN1133217,DIRECTIA GENERALA DE ASISTENTA SOCIALA SI PROTECTIA COPILULUI MARAMURES,ROALMISA INV,75292,2024-02-03,autoritate non-spital
158240-2024,Serviciul de Ambulanta al Judetului Timis,ADAR UNIC SOLUTIONS / ALPHA BRIO MEDICAL S.R.L. / ATLAS MEDICAL / AVA MEDICAL SERVICES SRL / CO&CO Consumer 2002 S.R.L. / CRAD RO / CRIO - 2 S.R.L. / DELUXE MEDICRAFTS / IOANA N & M SRL / LUAN VISION / MEDCLAS TRADING S.R.L. / MEDICAL GRUP / Medplaza Health / NAFKA GRUP / ROVAL MED / SANROTEX TRADING SRL / SANTOMED / SH MEDICAL SRL / TMS - TOP MEDICAL SUPPLIER / TZMO ROMANIA / VALDOMEDICA TRADING / VETRO DESIGN / VIOMED CONSUM S.R.L.,239303,2024-02-05,autoritate non-spital
168191-2024,Serviciul de Ambulanta al Judetului Timis,ADAR UNIC SOLUTIONS / ALPHA BRIO MEDICAL S.R.L. / ATLAS MEDICAL / AVA MEDICAL SERVICES SRL / CO&CO Consumer 2002 S.R.L. / CRAD RO / CRIO - 2 S.R.L. / DELUXE MEDICRAFTS / IOANA N & M SRL / LUAN VISION / MEDCLAS TRADING S.R.L. / MEDICAL GRUP / Medplaza Health / NAFKA GRUP / ROVAL MED / SANROTEX TRADING SRL / SANTOMED / SH MEDICAL SRL / TMS - TOP MEDICAL SUPPLIER / TZMO ROMANIA / VALDOMEDICA TRADING / VETRO DESIGN / VIOMED CONSUM S.R.L.,260335,2024-02-05,autoritate non-spital
74054-2024,Municipiul Pascani,,,2024-02-05,autoritate non-spital
75612-2024,SECTOR 4 (PRIMARIA SECTORULUI 4 BUCURESTI),BOG'ART / CONCELEX / CONCRETE & DESIGN SOLUTIONS / Concelex Engineering S.R.L / PALEX CONSTRUCTII INSTALATII / ROMGER GENERAL TRADE & CONSULTING S.R.L. / VICI EVOLUTION S.R.L.,,2024-02-05,autoritate non-spital
77527-2024,Municipiul Galati,,,2024-02-06,autoritate non-spital
78523-2024,Institutul de Biologie si Patologie Celulara '' Nicolae Simionescu'',,,2024-02-06,institut de cercetare / fara paturi de spital
CN1064931,JUDETUL CLUJ (CONSILIUL JUDETEAN),NITECH S.R.L. / BIO HYGIENE SRL / CLEANING LOGISTIC DISTRIBUTION S.R.L. / PRIMERA MED TECHNOLOGY,350490,2024-02-06,autoritate non-spital
78798-2024,SPITALUL CLINIC JUDETEAN DE URGENTA CLUJ,,,2024-02-07,procedura anulata / fara castigator (confirmat in XML TED)
80727-2024,Spitalul Clinic Judetean de Urgenta Targu.Mures,,,2024-02-07,procedura anulata / fara castigator (confirmat in XML TED)
79412-2024,JUDETUL GALATI,,,2024-02-07,autoritate non-spital
80928-2024,JUDETUL CLUJ (CONSILIUL JUDETEAN),EUROPE ONE DREAM TREND / RTM IMPEX S.R.L. / SELECT IT,,2024-02-07,autoritate non-spital
161234-2024,DIRECTIA SANITARA VETERINARA SI PENTRU SIGURANTA ALIMENTELOR BRASOV,A.M.S. 2000 TRADING IMPEX / ANTISEL RO / Agilrom Scientific / DIALAB SOLUTIONS / DIAMEDIX IMPEX / EUROVET LAB / FARMAVET / Filara BioMed SRL / MEDICLIM S.R.L. / NOVA GROUP INVESTMENT / NOVACHIM TRADING / ROMVAC COMPANY / SANIMED INTERNATIONAL IMPEX / TUNIC PROD S.R.L.,1348026,2024-02-08,autoritate non-spital
83127-2024,MUNICIPIUL DEJ,,,2024-02-08,autoritate non-spital
SCN1139992,Penitenciarul Margineni,S.C. ONE ADVANCED CONSULTING S.R.L. S.R.L.,30253,2024-02-08,autoritate non-spital
86211-2024,Spital Clinic Judetean de Urgenta Arad,,,2024-02-09,procedura anulata / fara castigator (confirmat in XML TED)
84313-2024,REGISTRUL AUTO ROMAN - R.A.,SIDE GRUP S.R.L.,1206003,2024-02-09,autoritate non-spital
CN1065126,Inspectoratul General pentru Situatii de Urgenta,ELPIS LOGIC BUSINESS SRL / LUAN VISION / S.C. DELTAMED S.R.L. / PRIMERA MED TECHNOLOGY / ADION PRODIMPEXTRANS S.R.L. / PHILIPS ROMANIA / HDL Union,467442,2024-02-09,autoritate non-spital
SCN1140073,Comuna Urdari (Primaria Comunei Urdari),MERC INTERNATIONAL IMPEX S.R.L. / FABDARESMOB30 S.R.L. / Edu Apps,378830,2024-02-09,autoritate non-spital
110199-2024,Municipiul Craiova,ANDCOR,,2024-02-12,autoritate non-spital
128031-2024,COMUNA BOZOVICI (PRIMARIA BOZOVICI,EDITRONIC INTERNATIONAL / GLOBAL MEDICAL SOLUTIONS / NOVA TECH MED / TEST TRADING S.R.L.,4197795,2024-02-12,autoritate non-spital
139812-2024,MUNICIPIUL DOROHOI,ELMED MEDICAL,835000,2024-02-12,autoritate non-spital
140248-2024,MUNICIPIUL DOROHOI,PHYSIOMED APARATURA MEDICALA,245000,2024-02-12,autoritate non-spital
140631-2024,MUNICIPIUL DOROHOI,ELMED MEDICAL,263500,2024-02-12,autoritate non-spital
141016-2024,MUNICIPIUL DOROHOI,UNIVERSAL MEDICAL S.R.L.,3733000,2024-02-12,autoritate non-spital
CN1065125,Inspectoratul General pentru Situatii de Urgenta,CEVROM ELECTRIC IMPORT S.R.L.,148400,2024-02-12,autoritate non-spital
CAN1121024,DIRECTIA GENERALA DE ASISTENTA SOCIALA SI PROTECTIA COPILULUI VASLUI,PRIMOSTAR S.R.L.,90166,2024-02-13,autoritate non-spital
SCN1133893,Orasul Targu Neamt,DAC TECHNOLOGY S.R.L.,239650,2024-02-13,autoritate non-spital
129009-2024,ORASUL VICTORIA,ABB Medtec / GLOBAL MEDICAL SOLUTIONS SRL,5972000,2024-02-14,autoritate non-spital
94250-2024,JUDETUL SALAJ,,,2024-02-14,autoritate non-spital
SCN1140370,COMUNA GARLENI,DAC TECHNOLOGY S.R.L. / MATRIX ONLINE,399824,2024-02-14,autoritate non-spital
108255-2024,"UNIVERSITATEA DE MEDICINA SI FARMACIE ""GRIGORE T.POPA"" DIN IASI",VAVIAN TRADING,,2024-02-15,autoritate non-spital
108541-2024,UNIVERSITATEA DUNAREA DE JOS,MEDEQTECH / SAGITARIUS COMMUNICATIONS,,2024-02-15,autoritate non-spital
99466-2024,MUNICIPIUL DOROHOI,,,2024-02-16,autoritate non-spital
100322-2024,MUNICIPIUL DOROHOI,,,2024-02-16,autoritate non-spital
CN1059458,Institutul de Biologie si Patologie Celulara '' Nicolae Simionescu'',DEXTER COM S.R.L.,45375,2024-02-16,institut de cercetare / fara paturi de spital
119627-2024,JUDETUL MEHEDINTI,CATTUS S.R.L. / LIAMED / MEDICAL ORTOVIT / PRIMERA MED TECHNOLOGY,808818,2024-02-19,autoritate non-spital
SCN1140634,DIRECTIA SANITARA VETERINARA SI PENTRU SIGURANTA ALIMENTELOR IALOMITA,BIZMED SRL / Nova Fit 2000 S.R.L. / ANTISEL RO SRL / S.C. WATT DISTRIBUTOR S.R.L. S.R.L. / VETRO DESIGN / EMSAR S.R.L. / PARTNERS MEDICAL SOLUTION S.R.L. / CREATIVE / LABORSISTEM S.R.L. / TUNIC PROD S.R.L. / DIALAB SOLUTIONS / BROSSER TECHNICS / Noack Romania S.R.L. / Pro Analysis Systems / CHROMLAB S.R.L. / Altium International SRL / Filara BioMed SRL,168780,2024-02-19,autoritate non-spital
136512-2024,SERVICIUL DE AMBULANTA AL JUDETULUI CLUJ,ALCA DUO MEDICAL S.R.L. / ALPHA BRIO MEDICAL S.R.L. / AVMED PLUS / CO&CO Consumer 2002 S.R.L. / CRAD RO / DELUXE MEDICRAFTS / HELLIMED / MASEPHARM S.R.L. / MEDIMPACT / NAFKA GRUP S.R.L. / Novaintermed S.R.L. / PAUL HARTMANN / PROFI PENTRU SANATATE SRL S.R.L. / RICOMED / ROVAL MED / S.C. CERTINVEST S.R.L. / S.C. D&G GROUP S.R.L. S.R.L. / S.C. DELTAMED S.R.L. / S.C. MEDCLAS TRADING S.R.L. S.R.L. / S.C. Medplaza Health S.R.L. / S.C. Natural Es-medical S.R.L S.R.L. / S.C.MEDICAL GRUP S.R.L. / SANROTEX TRADING SRL / SC Nova Fit 2000 S.R.L. / TMS - TOP MEDICAL SUPPLIER / TZMO ROMANIA / VALDOMEDICA TRADING / VETRO DESIGN S.R.L. / X-Lab Solutions S.R.L.,105647,2024-02-20,autoritate non-spital
364752-2024,SERVICIUL DE AMBULANTA AL JUDETULUI CLUJ,ALCA DUO MEDICAL S.R.L. / ALPHA BRIO MEDICAL S.R.L. / AVMED PLUS / CO&CO Consumer 2002 S.R.L. / CRAD RO / DELUXE MEDICRAFTS / HELLIMED / MASEPHARM S.R.L. / MEDIMPACT / NAFKA GRUP S.R.L. / Novaintermed S.R.L. / PAUL HARTMANN / PROFI PENTRU SANATATE SRL S.R.L. / RICOMED / ROVAL MED / S.C. CERTINVEST S.R.L. / S.C. D&G GROUP S.R.L. S.R.L. / S.C. DELTAMED S.R.L. / S.C. MEDCLAS TRADING S.R.L. S.R.L. / S.C. Medplaza Health S.R.L. / S.C. Natural Es-medical S.R.L S.R.L. / S.C.MEDICAL GRUP S.R.L. / SANROTEX TRADING SRL / SC Nova Fit 2000 S.R.L. / TMS - TOP MEDICAL SUPPLIER / TZMO ROMANIA / VALDOMEDICA TRADING / VETRO DESIGN S.R.L. / X-Lab Solutions S.R.L.,287876,2024-02-20,autoritate non-spital
104089-2024,Municipiul Galati,,2526049,2024-02-20,autoritate non-spital
105041-2024,COMUNA BOZOVICI (PRIMARIA BOZOVICI,,,2024-02-20,autoritate non-spital
SCN1140745,COMUNA CRISTINESTI (PRIMARIA),ANA INVEST & RESEARCH / UNION CO S.R.L.,204668,2024-02-20,autoritate non-spital
116000-2024,JUDETUL IASI,MEDIZIN TECHNOLOGIES,,2024-02-21,autoritate non-spital
132620-2024,JUDETUL IASI,DACORUM GRUP / MEDIZIN TECHNOLOGIES,1019800,2024-02-21,autoritate non-spital
137801-2024,Inspectoratul General pentru Situatii de Urgenta,DELTAMED / MLM MEDICAL S.R.L. / POP INDUSTRY,308552,2024-02-21,autoritate non-spital
183488-2024,JUDETUL IASI,DACORUM GRUP / Dyomedica CND / MEDIZIN TECHNOLOGIES,4067773,2024-02-21,autoritate non-spital
106909-2024,"Centrul Medical de Diagnostic, Tratament Ambulatoriu si Medicina Preventiva",,,2024-02-21,centru medical ambulatoriu (fara paturi)
159799-2024,Administratia Nationala a Penitenciarelor,DIGI MEDICAL TEHNIC,6953240,2024-02-22,autoritate non-spital
114837-2024,SPITALUL DE RECUPERARE BORSA,,,2024-02-23,procedura anulata / fara castigator (confirmat in XML TED)
120605-2024,"UNIVERSITATEA DE MEDICINA SI FARMACIE ""VICTOR BABES"" TIMISOARA",HEALTHTIM,699800,2024-02-23,autoritate non-spital
SCN1141074,Directia Generala de Asistenta Sociala si Protectia Copilului Timis,ANA INVEST & RESEARCH / TRANSLIMA,32630,2024-02-23,autoritate non-spital
SCN1132812,COMUNA FALCIU,OVAVINCI,182784,2024-02-25,autoritate non-spital
SCN1132813,COMUNA FALCIU,HALMADENT SRL,155910,2024-02-25,autoritate non-spital
138064-2024,Consiliul Judetean Calarasi,AXIOMA MEDICAL / DUTCHMED S.R.L. / Hospital Technical Solutions / Integra Medical Business / KRAL MEDICAL SOLUTIONS SRL,7956666,2024-02-26,autoritate non-spital
143291-2024,Municipiul Craiova,ALMED INVESTMENTS,133000,2024-02-26,autoritate non-spital
219245-2024,Municipiul Craiova,ALMED INVESTMENTS / PRIMERA MED TECHNOLOGY,4822470,2024-02-26,autoritate non-spital
730429-2024,Directia Sanitara Veterinara si pentru Siguranta Alimentelor Suceava,ANTISEL RO SRL / EMSAR S.R.L. / Elta 90 Medical Research SRL / Filara BioMed SRL / MEDICLIM S.R.L. / PARTNERS MEDICAL SOLUTION S.R.L. / ROVAL MED / S.C. ALISON HAYES (ROMANIA) S.R.L. / TUNIC PROD S.R.L.,745910,2024-02-26,autoritate non-spital
116357-2024,JUDETUL CLUJ (CONSILIUL JUDETEAN),,,2024-02-26,autoritate non-spital
167513-2024,CONSILIUL JUDETEAN GORJ,MEDICAL GRUP,86320,2024-02-27,autoritate non-spital
388030-2025,SERVICIUL JUDETEAN DE AMBULANTA ARGES,ALPHA BRIO MEDICAL S.R.L. / DELTAMED / LIME MEDICALS S.R.L. / LUAN VISION / MANUFARM S.R.L. / MEDCLAS TRADING S.R.L. / MEDICAL GRUP / ROSALVAMED PLUS / TMS - TOP MEDICAL SUPPLIER / VETRO DESIGN / X-Lab Solutions S.R.L.,953360,2024-02-27,autoritate non-spital
SCN1141285,Directia Generala de Asistenta Sociala si Protectia Copilului Timis,D&D CONSULTANTS GRUP S.R.L. / EUROSTING AAW INDUSTRY / AQUATOR S.R.L. / MED TEHNICA,243824,2024-02-27,autoritate non-spital
121155-2024,Institutul de Boli Cardiovasculare Prof. Dr. I. M. Georgescu,,,2024-02-28,procedura anulata / fara castigator (confirmat in XML TED)
123206-2024,"BAZA DE APROVIZIONARE, GOSPODARIRE SI REPARATII",,,2024-02-28,autoritate non-spital
124163-2024,SPITALUL CLINIC JUDETEAN DE URGENTA BISTRITA,,,2024-02-29,procedura anulata / fara castigator (confirmat in XML TED)
124975-2024,JUDETUL GALATI,,,2024-02-29,autoritate non-spital
127720-2024,MUNICIPIUL PLOIESTI,,,2024-03-01,autoritate non-spital
CN1065884,Consiliul Judetean Buzau,NANO BIO MEDICAL S.R.L.,23160,2024-03-01,autoritate non-spital
SCN1141539,MINISTERUL APARARII - UNITATEA MILITARA 02464 BUCURESTI,CRIO - 2 S.R.L. / S.C. NERAMO DISTRIBUTION S.R.L. / HDL Union / MEDIMPACT,,2024-03-01,unitate militara fara profil de spital
131206-2024,SPITALUL UNIVERSITAR DE URGENTA ELIAS,,,2024-03-04,procedura anulata / fara castigator (confirmat in XML TED)
161877-2024,ASOCIATIA UN PAS INAINTE ALEXANDRA,BTL ROMANIA APARATURA MEDICALA S.R.L. / DIGI MEDICAL TEHNIC,990000,2024-03-04,autoritate non-spital
132984-2024,UM 0929 Bucuresti,,,2024-03-05,procedura anulata / fara castigator (confirmat in XML TED)
135587-2024,"Institutul de Pneumoftiziologie ""Marius Nasta""",,,2024-03-05,procedura anulata / fara castigator (confirmat in XML TED)
165873-2024,MUNICIPIUL DOROHOI,ANDCOR,507600,2024-03-05,autoritate non-spital
166566-2024,MUNICIPIUL DOROHOI,ARGUS OPTIK,182700,2024-03-05,autoritate non-spital
167480-2024,MUNICIPIUL DOROHOI,ANDCOR,564162,2024-03-05,autoritate non-spital
135366-2024,Unitatea Administrativ Teritoriala (UAT) Orasul Jibou,,,2024-03-05,autoritate non-spital
CAN1122068,Comuna Valu lui Traian,OFFICE PRO MEDIA S.R.L.,91237,2024-03-05,autoritate non-spital
334285-2024,Municipiul Craiova,KADRA TECH / MEDIZIN TECHNOLOGIES / PRIMERA MED TECHNOLOGY,7397394,2024-03-06,autoritate non-spital
136582-2024,CENTRUL DE SANATATE MULTIFUNCTIONAL BRATCA,,,2024-03-06,autoritate non-spital
SCN1141836,UNIVERSITATEA DE ARTE DIN TARGU MURES,D&D CONSULTANTS GRUP S.R.L. / S.C. ID INTELLIGENCE S.R.L. / GBC EXIM S.R.L.,311975,2024-03-06,autoritate non-spital
155999-2024,COMUNA CIUPERCENII NOI,TEHNODENT POKA S.R.L.,123050,2024-03-07,autoritate non-spital
167833-2024,"UNIVERSITATEA DE MEDICINA SI FARMACIE ""GRIGORE T.POPA"" DIN IASI",S.C. ANATOMIKA COD S.R.L. S.R.L.,166428,2024-03-07,autoritate non-spital
CN1061852,COMUNA COSOVENI,Dental Vladmed V&M SRL,71737,2024-03-07,autoritate non-spital
143476-2024,SPITALUL CLINIC DE URGENTA SF.IOAN,,,2024-03-08,procedura anulata / fara castigator (confirmat in XML TED)
164856-2024,ASOCIATIA UN PAS INAINTE ALEXANDRA,PHYSIOMED APARATURA MEDICALA,2173000,2024-03-08,autoritate non-spital
143206-2024,Directia Generala de Asistenta Sociala si Protectia Copilului Constanta,,,2024-03-08,autoritate non-spital
SCN1133731,COMUNA BORLESTI,BELLA NOVA CASSA,439337,2024-03-08,autoritate non-spital
SCN1142010,COMUNA ZADARENI,FOX IMPEX / IDUNNE SOLUTIONS,115004,2024-03-08,autoritate non-spital
SCN1142055,Comuna Branesti,COGNITROM / FABDARESMOB30 S.R.L.,214398,2024-03-08,autoritate non-spital
147082-2024,INSTITUTUL DE BOLI CARDIOVASCULARE TIMISOARA,,,2024-03-11,procedura anulata / fara castigator (confirmat in XML TED)
157992-2024,ORASUL GAESTI,ELLMAN MED / HELLIMED / KAPPA MEDICAL / LC RHEA MEDICAL CARE S.R.L. / MEDIST IMAGING & P.O.C. S.R.L. / ULTRASONIC S.R.L. / WINPHARMAMED,5817800,2024-03-11,autoritate non-spital
179216-2024,Orasul Zarnesti (Primaria Orasului Zarnesti),KAPAMED INTERNATIONAL,3201112,2024-03-11,autoritate non-spital
192139-2024,Universitatea de Medicină și Farmacie din Craiova,Elta 90 Medical Research SRL,197435,2024-03-11,autoritate non-spital
145938-2024,Consiliul Judetean Calarasi,,,2024-03-11,autoritate non-spital
148423-2024,Judetul Brasov,,,2024-03-12,autoritate non-spital
148909-2024,"Universitatea de Medicina si Farmacie ""Iuliu Hatieganu"" Cluj-Napoca",,,2024-03-12,autoritate non-spital
CAN1122473,DIRECTIA GENERALA DE ASISTENTA SOCIALA SI PROTECTIA COPILULUI VASLUI,CRISTAL,178269,2024-03-12,autoritate non-spital
152253-2024,UM 0929 Bucuresti,,,2024-03-13,procedura anulata / fara castigator (confirmat in XML TED)
152675-2024,Judetul Brasov,,,2024-03-13,autoritate non-spital
415239-2024,"Universitatea de Medicina si Farmacie ""Iuliu Hatieganu"" Cluj-Napoca",ANTISEL RO / Agilrom Scientific / BIO AQUA GROUP / CHROMAKTIV S.R.L. / CO&CO Consumer 2002 S.R.L. / DELTAMED / EMSAR S.R.L. / Filara BioMed SRL / LABORSISTEM S.R.L. / MERC INTERNATIONAL IMPEX S.R.L. / Novaintermed S.R.L. / PAUL HARTMANN / ROMBIOMEDICA / TEHNO ELECTRO MEDICAL COMPANY S.R.L. / TUNIC PROD S.R.L.,1152967,2024-03-13,autoritate non-spital
CN1061159,PRIMARIA MUNICIPIULUI RAMNICU SARAT,LIAMED,527386,2024-03-13,autoritate non-spital
CAN1122667,Directia Generala de Asistenta Sociala si Protectia Copilului Prahova,SMART TRADE MASTER S.R.L.,250543,2024-03-14,autoritate non-spital
CAN1122686,Directia Generala de Asistenta Sociala si Protectia Copilului Prahova,SMART TRADE MASTER S.R.L.,265591,2024-03-14,autoritate non-spital
SCN1135278,Comuna Madarjac (Consiliul Local MADARJAC),DAC TECHNOLOGY S.R.L.,360900,2024-03-14,autoritate non-spital
SCN1142481,DIRECTIA GENERALA DE ASISTENTA SOCIALA SI PROTECTIA COPILULUI BOTOSANI,MLM MEDICAL S.R.L. / WOODART,69142,2024-03-14,autoritate non-spital
169031-2024,DIRECTIA GENERALA DE ASISTENTA SOCIALA SI PROTECTIA COPILULUI SECTOR 6,Dyomedica CND,757000,2024-03-18,autoritate non-spital
SCN1142630,DIRECTIA GENERALA DE ASISTENTA SOCIALA SI PROTECTIA COPILULUI BOTOSANI,MLM MEDICAL S.R.L. / INFINITY M&S MANAGEMENT S.R.L. / WOODART,79987,2024-03-18,autoritate non-spital
SCN1142632,DIRECTIA GENERALA DE ASISTENTA SOCIALA SI PROTECTIA COPILULUI BOTOSANI,MLM MEDICAL S.R.L. / INFINITY M&S MANAGEMENT S.R.L. / WOODART,79439,2024-03-18,autoritate non-spital
643388-2024,JUDETUL HUNEDOARA,DIGI MEDICAL TEHNIC / Integra Medical Business / S.C. MED TEHNICA SRL S.R.L. / SUPERMEDICAL SRL,8144530,2024-03-19,autoritate non-spital
163941-2024,SERVICIUL DE AMBULANTA JUDETEAN ALBA,,,2024-03-19,autoritate non-spital
166107-2024,SPITALUL JUDETEAN DE URGENTA PITESTI,,,2024-03-20,procedura anulata / fara castigator (confirmat in XML TED)
166570-2024,Județul Brașov,,,2024-03-20,autoritate non-spital
207152-2024,Serviciul de Ambulanta al Judetului Timis,ADAR UNIC SOLUTIONS / ALPHA BRIO MEDICAL S.R.L. / ATLAS MEDICAL / AVA MEDICAL SERVICES SRL / CO&CO Consumer 2002 S.R.L. / CRAD RO / CRIO - 2 S.R.L. / DELUXE MEDICRAFTS / IOANA N & M SRL / LUAN VISION / MEDCLAS TRADING S.R.L. / MEDICAL GRUP / Medplaza Health / NAFKA GRUP / ROVAL MED / SANROTEX TRADING SRL / SANTOMED / SH MEDICAL SRL / TMS - TOP MEDICAL SUPPLIER / TZMO ROMANIA / VALDOMEDICA TRADING / VETRO DESIGN / VIOMED CONSUM S.R.L.,370814,2024-03-21,autoritate non-spital
169158-2024,MINISTERUL APARARII - UNITATEA MILITARA 02464 BUCURESTI,,,2024-03-21,unitate militara fara profil de spital
170845-2024,PRIMARIA MUNICIPIULUI FAGARAS,,,2024-03-21,autoritate non-spital
SCN1138570,DIRECTIA SANITARA VETERINARA SI PENTRU SIGURANTA ALIMENTELOR NEAMT,DIALAB SOLUTIONS,27648,2024-03-22,autoritate non-spital
201167-2024,MUNICIPIUL DOROHOI,LIAMED / SPECTRUM POINT,621300,2024-03-25,autoritate non-spital
248472-2024,Serviciul Judetean de Ambulanta Botosani,ALCA DUO MEDICAL S.R.L. / B.BRAUN MEDICAL / FARMACIA OMNIA / LUAN VISION / MEDCLAS TRADING S.R.L. / MEDICAL GRUP / PRODCONFARM S.R.L. / RICOMED / ROVAL MED / TAISSIS CONCEPT / TZMO ROMANIA / VALDOMEDICA TRADING / VETRO DESIGN / X-Lab Solutions S.R.L.,101192,2024-03-25,autoritate non-spital
414749-2024,Serviciul de Ambulanta Judetean Bacau,LUAN VISION / ROSALVAMED PLUS / SANIMED INTERNATIONAL IMPEX / VALDOMEDICA TRADING,55660,2024-03-26,autoritate non-spital
709481-2024,Serviciul de Ambulanta Judetean Bacau,LUAN VISION / ROSALVAMED PLUS / SANIMED INTERNATIONAL IMPEX / VALDOMEDICA TRADING,1622,2024-03-26,autoritate non-spital
181155-2024,INSTITUTUL NATIONAL DE HEMATOLOGIE TRANSFUZIONALA Prof.Dr.C.T.Nicolau,,,2024-03-26,institut de cercetare / fara paturi de spital
202452-2024,SERVICIUL DE AMBULANTA JUDETEAN CONSTANTA,ALCA DUO MEDICAL S.R.L. / AVMED PLUS / CO&CO Consumer 2002 S.R.L. / CRAD RO / DEMOPHORIUS HEALTHCARE SRL / HELLIMED / MEDIST IMAGING & P.O.C. S.R.L. / PRODCONFARM S.R.L. / ROVAL MED / Rosalvamed Plus S.R.L. / S.C. Medplaza Health S.R.L. / S.C.MEDICAL GRUP S.R.L. / SANTOMED S.R.L. / TZMO ROMANIA / VALDOMEDICA TRADING / VETRO DESIGN S.R.L.,966341,2024-03-27,autoritate non-spital
207663-2024,"Universitatea de Medicina si Farmacie ""Iuliu Hatieganu"" Cluj-Napoca",ANTISEL RO / Agilrom Scientific / BIO AQUA GROUP / CHROMAKTIV S.R.L. / CO&CO Consumer 2002 S.R.L. / DELTAMED / EMSAR S.R.L. / Filara BioMed SRL / LABORSISTEM S.R.L. / MERC INTERNATIONAL IMPEX S.R.L. / Novaintermed S.R.L. / PAUL HARTMANN / ROMBIOMEDICA / TEHNO ELECTRO MEDICAL COMPANY S.R.L. / TUNIC PROD S.R.L.,1142337,2024-03-27,autoritate non-spital
212888-2024,JUDETUL GALATI,CARO INTERNATIONAL S.R.L. / DTL Medical SRL,2828000,2024-03-27,autoritate non-spital
226927-2024,SERVICIUL DE AMBULANTA JUDETEAN CONSTANTA,ALCA DUO MEDICAL S.R.L. / AVMED PLUS / CO&CO Consumer 2002 S.R.L. / CRAD RO / DEMOPHORIUS HEALTHCARE SRL / HELLIMED / MEDIST IMAGING & P.O.C. S.R.L. / PRODCONFARM S.R.L. / ROVAL MED / Rosalvamed Plus S.R.L. / S.C. Medplaza Health S.R.L. / S.C.MEDICAL GRUP S.R.L. / SANTOMED S.R.L. / TMS - TOP MEDICAL SUPPLIER / TZMO ROMANIA / VALDOMEDICA TRADING / VETRO DESIGN S.R.L.,966341,2024-03-27,autoritate non-spital
232064-2024,"Universitatea de Medicina si Farmacie ""Iuliu Hatieganu"" Cluj-Napoca",DENTAL PARTNER'S GRUP / Nastimed Serv / TEHNICAL DENT / TEHNODENT POKA S.R.L.,458392,2024-03-27,autoritate non-spital
29876-2025,SERVICIUL DE AMBULANTA JUDETEAN CONSTANTA,ALCA DUO MEDICAL S.R.L. / AVMED PLUS / CO&CO Consumer 2002 S.R.L. / CRAD RO / DEMOPHORIUS HEALTHCARE SRL / HELLIMED / MEDIST IMAGING & P.O.C. S.R.L. / PRODCONFARM S.R.L. / ROVAL MED / Rosalvamed Plus S.R.L. / S.C. Medplaza Health S.R.L. / S.C.MEDICAL GRUP S.R.L. / SANTOMED S.R.L. / TMS - TOP MEDICAL SUPPLIER / TZMO ROMANIA / VALDOMEDICA TRADING / VETRO DESIGN S.R.L.,966341,2024-03-27,autoritate non-spital
686812-2025,SERVICIUL DE AMBULANTA JUDETEAN CONSTANTA,ALCA DUO MEDICAL S.R.L. / AVMED PLUS / CO&CO Consumer 2002 S.R.L. / CRAD RO / DEMOPHORIUS HEALTHCARE SRL / HELLIMED / MEDIST IMAGING & P.O.C. S.R.L. / PRODCONFARM S.R.L. / ROVAL MED / Rosalvamed Plus S.R.L. / S.C. Medplaza Health S.R.L. / S.C.MEDICAL GRUP S.R.L. / SANTOMED S.R.L. / TMS - TOP MEDICAL SUPPLIER / TZMO ROMANIA / VALDOMEDICA TRADING / VETRO DESIGN S.R.L.,525680,2024-03-27,autoritate non-spital
183026-2024,Consiliul Judetean Dambovita,,1883018,2024-03-27,autoritate non-spital
183395-2024,JUDETUL GALATI,DAC TECHNOLOGY S.R.L. / EUROPE ONE DREAM TREND / PROMTINTER EXPERT,679260,2024-03-27,autoritate non-spital
246314-2024,Consiliul Judetean Buzau,AXIOMA MEDICAL / Integra Medical Business / SMGELECTRONICA / SOUL MEDICAL,23573175,2024-03-28,autoritate non-spital
305682-2024,Municipiul Craiova,ALMED INVESTMENTS / Medist / PRIMERA MED TECHNOLOGY,5432930,2024-03-28,autoritate non-spital
351426-2024,Municipiul Craiova,ALMED INVESTMENTS / Medist / PRIMERA MED TECHNOLOGY,24888830,2024-03-28,autoritate non-spital
188828-2024,INSTITUTUL DE BOLI CARDIOVASCULARE TIMISOARA,,,2024-03-29,procedura anulata / fara castigator (confirmat in XML TED)
189652-2024,UM 0929 Bucuresti,,,2024-03-29,procedura anulata / fara castigator (confirmat in XML TED)
189762-2024,SPITALUL ORASENESC VISEU DE SUS,,,2024-03-29,procedura anulata / fara castigator (confirmat in XML TED)
249975-2024,JUDETUL SALAJ,ADION PRODIMPEXTRANS S.R.L.,4050,2024-04-01,autoritate non-spital
SCN1143739,"Universitatea ""Alexandru Ioan Cuza"" Iasi",INEDIT CLEAN TOTAL / ZALIA S.R.L. / Target Point / CENSUS GROUP,397024,2024-04-01,autoritate non-spital
192699-2024,MUNICIPIUL ROMAN,,,2024-04-02,autoritate non-spital
192859-2024,INSTITUTUL DE BOLI CARDIOVASCULARE TIMISOARA,,,2024-04-02,procedura anulata / fara castigator (confirmat in XML TED)
193317-2024,JUDETUL VALCEA,,3554326,2024-04-02,autoritate non-spital
204644-2024,JUDETUL MEHEDINTI,ANDCOR S.R.L. / MEDIST IMAGING & P.O.C. / S.C. GENERAL ELECTRIC MEDICAL SYSTEMS ROMANIA S.R.L. / S.C. SONIWORLD APARATURA MEDICALA S.R.L.,4627906,2024-04-03,autoritate non-spital
194248-2024,MUNICIPIUL DOROHOI,,1848127,2024-04-03,autoritate non-spital
CN1062070,Universitatea din Bucuresti,LABORATORIUM,391050,2024-04-03,autoritate non-spital
CN1067229,SCOALA GIMNAZIALA MIHU DRAGOMIR,SC Accent Global Construct SRL,91000,2024-04-03,autoritate non-spital
198488-2024,SPITALUL UNIVERSITAR DE URGENTA ELIAS,,,2024-04-04,procedura anulata / fara castigator (confirmat in XML TED)
SCN1135923,"SNTFC ""CFR CALATORI"" S.A.",TURKROM,9270,2024-04-04,entitate privata (SRL/SA)
200504-2024,ORASUL VALENII DE MUNTE(Primaria Valenii de Munte),,,2024-04-05,autoritate non-spital
214822-2024,MUNICIPIUL PLOIESTI,ARCMED NET SRL / GLOBAL MEDICAL SOLUTIONS SRL / Logaritm / MEDFARM TRADING / MEDICAMED MARKET S.R.L. / PHYSIOMED APARATURA MEDICALA / ROMGER GENERAL TRADE & CONSULTING S.R.L. / S.C. FARMATIN MEDICAL S.R.L.,5868153,2024-04-05,autoritate non-spital
SCN1144121,DIRECTIA SANITARA VETERINARA SI PENTRU SIGURANTA ALIMENTELOR DOLJ,Omnivet Impex S.R.L. / DIAMEDIX IMPEX / NOVA GROUP INVESTMENT / EUROVET LAB S.R.L. / MEDICLIM S.R.L.,409667,2024-04-05,autoritate non-spital
SCN1144125,COMUNA FALCIU,TOTALMED,267655,2024-04-05,autoritate non-spital
CN1058979,JUDETUL HUNEDOARA,MEDIZIN TECHNOLOGIES,388310,2024-04-06,autoritate non-spital
250217-2024,SERVICIUL JUDETEAN DE AMBULANTA ARGES,ALPHA BRIO MEDICAL S.R.L. / DELTAMED / LIME MEDICALS S.R.L. / LUAN VISION / MANUFARM S.R.L. / MEDCLAS TRADING S.R.L. / MEDICAL GRUP / ROSALVAMED PLUS / TMS - TOP MEDICAL SUPPLIER / VETRO DESIGN / X-Lab Solutions S.R.L.,305441,2024-04-08,autoritate non-spital
278382-2024,MUNICIPIUL ODORHEIU SECUIESC (PRIMARIA MUNICIPIULUI ODORHEIU SECUIESC),ALMED INVESTMENTS / CATTUS S.R.L. / MEDIQ INNOVATIVE TECHNOLOGIES SRL / MEDIST IMAGING & P.O.C. S.R.L. / S.C. INTRAMED S.R.L. S.R.L. / S.C.MEDICAL GRUP S.R.L.,4953708,2024-04-09,autoritate non-spital
206672-2024,MINISTERUL APARARII UM 01932 Brasov,FLYNG IMPEX S.R.L. / INEDIT CLEAN TOTAL / Target Point,1149846,2024-04-09,unitate militara fara profil de spital
209539-2024,JUDETUL SALAJ,,,2024-04-10,autoritate non-spital
288042-2024,JUDETUL GALATI,DIAMEDIX IMPEX / Elta 90 Medical Research SRL / LIAMED / MED TEHNICA / MEDICLIM S.R.L. / Medical Corp S.R.L.,3302575,2024-04-10,autoritate non-spital
411866-2024,"Universitatea de Medicina si Farmacie ""Iuliu Hatieganu"" Cluj-Napoca",DENTAL PARTNER'S GRUP / Nastimed Serv / TEHNICAL DENT / TEHNODENT POKA S.R.L.,466720,2024-04-10,autoritate non-spital
427470-2024,JUDETUL GALATI,DIAMEDIX IMPEX / Elta 90 Medical Research SRL / LIAMED / MED TEHNICA / MEDICLIM S.R.L. / Medical Corp S.R.L. / Novaintermed S.R.L.,4750975,2024-04-10,autoritate non-spital
SCN1144585,DIRECTIA SANITARA VETERINARA SI PENTRU SIGURANTA ALIMENTELOR NEAMT,DIALAB SOLUTIONS / EUROVET LAB S.R.L. / Noack Romania S.R.L. / MEDICLIM S.R.L. / ROMVAC COMPANY,80809,2024-04-11,autoritate non-spital
217346-2024,SERVICIUL DE AMBULANTA JUDETEAN VRANCEA,,,2024-04-12,autoritate non-spital
SCN1144708,Orasul Deta,S.C. MED TEHNICA SRL S.R.L.,11620,2024-04-12,autoritate non-spital
225232-2024,ORASUL SINAIA (Primaria Orasului Sinaia),KRAL MEDICAL SOLUTIONS SRL / MEDICLIM S.R.L. / TEHNOPLUS MEDICAL,2317110,2024-04-15,autoritate non-spital
258590-2024,JUDETUL SALAJ,ADION PRODIMPEXTRANS S.R.L. / Dyomedica CND,804527,2024-04-15,autoritate non-spital
SCN1144880,"Universitatea de Medicina, Farmacie, Stiinte si Tehnologie "" George Emil Palade"" din Targu Mures",Doriot Dent S.R.L. / DENTSTORE,325673,2024-04-15,autoritate non-spital
235257-2024,JUDETUL HUNEDOARA,BIO HYGIENE,1500670,2024-04-16,autoritate non-spital
228229-2024,Spitalul Clinic de Urgenta Bagdasar-Arseni,,,2024-04-17,procedura anulata / fara castigator (confirmat in XML TED)
226258-2024,SERVICIUL DE PROTECTIE SI PAZA – U.M. 0149 F BUCURESTI,,977570,2024-04-17,unitate militara fara profil de spital
227195-2024,COMUNA DRAGALINA,,1708257,2024-04-17,autoritate non-spital
CN1067930,MINISTERUL APARARII - UNITATEA MILITARA 02464 BUCURESTI,S.C. NERAMO DISTRIBUTION S.R.L. / DVC MEDICAL VISION SRL / MEDIMPACT S.R.L. / NEOMED S.R.L. / LIAMED / MLM MEDICAL S.R.L. / CATTUS S.R.L. / MEDIZIN TECHNOLOGIES,,2024-04-17,unitate militara fara profil de spital
SCN1145008,DIRECTIA GENERALA DE ASISTENTA SOCIALA SI PROTECTIA COPILULUI SECTOR 6,LOIAL OFFICE S.R.L. / INEDIT CLEAN TOTAL,14754412,2024-04-17,autoritate non-spital
SCN1145030,MUNICIPIUL TARGU SECUIESC,MERC INTERNATIONAL IMPEX S.R.L.,130244,2024-04-17,autoritate non-spital
251911-2024,MUNICIPIUL ROMAN,CORTECH MED S.R.L.,5109383,2024-04-19,autoritate non-spital
232910-2024,Ministerul Apararii U.M. 02412 Bucuresti,,1394958,2024-04-19,unitate militara fara profil de spital
233580-2024,MINISTERUL APARARII - UNITATEA MILITARA 02464 BUCURESTI,,,2024-04-19,unitate militara fara profil de spital
CN1068056,JUDETUL CLUJ (CONSILIUL JUDETEAN),MLM MEDICAL S.R.L. / M & D RETAIL BAIA MARE,89461,2024-04-19,autoritate non-spital
261129-2024,ORASUL VALENII DE MUNTE(Primaria Valenii de Munte),ANDCOR / RAFI MEDICAL / SOUL MEDICAL,1414106,2024-04-22,autoritate non-spital
SCN1145317,DIRECTIA GENERALA DE ASISTENTA SOCIALA SI PROTECTIA COPILULUI,BIOMIGA PHARM / RUXMAR OFFICE SRL / DUAL TOP,791536,2024-04-22,autoritate non-spital
239304-2024,Spitalul Municipal Targu Secuiesc,,,2024-04-23,procedura anulata / fara castigator (confirmat in XML TED)
251109-2024,MUNICIPIUL PLOIESTI,GLOBAL MEDICAL SOLUTIONS / GLOBAL MEDICAL SOLUTIONS SRL / Hospital Technical Solutions / MEDICAMED MARKET S.R.L. / NICONSULTING TECHNICS SRL / VICI EVOLUTION S.R.L.,8307943,2024-04-23,autoritate non-spital
241507-2024,Municipiul Craiova,,7860125,2024-04-23,autoritate non-spital
CAN1125294,Directia Generala de Asistenta Sociala si Protectia Copilului Constanta,MINI-FARM S.R.L.,125461,2024-04-23,autoritate non-spital
SCN1145396,Directia de Sanatate Publica Vaslui,Elta 90 Medical Research SRL / NITECH S.R.L. / DIALAB SOLUTIONS,196310,2024-04-23,autoritate non-spital
SCN1145421,DIRECTIA SANITARA VETERINARA SI PENTRU SIGURANTA ALIMENTELOR ALBA,BROSSER TECHNICS / MEDICLIM S.R.L. / EUROVET LAB S.R.L. / AVENA MEDICA S.R.L. / A.M.S. 2000 TRADING IMPEX S.R.L. / DIALAB SOLUTIONS / EMSAR S.R.L. / Noack Romania S.R.L. / Filara BioMed SRL,158683,2024-04-23,autoritate non-spital
SCNA1102651,DIRECTIA SANITARA VETERINARA SI PENTRU SIGURANTA ALIMENTELOR TELEORMAN,DIALAB SOLUTIONS / MEDICLIM S.R.L. / EUROVET LAB S.R.L. / Noack Romania S.R.L. / Omnivet Impex S.R.L.,242798,2024-04-23,autoritate non-spital
278258-2024,Municipiul Galati,BIO HYGIENE SRL / DIAMEDIX IMPEX / NOVA TECH MED / Sante International,7484050,2024-04-24,autoritate non-spital
SCN1145537,COMUNA SALARD (PRIMARIA COMUNEI SALARD),ANA INVEST & RESEARCH,40780,2024-04-24,autoritate non-spital
247453-2024,Spitalul Judetean de Urgenta Tulcea,,,2024-04-25,procedura anulata / fara castigator (confirmat in XML TED)
SCNA1102868,"Institutul National de Cercetare - Dezvoltare pentru Pedologie, Agrochimie si Protectia Mediului - ICPA Bucuresti",WATT DISTRIBUTOR S.R.L.,610080,2024-04-25,institut de cercetare / fara paturi de spital
SCNA1102884,Directia Sanitara Veterinara si pentru Siguranta Alimentelor Bistrita-Nasaud,MEDICLIM S.R.L. / NITECH S.R.L. / MEDVET DIAGNOSTIC / Noack Romania S.R.L.,205720,2024-04-25,autoritate non-spital
249903-2024,SPITALUL MUNICIPAL DR. ALEXANDRU SIMIONESCU HUNEDOARA,,,2024-04-26,procedura anulata / fara castigator (confirmat in XML TED)
250719-2024,MUNICIPIUL DEJ,,,2024-04-26,autoritate non-spital
251227-2024,SPITALUL JUDETEAN DE URGENTA DROBETA TURNU SEVERIN,,,2024-04-26,procedura anulata / fara castigator (confirmat in XML TED)
300838-2024,Orasul Zarnesti (Primaria Orasului Zarnesti),UNIVERSAL MEDICAL S.R.L.,3923000,2024-04-26,autoritate non-spital
249577-2024,Municipiul Dej,,7924760,2024-04-26,autoritate non-spital
CN1068331,Ministerul Apararii U.M. 02412 Bucuresti,TUNIC PROD S.R.L. / TODY LABORATORIES MED / AVENA MEDICA S.R.L. / PARTNERS MEDICAL SOLUTION S.R.L. / DIAMEDIX IMPEX / Medist / VETRO DESIGN,15191795,2024-04-26,unitate militara fara profil de spital
CN1061789,MUNICIPIUL DOROHOI,LIAMED,621300,2024-04-28,autoritate non-spital
254343-2024,Consiliul Judetean Dambovita,,1413767,2024-04-29,autoritate non-spital
CAN1125799,Penitenciarul Drobeta Turnu Severin,SC ARASINVEST GROUP SRL,11334,2024-05-07,autoritate non-spital
278146-2024,"Centrul Medical de Diagnostic, Tratament Ambulatoriu si Medicina Preventiva",B. BRAUN AVITUM / EVO HEALTHCARE CONSULTING,7263096,2024-05-09,centru medical ambulatoriu (fara paturi)
285041-2024,"Centrul Medical de Diagnostic, Tratament Ambulatoriu si Medicina Preventiva",B. BRAUN AVITUM / EVO HEALTHCARE CONSULTING,907887,2024-05-09,centru medical ambulatoriu (fara paturi)
294888-2024,JUDETUL SALAJ,ADION PRODIMPEXTRANS S.R.L. / Dyomedica CND / PAPAPOSTOLOU S.R.L,1898527,2024-05-09,autoritate non-spital
331400-2024,ORASUL INEU,Artis Bio Tech / Dyomedica CND SRL / S.C. SC CLEANEXPERT SHOP SRL S.R.L. / S.C. SOLMED PROIECT S.R.L. / VELMED INTERNATIONAL,10310200,2024-05-09,autoritate non-spital
468460-2024,JUDETUL SALAJ,ADION PRODIMPEXTRANS S.R.L. / Dyomedica CND / PAPAPOSTOLOU S.R.L / VICI EVOLUTION S.R.L.,5024027,2024-05-09,autoritate non-spital
276800-2024,SPITALUL JUDETEAN DE URGENTA PIATRA NEAMT,,,2024-05-10,procedura anulata / fara castigator (confirmat in XML TED)
275969-2024,Comuna Zimandu Nou (Primaria),,1614875,2024-05-10,autoritate non-spital
276964-2024,Municipiul Sacele,C&A PHOENIX ART / S.C. WI-NOVATION S.R.L.,4515287,2024-05-10,autoritate non-spital
CAN1126109,SERVICIUL DE AMBULANTA BUCURESTI-ILFOV,NAFKA GRUP S.R.L.,6900,2024-05-10,autoritate non-spital
CAN1126111,SERVICIUL DE AMBULANTA BUCURESTI-ILFOV,MEDCLAS TRADING S.R.L.,24160,2024-05-10,autoritate non-spital
CAN1126115,SERVICIUL DE AMBULANTA BUCURESTI-ILFOV,DAC MEDICAL PLUS S.R.L.,10640,2024-05-10,autoritate non-spital
SCN1141135,AGENTIA NATIONALA PENTRU EGALITATEA DE SANSE INTRE FEMEI SI BARBATI,ALPHA HIPOMED SRL,1900,2024-05-11,autoritate non-spital
SCN1139483,DIRECTIA GENERALA DE ASISTENTA SOCIALA SI PROTECTIA COPILULUI SECTOR 6,FARMACIA OMNIA,1700949,2024-05-12,autoritate non-spital
279541-2024,Spital General CF Sibiu,,,2024-05-13,procedura anulata / fara castigator (confirmat in XML TED)
277992-2024,INSTITUTUL NATIONAL DE HEMATOLOGIE TRANSFUZIONALA Prof.Dr.C.T.Nicolau,,,2024-05-13,institut de cercetare / fara paturi de spital
SCN1146384,DIRECTIA GENERALA DE ASISTENTA SOCIALA SI PROTECTIA COPILULUI BOTOSANI,INFINITY M&S MANAGEMENT S.R.L.,6297,2024-05-13,autoritate non-spital
284100-2024,INSTITUTUL DE BOLI CARDIOVASCULARE TIMISOARA,,,2024-05-14,procedura anulata / fara castigator (confirmat in XML TED)
709380-2024,Serviciul de Ambulanta Judetean Bacau,ALPHA NED 2000 EXIM / ARTISANA MEDICAL S.R.L. / ATLAS MEDICAL / B.BRAUN MEDICAL / BEST ACHIZITII / BIZMED / CO&CO Consumer 2002 S.R.L. / COMPANIA NATIONALA UNIFARM / CORAMED MEDIZINISCHE PRODUKTE / CRAD RO / DRAEGER ROMANIA / FRESENIUS KABI ROMANIA / Filtre Aer Curat S.R.L. / GRAZY PRICE MEDICAL IMPORT EXPORT S.R.L. / HDL Union / HELLIMED / LUAN VISION / MEDCLAS TRADING S.R.L. / MEDI -TECH BUSINESS / MEDIST IMAGING & P.O.C. / MERCATOR MEDICAL / Medplaza Health / NAFKA GRUP / NOVA FIT 2000 SRL / PAUL HARTMANN / PRODCONFARM S.R.L. / ROVAL MED / TAISSIS CONCEPT / TMS - TOP MEDICAL SUPPLIER / VALDOMEDICA TRADING,851304,2024-05-14,autoritate non-spital
CAN1126314,Directia Generala de Asistenta Sociala si Protectia Copilului Constanta,TZMO ROMANIA,97947,2024-05-14,autoritate non-spital
427070-2024,Serviciul Judetean de Ambulanta Botosani,ALCA DUO MEDICAL S.R.L. / B.BRAUN MEDICAL / FARMACIA OMNIA / LUAN VISION / MEDCLAS TRADING S.R.L. / MEDICAL GRUP / PRODCONFARM S.R.L. / RICOMED / ROVAL MED / TAISSIS CONCEPT / TZMO ROMANIA / VALDOMEDICA TRADING / VETRO DESIGN / X-Lab Solutions S.R.L.,155322,2024-05-15,autoritate non-spital
285940-2024,DIRECTIA GENERALA DE ASISTENTA SOCIALA SI PROTECTIA COPILULUI BOTOSANI,BE ON THE LIST S.R.L. / DECAS / EUROTOTAL COMP / KALMAN DISTRIBUTION S.R.L. / KLINTENSIV / Reinigung / SEILAND / SIDE GRUP S.R.L. / TZMO ROMANIA,676771,2024-05-15,autoritate non-spital
286036-2024,Universitatea de Medicina si Farmacie din Craiova,Elta 90 Medical Research SRL / Gursk Medica / LABORATORIUM LIFE SCIENCE SRL / Z SPOT MEDIA,5022479,2024-05-15,autoritate non-spital
CN1068880,UNITATEA MILITARA 02379 BUCURESTI,CHRONOS TRADE MEDICAL / X-Lab Solutions S.R.L. / Hemarom S.R.L.,,2024-05-15,unitate militara fara profil de spital
SCNA1103936,Directia Sanitara Veterinara si pentru Siguranta Alimentelor Cluj,DIAMEDIX IMPEX / Noack Romania S.R.L. / MEDICLIM S.R.L. / DIALAB SOLUTIONS / Filara BioMed SRL / ROMVAC COMPANY,439885,2024-05-15,autoritate non-spital
290364-2024,Institutul de Boli Cardiovasculare Prof. Dr. I. M. Georgescu,,,2024-05-16,procedura anulata / fara castigator (confirmat in XML TED)
293303-2024,UM 0929 Bucuresti,,,2024-05-17,procedura anulata / fara castigator (confirmat in XML TED)
292022-2024,MUNICIPIUL ODORHEIU SECUIESC (PRIMARIA MUNICIPIULUI ODORHEIU SECUIESC),,1307337,2024-05-17,autoritate non-spital
CAN1126573,Orasul Sângeorgiu de Padure,LIAMED,112056,2024-05-17,autoritate non-spital
CN1069032,Inspectoratul General pentru Situatii de Urgenta,LIAMED / TUDAGRIV SERVICES SRL / Datasec Consulting,601605,2024-05-17,autoritate non-spital
295365-2024,"UNIVERSITATEA DE MEDICINA SI FARMACIE ""VICTOR BABES"" TIMISOARA",,767412,2024-05-21,autoritate non-spital
302380-2024,"UNIVERSITATEA DE MEDICINA SI FARMACIE ""VICTOR BABES"" TIMISOARA",,1684626,2024-05-22,autoritate non-spital
CN1062676,Societatea Nationala de Gaze Naturale Romgaz S.A.,BIZMED,25325,2024-05-22,entitate privata (SRL/SA)
CN1062887,CONSILIUL JUDETEAN GORJ,MEDICAL GRUP,86320,2024-05-22,autoritate non-spital
302857-2024,COMUNA MIHAIL KOGALNICEANU,FORTE SYSTEMS S.R.L.,1262965,2024-05-23,autoritate non-spital
303683-2024,"UNIVERSITATEA DE MEDICINA SI FARMACIE ""VICTOR BABES"" TIMISOARA",,2571572,2024-05-23,autoritate non-spital
303846-2024,"BAZA DE APROVIZIONARE, GOSPODARIRE SI REPARATII",Klaus Distribution / SC ARASINVEST GROUP SRL / TURKROM,4480096,2024-05-23,autoritate non-spital
308292-2024,PENITENCIAR SPITAL BUCURESTI RAHOVA,,,2024-05-24,procedura anulata / fara castigator (confirmat in XML TED)
343122-2024,Unitatea Administrativ Teritoriala (UAT) Orasul Jibou,BTL ROMANIA APARATURA MEDICALA S.R.L. / DIGI MEDICAL TEHNIC / SUPERMEDICAL SRL,6128365,2024-05-24,autoritate non-spital
305886-2024,ORASUL COMANESTI,,1329750,2024-05-24,autoritate non-spital
307264-2024,Municipiul Hunedoara,,8184475,2024-05-24,autoritate non-spital
307758-2024,UNITATEA MILITARA 02301,,1990750,2024-05-24,unitate militara fara profil de spital
327093-2024,SERVICIUL JUDETEAN DE AMBULANTA ARGES,ALPHA BRIO MEDICAL S.R.L. / DELTAMED / LIME MEDICALS S.R.L. / LUAN VISION / MANUFARM S.R.L. / MEDCLAS TRADING S.R.L. / MEDICAL GRUP / ROSALVAMED PLUS / TMS - TOP MEDICAL SUPPLIER / VETRO DESIGN / X-Lab Solutions S.R.L.,362987,2024-05-27,autoritate non-spital
309335-2024,Consiliul Judetean Arad,MEDIZIN TECHNOLOGIES / Medical Logistic Mall,675250,2024-05-27,autoritate non-spital
311901-2024,Banca Nationala a Romaniei,,1854018,2024-05-27,autoritate non-spital
336642-2024,INSTITUTUL NATIONAL DE CERCETARE-DEZVOLTARE PENTRU FIZICA MATERIALELOR,MICRO ELECTRON OPTICS,1300000,2024-05-28,institut de cercetare / fara paturi de spital
317455-2024,Institutul de Boli Cardiovasculare Prof. Dr. I. M. Georgescu,,,2024-05-29,procedura anulata / fara castigator (confirmat in XML TED)
SCNA1104730,DIRECTIA GENERALA DE ASISTENTA SOCIALA SI PROTECTIA COPILULUI VALCEA,TZMO ROMANIA,256355,2024-05-29,autoritate non-spital
236446-2025,INSPECTORATUL GENERAL AL POLITIEI DE FRONTIERA,MAGUS PROTECT TECHNOLOGIES / NAMICON- TESTING S.R.L.,1297215,2024-05-31,autoritate non-spital
328260-2024,CENTRUL DE SANATATE MULTIFUNCTIONAL BRATCA,GREENBERG & COHEN CONSULT,969000,2024-05-31,autoritate non-spital
325215-2024,UM 0929 Bucuresti,,4856000,2024-06-03,procedura anulata / fara castigator (confirmat in XML TED)
337111-2024,MUNICIPIUL ROMAN,SPECTRUM POINT,2010000,2024-06-03,autoritate non-spital
347598-2024,MUNICIPIUL ROMAN,SPECTRUM POINT,2010000,2024-06-03,autoritate non-spital
398688-2024,SC. SANADOR SRL,ANGIOSPECTRU MED S.R.L. / BOSTON SCIENTIFIC ROMANIA / CARDIOTECH / ENDOTECHNOLOGY / EXIMIA MEDICAL / MEDTRONIC ROMANIA SRL / REVISMED MEDICAL / Sante International / Sof Medica,49399735,2024-06-03,entitate privata (SRL/SA)
710076-2024,Serviciul de Ambulanta Judetean Bacau,ALISON HAYES (ROMANIA) / ALPHA BRIO MEDICAL S.R.L. / CRIO - 2 S.R.L. / DANCRI MEDICAL / DELUXE MEDICRAFTS / FARMACIA OMNIA / LUAN VISION / MEDICAL GRUP / MEDIMPACT / NERAMO DISTRIBUTION / TOP TRADE MEDICAL / VALDOMEDICA TRADING / VETRO DESIGN,448196,2024-06-03,autoritate non-spital
326010-2024,Orasul Zarnesti (Primaria Orasului Zarnesti),,7084871,2024-06-03,autoritate non-spital
CAN1127477,Directia Generala de Asistenta Sociala si Protectia Copilului Prahova,SMART TRADE MASTER S.R.L.,267837,2024-06-03,autoritate non-spital
CAN1127506,Directia Generala de Asistenta Sociala si Protectia Copilului Prahova,SMART TRADE MASTER S.R.L.,200775,2024-06-03,autoritate non-spital
CN1069545,Consiliul Judetean Buzau,B.BRAUN MEDICAL S.R.L.,153207,2024-06-03,autoritate non-spital
SCN1147779,Directia Generala de Asistenta Sociala si Protectia Copilului Timis,ANA INVEST & RESEARCH / S.C. FEDERMEN EXIM S.R.L.,259340,2024-06-03,autoritate non-spital
328819-2024,SERVICIUL DE AMBULANTA BUCURESTI-ILFOV,,,2024-06-04,autoritate non-spital
SCN1140847,COMUNA RADOVANU (CONSILIUL LOCAL RADOVANU),PRAGMA COMPUTERS S.R.L.,415041,2024-06-04,autoritate non-spital
331602-2024,UM 0929 Bucuresti,,,2024-06-05,procedura anulata / fara castigator (confirmat in XML TED)
364306-2024,Ministerul Apararii U.M. 02412 Bucuresti,TEHNO ELECTRO MEDICAL COMPANY S.R.L.,1394900,2024-06-05,unitate militara fara profil de spital
391006-2024,Universitatea din Bucuresti,PRAGMA COMPUTERS S.R.L. / S.C. Edu Apps SRL S.R.L. / S.C. TESLA Numeric S.R.L.,431355,2024-06-05,autoritate non-spital
331059-2024,COMPANIA NATIONALA DE INVESTITII SA,,4494671,2024-06-05,entitate privata (SRL/SA)
333974-2024,Municipiul Craiova,,,2024-06-06,autoritate non-spital
358728-2024,JUDETUL CLUJ (CONSILIUL JUDETEAN),BTL ROMANIA APARATURA MEDICALA S.R.L.,90000,2024-06-06,autoritate non-spital
655742-2024,JUDETUL CLUJ (CONSILIUL JUDETEAN),BTL ROMANIA APARATURA MEDICALA S.R.L. / WINPHARMAMED,5955000,2024-06-06,autoritate non-spital
335017-2024,Ministerul Sanatatii,,3687476,2024-06-06,autoritate non-spital
335559-2024,COMUNA BLAGESTI,GBC EXIM S.R.L.,956109,2024-06-06,autoritate non-spital
CN1069726,MINISTERUL APARARII - UNITATEA MILITARA 02464 BUCURESTI,S.C. EDITRONIC INTERNATIONAL S.R.L. / HELLIMED S.R.L. / DACORUM GRUP / NEOMED S.R.L. / TEHNO ELECTRO MEDICAL COMPANY S.R.L.,,2024-06-06,unitate militara fara profil de spital
SCNA1105278,"Universitatea de Medicina si Farmacie ""Carol Davila""",TEHNODENT POKA S.R.L. / TEHNICAL DENT / Gursk Medica SRL / TERRAMOLD SOLUTIONS,373299,2024-06-06,autoritate non-spital
341019-2024,JUDETUL SALAJ,,,2024-06-10,autoritate non-spital
422206-2024,SERVICIUL DE AMBULANTA JUDETEAN BRASOV,CO&CO Consumer 2002 S.R.L. / CRAD RO / CRIO - 2 S.R.L. / LUAN VISION / NAFKA GRUP S.R.L. / S.C. D&G GROUP S.R.L. S.R.L. / S.C. MEDCLAS TRADING S.R.L. S.R.L. / S.C. Medplaza Health S.R.L. / S.C. TRIDENT MEDICAL COMPANY S.R.L. S.R.L. / SUPERMED CONFORT S.R.L. / TAISSIS CONCEPT / TZMO ROMANIA / VETRO DESIGN S.R.L.,117553,2024-06-10,autoritate non-spital
340001-2024,Orașul Vișeu de Sus,ELSACO SOLUTIONS / EURODIDACTICA S.R.L. / EUROPE ONE DREAM TREND,3668731,2024-06-10,autoritate non-spital
343137-2024,UM 0929 Bucuresti,,,2024-06-11,procedura anulata / fara castigator (confirmat in XML TED)
SCN1135015,JUDETUL VASLUI,PRIMERA MED TECHNOLOGY,117600,2024-06-11,autoritate non-spital
SCN1140850,COMUNA RECEA,BTL ROMANIA APARATURA MEDICALA S.R.L.,278371,2024-06-11,autoritate non-spital
SCN1148410,DIRECTIA SANITARA VETERINARA SI PENTRU SIGURANTA ALIMENTELOR IALOMITA,Altium International SRL / VETRO DESIGN / Nova Fit 2000 S.R.L.,4092,2024-06-13,autoritate non-spital
352011-2024,COMUNA PODURI (CONSILIUL LOCAL PODURI),MATRIX ONLINE / S.C. M&D RETAIL PIPERA SRL,900159,2024-06-14,autoritate non-spital
352353-2024,COMUNA BISTRA (CONS. LOCAL COMUNA BISTRA MARAMURES),,1124812,2024-06-14,autoritate non-spital
CN1070038,"Universitatea de Medicina si Farmacie ""Carol Davila""",AQUATOR S.R.L. / TEHNICAL DENT,538573,2024-06-17,autoritate non-spital
393650-2024,JUDEȚUL SUCEAVA,BIOMEDICA MEDIZINPRODUKTE ROMANIA SRL / Cleanroom Expert / DACORUM GRUP / EMCA Fenestra / HELLIMED / MEDICLIM S.R.L. / Medical Corp S.R.L. / OSCAR PROFESSIONAL SUPPLIES SRL / S.C. EVESICRAN COM S.R.L. / S.C. SAPACO 2000 S.A. S.C.S. / Sante International / TEHNO ELECTRO MEDICAL COMPANY S.R.L.,9985689,2024-06-18,autoritate non-spital
364164-2024,"UNIVERSITATEA DE MEDICINA SI FARMACIE ""VICTOR BABES"" DIN TIMISOARA",,,2024-06-19,autoritate non-spital
386306-2024,Consiliul Judetean Buzau,NANO BIO MEDICAL S.R.L.,23160,2024-06-19,autoritate non-spital
444920-2024,Municipiul Craiova,ALMED INVESTMENTS / Elta 90 Medical Research SRL / Medist / PRIMERA MED TECHNOLOGY,29467830,2024-06-19,autoritate non-spital
366903-2024,Consiliul Judetean Calarasi,,,2024-06-20,autoritate non-spital
CN1070179,COMUNA BLAGESTI,ELITEMOB,529268,2024-06-20,autoritate non-spital
SCNA1106107,DIRECTIA SANITARA VETERINARA SI PENTRU SIGURANTA ALIMENTELOR OLT,Noack Romania S.R.L. / MEDVET DIAGNOSTIC / EUROVET LAB S.R.L. / ROMVAC COMPANY / Filara BioMed SRL / MEDICLIM S.R.L. / DIALAB SOLUTIONS,188715,2024-06-20,autoritate non-spital
SCNA1106108,Directia Sanitara Veterinara si pentru Siguranta Alimentelor Buzau,MEDICLIM S.R.L. / Noack Romania S.R.L. / DIALAB SOLUTIONS / ANTISEL RO SRL,252674,2024-06-20,autoritate non-spital
414818-2024,SERVICIUL DE PROTECTIE SI PAZA – U.M. 0149 F BUCURESTI,ALTIUM INTERNATIONAL / ANTISEL RO / Novaintermed S.R.L. / ROTMAN INDUSTRIES SRL,969348,2024-06-21,unitate militara fara profil de spital
368510-2024,CONSILIUL JUDETEAN GORJ,,2552600,2024-06-21,autoritate non-spital
369348-2024,Municipiul Craiova,,17604114,2024-06-21,autoritate non-spital
379495-2024,Serviciul de Ambulanta al Judetului Timis,ADAR UNIC SOLUTIONS / ALPHA BRIO MEDICAL S.R.L. / ATLAS MEDICAL / AVA MEDICAL SERVICES SRL / CO&CO Consumer 2002 S.R.L. / CRAD RO / CRIO - 2 S.R.L. / DELUXE MEDICRAFTS / IOANA N & M SRL / LUAN VISION / MEDCLAS TRADING S.R.L. / MEDICAL GRUP / Medplaza Health / NAFKA GRUP / ROVAL MED / SANROTEX TRADING SRL / SANTOMED / SH MEDICAL SRL / TMS - TOP MEDICAL SUPPLIER / TZMO ROMANIA / VALDOMEDICA TRADING / VETRO DESIGN / VIOMED CONSUM S.R.L.,376531,2024-06-24,autoritate non-spital
461050-2024,Serviciul de Ambulanta al Judetului Timis,ADAR UNIC SOLUTIONS / ALPHA BRIO MEDICAL S.R.L. / ATLAS MEDICAL / AVA MEDICAL SERVICES SRL / CO&CO Consumer 2002 S.R.L. / CRAD RO / CRIO - 2 S.R.L. / DELUXE MEDICRAFTS / IOANA N & M SRL / LUAN VISION / MEDCLAS TRADING S.R.L. / MEDICAL GRUP / Medplaza Health / NAFKA GRUP / ROVAL MED / SANROTEX TRADING SRL / SANTOMED / SH MEDICAL SRL / TMS - TOP MEDICAL SUPPLIER / TZMO ROMANIA / VALDOMEDICA TRADING / VETRO DESIGN / VIOMED CONSUM S.R.L.,376919,2024-06-24,autoritate non-spital
372744-2024,Municipiul Marghita,BY CONCEPTO MOBILI,957600,2024-06-24,autoritate non-spital
391506-2024,JUDETUL GALATI,ADG MEDICAL SUPPLY,3911510,2024-06-25,autoritate non-spital
445575-2024,JUDETUL GALATI,ANDCOR / MEDIST IMAGING & P.O.C. / OVAVINCI / Sante International,3988696,2024-06-25,autoritate non-spital
SCN1148999,DIRECTIA GENERALA DE ASISTENTA SOCIALA SI PROTECTIA COPILULUI BOTOSANI,ESTBIMAR ISD / GECOR SRL / INFINITY M&S MANAGEMENT S.R.L. / TRANSLIMA / WOODART / ANA INVEST & RESEARCH,223771,2024-06-26,autoritate non-spital
SCNA1106329,SERVICIUL DE AMBULANTA DOLJ,BIZMED SRL / LUAN VISION / S.C. MEDCLAS TRADING S.R.L. S.R.L. / S.C.MEDICAL GRUP S.R.L. / DDS Diagnostic / MERCATOR MEDICAL / CRIO - 2 S.R.L. / S.C. IOANA N & M SRL S.R.L. / ROVAL MED / ALPHA BRIO MEDICAL S.R.L. / NAFKA GRUP S.R.L.,164678,2024-06-26,autoritate non-spital
443017-2024,JUDETUL CLUJ (CONSILIUL JUDETEAN),Elta 90 Medical Research SRL,1009800,2024-06-27,autoritate non-spital
575083-2024,JUDETUL CLUJ (CONSILIUL JUDETEAN),Elta 90 Medical Research SRL / RAFI MEDICAL / TEHNOPLUS MEDICAL,2055300,2024-06-27,autoritate non-spital
676811-2024,JUDETUL CLUJ (CONSILIUL JUDETEAN),Elta 90 Medical Research SRL / NICONSULTING TECHNICS SRL / RAFI MEDICAL / TEHNOPLUS MEDICAL,2297579,2024-06-27,autoritate non-spital
SCNA1106396,CAMERA DEPUTATILOR,FABI TOTAL GRUP S.R.L. / CENSUS GROUP,339825,2024-06-27,autoritate non-spital
384756-2024,SPITALUL UNIVERSITAR DE URGENTA ELIAS,,,2024-06-28,procedura anulata / fara castigator (confirmat in XML TED)
429915-2024,Judetul Neamt,Elta 90 Medical Research SRL / Integra Medical Business / KRAL MEDICAL SOLUTIONS SRL / MEDIPLUS SOLUTIONS / NOVOMED INTERNATIONAL SRL / Novaintermed S.R.L.,11496402,2024-06-28,autoritate non-spital
383841-2024,JUDETUL ARGES,,64286853,2024-06-28,autoritate non-spital
SCN1142637,Directia Generala de Asistenta Sociala si Protectia Copilului Timis,B.N.BUSINESS S.R.L.,400000,2024-06-29,autoritate non-spital
388855-2024,UM 0929 Bucuresti,,,2024-07-01,procedura anulata / fara castigator (confirmat in XML TED)
389881-2024,JUDETUL GIURGIU,,1310775,2024-07-01,autoritate non-spital
SCN1149225,MINISTERUL APARARII - UNITATEA MILITARA 02464 BUCURESTI,HALMADENT SRL / Carl Zeiss Instruments,331200,2024-07-01,unitate militara fara profil de spital
390661-2024,JUDETUL SALAJ,,,2024-07-02,autoritate non-spital
434284-2025,"Universitatea de Medicina si Farmacie ""Iuliu Hatieganu"" Cluj-Napoca",DENTSTORE / MEDICA M3 APARATURĂ SERVICE S.R.L. / TEHNODENT POKA S.R.L.,710676,2024-07-02,autoritate non-spital
440957-2024,SERVICIUL DE AMBULANTA JUDETEAN PRAHOVA,A&A FARMA DISTRIBUTION S.R.L / BIZMED SRL / CRIO - 2 S.R.L. / HELLIMED / LUAN VISION / MEDIST IMAGING & P.O.C. S.R.L. / NAFKA GRUP S.R.L. / NANO BIO MEDICAL S.R.L. / ROVAL MED / S.C. DANCRI MEDICAL S.R.L. / S.C. DELTAMED S.R.L. / S.C. Filtre Aer Curat S.R.L. S.R.L. / S.C. IOANA N & M SRL S.R.L. / S.C. Medplaza Health S.R.L. / S.C. Natural Es-medical S.R.L S.R.L. / S.C. TODAY SOLUTION S.R.L. / SC Nova Fit 2000 S.R.L. / TMS - TOP MEDICAL SUPPLIER / TZMO ROMANIA / VALDOMEDICA TRADING / VETRO DESIGN S.R.L. / X-Lab Solutions S.R.L. / ZARYS INTERNATIONAL GROUP MEDICAL EQUIPMENT S.R.L.,1540185,2024-07-02,autoritate non-spital
452887-2024,"Universitatea de Medicina si Farmacie ""Iuliu Hatieganu"" Cluj-Napoca",DENTSTORE / MEDICA M3 APARATURĂ SERVICE S.R.L. / TEHNODENT POKA S.R.L.,4541831,2024-07-02,autoritate non-spital
CN1070673,ACADEMIA NAVALA ”Mircea cel Batran”- UM 02192 CONSTANTA,CAD WORKS INTERNATIONAL / PRAGMA COMPUTERS S.R.L.,417978,2024-07-02,unitate militara fara profil de spital
410716-2024,JUDETUL SIBIU,ANDCOR S.R.L. / B.BRAUN MEDICAL / BIO HYGIENE SRL / DIAMEDIX IMPEX / DVC MEDICAL VISION SRL / Elta 90 Medical Research SRL / LUAN VISION / MEDICLIM S.R.L. / NOVOMED INTERNATIONAL SRL / Novaintermed S.R.L. / TEHNOPLUS MEDICAL,27889060,2024-07-03,autoritate non-spital
400491-2024,SPITALUL DE PSIHIATRIE SI PENTRU MASURI DE SIGURANTA,,4048291,2024-07-04,procedura anulata / fara castigator (confirmat in XML TED)
452193-2024,Consiliul Judetean Dambovita,AXIOMA MEDICAL / BIO HYGIENE / Integra Medical Business / KRAL MEDICAL SOLUTIONS SRL / MEDICLIM S.R.L. / SMGELECTRONICA / TEHNOPLUS MEDICAL / VICI EVOLUTION S.R.L. / Zeko Lifemed,25116578,2024-07-05,autoritate non-spital
400876-2024,DIRECTIA GENERALA DE ASISTENTA SOCIALA SI PROTECTIA COPILULUI HUNEDOARA,FARMACIA OMNIA / TZMO ROMANIA,715671,2024-07-05,autoritate non-spital
CN1070730,Consiliul Judetean Buzau,BROKMED S.R.L. / HELLIMED,620030,2024-07-05,autoritate non-spital
SCN1149581,COMUNA CÎNDESTI,OZEL STEEL PROFIL DISTRIBUTION SRL / MATRIX ONLINE,662225,2024-07-05,autoritate non-spital
SCNA1106950,"Universitatea de Medicina si Farmacie ""Carol Davila""",LUAN VISION / MEDIKA H & S IMPEX S.R.L. / MED TEHNICA,202945,2024-07-05,autoritate non-spital
404205-2024,ORASUL HOREZU - CONSILIUL LOCAL HOREZU,,11754999,2024-07-08,autoritate non-spital
404733-2024,MINISTERUL APARARII NATIONALE- U.M. 02587 (INSTITUTUL NATIONAL DE MEDICINA AERONAUTICA SI SPATIALA),,,2024-07-08,procedura anulata / fara castigator (confirmat in XML TED)
457794-2024,SERVICIUL DE AMBULANTA JUDETEAN ALBA,ALPHA BRIO MEDICAL S.R.L. / BIZMED / CO&CO Consumer 2002 S.R.L. / CRIO - 2 S.R.L. / DELTAMED / EST INVEST FARMA / GRAZY PRICE MEDICAL IMPORT EXPORT S.R.L. / HDL Union / HELLIMED / IOANA N & M SRL / LUAN VISION / MEDCLAS TRADING S.R.L. / MEDICAL GRUP / MEDIMPACT / MEDIST IMAGING & P.O.C. / MEDITECH CMA / MERCATOR MEDICAL / Medplaza Health / NAFKA GRUP / NOVA FIT 2000 / Novaintermed S.R.L. / PRIMEX MEDICAL / PRODCONFARM S.R.L. / RICOMED / ROVAL MED / SANROTEX TRADING SRL / TZMO ROMANIA / X-Lab Solutions S.R.L. / ZARYS INTERNATIONAL GROUP,2041254,2024-07-08,autoritate non-spital
487794-2024,JUDETUL SALAJ,Sof Medica,305000,2024-07-08,autoritate non-spital
CN1066044,ORASUL POTCOAVA,UNION CO S.R.L.,288415,2024-07-08,autoritate non-spital
409851-2024,SPITALUL UNIVERSITAR DE URGENTA ELIAS,,,2024-07-09,procedura anulata / fara castigator (confirmat in XML TED)
438661-2024,"UNIVERSITATEA DE MEDICINA SI FARMACIE ""GRIGORE T.POPA"" DIN IASI",FORMWERK / MEDICA M3 APARATURĂ SERVICE S.R.L. / S.C. TEHNICAL DENT S.R.L. / SH MEDICAL SRL / TEHNODENT POKA S.R.L.,951905,2024-07-09,autoritate non-spital
443131-2024,JUDETUL CLUJ (CONSILIUL JUDETEAN),BIO HYGIENE SRL / CLEANING LOGISTIC DISTRIBUTION S.R.L. / NITECH / PRIMERA MED TECHNOLOGY,350490,2024-07-09,autoritate non-spital
611671-2024,"UNIVERSITATEA DE MEDICINA SI FARMACIE ""GRIGORE T.POPA"" DIN IASI",D.S. DENTISTRY S.R.L. / FORMWERK / MEDICA M3 APARATURĂ SERVICE S.R.L. / S.C. TEHNICAL DENT S.R.L. / SH MEDICAL SRL / TEHNODENT POKA S.R.L.,5555403,2024-07-09,autoritate non-spital
413208-2024,UM 0929 Bucuresti,,,2024-07-10,procedura anulata / fara castigator (confirmat in XML TED)
603421-2024,"Universitatea de Medicina si Farmacie ""Iuliu Hatieganu"" Cluj-Napoca",ANTISEL RO / Agilrom Scientific / BIO AQUA GROUP / CHROMAKTIV S.R.L. / CO&CO Consumer 2002 S.R.L. / DELTAMED / EMSAR S.R.L. / Filara BioMed SRL / LABORSISTEM S.R.L. / MERC INTERNATIONAL IMPEX S.R.L. / Novaintermed S.R.L. / PAUL HARTMANN / ROMBIOMEDICA / TEHNO ELECTRO MEDICAL COMPANY S.R.L. / TUNIC PROD S.R.L.,1153793,2024-07-10,autoritate non-spital
SCN1149807,SCOALA NATIONALA DE PREGATIRE A AGENTILOR DE PENITENCIARE TG. OCNA,ISM CONCEPT S.R.L. / SC LOVADEN GROUP SRL / EVA MOBIAND SRL / NEAGU MOB COMPANY SRL,480419,2024-07-10,autoritate non-spital
415776-2024,SANATORIUL BALNEAR SI DE RECUPERARE TECHIRGHIOL,,,2024-07-11,procedura anulata / fara castigator (confirmat in XML TED)
416181-2024,Institutul de Boli Cardiovasculare Prof. Dr. I. M. Georgescu,,,2024-07-11,procedura anulata / fara castigator (confirmat in XML TED)
444972-2024,Consiliul Judetean Calarasi,ROCS LOGISTIC TEAM,1349966,2024-07-11,autoritate non-spital
451471-2024,Municipiul Vatra Dornei,CATTUS,584902,2024-07-11,autoritate non-spital
478446-2024,MUNICIPIUL DOROHOI,IRYO SYSTEMS / SIGNAL SPECTRUM / SPECTRUM POINT / UNIVERSAL MEDICAL S.R.L.,2050012,2024-07-11,autoritate non-spital
415439-2024,Consiliul Judetean Suceava,,2918102,2024-07-11,autoritate non-spital
417285-2024,UM 0929 Bucuresti,,,2024-07-12,procedura anulata / fara castigator (confirmat in XML TED)
418546-2024,"Dopravní podnik hl. m. Prahy, akciová společnost","TŘINECKÉ ŽELEZÁRNY, a. s.",8416056,2024-07-12,autoritate non-spital
418600-2024,Serviciul de Ambulanta Judetean Vaslui,,,2024-07-12,autoritate non-spital
SCN1141597,COMUNA RECEA,EURODIDACTICA S.R.L.,285621,2024-07-12,autoritate non-spital
445965-2024,INSTITUTUL NATIONAL DE TRANSFUZIE SANGUINA Prof.Dr.C.T.Nicolau,CHRONOS TRADE MEDICAL,6784650,2024-07-15,institut de cercetare / fara paturi de spital
604374-2024,"Universitatea de Medicina si Farmacie ""Iuliu Hatieganu"" Cluj-Napoca",TEHNODENT POKA S.R.L.,594925,2024-07-15,autoritate non-spital
CN1071017,ORASUL BALS,ANA INVEST & RESEARCH / NETIX COMPUTERS S.R.L.,512053,2024-07-15,autoritate non-spital
CN1071028,"Universitatea de Medicina si Farmacie ""Iuliu Hatieganu"" Cluj-Napoca",Nastimed Serv / TEHNICAL DENT / TEHNODENT POKA S.R.L.,3860686,2024-07-15,autoritate non-spital
SCN1141705,COMUNA MAIERUS (PRIMARIA COMUNEI MAIERUS),EURODIDACTICA S.R.L.,363583,2024-07-15,autoritate non-spital
424772-2024,UM 0929 Bucuresti,,,2024-07-16,procedura anulata / fara castigator (confirmat in XML TED)
424940-2024,SPITALUL CLINIC DE URGENTA SF.IOAN,,,2024-07-16,procedura anulata / fara castigator (confirmat in XML TED)
425565-2024,JUDETUL GALATI,,,2024-07-16,autoritate non-spital
425734-2024,Spital Clinic Judetean de Urgenta Arad,,,2024-07-16,procedura anulata / fara castigator (confirmat in XML TED)
SCN1144031,COMPANIA DE UTILITATI PUBLICE DUNAREA BRAILA,MERC INTERNATIONAL IMPEX S.R.L.,55996,2024-07-16,autoritate non-spital
170985-2026,SERVICIUL DE AMBULANTA JUDETEAN CONSTANTA,ALCA DUO MEDICAL S.R.L. / AVMED PLUS / CO&CO Consumer 2002 S.R.L. / CRAD RO / DEMOPHORIUS HEALTHCARE SRL / HELLIMED / MEDIST IMAGING & P.O.C. S.R.L. / PRODCONFARM S.R.L. / ROVAL MED / Rosalvamed Plus S.R.L. / S.C. Medplaza Health S.R.L. / S.C.MEDICAL GRUP S.R.L. / SANTOMED S.R.L. / TMS - TOP MEDICAL SUPPLIER / TZMO ROMANIA / VALDOMEDICA TRADING / VETRO DESIGN S.R.L.,683382,2024-07-17,autoritate non-spital
431694-2024,JUDETUL SALAJ,TEHNOPLUS MEDICAL,130200,2024-07-17,autoritate non-spital
447441-2025,JUDETUL SATU MARE,ANDCOR / B.BRAUN MEDICAL / CATTUS / CLASSIMED / DIALAB SOLUTIONS / Dental Vladmed V&M SRL / Dyomedica CND / GLOBAL MEDICAL SOLUTIONS / INNOVA INTEGRATION S.R.L. / KARL STORZ ENDOSCOPIA ROMANIA / LIAMED / MEDIQ INNOVATIVE TECHNOLOGIES SRL / MEDIST IMAGING & P.O.C. / MEDIST LIFE SCIENCE S.R.L. / MEDIXFARM TEHNOPLUS / MEDIZIN TECHNOLOGIES / NANO BIO MEDICAL S.R.L. / NITECH / NOVA GROUP INVESTMENT / NOVOMED INTERNATIONAL SRL / RAFI MEDICAL / RIDA S SRL / Sof Medica / TEHNO ELECTRO MEDICAL COMPANY S.R.L. / VLADI MED DISTRIBUTION S.R.L.,15606431,2024-07-17,autoritate non-spital
473900-2024,SERVICIUL DE AMBULANTA JUDETEAN VRANCEA,DELUXE MEDICRAFTS SRL / HELLIMED / Rosalvamed Plus S.R.L. / S.C. D&G GROUP S.R.L. S.R.L. / X-Lab Solutions S.R.L.,1038046,2024-07-17,autoritate non-spital
487907-2024,JUDEȚUL SUCEAVA,DACORUM GRUP / DRAEGER ROMANIA / FRESENIUS KABI ROMANIA / HELLIMED / MEDIST IMAGING & P.O.C.,3465000,2024-07-17,autoritate non-spital
608897-2024,JUDETUL CLUJ (CONSILIUL JUDETEAN),B.BRAUN MEDICAL SRL / NOVA GROUP INVESTMENT / S.C. BUNZL DISTRIBUTIE S.R.L. / TERMOEXPRESS TRADING,168894,2024-07-17,autoritate non-spital
616015-2024,JUDETUL CLUJ (CONSILIUL JUDETEAN),B.BRAUN MEDICAL SRL / NOVA GROUP INVESTMENT / S.C. BUNZL DISTRIBUTIE S.R.L. / SIGNAL SPECTRUM SRL-D / TERMOEXPRESS TRADING,254894,2024-07-17,autoritate non-spital
616157-2024,JUDETUL SATU MARE,ANDCOR / B.BRAUN MEDICAL / CATTUS / CLASSIMED / DIALAB SOLUTIONS / Dental Vladmed V&M SRL / Dyomedica CND / GLOBAL MEDICAL SOLUTIONS / INNOVA INTEGRATION S.R.L. / KARL STORZ ENDOSCOPIA ROMANIA / LIAMED / MEDIQ INNOVATIVE TECHNOLOGIES SRL / MEDIST IMAGING & P.O.C. / MEDIST LIFE SCIENCE S.R.L. / MEDIXFARM TEHNOPLUS / MEDIZIN TECHNOLOGIES / NANO BIO MEDICAL S.R.L. / NITECH / NOVA GROUP INVESTMENT / NOVOMED INTERNATIONAL SRL / RAFI MEDICAL / RIDA S SRL / Sof Medica / TEHNO ELECTRO MEDICAL COMPANY S.R.L. / VLADI MED DISTRIBUTION S.R.L.,15483723,2024-07-17,autoritate non-spital
696514-2024,SERVICIUL DE AMBULANTA JUDETEAN VRANCEA,DELUXE MEDICRAFTS SRL / HELLIMED SRL / Rosalvamed Plus S.R.L. / S.C. D&G GROUP S.R.L. S.R.L. / X-Lab Solutions S.R.L.,2076092,2024-07-17,autoritate non-spital
450604-2024,Directia Sanitara Veterinara si pentru Siguranta Alimentelor Botosani,DIALAB SOLUTIONS,480000,2024-07-18,autoritate non-spital
477979-2024,MUNICIPIUL DOROHOI,BLUEBOX MEDICAL / Filara BioMed SRL / NOVA GROUP INVESTMENT,61462,2024-07-18,autoritate non-spital
CN1065152,ENGIE ROMANIA S.A.,TRIPLAST,,2024-07-18,entitate privata (SRL/SA)
433983-2024,Consiliul Judetean Calarasi,,3085622,2024-07-19,autoritate non-spital
764150-2024,"UNIVERSITATEA DE MEDICINA SI FARMACIE ""VICTOR BABES"" DIN TIMISOARA",ALCON ROMANIA / ANTISEL RO / CATTUS / CLARFON / Dyomedica CND / Elta 90 Medical Research SRL / HEALTHTIM / MEDICAL SIMULATOR PROJECTS / TIMBERSTAR,1386425,2024-07-22,autoritate non-spital
453151-2024,"UNIVERSITATEA DE MEDICINA SI FARMACIE ""VICTOR BABES"" DIN TIMISOARA",ALCON ROMANIA / ANTISEL RO / CLARFON / Dyomedica CND / Elta 90 Medical Research SRL / HEALTHTIM / TIMBERSTAR,1334425,2024-07-23,autoritate non-spital
470025-2024,Judetul Brasov,A.M.S. 2000 TRADING IMPEX / BIOMEDICA MEDIZINPRODUKTE ROMANIA SRL / Elta 90 Medical Research SRL / NOVA GROUP INVESTMENT / TUNIC PROD S.R.L.,2678157,2024-07-23,autoritate non-spital
CAN1130504,INSTITUTUL NATIONAL DE HEMATOLOGIE TRANSFUZIONALA Prof.Dr.C.T.Nicolau,CHRONOS TRADE MEDICAL,,2024-07-23,institut de cercetare / fara paturi de spital
SCN1150489,CLUBUL SPORTIV MUNICIPAL BUCURESTI,HIGH ENERGY CONCEPTS / PROFESSIONAL FARMA LINE / S.C. Recosport S.R.L.,,2024-07-23,autoritate non-spital
443352-2024,JUDETUL SALAJ,,,2024-07-24,autoritate non-spital
507798-2024,Institutul National de Cercetare Dezvoltare Medico Militara Cantacuzino,DIALAB SOLUTIONS / MEDICLIM S.R.L. / VitroBioChem S.R.L.,1555077,2024-07-24,institut de cercetare / fara paturi de spital
465931-2024,JUDETUL SALAJ,TEHNOPLUS MEDICAL / VODIMEDICOR S.R.L.,475800,2024-07-25,autoritate non-spital
485987-2024,JUDETUL SALAJ,HELLIMED / TEHNOPLUS MEDICAL / VODIMEDICOR S.R.L.,565800,2024-07-25,autoritate non-spital
491854-2024,JUDETUL BACAU,A.M.S. 2000 TRADING IMPEX / BIO AQUA GROUP / DIAMEDIX IMPEX / Elta 90 Medical Research SRL / HELLIMED / KAPAMED INTERNATIONAL SRL / MEDICLIM S.R.L. / NOVA GROUP INVESTMENT / OSCAR PROFESSIONAL SUPPLIES SRL / RAFI MEDICAL / Sante International S.A.,18450434,2024-07-25,autoritate non-spital
SCN1150561,Comuna Dimitrie Cantemir,AMBIENT ROOF DAHA / ANA INVEST & RESEARCH / ESTBIMAR ISD / VELVET CONSULTING / TRANSLIMA,198544,2024-07-25,autoritate non-spital
SCN1150562,ORASUL TARGU FRUMOS,SERVICELL,271050,2024-07-25,autoritate non-spital
449093-2024,"SPITALUL CLINIC DE NEFROLOGIE ""DR. CAROL DAVILA""",,,2024-07-26,procedura anulata / fara castigator (confirmat in XML TED)
450843-2024,DIRECTIA GENERALA DE ASISTENTA SOCIALA SI PROTECTIA COPILULUI HUNEDOARA,DNS BIROTICA / FLYNG IMPEX S.R.L. / OFFICE&MORE / SIDE GRUP S.R.L.,533879,2024-07-26,autoritate non-spital
SCNA1105719,PRIMARIA MUNICIPIULUI ZALAU,PRO TEHNIC,257655,2024-07-26,autoritate non-spital
462120-2024,JUDETUL CLUJ (CONSILIUL JUDETEAN),B.BRAUN MEDICAL / NOVA GROUP INVESTMENT / S.C. BUNZL DISTRIBUTIE S.R.L. / TERMOEXPRESS TRADING,168894,2024-07-29,autoritate non-spital
472114-2024,Judetul Neamt,ROCS LOGISTIC TEAM,1349966,2024-07-29,autoritate non-spital
CAN1130799,SERVICIUL DE AMBULANTA JUDETEAN ALBA,X-Lab Solutions S.R.L. / MEDICAL GRUP / PRODCONFARM S.R.L. / CRIO - 2 S.R.L. / HELLIMED / LUAN VISION / MEDIMPACT / MEDIST IMAGING & P.O.C. S.R.L. / Nova Fit 2000 S.R.L. / Novaintermed S.R.L. / RICOMED / PRIMEX MEDICAL / ROVAL MED / TZMO ROMANIA / CO&CO Consumer 2002 S.R.L. / ALPHA BRIO MEDICAL S.R.L. / BIZMED / MEDITECH CMA / Medplaza Health / NAFKA GRUP S.R.L. / SANROTEX TRADING SRL / ZARYS INTERNATIONAL GROUP / HDL Union / DELTAMED / IOANA N & M SRL / GRAZY PRICE MEDICAL IMPORT EXPORT S.R.L. / EST INVEST FARMA / MERCATOR MEDICAL / MEDCLAS TRADING S.R.L.,,2024-07-29,autoritate non-spital
475814-2024,JUDETUL CLUJ (CONSILIUL JUDETEAN),DIAMEDIX IMPEX / Elta 90 Medical Research SRL / MERIDIAN INVEST SRL / NOVOMED INTERNATIONAL SRL / S.C EVIVIOS MED S.R.L.,2666900,2024-07-30,autoritate non-spital
476650-2024,Judetul Brasov,A.M.S. 2000 TRADING IMPEX / Elta 90 Medical Research SRL / NICONSULTING TECHNICS SRL / RAFI MEDICAL,2825451,2024-07-30,autoritate non-spital
482495-2024,MUNICIPIUL DEJ,SUPERMEDICAL,7923750,2024-07-30,autoritate non-spital
757261-2024,Directia Sanitar Veterinara si pentru Siguranta Alimentelor Braila,DIALAB SOLUTIONS / DIAMEDIX IMPEX / Filara BioMed SRL / MEDICLIM S.R.L. / NOVA GROUP INVESTMENT / Noack Romania S.R.L. / Omnivet Impex S.R.L. / ROMVAC COMPANY,1024273,2024-07-30,autoritate non-spital
801308-2025,Directia Sanitar Veterinara si pentru Siguranta Alimentelor Braila,DIALAB SOLUTIONS / DIAMEDIX IMPEX / Filara BioMed SRL / MEDICLIM S.R.L. / NOVA GROUP INVESTMENT / Noack Romania S.R.L. / Omnivet Impex S.R.L. / ROMVAC COMPANY,1024273,2024-07-30,autoritate non-spital
456329-2024,MUNICIPIUL BACAU,ASTROMAGAZIN / MERC INTERNATIONAL IMPEX S.R.L. / SC Accent Global Construct SRL,1710682,2024-07-30,autoritate non-spital
CN1071608,PENITENCIARUL CRAIOVA,OVAVINCI,48133,2024-07-30,autoritate non-spital
486435-2024,Municipiul Galati,MEDICLIM S.R.L.,561800,2024-07-31,autoritate non-spital
459927-2024,"BAZA DE APROVIZIONARE, GOSPODARIRE SI REPARATII",,,2024-07-31,autoritate non-spital
464757-2024,Consiliul Judetean Calarasi,,19221685,2024-08-01,autoritate non-spital
520929-2024,"UNIVERSITATEA DE MEDICINA SI FARMACIE ""VICTOR BABES"" DIN TIMISOARA",ANTISEL RO / CARTO PLAST SRL / MEDIKA H & S IMPEX S.R.L. / MEDIST IMAGING & P.O.C. / MGA CONCEPT TECHNOLOGY S.R.L.,1683168,2024-08-01,autoritate non-spital
463357-2024,Direcția Generală de Asistență Socială și Protecția Copilului Mehedinți,,,2024-08-01,autoritate non-spital
CAN1127734,INSPECTORATUL GENERAL PENTRU IMIGRARI,VERASYS INTERNATIONAL / PRAGMA COMPUTERS S.R.L.,532024,2024-08-01,autoritate non-spital
CAN1130235,JUDETUL SALAJ,VODIMEDICOR S.R.L. / TEHNOPLUS MEDICAL,475800,2024-08-01,autoritate non-spital
CN1071656,Directia Generala de Asistenta Sociala si Protectia Copilului Mehedinti,MEDCHIM EXPERT SRL / C&C ACTIV GENERAL CONCEPT / RTC PROFFICE EXPERIENCE / TZMO ROMANIA,41307084,2024-08-01,autoritate non-spital
SCN1150922,Institutul National de Medicina Legala Mina Minovici,ALCA DUO MEDICAL S.R.L. / ALPHA HIPOMED SRL / INSECO / ROVAL MED S.R.L. / VETRO DESIGN / PRODCONFARM S.R.L. / S.C. Medplaza Health S.R.L. / TZMO ROMANIA,185980,2024-08-01,autoritate non-spital
CN1071697,Municipiul Falticeni,MEDIMPACT / DRUGON INTERNATIONAL,605020,2024-08-02,autoritate non-spital
SCN1142654,Directia Generala de Asistenta Sociala si Protectia Copilului Constanta,TZMO ROMANIA,404243,2024-08-02,autoritate non-spital
SCN1150989,"UNIVERSITATEA DE MEDICINA SI FARMACIE ""VICTOR BABES"" DIN TIMISOARA",DENTSTORE,78316,2024-08-02,autoritate non-spital
468755-2024,MUNICIPIUL ROMAN,,2805255,2024-08-05,autoritate non-spital
480425-2024,"Universitatea de Medicina si Farmacie ""Carol Davila""",Gursk Medica / Megagen Dental Implant,411944,2024-08-05,autoritate non-spital
575572-2024,SERVICIUL DE AMBULANTA BUCURESTI-ILFOV,ALPHA BRIO MEDICAL S.R.L. / ALPHA MEDICAL / ALPHA NED 2000 EXIM / BIZMED / DELTAMED / DELUXE MEDICRAFTS / DR COLOS MEDICAL / HELLIMED / LUAN VISION / MEDCLAS TRADING S.R.L. / MEDICAL GRUP / MEDIMPACT / Medplaza Health / NAFKA GRUP / PRIME HEALTHCARE S.R.L. / SANROTEX TRADING SRL / TEHNO ELECTRO MEDICAL COMPANY S.R.L. / TMS - TOP MEDICAL SUPPLIER / VALDOMEDICA TRADING / VETRO DESIGN,687444,2024-08-05,autoritate non-spital
469407-2024,"Universitatea de Medicina, Farmacie, Stiinte si Tehnologie "" George Emil Palade"" din Targu Mures",,2000000,2024-08-05,autoritate non-spital
473200-2024,Spitalul Clinic de Urgenta Bagdasar-Arseni,,,2024-08-06,procedura anulata / fara castigator (confirmat in XML TED)
473534-2024,Judetul Neamt,,,2024-08-06,autoritate non-spital
493057-2024,ORASUL VALENII DE MUNTE(Primaria Valenii de Munte),DAIOPHARM CONSULTING SRL / SANITARY & HOSPITAL SOLUTIONS SRL,854100,2024-08-06,autoritate non-spital
471605-2024,Directia Generala de Asistenta Sociala si Protectia Copilului a judetului Satu Mare,Reinigung / TZMO ROMANIA,1082364,2024-08-06,autoritate non-spital
474417-2024,COMUNA CLEJA,,1325644,2024-08-07,autoritate non-spital
477271-2024,ORASUL ORAVITA,,,2024-08-08,autoritate non-spital
519128-2024,JUDETUL CARAS-SEVERIN,Medist,1858240,2024-08-09,autoritate non-spital
518722-2024,PRIMARIA MUNICIPIULUI FAGARAS,GLOBAL MEDICAL SOLUTIONS SRL / Hospital Technical Solutions / MEDICAMED MARKET S.R.L. / S.C. Biomed Distribution S.R.L. / S.C. EDITRONIC INTERNATIONAL S.R.L. / VERSA SYSTEM SRL,24972003,2024-08-12,autoritate non-spital
487849-2024,SPITALUL CLINIC JUDETEAN DE URGENTA SF. APOSTOL ANDREI,,,2024-08-13,procedura anulata / fara castigator (confirmat in XML TED)
537527-2024,Municipiul Craiova,ALIO MED SOLUTIONS S.R.L. / KARL STORZ ENDOSCOPIA ROMANIA / PRIMERA MED TECHNOLOGY / Sante International,1536100,2024-08-13,autoritate non-spital
573903-2024,Municipiul Craiova,ALIO MED SOLUTIONS S.R.L. / DRAEGER ROMANIA / KARL STORZ ENDOSCOPIA ROMANIA / PRIMERA MED TECHNOLOGY / Sante International,2538920,2024-08-13,autoritate non-spital
488172-2024,MUNICIPIUL RESITA,Dataware Consulting S.R.L. / SC TRD SRL / WEB WIN GROUP NET,10199273,2024-08-13,autoritate non-spital
SCN1145512,SPEEH HIDROELECTRICA SA,EUROTOTAL COMP,463273,2024-08-13,entitate privata (SRL/SA)
522467-2024,JUDETUL SIBIU,A.M.S. 2000 TRADING IMPEX S.R.L. / ANDCOR S.R.L. / B.BRAUN MEDICAL SRL / BIO HYGIENE SRL / DIAMEDIX IMPEX / DVC MEDICAL VISION SRL / Elta 90 Medical Research SRL / LUAN VISION SRL / MEDICLIM S.R.L. / NOVOMED INTERNATIONAL SRL / Novaintermed S.R.L. / TEHNOPLUS MEDICAL,28189162,2024-08-14,autoritate non-spital
605770-2024,Serviciul Judetean de Ambulanta Botosani,ALCA DUO MEDICAL S.R.L. / B.BRAUN MEDICAL / FARMACIA OMNIA / LUAN VISION / MEDCLAS TRADING S.R.L. / MEDICAL GRUP / PRODCONFARM S.R.L. / RICOMED / ROVAL MED / TAISSIS CONCEPT / TZMO ROMANIA / VALDOMEDICA TRADING / VETRO DESIGN / X-Lab Solutions S.R.L.,183466,2024-08-14,autoritate non-spital
CN1066399,DIRECTIA GENERALA DE ASISTENTA SOCIALA SI PROTECTIA COPILULUI VASLUI,EVIDENT VERIAN,241402,2024-08-15,autoritate non-spital
491844-2024,SPITALUL CLINIC DE URGENTA SF.IOAN,,,2024-08-16,procedura anulata / fara castigator (confirmat in XML TED)
519911-2024,Consiliul Judetean Calarasi,Integra Medical Business / KRAL MEDICAL SOLUTIONS SRL / TEHNOPLUS MEDICAL,2073900,2024-08-19,autoritate non-spital
526516-2024,UNITATEA MILITARA 02301,4MEDICAL CARE 4YOU / BTL ROMANIA APARATURA MEDICALA S.R.L. / MEDICAL DEVICE STORE SRL / MINIMED SOLUTIONS S.R.L. / S.C. MST SOLUTIONS SRL S.R.L.,1986800,2024-08-19,unitate militara fara profil de spital
533314-2024,Judetul Brasov,S.C. EDITRONIC INTERNATIONAL S.R.L. / S.C. GENERAL ELECTRIC MEDICAL SYSTEMS ROMANIA S.R.L.,7158700,2024-08-19,autoritate non-spital
497819-2024,SPITALUL UNIVERSITAR DE URGENTA ELIAS,,,2024-08-20,procedura anulata / fara castigator (confirmat in XML TED)
498604-2024,MINISTERUL APARARII NATIONALE- U.M. 02587 (INSTITUTUL NATIONAL DE MEDICINA AERONAUTICA SI SPATIALA),,,2024-08-20,procedura anulata / fara castigator (confirmat in XML TED)
499311-2024,JUDETUL SALAJ,,,2024-08-20,autoritate non-spital
520653-2024,JUDETUL SALAJ,Abb Neopuls,123997,2024-08-20,autoritate non-spital
559034-2024,Directia Sanitara Veterinara si pentru Siguranta Alimentelor Suceava,A.M.S. 2000 TRADING IMPEX S.R.L. / ANTISEL RO SRL / C.D.M. GALVAN / DIALAB SOLUTIONS / DIAMEDIX IMPEX / Filara BioMed SRL / LABORSISTEM S.R.L. / MEDICLIM S.R.L. / MERC INTERNATIONAL IMPEX S.R.L. / Noack Romania S.R.L. / PARTNERS MEDICAL SOLUTION S.R.L. / S.C. NOVACHIM TRADING S.R.L. / S.C. REDOX RESEARCH & ANALYTIC S.R.L. S.R.L. / Shimadzu Handelsgesellschaft mbH / TOPOMEV OPTOSCIENCE / TUNIC PROD S.R.L.,1930321,2024-08-20,autoritate non-spital
577410-2024,Directia Sanitara Veterinara si pentru Siguranta Alimentelor Suceava,A.M.S. 2000 TRADING IMPEX S.R.L. / ANTISEL RO SRL / C.D.M. GALVAN / DIALAB SOLUTIONS / DIAMEDIX IMPEX / Filara BioMed SRL / LABORSISTEM S.R.L. / MEDICLIM S.R.L. / MERC INTERNATIONAL IMPEX S.R.L. / Noack Romania S.R.L. / PARTNERS MEDICAL SOLUTION S.R.L. / S.C. NOVACHIM TRADING S.R.L. / S.C. REDOX RESEARCH & ANALYTIC S.R.L. S.R.L. / Shimadzu Handelsgesellschaft mbH / TOPOMEV OPTOSCIENCE / TUNIC PROD S.R.L.,145895,2024-08-20,autoritate non-spital
703705-2024,Directia Sanitara Veterinara si pentru Siguranta Alimentelor Suceava,A.M.S. 2000 TRADING IMPEX S.R.L. / ANTISEL RO SRL / C.D.M. GALVAN / DIALAB SOLUTIONS / DIAMEDIX IMPEX / Filara BioMed SRL / LABORSISTEM S.R.L. / MEDICLIM S.R.L. / MERC INTERNATIONAL IMPEX S.R.L. / Noack Romania S.R.L. / PARTNERS MEDICAL SOLUTION S.R.L. / S.C. NOVACHIM TRADING S.R.L. / S.C. REDOX RESEARCH & ANALYTIC S.R.L. S.R.L. / Shimadzu Handelsgesellschaft mbH / TOPOMEV OPTOSCIENCE / TUNIC PROD S.R.L.,146120,2024-08-20,autoritate non-spital
729686-2024,Directia Sanitara Veterinara si pentru Siguranta Alimentelor Suceava,A.M.S. 2000 TRADING IMPEX S.R.L. / ANTISEL RO SRL / C.D.M. GALVAN / DIALAB SOLUTIONS / DIAMEDIX IMPEX / Filara BioMed SRL / LABORSISTEM S.R.L. / MEDICLIM S.R.L. / MERC INTERNATIONAL IMPEX S.R.L. / Noack Romania S.R.L. / PARTNERS MEDICAL SOLUTION S.R.L. / S.C. NOVACHIM TRADING S.R.L. / S.C. REDOX RESEARCH & ANALYTIC S.R.L. S.R.L. / Shimadzu Handelsgesellschaft mbH / TOPOMEV OPTOSCIENCE / TUNIC PROD S.R.L.,147120,2024-08-20,autoritate non-spital
205-2025,DIRECTIA GENERALA DE ASISTENTA SOCIALA A MUNICIPIULUI BUCURESTI,NOVA TECH MED,336155,2024-08-21,autoritate non-spital
604328-2024,"Universitatea de Medicina si Farmacie ""Iuliu Hatieganu"" Cluj-Napoca",DENTSTORE / MEDICA M3 APARATURĂ SERVICE S.R.L. / TEHNODENT POKA S.R.L.,696986,2024-08-21,autoritate non-spital
652469-2024,DIRECTIA GENERALA DE ASISTENTA SOCIALA A MUNICIPIULUI BUCURESTI,NOVA TECH MED,309739,2024-08-21,autoritate non-spital
661020-2024,"Universitatea de Medicina si Farmacie ""Iuliu Hatieganu"" Cluj-Napoca",DENTSTORE / MEDICA M3 APARATURĂ SERVICE S.R.L. / TEHNODENT POKA S.R.L.,698282,2024-08-21,autoritate non-spital
502200-2024,Sector 1 (Sectorul 1 al municipiului Bucuresti),BEST ACHIZITII / Mida Soft Business,7419566,2024-08-21,autoritate non-spital
505426-2024,JUDEȚUL SUCEAVA,,,2024-08-22,autoritate non-spital
538152-2024,MUNICIPIUL DOROHOI,MEDIZIN TECHNOLOGIES,1693300,2024-08-22,autoritate non-spital
545403-2024,JUDETUL GIURGIU,EVOLDA MED S.R.L.,1256900,2024-08-22,autoritate non-spital
503980-2024,"UNIVERSITATEA DE MEDICINA SI FARMACIE ""VICTOR BABES"" TIMISOARA",,4802710,2024-08-22,autoritate non-spital
SCN1144598,ORASUL COMANESTI,PAPAPOSTOLOU S.R.L,344000,2024-08-22,autoritate non-spital
520172-2024,CONSILIUL JUDETEAN DOLJ,AES SOLUTION SYSTEMS / Mida Soft Business,7834465,2024-08-23,autoritate non-spital
511654-2024,JUDETUL SALAJ,,,2024-08-26,autoritate non-spital
595417-2024,SERVICIUL JUDETEAN DE AMBULANTA ARGES,ALPHA BRIO MEDICAL S.R.L. / DELTAMED / LIME MEDICALS S.R.L. / LUAN VISION / MANUFARM S.R.L. / MEDCLAS TRADING S.R.L. / MEDICAL GRUP / ROSALVAMED PLUS / TMS - TOP MEDICAL SUPPLIER / VETRO DESIGN / X-Lab Solutions S.R.L.,478194,2024-08-26,autoritate non-spital
513466-2024,JUDETUL GALATI,,,2024-08-27,autoritate non-spital
529158-2024,Municipiul Craiova,PRIMERA MED TECHNOLOGY,17598022,2024-08-27,autoritate non-spital
545046-2024,Serviciul de Ambulanta al Judetului Timis,ADAR UNIC SOLUTIONS / ALPHA BRIO MEDICAL S.R.L. / ATLAS MEDICAL / AVA MEDICAL SERVICES SRL / CO&CO Consumer 2002 S.R.L. / CRAD RO / CRIO - 2 S.R.L. / DELUXE MEDICRAFTS / IOANA N & M SRL / LUAN VISION / MEDCLAS TRADING S.R.L. / MEDICAL GRUP / Medplaza Health / NAFKA GRUP / ROVAL MED / SANROTEX TRADING SRL / SANTOMED / SH MEDICAL SRL / TMS - TOP MEDICAL SUPPLIER / TZMO ROMANIA / VALDOMEDICA TRADING / VETRO DESIGN / VIOMED CONSUM S.R.L.,382073,2024-08-27,autoritate non-spital
565130-2024,"Universitatea de Medicina si Farmacie ""Iuliu Hatieganu"" Cluj-Napoca",LABO SHOP SRL / MEDICA M3 APARATURĂ SERVICE S.R.L.,391900,2024-08-27,autoritate non-spital
SCN1146538,FABRICA DE PRELUCRARE A CONCENTRATELOR DE URANIU - FELDIOARA S.R.L.,S.C. AFOTECH S.R.L.,235050,2024-08-27,entitate privata (SRL/SA)
138294-2026,MINISTERUL APARARII - UNITATEA MILITARA 02464 BUCURESTI,ADION PRODIMPEXTRANS S.R.L. / BLUEBOX MEDICAL / DVC MEDICAL VISION SRL / Dental Vladmed V&M SRL / HALMADENT SRL / HELLIMED SRL / HS MEDICAL SRL / KRAL MEDICAL SOLUTIONS SRL / LIAMED / MEDICAL DEVICE STORE SRL / MEDIKA H & S IMPEX S.R.L. / MEDIZIN TECHNOLOGIES / Medical Corp S.R.L. / PRIMERA MED TECHNOLOGY / TEHNOPLUS MEDICAL / ULTRASONIC S.R.L.,22305220,2024-08-28,unitate militara fara profil de spital
674149-2024,MINISTERUL APARARII - UNITATEA MILITARA 02464 BUCURESTI,ADION PRODIMPEXTRANS S.R.L. / BLUEBOX MEDICAL / DVC MEDICAL VISION SRL / Dental Vladmed V&M SRL / HALMADENT SRL / HELLIMED SRL / HS MEDICAL SRL / KRAL MEDICAL SOLUTIONS SRL / LIAMED / MEDICAL DEVICE STORE SRL / MEDIKA H & S IMPEX S.R.L. / MEDIZIN TECHNOLOGIES / Medical Corp S.R.L. / PRIMERA MED TECHNOLOGY / TEHNOPLUS MEDICAL / ULTRASONIC S.R.L.,13498541,2024-08-28,unitate militara fara profil de spital
520081-2024,"Universitatea de Medicina si Farmacie ""Carol Davila""",,,2024-08-29,autoritate non-spital
CAN1130493,JUDETUL SALAJ,Abb Neopuls,123997,2024-08-29,autoritate non-spital
520098-2024,UM 0929 Bucuresti,,,2024-08-30,procedura anulata / fara castigator (confirmat in XML TED)
521500-2024,Spital Clinic Judetean de Urgenta Arad,,,2024-08-30,procedura anulata / fara castigator (confirmat in XML TED)
532356-2024,Ministerul Apararii U.M. 02412 Bucuresti,AVENA MEDICA S.R.L. / DIAMEDIX IMPEX / Medist / PARTNERS MEDICAL SOLUTION S.R.L. / TODY LABORATORIES MED / TUNIC PROD S.R.L. / VETRO DESIGN,429387,2024-08-30,unitate militara fara profil de spital
583515-2024,Serviciul de Ambulanta al Judetului Timis,ADAR UNIC SOLUTIONS / ALPHA BRIO MEDICAL S.R.L. / ATLAS MEDICAL / AVA MEDICAL SERVICES SRL / CO&CO Consumer 2002 S.R.L. / CRAD RO / CRIO - 2 S.R.L. / DELUXE MEDICRAFTS / IOANA N & M SRL / LUAN VISION / MEDCLAS TRADING S.R.L. / MEDICAL GRUP / Medplaza Health / NAFKA GRUP / ROVAL MED / SANROTEX TRADING SRL / SANTOMED / SH MEDICAL SRL / TMS - TOP MEDICAL SUPPLIER / TZMO ROMANIA / VALDOMEDICA TRADING / VETRO DESIGN / VIOMED CONSUM S.R.L.,412277,2024-08-30,autoritate non-spital
SCN1152265,ORASUL LITENI,BK DIDACT MATERIAL DIDACTIC,212355,2024-08-30,autoritate non-spital
SCN1152305,Directia Generala de Asistenta Sociala si Protectia Copilului Timis,INFINITY M&S MANAGEMENT S.R.L.,76391,2024-08-30,autoritate non-spital
523408-2024,Spitalul Clinic de Urgenta Bagdasar-Arseni,,1940000,2024-09-02,procedura anulata / fara castigator (confirmat in XML TED)
525660-2024,MUNICIPIUL ARAD,,842304,2024-09-02,autoritate non-spital
526144-2024,MINISTERUL APARARII NATIONALE- U.M. 02587 (INSTITUTUL NATIONAL DE MEDICINA AERONAUTICA SI SPATIALA),,,2024-09-03,procedura anulata / fara castigator (confirmat in XML TED)
594338-2024,MINISTERUL APARARII - UNITATEA MILITARA 02464 BUCURESTI,ALPHA MEDICAL S.R.L. / AVENA MEDICA S.R.L. / AXIOMED SOLUTIONS SRL / B.BRAUN MEDICAL SRL / CO&CO Consumer 2002 S.R.L. / CRIO - 2 S.R.L. / DDS Diagnostic / DELUXE MEDICRAFTS SRL / INPOINT MEDICARE / LUAN VISION SRL / Limas Group S.R.L. / MEDICLIM S.R.L. / MEDIMPACT SRL / MLM MEDICAL S.R.L. / NANO BIO MEDICAL S.R.L. / PARTNERS MEDICAL SOLUTION S.R.L. / PAUL HARTMANN SRL / PRIMEX MEDICAL SRL / PRODCONFARM S.R.L. / ROVAL MED SRL / S.C. IOANA N & M SRL S.R.L. / S.C. NERAMO DISTRIBUTION S.R.L. / S.C.MEDICAL GRUP S.R.L. / SANROTEX TRADING SRL / SC Nova Fit 2000 S.R.L. / SC Tody Laboratories Int SRL / TZMO ROMANIA SRL / VETRO DESIGN S.R.L. / ZARYS INTERNATIONAL GROUP MEDICAL EQUIPMENT S.R.L.,1939389,2024-09-03,unitate militara fara profil de spital
527224-2024,JUDETUL SIBIU,,1836222,2024-09-03,autoritate non-spital
550071-2024,Consiliul Judetean Dambovita,VIV SOFT&TRADE,1385140,2024-09-04,autoritate non-spital
CN1072825,OFICIUL NATIONAL PENTRU ACHIZITII CENTRALIZATE,HELLIMED,,2024-09-04,autoritate non-spital
SCN1146872,INSPECTORATUL DE POLITIE AL JUDETULUI CONSTANTA,DRAEGER ROMANIA,,2024-09-05,autoritate non-spital
SCN1152624,Comuna Ion Creanga (PRIMARIA COMUNA ION CREANGA),ANA INVEST & RESEARCH / ELITEMOB,508113,2024-09-05,autoritate non-spital
565452-2024,Consiliul Judetean Dambovita,SOUL MEDICAL,1454000,2024-09-06,autoritate non-spital
549703-2024,UNITATEA MILITARA 02379 BUCURESTI,CHRONOS TRADE MEDICAL / HEMAROM / X-Lab Solutions S.R.L.,3293000,2024-09-09,unitate militara fara profil de spital
550051-2024,Municipiul Galati,A.M.S. 2000 TRADING IMPEX / ANDCOR / BIO SERVICE / GLOBAL MEDICAL SOLUTIONS / HDL Union / Novaintermed S.R.L.,1767615,2024-09-09,autoritate non-spital
574302-2024,Serviciul de Ambulanta al Judetului Timis,ADAR UNIC SOLUTIONS / ALPHA BRIO MEDICAL S.R.L. / ATLAS MEDICAL / AVA MEDICAL SERVICES SRL / CO&CO Consumer 2002 S.R.L. / CRAD RO / CRIO - 2 S.R.L. / DELUXE MEDICRAFTS / IOANA N & M SRL / LUAN VISION / MEDCLAS TRADING S.R.L. / MEDICAL GRUP / Medplaza Health / NAFKA GRUP / ROVAL MED / SANROTEX TRADING SRL / SANTOMED / SH MEDICAL SRL / TMS - TOP MEDICAL SUPPLIER / TZMO ROMANIA / VALDOMEDICA TRADING / VETRO DESIGN / VIOMED CONSUM S.R.L.,393567,2024-09-09,autoritate non-spital
607875-2024,Municipiul Galati,A.M.S. 2000 TRADING IMPEX / ANDCOR / BIO SERVICE / GLOBAL MEDICAL SOLUTIONS / HDL Union / Novaintermed S.R.L.,1767615,2024-09-09,autoritate non-spital
541787-2024,JUDETUL GALATI,,,2024-09-10,autoritate non-spital
543813-2024,MINISTERUL APARARII - UNITATEA MILITARA 02497 PITESTI,,,2024-09-10,procedura anulata / fara castigator (confirmat in XML TED)
541672-2024,Municipiul Galati,,6000000,2024-09-10,autoritate non-spital
SCN1143746,"Universitatea ""Alexandru Ioan Cuza"" Iasi",ZALIA S.R.L.,64313,2024-09-10,autoritate non-spital
SCN1147271,DIRECTIA GENERALA DE ASISTENTA SOCIALA A MUNICIPIULUI BUCURESTI,TZMO ROMANIA,248129,2024-09-10,autoritate non-spital
SCN1147537,Comuna Ulmeni,HIGH-TECH SYSTEMS & SOFTWARE,408280,2024-09-10,autoritate non-spital
546090-2024,Spitalul Clinic Dr. I. Cantacuzino,,,2024-09-11,procedura anulata / fara castigator (confirmat in XML TED)
SCN1141244,Comuna Birca (Consiliul Local Birca),IT ADF SRL,374339,2024-09-11,autoritate non-spital
548576-2024,JUDETUL SATU MARE,,,2024-09-12,autoritate non-spital
SCN1152933,AGENTIA PENTRU DEZVOLTARE REGIONALA BUCURESTI-ILFOV,SOMART IND,497922,2024-09-12,autoritate non-spital
SCN1152944,Societatea Nationala de Gaze Naturale Romgaz S.A.,GLOBAL PLAST S.R.L.,37748,2024-09-12,entitate privata (SRL/SA)
SCNA1110479,Directia generala de asistenta sociala si protectia copilului Cluj,DIGI MEDICAL TEHNIC,304210,2024-09-12,autoritate non-spital
SCNA1110503,DIRECTIA DE ASISTENTA SOCIALA SI MEDICALA,KAYANA / BIZMED,395389,2024-09-12,autoritate non-spital
552056-2024,SPITALUL JUDETEAN DE URGENTA PITESTI,,,2024-09-13,procedura anulata / fara castigator (confirmat in XML TED)
552485-2024,Spitalul Judetean de Urgenta Tulcea,,,2024-09-13,procedura anulata / fara castigator (confirmat in XML TED)
SCN1153004,Directia Generala de Asistenta Sociala si Protectia Copilului Sector 1,FABI TOTAL GRUP S.R.L.,117777,2024-09-13,autoritate non-spital
562365-2024,JUDETUL SALAJ,S.C. SOLMED PROIECT S.R.L.,17937,2024-09-16,autoritate non-spital
605719-2024,ORASUL COMANESTI,LIAMED / ROMGER GENERAL TRADE & CONSULTING S.R.L. / RSR RACHO RIBAROV S.R.L.,1329205,2024-09-16,autoritate non-spital
606845-2024,JUDETUL CLUJ (CONSILIUL JUDETEAN),ALPHA MEDICAL S.R.L. / BIOMEDICA MEDIZINPRODUKTE ROMANIA SRL / DIGI MEDICAL TEHNIC / Elta 90 Medical Research SRL / HEMATRONIC / NANO BIO MEDICAL S.R.L. / TEHNOPLUS MEDICAL,1842679,2024-09-16,autoritate non-spital
611502-2024,JUDETUL GALATI,ANDCOR / Dental Vladmed V&M SRL / MEDIST IMAGING & P.O.C. / OVAVINCI / Sante International,4503446,2024-09-16,autoritate non-spital
SCN1153089,"SNTFC ""CFR CALATORI"" S.A.",ARCA MONDO CHIM S.R.L.,7963,2024-09-16,entitate privata (SRL/SA)
573450-2024,JUDETUL VALCEA,BIOMEDICA MEDIZINPRODUKTE ROMANIA SRL / MEDIZIN TECHNOLOGIES / NITECH / PRIMERA MED TECHNOLOGY / Sante International S.A.,3536627,2024-09-17,autoritate non-spital
594746-2024,COMUNA BOZOVICI (PRIMARIA BOZOVICI,BROKMED S.R.L. / GLOBAL MEDICAL SOLUTIONS SRL / Logaritm / NICONSULTING TECHNICS SRL / S.C. FARMATIN MEDICAL S.R.L. / SOUL MEDICAL,2514332,2024-09-17,autoritate non-spital
561764-2024,SPITALUL MUNICIPAL VATRA DORNEI,,10410090,2024-09-18,procedura anulata / fara castigator (confirmat in XML TED)
578383-2024,MUNICIPIUL TARGU SECUIESC,BPM TEHNOLOGICA,2162722,2024-09-18,autoritate non-spital
60209-2025,"Centrul Medical de Diagnostic, Tratament Ambulatoriu si Medicina Preventiva",B. BRAUN AVITUM / EVO HEALTHCARE CONSULTING,964536,2024-09-18,centru medical ambulatoriu (fara paturi)
561376-2024,DELGAZ GRID S.A.,Autohaus Westcar SRL / HINODE CAR EXPERT S.R.L. / RADACINI MOTORS S.R.L. / RENAULT COMMERCIAL ROUMANIE S.R.L.,16434788,2024-09-18,entitate privata (SRL/SA)
SCN1147800,Directia Generala de Asistenta Sociala si Protectia Copilului Prahova,FABI TOTAL GRUP S.R.L.,351699,2024-09-18,autoritate non-spital
SCNA1106518,DIRECTIA GENERALA DE ASISTENTA SOCIALA SI PROTECTIA COPILULUI MURES,TZMO ROMANIA / MEDCHIM EXPERT SRL,256372,2024-09-18,autoritate non-spital
SCNA1110739,Directia Generala de Asistenta Sociala si Protectia Copilului Olt,SC MAR COM DISTRIBUTIE SRL,24815,2024-09-18,autoritate non-spital
562096-2024,COMUNA PERICEI,,,2024-09-19,autoritate non-spital
562175-2024,SPITALUL CLINIC DE CHIRURGIE ORO-MAXILO-FACIALA PROF. DR. DAN THEODORESCU,,,2024-09-19,procedura anulata / fara castigator (confirmat in XML TED)
562700-2024,SPITALUL JUDETEAN DE URGENTA ALEXANDRIA,,,2024-09-19,procedura anulata / fara castigator (confirmat in XML TED)
563918-2024,SPITALUL JUDETEAN DE URGENTA ALEXANDRIA,,,2024-09-19,procedura anulata / fara castigator (confirmat in XML TED)
565169-2024,"Universitatea de Medicina, Farmacie, Stiinte si Tehnologie "" George Emil Palade"" din Targu Mures",,,2024-09-19,autoritate non-spital
CAN1133629,DIRECTIA SANITARA VETERINARA SI PENTRU SIGURANTA ALIMENTELOR BACAU,BIOMAXIMA CLINICAL S.R.L. / EMSAR S.R.L. / A.M.S. 2000 TRADING IMPEX,16925,2024-09-19,autoritate non-spital
SCN1153362,Societatea COMPLEXUL ENERGETIC OLTENIA SA,PRODIVEX,183752,2024-09-20,entitate privata (SRL/SA)
SCN1153387,DIRECTIA GENERALA DE ASISTENTA SOCIALA SI PROTECTIA COPILULUI BISTRITA-NASAUD,OVAVINCI / TRANSLIMA,302402,2024-09-20,autoritate non-spital
569353-2024,MUNICIPIUL CAMPULUNG,,8647258,2024-09-23,autoritate non-spital
569705-2024,Municipiul Craiova,,5280055,2024-09-23,autoritate non-spital
569830-2024,Unitatea Administrativ Teritoriala (UAT) Orasul Jibou,,6534907,2024-09-23,autoritate non-spital
CN1073506,Consiliul Judetean Buzau,ATS FOR HEALTH,182184,2024-09-23,autoritate non-spital
213190-2026,MINISTERUL APARARII - UNITATEA MILITARA 02464 BUCURESTI,ALPHA MEDICAL S.R.L. / AVENA MEDICA S.R.L. / AXIOMED SOLUTIONS SRL / B.BRAUN MEDICAL SRL / CO&CO Consumer 2002 S.R.L. / CRIO - 2 S.R.L. / DDS Diagnostic / DELUXE MEDICRAFTS SRL / Elta 90 Medical Research SRL / INPOINT MEDICARE / LUAN VISION SRL / Limas Group S.R.L. / MEDICLIM S.R.L. / MEDIMPACT SRL / MLM MEDICAL S.R.L. / NANO BIO MEDICAL S.R.L. / PARTNERS MEDICAL SOLUTION S.R.L. / PAUL HARTMANN SRL / PRIMEX MEDICAL SRL / PRODCONFARM S.R.L. / ROVAL MED SRL / S.C. IOANA N & M SRL S.R.L. / S.C. NERAMO DISTRIBUTION S.R.L. / S.C.MEDICAL GRUP S.R.L. / SANROTEX TRADING SRL / SC Nova Fit 2000 S.R.L. / SC Tody Laboratories Int SRL / TZMO ROMANIA SRL / VETRO DESIGN S.R.L. / ZARYS INTERNATIONAL GROUP MEDICAL EQUIPMENT S.R.L.,829306,2024-09-24,unitate militara fara profil de spital
573181-2024,JUDETUL GALATI,,3282467,2024-09-24,autoritate non-spital
596323-2024,"Universitatea de Medicina si Farmacie ""Iuliu Hatieganu"" Cluj-Napoca",Nastimed Serv / TEHNICAL DENT / TEHNODENT POKA S.R.L.,1232886,2024-09-24,autoritate non-spital
634050-2024,"Universitatea de Medicina si Farmacie ""Iuliu Hatieganu"" Cluj-Napoca",MED Q CLINEXPERT,747000,2024-09-24,autoritate non-spital
CAN1127467,SERVICIUL DE AMBULANTA BUCURESTI-ILFOV,SANROTEX TRADING SRL / ALPHA BRIO MEDICAL S.R.L. / TEHNO ELECTRO MEDICAL COMPANY S.R.L. / Medplaza Health / HELLIMED / TMS - TOP MEDICAL SUPPLIER / PRIME HEALTHCARE S.R.L. / ALPHA MEDICAL S.R.L. / MEDCLAS TRADING S.R.L. / DELUXE MEDICRAFTS / VALDOMEDICA TRADING / BIZMED / DR COLOS MEDICAL / DELTAMED / NAFKA GRUP S.R.L.,,2024-09-24,autoritate non-spital
SCNA1111084,COMUNA CRISTINESTI (PRIMARIA),SIM EXPRESS S.R.L.,147500,2024-09-24,autoritate non-spital
575824-2024,SPITALUL CLINIC JUDETEAN DE URGENTA BISTRITA,,,2024-09-25,procedura anulata / fara castigator (confirmat in XML TED)
632162-2024,SERVICIUL JUDETEAN DE AMBULANTA ARGES,ALPHA BRIO MEDICAL S.R.L. / DELTAMED / LIME MEDICALS S.R.L. / LUAN VISION / MANUFARM S.R.L. / MEDCLAS TRADING S.R.L. / MEDICAL GRUP / ROSALVAMED PLUS / TMS - TOP MEDICAL SUPPLIER / VETRO DESIGN / X-Lab Solutions S.R.L.,593044,2024-09-25,autoritate non-spital
576922-2024,JUDETUL CLUJ (CONSILIUL JUDETEAN),ROOT SECURITY / UNION CO,907000,2024-09-25,autoritate non-spital
SCN1148341,Ministerul Investitiilor si Proiectelor Europene,MOBIL TOTAL S.R.L.,118851,2024-09-25,autoritate non-spital
579913-2024,"UNIVERSITATEA ""LUCIAN BLAGA"" DIN SIBIU",,8892715,2024-09-26,autoritate non-spital
583324-2024,Serviciul de Ambulanta Judetean Vaslui,,,2024-09-27,autoritate non-spital
622608-2024,MINISTERUL APARARII - UNITATEA MILITARA 02464 BUCURESTI,DIAMEDIX IMPEX / Dyomedica CND SRL / MEDIQ INNOVATIVE TECHNOLOGIES SRL / PAPAPOSTOLOU S.R.L,23529960,2024-09-27,unitate militara fara profil de spital
SCN1146601,COMUNA MISCHII (CONSILIUL LOCAL MISCHII),MAGUAY COMPUTERS SRL,257569,2024-09-29,autoritate non-spital
605340-2024,INSTITUTUL NATIONAL DE TRANSFUZIE SANGUINA Prof.Dr.C.T.Nicolau,GRANDIS IMPACT SRL / MEDICAL LOGISTIC PARTNER / X-Lab Solutions S.R.L.,3740644,2024-09-30,institut de cercetare / fara paturi de spital
617300-2024,ORASUL HOREZU - CONSILIUL LOCAL HOREZU,Integra Medical Business / KRAL MEDICAL SOLUTIONS SRL / SMGELECTRONICA / Sante International / TEHNOPLUS MEDICAL,8212360,2024-09-30,autoritate non-spital
751479-2024,MINISTERUL APARARII - UNITATEA MILITARA 02464 BUCURESTI,CATTUS S.R.L. / DVC MEDICAL VISION SRL / HISTRIA INTERNATIONAL S.R.L. / LIAMED / MEDICAL DEVICE STORE SRL / MEDIMPACT SRL / MEDIZIN TECHNOLOGIES / MLM MEDICAL S.R.L. / PAUL HARTMANN SRL / S.C. NEOMED S..R.L. / S.C. NERAMO DISTRIBUTION S.R.L. / SIGNAL SPECTRUM SRL-D,2582377,2024-09-30,unitate militara fara profil de spital
777263-2024,"Universitatea de Medicina si Farmacie ""Carol Davila""",AQUATOR S.R.L. / TEHNICAL DENT,538573,2024-09-30,autoritate non-spital
CAN1134167,Directia Generala de Asistenta Sociala si Protectia Copilului Prahova,SMART TRADE MASTER S.R.L.,278207,2024-09-30,autoritate non-spital
CN1062737,Universitatea de Medicina si Farmacie din Craiova,Elta 90 Medical Research SRL,197435,2024-09-30,autoritate non-spital
CN1073791,COMPANIA NATIONALA DE ADMINISTRARE A INFRASTRUCTURII RUTIERE S.A.,INEDIT CLEAN TOTAL,67696,2024-09-30,entitate privata (SRL/SA)
SCN1153784,COMUNA FALCIU,AMBIENT ROOF DAHA,116512,2024-09-30,autoritate non-spital
SCN1153792,Directia Generala de Asistenta Sociala si Protectia Copilului Timis,S.C. OMEGA EVENTS MEDIA S.R.L. / LIAMED,219464,2024-09-30,autoritate non-spital
589316-2024,SPITALUL JUDETEAN DE URGENTA SLATINA,,,2024-10-01,procedura anulata / fara castigator (confirmat in XML TED)
CAN1134252,MINISTERUL APARARII - UNITATEA MILITARA 02464 BUCURESTI,DDS Diagnostic / PAUL HARTMANN S.R.L. / MEDICLIM S.R.L. / PRIMEX MEDICAL S.R.L. / PARTNERS MEDICAL SOLUTION S.R.L. / AXIOMED SOLUTIONS SRL / MLM MEDICAL S.R.L. / Nova Fit 2000 S.R.L. / CRIO - 2 S.R.L. / CO&CO Consumer 2002 S.R.L. / MEDIMPACT S.R.L. / Limas Group S.R.L. / ALPHA MEDICAL S.R.L. / VETRO DESIGN / Tody Laboratories Int,,2024-10-01,unitate militara fara profil de spital
SCN1153878,Orasul Curtici,S.C. ENERGO-METR S.R.L. S.R.L. / DRUGON INTERNATIONAL,397580,2024-10-01,autoritate non-spital
593428-2024,SPITALUL ORASANESC REGELE CAROL I COSTESTI,,,2024-10-02,procedura anulata / fara castigator (confirmat in XML TED)
CN1073903,SC MEDLIFE SA,TUNIC PROD S.R.L. / Elta 90 Medical Research SRL / PARTNERS MEDICAL SOLUTION S.R.L.,,2024-10-02,entitate privata (SRL/SA)
596960-2024,Municipiul Galati,,1657702,2024-10-03,autoritate non-spital
635130-2024,JUDETUL SIBIU,DUTCHMED S.R.L. / FRESENIUS KABI ROMANIA / MEDICAL SIMULATOR PROJECTS / MEDICARE GREEN / MEDIMPACT SRL / MEDIST IMAGING & P.O.C. / NICONSULTING TECHNICS SRL / OVAVINCI / ROMBIOMEDICA / S.C. Abb Neopuls S.R.L. / SPECTRA VISION SRL,9493872,2024-10-03,autoritate non-spital
350078-2025,Ministerul Apararii U.M. 02412 Bucuresti,AVENA MEDICA S.R.L. / DIAMEDIX IMPEX / Medist / PARTNERS MEDICAL SOLUTION S.R.L. / TODY LABORATORIES MED / TUNIC PROD S.R.L. / VETRO DESIGN,151918,2024-10-04,unitate militara fara profil de spital
645055-2024,Judetul Brasov,B.BRAUN MEDICAL / BIO HYGIENE / Cleanroom Expert / DACORUM GRUP / DEXTER COM S.R.L. / DIALAB SOLUTIONS / Elta 90 Medical Research SRL / LIAMED / MEDICLIM S.R.L. / MEDIXFARM TEHNOPLUS / Medist / NOVA TECH MED / SIGNAL SPECTRUM / STERISACO / TEHNOPLUS MEDICAL,5681067,2024-10-04,autoritate non-spital
SCN1154030,Societatea Nationala de Gaze Naturale Romgaz S.A.,COMTIB S.R.L.,114517,2024-10-04,entitate privata (SRL/SA)
610856-2024,JUDETUL CARAS-SEVERIN,Medist,5306195,2024-10-07,autoritate non-spital
612375-2024,JUDETUL CLUJ (CONSILIUL JUDETEAN),CARTO PLAST SRL / MEDIWIZ HEALTH S.R.L. / NANO BIO MEDICAL S.R.L. / TOTALMED,1480687,2024-10-07,autoritate non-spital
SCN1154140,DIRECTIA GENERALA DE ASISTENTA SOCIALA SI PROTECTIA COPILULUI TELEORMAN,TZMO ROMANIA / Target Point / MB SILVER IMPEX S.R.L.,190686,2024-10-07,autoritate non-spital
605544-2024,Spitalul Clinic Judetean de Urgenta Targu.Mures,,8998500,2024-10-08,procedura anulata / fara castigator (confirmat in XML TED)
679185-2024,JUDEȚUL SUCEAVA,DACORUM GRUP / DRAEGER ROMANIA / MEDIST IMAGING & P.O.C. / OPEN MIND LABORATORY S.R.L.,615073,2024-10-08,autoritate non-spital
SCN1154220,Institutul National de Cercetare Dezvoltare Medico Militara Cantacuzino,S.C. WATT DISTRIBUTOR S.R.L. S.R.L. / ANTISEL RO SRL / NOVA GROUP INVESTMENT / S.C. COMPACT INDUSTRIAL S.R.L. / Elta 90 Medical Research SRL,373454,2024-10-08,institut de cercetare / fara paturi de spital
SCN1154221,Institutul National de Cercetare Dezvoltare Medico Militara Cantacuzino,Altium International SRL / S.C. WATT DISTRIBUTOR S.R.L. S.R.L.,447500,2024-10-08,institut de cercetare / fara paturi de spital
SCNA1111732,DIRECTIA GENERALA DE ASISTENTA SOCIALA SI PROTECTIA COPILULUI,ALFAMED CLINIC,81687,2024-10-08,autoritate non-spital
SCN1149151,Societatea Nationala de Gaze Naturale Romgaz S.A.,COMTIB S.R.L.,43443,2024-10-09,entitate privata (SRL/SA)
610479-2024,Municipiul Craiova,,,2024-10-10,autoritate non-spital
613258-2024,ORASUL GAESTI,,5645962,2024-10-10,autoritate non-spital
CAN1130928,JUDETUL CLUJ (CONSILIUL JUDETEAN),NOVA GROUP INVESTMENT / TERMOEXPRESS TRADING / S.C. BUNZL DISTRIBUTIE S.R.L. / B.BRAUN MEDICAL S.R.L. / SIGNAL SPECTRUM SRL-D,254894,2024-10-10,autoritate non-spital
CN1074199,Ministerul Apararii U.M. 02412 Bucuresti,ASCO 90 / LIAMED / NANO BIO MEDICAL S.R.L.,479090,2024-10-10,unitate militara fara profil de spital
CN1074209,Penitenciarul Vaslui,VELVET CONSULTING / OVAVINCI,135544,2024-10-10,autoritate non-spital
615364-2024,OFICIUL NATIONAL PENTRU ACHIZITII CENTRALIZATE,,,2024-10-11,autoritate non-spital
616741-2024,"UNIVERSITATEA DE MEDICINA SI FARMACIE ""VICTOR BABES"" TIMISOARA",,803885,2024-10-11,autoritate non-spital
CAN1135011,MINISTERUL APARARII - UNITATEA MILITARA 02464 BUCURESTI,MEDIQ INNOVATIVE TECHNOLOGIES SRL / DIAMEDIX IMPEX / PAPAPOSTOLOU S.R.L,,2024-10-14,unitate militara fara profil de spital
498619-2025,UNITATEA MILITARA 02379 BUCURESTI,CHRONOS TRADE MEDICAL / HEMAROM / X-Lab Solutions S.R.L.,5995000,2024-10-15,unitate militara fara profil de spital
622531-2024,SPITALUL CLINIC DE URGENTA SF.IOAN,,,2024-10-15,procedura anulata / fara castigator (confirmat in XML TED)
CN1074347,JUDETUL CLUJ (CONSILIUL JUDETEAN),NOVOMED INTERNATIONAL SRL / NITECH S.R.L.,243820,2024-10-15,autoritate non-spital
SCN1154533,"SNTFC ""CFR CALATORI"" S.A.",TURKROM,46957,2024-10-15,entitate privata (SRL/SA)
5138-2025,SERVICIUL JUDETEAN DE AMBULANTA ARGES,ALPHA BRIO MEDICAL S.R.L. / DELTAMED / LIME MEDICALS S.R.L. / LUAN VISION / MANUFARM S.R.L. / MEDCLAS TRADING S.R.L. / MEDICAL GRUP / ROSALVAMED PLUS / TMS - TOP MEDICAL SUPPLIER / VETRO DESIGN / X-Lab Solutions S.R.L.,676946,2024-10-16,autoritate non-spital
624586-2024,SPITALUL ORASENESC VISEU DE SUS,,,2024-10-16,procedura anulata / fara castigator (confirmat in XML TED)
639500-2024,SERVICIUL JUDETEAN DE AMBULANTA ARGES,ALPHA BRIO MEDICAL S.R.L. / DELTAMED / LIME MEDICALS S.R.L. / LUAN VISION / MANUFARM S.R.L. / MEDCLAS TRADING S.R.L. / MEDICAL GRUP / ROSALVAMED PLUS / TMS - TOP MEDICAL SUPPLIER / VETRO DESIGN / X-Lab Solutions S.R.L.,597313,2024-10-16,autoritate non-spital
764456-2024,SERVICIUL JUDETEAN DE AMBULANTA ARGES,ALPHA BRIO MEDICAL S.R.L. / DELTAMED / LIME MEDICALS S.R.L. / LUAN VISION / MANUFARM S.R.L. / MEDCLAS TRADING S.R.L. / MEDICAL GRUP / ROSALVAMED PLUS / TMS - TOP MEDICAL SUPPLIER / VETRO DESIGN / X-Lab Solutions S.R.L.,647104,2024-10-16,autoritate non-spital
CAN1134906,Inspectoratul General pentru Situatii de Urgenta,VICO SERVICE RX S.R.L. / S.C. TUDAGRIV SERVICES SRL S.R.L. / MEDIMPACT S.R.L.,67400,2024-10-16,autoritate non-spital
SCN1154603,"SNTFC ""CFR CALATORI"" S.A.",DUMITRU BUSINESS HOUSE IMPEX / TURKROM / INEDIT CLEAN TOTAL,32880,2024-10-16,entitate privata (SRL/SA)
SCNA1112184,"Administratia Nationala ""Apele Romane"" - Administratia Bazinala de Apa Siret",NITECH S.R.L. / LABEXPERT SERVICE / TEHNO ELECTRO MEDICAL COMPANY S.R.L. / E-LABORATOR FEERIA S.R.L. / SEPADIN S.R.L. / EMSAR S.R.L.,363892,2024-10-16,autoritate non-spital
629644-2024,Spital Clinic Judetean de Urgenta Arad,,,2024-10-17,procedura anulata / fara castigator (confirmat in XML TED)
636333-2024,"Universitatea de Medicina, Farmacie, Stiinte si Tehnologie "" George Emil Palade"" din Targu Mures",THREE PHARM,2000000,2024-10-17,autoritate non-spital
628023-2024,"UNIVERSITATEA PENTRU STIINTELE VIETII "" ION IONESCU DE LA BRAD"" DIN IASI",,1526463,2024-10-17,autoritate non-spital
631091-2024,SPITAL MUNICIPAL MOTRU,,,2024-10-18,procedura anulata / fara castigator (confirmat in XML TED)
633176-2024,Spitalul Clinic de Urgenta Bucuresti,,,2024-10-18,procedura anulata / fara castigator (confirmat in XML TED)
667958-2024,Consiliul Judetean Buzau,BROKMED / HELLIMED,620030,2024-10-18,autoritate non-spital
SCN1154701,INSTITUTUL NATIONAL DE CERCETARE DEZVOLTARE PENTRU METALE NEFEROASE SI RARE-IMNR,S.C. SOLAGEN LABORATORY S.R.L. / Altium International SRL / HISTERESIS S.R.L.,101590,2024-10-18,institut de cercetare / fara paturi de spital
CN1068956,Directia Sanitara Veterinara si pentru Siguranta Alimentelor Botosani,DIALAB SOLUTIONS,480000,2024-10-20,autoritate non-spital
641143-2024,JUDETUL CLUJ (CONSILIUL JUDETEAN),OTHERWAY BUSINESS GROUP S.R.L.,587500,2024-10-21,autoritate non-spital
CAN1135480,Directia Sanitara Veterinara si pentru Siguranta Alimentelor Cluj,TUNIC PROD S.R.L. / S.C. TODY LABORATORIES MED S.R.L. S.R.L. / A.M.S. 2000 TRADING IMPEX S.R.L. / BIO AQUA GROUP / FOTOMETRIC INSTRUMENTS S.R.L. / TYD ELAN S.R.L. / MEDICLIM S.R.L. / S.C. NOVACHIM TRADING S.R.L.,146384,2024-10-21,autoritate non-spital
CAN1135516,JUDETUL CLUJ (CONSILIUL JUDETEAN),OTHERWAY BUSINESS GROUP S.R.L.,587500,2024-10-21,autoritate non-spital
500430-2025,"BAZA DE APROVIZIONARE, GOSPODARIRE SI REPARATII",NOVA TECH MED,9596,2024-10-22,autoritate non-spital
641065-2024,MUNICIPIUL ROMAN,,2805255,2024-10-22,autoritate non-spital
714317-2024,"BAZA DE APROVIZIONARE, GOSPODARIRE SI REPARATII",NOVA TECH MED,1421438,2024-10-22,autoritate non-spital
SCNA1112450,COMPANIA NATIONALA DE ADMINISTRARE A INFRASTRUCTURII RUTIERE S.A.,DUMITRU BUSINESS HOUSE IMPEX,36870,2024-10-22,entitate privata (SRL/SA)
642560-2024,Spital Clinic Judetean de Urgenta Arad,,,2024-10-23,procedura anulata / fara castigator (confirmat in XML TED)
666467-2024,ORASUL GAESTI,LIAMED / Sante International,5195404,2024-10-23,autoritate non-spital
724375-2024,"Universitatea de Medicina si Farmacie ""Iuliu Hatieganu"" Cluj-Napoca",ALTIUM INTERNATIONAL / ANTISEL RO / BIO AQUA GROUP / CHROMAKTIV S.R.L. / DELTAMED / EMSAR S.R.L. / Filara BioMed SRL / Novaintermed S.R.L. / TUNIC PROD S.R.L. / WATT DISTRIBUTOR,4035540,2024-10-23,autoritate non-spital
SCN1154949,ORASUL BUHUSI,ROMDYL OFFICE SRL,375222,2024-10-23,autoritate non-spital
645408-2024,UM 0929 Bucuresti,,,2024-10-24,procedura anulata / fara castigator (confirmat in XML TED)
646701-2024,JUDETUL GALATI,,672467,2024-10-24,autoritate non-spital
680123-2024,Judetul Brasov,SC BIO HYGIENE SRL / SC TEHNOPLUS MEDICAL SRL,361500,2024-10-24,autoritate non-spital
SCNA1112617,COMUNA TARNOVA (PRIMARIA LOCALITATII TARNOVA),INTER SPORT,80674,2024-10-24,autoritate non-spital
649514-2024,SPITALUL CLINIC JUDETEAN DE URGENTA SF. APOSTOL ANDREI,,,2024-10-25,procedura anulata / fara castigator (confirmat in XML TED)
650981-2024,SPITALUL CLINIC JUDETEAN DE URGENTA SF. APOSTOL ANDREI,,,2024-10-25,procedura anulata / fara castigator (confirmat in XML TED)
228895-2025,"Universitatea de Medicina si Farmacie ""Iuliu Hatieganu"" Cluj-Napoca",DENTSTORE / MEDICA M3 APARATURĂ SERVICE S.R.L. / TEHNODENT POKA S.R.L.,701761,2024-10-28,autoritate non-spital
652543-2024,ORASUL ROVINARI,,,2024-10-28,autoritate non-spital
677077-2024,CONSILIUL JUDETEAN OLT,HEALTH SUPPLY / Integra Medical Business / MEDIQ INNOVATIVE TECHNOLOGIES SRL / S.C. SMG ULTRASOUND ROMANIA S.R.L. S.R.L. / VICI EVOLUTION S.R.L.,6201829,2024-10-28,autoritate non-spital
705010-2024,MUNICIPIUL ROMAN,CLINI-LAB / DELTAMED / DIAMEDIX IMPEX / ELECTRONIC APRIL APARATURA ELECTRONICA SPECIALA S.R.L. / SC BELFIX DISTRIBUTIE SRL / SYNTTERGY CONSULT / TUNIC PROD S.R.L.,1916410,2024-10-28,autoritate non-spital
787039-2024,"Universitatea de Medicina si Farmacie ""Iuliu Hatieganu"" Cluj-Napoca",DENTSTORE / MEDICA M3 APARATURĂ SERVICE S.R.L. / TEHNODENT POKA S.R.L.,701368,2024-10-28,autoritate non-spital
SCNA1112724,COMUNA FÎNTÎNELE,LM MOB SRL / INTER SPORT,228210,2024-10-28,autoritate non-spital
SCNA1112732,Directia Generala de Asistenta Sociala si Protectia Copilului Sector 2,VETRO DESIGN,,2024-10-28,autoritate non-spital
657296-2024,"UNIVERSITATEA DE MEDICINA SI FARMACIE ""VICTOR BABES"" TIMISOARA",Axis Integrator SRL / S.C. DELTAMED S.R.L. / S.C. SAPACO 2000 S.A. S.C.S.,1158335,2024-10-29,autoritate non-spital
230484-2025,"Universitatea de Medicina si Farmacie ""Iuliu Hatieganu"" Cluj-Napoca",DENTAL PARTNER'S GRUP / Nastimed Serv / TEHNICAL DENT / TEHNODENT POKA S.R.L.,1079577,2024-10-30,autoritate non-spital
790593-2024,"Universitatea de Medicina si Farmacie ""Iuliu Hatieganu"" Cluj-Napoca",DENTAL PARTNER'S GRUP / Nastimed Serv / TEHNICAL DENT / TEHNODENT POKA S.R.L.,1078937,2024-10-30,autoritate non-spital
692322-2024,"Universitatea de Medicina si Farmacie ""Iuliu Hatieganu"" Cluj-Napoca",ALTIUM INTERNATIONAL,41120,2024-10-31,autoritate non-spital
707991-2024,Directia Sanitara Veterinara si pentru Siguranta Alimentelor Botosani,EUROVET LAB,1469475,2024-10-31,autoritate non-spital
SCNA1110619,Judetul Brasov,TEHNOPLUS MEDICAL / BIO HYGIENE SRL,361500,2024-10-31,autoritate non-spital
SCN1155391,COMUNA FRUMUSICA,Altamira Impex / DRUGON INTERNATIONAL,161975,2024-11-01,autoritate non-spital
SCNA1111501,ORASUL FLAMANZI,REGENCY PROJECT SRL,175060,2024-11-01,autoritate non-spital
115654-2025,SERVICIUL DE AMBULANTA AL JUDETULUI CLUJ,ALCA DUO MEDICAL S.R.L. / ALPHA BRIO MEDICAL S.R.L. / AVMED PLUS / CO&CO Consumer 2002 S.R.L. / CRAD RO / DELUXE MEDICRAFTS / HELLIMED / MASEPHARM S.R.L. / MEDIMPACT / NAFKA GRUP S.R.L. / Novaintermed S.R.L. / PAUL HARTMANN / PROFI PENTRU SANATATE SRL S.R.L. / RICOMED / ROVAL MED / S.C. CERTINVEST S.R.L. / S.C. D&G GROUP S.R.L. S.R.L. / S.C. DELTAMED S.R.L. / S.C. MEDCLAS TRADING S.R.L. S.R.L. / S.C. Medplaza Health S.R.L. / S.C. Natural Es-medical S.R.L S.R.L. / S.C.MEDICAL GRUP S.R.L. / SANROTEX TRADING SRL / SC Nova Fit 2000 S.R.L. / TMS - TOP MEDICAL SUPPLIER / TZMO ROMANIA / VALDOMEDICA TRADING / VETRO DESIGN S.R.L. / X-Lab Solutions S.R.L.,856515,2024-11-04,autoritate non-spital
721030-2024,JUDETUL GALATI,DRAEGER ROMANIA / HELLIMED / LUAN VISION / VODIMEDICOR,2010245,2024-11-04,autoritate non-spital
107584-2025,Orasul Harsova,ROSALVAMED PLUS,3850200,2024-11-05,autoritate non-spital
670625-2024,"CONSILIUL JUDETUL PRAHOVA, DIRECTIA SERVICII SI ACHIZITII PUBLICE",,,2024-11-05,autoritate non-spital
674343-2024,Inspectoratul General al Poliției de Frontieră,MB Telecom Ltd,6642000,2024-11-06,autoritate non-spital
SCN1155524,"UNIVERSITATEA DE MEDICINA SI FARMACIE ""VICTOR BABES"" DIN TIMISOARA",DENTSTORE / SC DEXELLENCE PROJECT SRL / HALMADENT SRL,460555,2024-11-06,autoritate non-spital
CAN1136601,Ministerul Apararii U.M. 02412 Bucuresti,A.M.S. 2000 TRADING IMPEX / TODY LABORATORIES MED / Sante International S.A.,,2024-11-07,unitate militara fara profil de spital
23343-2025,"Universitatea de Medicina si Farmacie ""Iuliu Hatieganu"" Cluj-Napoca",ALTIUM INTERNATIONAL / ANTISEL RO / BIO AQUA GROUP / CHROMAKTIV S.R.L. / DELTAMED / EMSAR S.R.L. / Filara BioMed SRL / Novaintermed S.R.L. / TUNIC PROD S.R.L. / WATT DISTRIBUTOR,95918,2024-11-08,autoritate non-spital
788167-2024,"Universitatea de Medicina si Farmacie ""Iuliu Hatieganu"" Cluj-Napoca",Nastimed Serv / TEHNICAL DENT / TEHNODENT POKA S.R.L.,216708,2024-11-11,autoritate non-spital
SCNA1113503,SECTORUL 6 AL MUNICIPIULUI BUCURESTI,MOBTECO PRODUCT S.R.L. / EURODIDACTICA S.R.L.,353644,2024-11-11,autoritate non-spital
739636-2024,CONSILIUL JUDETEAN GORJ,LUAN VISION / Novaintermed S.R.L.,1516650,2024-11-12,autoritate non-spital
SCN1150539,"SNTFC ""CFR CALATORI"" S.A.",DNS BIROTICA S.R.L.,264000,2024-11-12,entitate privata (SRL/SA)
691606-2024,Municipiul Craiova,,,2024-11-13,autoritate non-spital
SCNA1113617,"Universitatea de Medicina, Farmacie, Stiinte si Tehnologie "" George Emil Palade"" din Targu Mures",THREE PHARM,583883,2024-11-13,autoritate non-spital
692908-2024,SPITALUL CLINIC JUDETEAN DE URGENTA SF. APOSTOL ANDREI,,,2024-11-14,procedura anulata / fara castigator (confirmat in XML TED)
757845-2024,JUDETUL SATU MARE,PRIMERA MED TECHNOLOGY / S.C. GENERAL ELECTRIC MEDICAL SYSTEMS ROMANIA S.R.L. / SYNTTERGY CONSULT S.R.L. / Sante International S.A.,1912900,2024-11-14,autoritate non-spital
693746-2024,Comuna Pericei,,1022431,2024-11-14,autoritate non-spital
725361-2024,Consiliul Judetean Buzau,B.BRAUN MEDICAL SRL,153207,2024-11-18,autoritate non-spital
703182-2024,JUDETUL SATU MARE,,,2024-11-19,autoritate non-spital
757469-2024,CENTRUL MEDICAL DE DIAGNOSTIC SI TRATAMENT AMBULATORIU ORADEA,PHM COMSERV S.R.L.,1428570,2024-11-19,centru medical ambulatoriu (fara paturi)
CAN1137309,Institutul de Biologie si Patologie Celulara '' Nicolae Simionescu'',Proton Impex 2000 S.R.L.,15760,2024-11-19,institut de cercetare / fara paturi de spital
CAN1137341,Consiliul Judetean Buzau,ATS FOR HEALTH,163975,2024-11-19,autoritate non-spital
SCN1149181,ORAȘ BAIA DE ARAMA,PRIMERA MED TECHNOLOGY,419900,2024-11-19,autoritate non-spital
726268-2024,Consiliul Judetean Calarasi,SMGELECTRONICA / VICI EVOLUTION S.R.L.,17108000,2024-11-20,autoritate non-spital
SCN1150887,Autoritatea Nationala Fitosanitara,MECRO SYSTEM S.R.L.,335750,2024-11-20,autoritate non-spital
102996-2026,MINISTERUL APARARII - UNITATEA MILITARA 02464 BUCURESTI,Dental Vladmed V&M SRL / HALMADENT SRL / LIAMED / MEDIMPACT SRL / S.C. MED TEHNICA SRL S.R.L. / S.C. Medical Logistic Mall S.R.L. / S.C.MEDICAL GRUP S.R.L.,57605,2024-11-21,unitate militara fara profil de spital
710778-2024,Municipiul Craiova,,,2024-11-21,autoritate non-spital
741768-2024,JUDETUL CARAS-SEVERIN,ELMED MEDICAL / KARL STORZ ENDOSCOPIA ROMANIA / RAFI MEDICAL / Sof Medica,1485568,2024-11-21,autoritate non-spital
749983-2024,MINISTERUL APARARII - UNITATEA MILITARA 02464 BUCURESTI,Dental Vladmed V&M SRL / HALMADENT SRL / LIAMED / MEDIMPACT SRL / S.C. MED TEHNICA SRL S.R.L. / S.C. Medical Logistic Mall S.R.L. / S.C.MEDICAL GRUP S.R.L.,2824170,2024-11-21,unitate militara fara profil de spital
SCN1156241,Directia Sanitara Veterinara si pentru Siguranta Alimentelor Buzau,MEDICLIM S.R.L.,14880,2024-11-21,autoritate non-spital
101150-2026,MINISTERUL APARARII - UNITATEA MILITARA 02464 BUCURESTI,CATTUS S.R.L. / DVC MEDICAL VISION SRL / HISTRIA INTERNATIONAL S.R.L. / LIAMED / MEDICAL DEVICE STORE SRL / MEDIMPACT SRL / MEDIZIN TECHNOLOGIES / MLM MEDICAL S.R.L. / PAUL HARTMANN SRL / S.C. NEOMED S..R.L. / S.C. NERAMO DISTRIBUTION S.R.L. / SIGNAL SPECTRUM SRL-D,4373876,2024-11-22,unitate militara fara profil de spital
712717-2024,JUDETUL SIBIU,,,2024-11-22,autoritate non-spital
CN1068022,C.N.A.I.R. S.A. prin Directia Regionala de Drumuri si Poduri BUCURESTI,GLOBAL PLAST S.R.L.,199333,2024-11-23,entitate privata (SRL/SA)
718217-2024,Municipiul Craiova,,2107185,2024-11-25,autoritate non-spital
725288-2024,"UNIVERSITATEA DE MEDICINA SI FARMACIE ""VICTOR BABES"" DIN TIMISOARA",KARL STORZ ENDOSCOPIA ROMANIA,803700,2024-11-25,autoritate non-spital
1313-2025,MUNICIPIUL ODORHEIU SECUIESC (PRIMARIA MUNICIPIULUI ODORHEIU SECUIESC),ARGUS OPTIK S.R.L. / LIAMED / RIDA S SRL / S.C. TESLA Numeric S.R.L. / SC CARTO PLAST SRL / TEHNOPLUS MEDICAL,684034,2024-11-26,autoritate non-spital
719404-2024,JUDETUL GALATI,,,2024-11-26,autoritate non-spital
719905-2024,SPITALUL ORASENESC HOREZU,,,2024-11-26,procedura anulata / fara castigator (confirmat in XML TED)
764852-2024,ORASUL HOREZU - CONSILIUL LOCAL HOREZU,SOUL MEDICAL,3329600,2024-11-26,autoritate non-spital
836-2025,CENTRUL MEDICAL DE DIAGNOSTIC SI TRATAMENT AMBULATORIU PLOIESTI,ARGUS OPTIK / LIAMED / RIDA S SRL / TOTALMED,218541,2024-11-27,centru medical ambulatoriu (fara paturi)
SCNA1114294,Directia Sanitara Veterinara si pentru Siguranta Alimentelor Buzau,Noack Romania S.R.L. / DIALAB SOLUTIONS / MEDICLIM S.R.L. / ROMVAC COMPANY / ANTISEL RO SRL,41089,2024-11-27,autoritate non-spital
236217-2025,Municipiul Pascani,BLUEBOX MEDICAL / LIAMED / S.C. IRYO SYSTEMS S.R.L. S.R.L.,1992688,2024-11-28,autoritate non-spital
763284-2024,JUDETUL GALATI,ALPHA MEDICAL S.R.L. / DTL Medical SRL / HELLIMED SRL / PAPAPOSTOLOU S.R.L / Rosalvamed Plus S.R.L.,658539,2024-11-28,autoritate non-spital
799592-2024,Municipiul Pascani,LIAMED / S.C. IRYO SYSTEMS S.R.L. S.R.L.,1606112,2024-11-28,autoritate non-spital
725851-2024,Municipiul Iasi,ALFA VEGA S.R.L.,1243660,2024-11-28,autoritate non-spital
757436-2024,COMPANIA NATIONALA DE INVESTITII SA,PRIMERA MED TECHNOLOGY,2775993,2024-11-29,entitate privata (SRL/SA)
CAN1138062,Directia Sanitara Veterinara si pentru Siguranta Alimentelor Cluj,DIAMEDIX IMPEX,19442,2024-12-02,autoritate non-spital
CAN1138065,Directia Sanitara Veterinara si pentru Siguranta Alimentelor Cluj,TUNIC PROD S.R.L.,813,2024-12-02,autoritate non-spital
CAN1138071,Directia Sanitara Veterinara si pentru Siguranta Alimentelor Cluj,EMSAR S.R.L.,733,2024-12-02,autoritate non-spital
CAN1138117,"Universitatea de Medicina si Farmacie ""Carol Davila""",DUTCHMED S.R.L. / INTROLIFE / Sante International S.A. / ASCO 90 / Dyomedica CND SRL / PROMED SOLUTION MD SRL,504850,2024-12-02,autoritate non-spital
737634-2024,Inspectoratul General pentru Situatii de Urgenta,,4450000,2024-12-03,autoritate non-spital
795759-2024,Directia Sanitara Veterinara si pentru Siguranta Alimentelor Suceava,A.M.S. 2000 TRADING IMPEX S.R.L. / ANTISEL RO SRL / C.D.M. GALVAN / DIALAB SOLUTIONS / DIAMEDIX IMPEX / Filara BioMed SRL / LABORSISTEM S.R.L. / MEDICLIM S.R.L. / MERC INTERNATIONAL IMPEX S.R.L. / Noack Romania S.R.L. / PARTNERS MEDICAL SOLUTION S.R.L. / S.C. NOVACHIM TRADING S.R.L. / S.C. REDOX RESEARCH & ANALYTIC S.R.L. S.R.L. / Shimadzu Handelsgesellschaft mbH / TOPOMEV OPTOSCIENCE / TUNIC PROD S.R.L.,149988,2024-12-03,autoritate non-spital
SCN1146969,Primaria Municipiului Tirgu-Mures,RAPSODIA COM SRL,16089,2024-12-03,autoritate non-spital
120674-2025,JUDETUL BACAU,Abb Neopuls / B.BRAUN MEDICAL / DRAEGER ROMANIA / HELLIMED / ICU DARMED S.R.L. / MEDICAL DEVICE STORE SRL / MEDIST IMAGING & P.O.C. / Medical Gazplus,5943379,2024-12-04,autoritate non-spital
783233-2024,Universitatea de Medicină și Farmacie din Craiova,SUPERMEDICAL,1159300,2024-12-04,autoritate non-spital
783854-2024,JUDETUL BACAU,Abb Neopuls / B.BRAUN MEDICAL / DRAEGER ROMANIA / HELLIMED / ICU DARMED S.R.L. / MEDICAL DEVICE STORE SRL / MEDIST IMAGING & P.O.C.,5563895,2024-12-04,autoritate non-spital
739489-2024,JUDETUL BIHOR,SOFTLINK CENTRAL EUROPE,6154510,2024-12-04,autoritate non-spital
CAN1134517,JUDETUL SALAJ,HAELVOET,88206,2024-12-04,autoritate non-spital
SCNA1114654,"Universitatea ""Alexandru Ioan Cuza"" Iasi",FABI TOTAL GRUP S.R.L.,3406,2024-12-04,autoritate non-spital
763932-2024,JUDETUL GALATI,LABORATORIUM LIFE SCIENCE SRL,2416621,2024-12-05,autoritate non-spital
1393-2025,CENTRUL MEDICAL DE DIAGNOSTIC SI TRATAMENT AMBULATORIU PLOIESTI,GLOBAL VIEW MEDICAL BUSINESS / Medist,188500,2024-12-06,centru medical ambulatoriu (fara paturi)
39093-2025,MINISTERUL APARARII - UNITATEA MILITARA 02464 BUCURESTI,CATTUS S.R.L. / DACORUM GRUP / Danson S.R.L. / Dental Vladmed V&M SRL / GREENBERG & COHEN CONSULT SRL / HELLIMED SRL / HISTRIA INTERNATIONAL S.R.L. / MEDIST IMAGING & P.O.C. S.R.L. / NICONSULTING TECHNICS SRL / PRIMERA MED TECHNOLOGY / S.C. EDITRONIC INTERNATIONAL S.R.L. / S.C. NEOMED S..R.L. / TEHNO ELECTRO MEDICAL COMPANY S.R.L.,50798250,2024-12-06,unitate militara fara profil de spital
745868-2024,SERVICIUL DE AMBULANTA JUDETEAN IASI,ORANGE ROMANIA / S.C. I.Q. PLUS S.R.L. / S.C. VODAFONE ROMANIA S.A. S.R.L.,1925559,2024-12-06,autoritate non-spital
753346-2024,Municipiul Galati,ABB Medtec,5997500,2024-12-09,autoritate non-spital
780559-2024,CONSILIUL JUDETEAN OLT,BPM TEHNOLOGICA / Integra Medical Business / LIAMED / ROMGER GENERAL TRADE & CONSULTING S.R.L. / SOUL MEDICAL,2114387,2024-12-09,autoritate non-spital
753655-2024,INSTITUTUL DE BOLI CARDIOVASCULARE TIMISOARA,,,2024-12-10,procedura anulata / fara castigator (confirmat in XML TED)
214513-2025,Orasul Zarnesti (Primaria Orasului Zarnesti),INTRAMED S.R.L. / ROSALVAMED PLUS / SPECTRUM POINT / VAVIAN TRADING,7030020,2024-12-11,autoritate non-spital
21911-2025,Orasul Zarnesti (Primaria Orasului Zarnesti),INTRAMED S.R.L. / ROSALVAMED PLUS / VAVIAN TRADING,2134320,2024-12-11,autoritate non-spital
756024-2024,SPITALUL CLINIC DE URGENTA SF.IOAN,,,2024-12-11,procedura anulata / fara castigator (confirmat in XML TED)
92138-2026,Serviciul de Ambulanta Judetean Bacau,ALISON HAYES (ROMANIA) / ALPHA BRIO MEDICAL S.R.L. / CRIO - 2 S.R.L. / DANCRI MEDICAL / DELUXE MEDICRAFTS / FARMACIA OMNIA / LUAN VISION / MEDICAL GRUP / MEDIMPACT / NERAMO DISTRIBUTION / TOP TRADE MEDICAL / VALDOMEDICA TRADING / VETRO DESIGN,611811,2024-12-11,autoritate non-spital
759042-2024,Orasul Segarcea,,6395394,2024-12-12,autoritate non-spital
CAN1138815,UNIVERSITATEA NATIONALA DE MUZICA,ARTBIT,249777,2024-12-12,autoritate non-spital
CN1068738,INSTITUTUL NATIONAL DE HEMATOLOGIE TRANSFUZIONALA Prof.Dr.C.T.Nicolau,X-Lab Solutions S.R.L.,,2024-12-14,institut de cercetare / fara paturi de spital
795611-2024,Municipiul Craiova,ALIO MED SOLUTIONS S.R.L. / ELMED MEDICAL,5279100,2024-12-16,autoritate non-spital
796442-2024,"Universitatea de Medicina si Farmacie ""Iuliu Hatieganu"" Cluj-Napoca",ANTISEL RO SRL / Altium International SRL / DIALAB SOLUTIONS / S.C. Bio Zyme S.R.L.,59795,2024-12-16,autoritate non-spital
768229-2024,Ministerul Sanatatii,A.M.S. 2000 TRADING IMPEX / ANALYTIK-JENA-ROMANIA S.R.L. / BIO AQUA GROUP / BLUEBOX MEDICAL / CANBERRA PACKARD / CROMATEC PLUS / MECRO SYSTEM S.R.L. / MERCK ROMANIA S.R.L. / NITECH / Shimadzu Handelsgesellschaft mbH / TEHNOPLUS MEDICAL,47124229,2024-12-16,autoritate non-spital
114569-2025,MUNICIPIUL PLOIESTI,NICONSULTING TECHNICS SRL,596000,2024-12-17,autoritate non-spital
12086-2025,SERVICIUL DE AMBULANTA JUDETEAN VRANCEA,DELUXE MEDICRAFTS SRL / HELLIMED SRL / Rosalvamed Plus S.R.L. / S.C. D&G GROUP S.R.L. S.R.L. / X-Lab Solutions S.R.L.,2205539,2024-12-17,autoritate non-spital
13398-2025,JUDEȚUL SUCEAVA,BIOTEC / DACORUM GRUP / DRAEGER ROMANIA / MEDIST IMAGING & P.O.C. / OPEN MIND LABORATORY S.R.L.,925073,2024-12-17,autoritate non-spital
188014-2025,SERVICIUL DE AMBULANTA JUDETEAN VRANCEA,DELUXE MEDICRAFTS SRL / HELLIMED SRL / Rosalvamed Plus S.R.L. / S.C. D&G GROUP S.R.L. S.R.L. / X-Lab Solutions S.R.L.,2334986,2024-12-17,autoritate non-spital
795427-2024,MUNICIPIUL PLOIESTI,NICONSULTING TECHNICS SRL,596000,2024-12-17,autoritate non-spital
796686-2024,JUDEȚUL SUCEAVA,PREPARATORY WORK / S.C. BIOCOMP S.R.L. / S.C. MALUK CO S.R.L.,2583382,2024-12-17,autoritate non-spital
CAN1138997,"Universitatea de Medicina si Farmacie ""Iuliu Hatieganu"" Cluj-Napoca",DELTAMED / ELECTRONIC APRIL APARATURA ELECTRONICA SPECIALA S.R.L.,53295,2024-12-17,autoritate non-spital
SCNA1103979,Directia Generala de Asistenta Sociala si Protectia Copilului Gorj,TZMO ROMANIA / GREENWOOD,942946,2024-12-17,autoritate non-spital
776658-2024,SPITAL MUNICIPAL GHEORGHENI,,,2024-12-18,procedura anulata / fara castigator (confirmat in XML TED)
82216-2025,JUDETUL VALCEA,DTL Medical SRL,8745500,2024-12-18,autoritate non-spital
782682-2024,Judetul Brasov,,,2024-12-20,autoritate non-spital
50308-2025,MUNICIPIUL CAMPULUNG,ADION PRODIMPEXTRANS S.R.L. / ANDAN IMPEX S.R.L. / DACO MEDICAL TECHNOLOGIES SRL / DEMOTEKS MEDIKAL SRL / DVC MEDICAL VISION SRL / Dyomedica CND SRL / Elta 90 Medical Research SRL / LC RHEA MEDICAL CARE S.R.L. / LIAMED / MEDIZIN TECHNOLOGIES / PAPAPOSTOLOU S.R.L / PRIMERA MED TECHNOLOGY / REO MEDICAL APARATURA MEDICALA / S.C. BIOTECHNICS IMPLANT S.R.L. / S.C. ELMED MEDICALS.R.L. / S.C. SAPACO 2000 S.A. S.C.S. / S.C.MEDICAL GRUP S.R.L.,6542381,2024-12-23,autoritate non-spital
794434-2024,Spitalul Județean de Urgență Dr.Constantin Andreoiu Ploiești,,,2024-12-24,procedura anulata / fara castigator (confirmat in XML TED)
CAN1133400,Directia Sanitara Veterinara si pentru Siguranta Alimentelor Suceava,TUNIC PROD S.R.L. / Filara BioMed SRL / DIAMEDIX IMPEX / DIALAB SOLUTIONS / C.D.M. GALVAN / A.M.S. 2000 TRADING IMPEX S.R.L. / TOPOMEV OPTOSCIENCE / Shimadzu Handelsgesellschaft mbH / LABORSISTEM S.R.L. / ANTISEL RO SRL / PARTNERS MEDICAL SOLUTION S.R.L. / S.C. REDOX RESEARCH & ANALYTIC S.R.L. S.R.L. / MEDICLIM S.R.L. / MERC INTERNATIONAL IMPEX S.R.L. / Noack Romania S.R.L. / S.C. NOVACHIM TRADING S.R.L.,2549794,2024-12-24,autoritate non-spital
18328-2025,JUDETUL SIBIU,S.C. Abb Neopuls S.R.L.,1807654,2024-12-31,autoritate non-spital
799913-2024,SPITALUL JUDETEAN DE URGENTA PITESTI,,,2024-12-31,procedura anulata / fara castigator (confirmat in XML TED)
801071-2024,JUDETUL MARAMURES (CONSILIUL JUDETEAN MARAMURES),,,2024-12-31,autoritate non-spital
CAN1139735,CENTRUL MEDICAL DE DIAGNOSTIC SI TRATAMENT AMBULATORIU PLOIESTI,LIAMED / TOTALMED / RIDA S SRL / ARGUS OPTIK,218541,2024-12-31,centru medical ambulatoriu (fara paturi)
SCNA1105312,Directia Generala de Asistenta Sociala si Protectia Copilului Brasov,TZMO ROMANIA,126076,2024-12-31,autoritate non-spital
43572-2025,Serviciul de Ambulanta Judetean Vaslui,ALPHA BRIO MEDICAL S.R.L. / BIZMED / DELTAMED / DELUXE MEDICRAFTS / DEMOPHORIUS HEALTHCARE / DRAEGER ROMANIA / HELLIMED / INNOVOTECH S.R.L. / MEDIMPACT / MEDIST IMAGING & P.O.C. / NAFKA GRUP / OLVIT MED / PAUL HARTMANN / ROVAL MED / SANROTEX TRADING SRL / TAISSIS CONCEPT / TEHNO ELECTRO MEDICAL COMPANY S.R.L. / TMS - TOP MEDICAL SUPPLIER / VALDOMEDICA TRADING / VETRO DESIGN / ZARYS INTERNATIONAL GROUP,1649551,2025-01-03,autoritate non-spital
30791-2025,Universitatea Stefan cel Mare Suceava,DENTEX TRADING S.R.L. / TEHNICAL DENT,364649,2025-01-08,autoritate non-spital
80106-2025,SERVICIUL JUDETEAN DE AMBULANTA ARGES,ALPHA BRIO MEDICAL S.R.L. / DELTAMED / LIME MEDICALS S.R.L. / LUAN VISION / MANUFARM S.R.L. / MEDCLAS TRADING S.R.L. / MEDICAL GRUP / ROSALVAMED PLUS / TMS - TOP MEDICAL SUPPLIER / VETRO DESIGN / X-Lab Solutions S.R.L.,719794,2025-01-10,autoritate non-spital
21353-2025,SPITALUL CLINIC DE URGENTA SF.IOAN,,,2025-01-13,procedura anulata / fara castigator (confirmat in XML TED)
130771-2025,"Centrul Medical de Diagnostic, Tratament Ambulatoriu si Medicina Preventiva",B. BRAUN AVITUM / EVO HEALTHCARE CONSULTING,1848426,2025-01-14,centru medical ambulatoriu (fara paturi)
35977-2025,OFICIUL NATIONAL PENTRU ACHIZITII CENTRALIZATE,HELLIMED,167827160,2025-01-15,autoritate non-spital
57144-2025,JUDETUL CLUJ (CONSILIUL JUDETEAN),NITECH / NOVOMED INTERNATIONAL SRL,243820,2025-01-16,autoritate non-spital
47638-2025,JUDETUL GALATI,DIAMEDIX IMPEX,2610000,2025-01-17,autoritate non-spital
36274-2025,SPITALUL CLINIC JUDETEAN DE URGENTA CLUJ,,,2025-01-20,procedura anulata / fara castigator (confirmat in XML TED)
39486-2025,SPITALUL ORASENESC AGNITA,,,2025-01-20,procedura anulata / fara castigator (confirmat in XML TED)
41041-2025,UM 0929 Bucuresti,,,2025-01-21,procedura anulata / fara castigator (confirmat in XML TED)
43324-2025,"Institutul de Boli Infectioase ""Prof. Dr. Matei Bals""",,,2025-01-22,procedura anulata / fara castigator (confirmat in XML TED)
45469-2025,ORASUL ABRUD,,,2025-01-22,autoritate non-spital
109639-2025,Consiliul Judetean Dambovita,GREENBERG & COHEN CONSULT SRL / NOVOMED INTERNATIONAL SRL / S.C. Medical Gazplus S.R.L.,529404,2025-01-23,autoritate non-spital
67282-2025,COMUNA PERICEI,PROTON IMPEX 2000,908491,2025-01-27,autoritate non-spital
105425-2025,SERVICIUL JUDETEAN DE AMBULANTA ARGES,ALPHA BRIO MEDICAL S.R.L. / DELTAMED / LIME MEDICALS S.R.L. / LUAN VISION / MANUFARM S.R.L. / MEDCLAS TRADING S.R.L. / MEDICAL GRUP / ROSALVAMED PLUS / TMS - TOP MEDICAL SUPPLIER / VETRO DESIGN / X-Lab Solutions S.R.L.,820155,2025-01-29,autoritate non-spital
61885-2025,MUNICIPIUL VULCAN,,,2025-01-29,autoritate non-spital
63628-2025,Spital General CF Sibiu,,,2025-01-30,procedura anulata / fara castigator (confirmat in XML TED)
65532-2025,Institutul de Boli Cardiovasculare Prof. Dr. I. M. Georgescu,,,2025-01-30,procedura anulata / fara castigator (confirmat in XML TED)
66250-2025,MUNICIPIUL ARAD,,,2025-01-30,autoritate non-spital
114273-2025,DIRECTIA SANITARA VETERINARA SI PENTRU SIGURANTA ALIMENTELOR BRASOV,A.M.S. 2000 TRADING IMPEX / ANTISEL RO / AVENA MEDICA S.R.L. / DIALAB SOLUTIONS / DIAMEDIX IMPEX / EUROVET LAB / Filara BioMed SRL / MEDICAMED MARKET S.R.L. / MEDICLIM S.R.L. / MEDVET DIAGNOSTIC / NOACK ROMANIA SRL / NOVA GROUP INVESTMENT / NOVACHIM TRADING / TODY LABORATORIES MED / TUNIC PROD,2262584,2025-02-03,autoritate non-spital
78514-2025,Spitalul Municipal Targu Secuiesc,,,2025-02-05,procedura anulata / fara castigator (confirmat in XML TED)
78643-2025,JUDETUL GALATI,,,2025-02-05,autoritate non-spital
79408-2025,UM 0929 Bucuresti,,,2025-02-05,procedura anulata / fara castigator (confirmat in XML TED)
144590-2025,Judetul Neamt,AXIOMA MEDICAL S.R.L. / HEALTH SUPPLY / MEDIPLUS SOLUTIONS,5120720,2025-02-06,autoritate non-spital
158614-2025,Directia Sanitara Veterinara si pentru Siguranta Alimentelor Suceava,A.M.S. 2000 TRADING IMPEX S.R.L. / Agilrom Scientific / DIALAB SOLUTIONS / DIAMEDIX IMPEX / EMSAR S.R.L. / LABORSISTEM S.R.L. / MEDICLIM S.R.L. / NOVA GROUP INVESTMENT / Noack Romania S.R.L. / PARTNERS MEDICAL SOLUTION S.R.L. / REDOX RESEARCH & ANALYTIC S.R.L. / S.C. NOVACHIM TRADING S.R.L. / TUNIC PROD S.R.L.,438732,2025-02-06,autoritate non-spital
211617-2025,DIRECTIA GENERALA DE ASISTENTA SOCIALA A MUNICIPIULUI BUCURESTI,NOVA TECH MED,435292,2025-02-06,autoritate non-spital
83087-2025,SPITALUL CLINIC DE URGENTA SF.IOAN,,,2025-02-06,procedura anulata / fara castigator (confirmat in XML TED)
84520-2025,Spitalul Clinic de Pneumoftiziologie Iasi,,,2025-02-07,procedura anulata / fara castigator (confirmat in XML TED)
87096-2025,JUDETUL SALAJ,,,2025-02-07,autoritate non-spital
740304-2025,Serviciul de Ambulanta Judetean Bacau,LUAN VISION / ROSALVAMED PLUS / SANIMED INTERNATIONAL IMPEX / VALDOMEDICA TRADING,10860,2025-02-11,autoritate non-spital
748355-2025,MUNICIPIUL ODORHEIU SECUIESC (PRIMARIA MUNICIPIULUI ODORHEIU SECUIESC),BIO HYGIENE SRL / Elta 90 Medical Research SRL / MEDICLIM S.R.L. / MULTI CLEANING SYSTEM / Novaintermed S.R.L. / RAFI MEDICAL / S.C. ADG MEDICAL SUPPLY S.R.L. / S.C. HARGITA HOLDING IMPORT-EXPORT S.R.L. / S.C. MEDITECH S.R.L. S.R.L. / SANITARY & HOSPITAL SOLUTIONS SRL / SIGNAL SPECTRUM SRL-D / Sante International S.A.,11735110,2025-02-11,autoritate non-spital
141208-2025,Universitatea Stefan cel Mare Suceava,PHANOS TECHNOLOGY S.R.L. / PRAGMA COMPUTERS S.R.L.,124168,2025-02-14,autoritate non-spital
145177-2025,JUDETUL GALATI,CARO INTERNATIONAL S.R.L. / DTL Medical SRL / HELLIMED / NICONSULTING TECHNICS SRL / PAPAPOSTOLOU S.R.L / PROTON IMPEX 2000 / ROSALVAMED PLUS / SIEMENS HEALTHCARE SRL,16809000,2025-02-14,autoritate non-spital
678593-2025,JUDETUL GALATI,CARO INTERNATIONAL S.R.L. / DTL Medical SRL / HELLIMED / KARL STORZ ENDOSCOPIA ROMANIA / NICONSULTING TECHNICS SRL / PAPAPOSTOLOU S.R.L / PROTON IMPEX 2000 / ROSALVAMED PLUS / SIEMENS HEALTHCARE SRL,17796230,2025-02-14,autoritate non-spital
106506-2025,Municipiul Galati,,,2025-02-17,autoritate non-spital
140672-2025,ORASUL STREHAIA,CREATIVE & INNOVATIVE MANAGEMENT / LIAMED / PHM COMSERV S.R.L. / PROTON IMPEX 2000,11388548,2025-02-17,autoritate non-spital
147761-2025,JUDETUL GIURGIU,LA FABRICA DE SOFTWARE Y HARDWARE S.L. / MEDISERV / MEDIZIN TECHNOLOGIES,1671705,2025-02-17,autoritate non-spital
424756-2025,Serviciul Judetean de Ambulanta Botosani,ALCA DUO MEDICAL S.R.L. / B.BRAUN MEDICAL / FARMACIA OMNIA / LUAN VISION / MEDCLAS TRADING S.R.L. / MEDICAL GRUP / PRODCONFARM S.R.L. / RICOMED / ROVAL MED / TAISSIS CONCEPT / TZMO ROMANIA / VALDOMEDICA TRADING / VETRO DESIGN / X-Lab Solutions S.R.L.,291930,2025-02-18,autoritate non-spital
112679-2025,INSTITUTUL DE BOLI CARDIOVASCULARE TIMISOARA,,,2025-02-19,procedura anulata / fara castigator (confirmat in XML TED)
169978-2025,MUNICIPIUL BARLAD,BPM TEHNOLOGICA / BTL ROMANIA APARATURA MEDICALA S.R.L. / ESTBIMAR ISD / EUROSTING AAW INDUSTRY / ROMGER GENERAL TRADE & CONSULTING S.R.L.,558428,2025-02-19,autoritate non-spital
113226-2025,INSTITUTUL DE BOLI CARDIOVASCULARE TIMISOARA,,,2025-02-20,procedura anulata / fara castigator (confirmat in XML TED)
114364-2025,SPITALUL ORASENESC HOREZU,,,2025-02-20,procedura anulata / fara castigator (confirmat in XML TED)
115847-2025,Spitalul Clinic Judetean de Urgenta Targu.Mures,,,2025-02-20,procedura anulata / fara castigator (confirmat in XML TED)
121301-2025,"INSTITUTUL DE PSIHIATRIE ""SOCOLA"" IASI",,,2025-02-24,procedura anulata / fara castigator (confirmat in XML TED)
151124-2025,MUNICIPIUL MORENI,Kembli Med / PRIMERA MED TECHNOLOGY / S.C. EDITRONIC INTERNATIONAL S.R.L.,1418584,2025-02-24,autoritate non-spital
179507-2025,SERVICIUL JUDETEAN DE AMBULANTA ARGES,ALPHA BRIO MEDICAL S.R.L. / DELTAMED / LIME MEDICALS S.R.L. / LUAN VISION / MANUFARM S.R.L. / MEDCLAS TRADING S.R.L. / MEDICAL GRUP / ROSALVAMED PLUS / TMS - TOP MEDICAL SUPPLIER / VETRO DESIGN / X-Lab Solutions S.R.L.,848634,2025-02-24,autoritate non-spital
125666-2025,MINISTERUL APARARII - UNITATEA MILITARA 02497 PITESTI,,,2025-02-25,procedura anulata / fara castigator (confirmat in XML TED)
135811-2025,JUDETUL SALAJ,,,2025-02-28,autoritate non-spital
143698-2025,Inspectoratul General pentru Situatii de Urgenta,DELTAMED,4100000,2025-03-03,autoritate non-spital
162166-2025,JUDETUL MARAMURES (CONSILIUL JUDETEAN MARAMURES),DIGI MEDICAL TEHNIC / HISTRIA INTERNATIONAL S.R.L. / Proton Impex 2000 S.R.L. / ROMGER GENERAL TRADE & CONSULTING S.R.L. / S.C. MEDITECH S.R.L. S.R.L. / S.C. Medical Gazplus S.R.L.,4842551,2025-03-03,autoritate non-spital
227951-2025,"Universitatea de Medicina si Farmacie ""Iuliu Hatieganu"" Cluj-Napoca",ALTIUM INTERNATIONAL / ANTISEL RO / BIO AQUA GROUP / CHROMAKTIV S.R.L. / DELTAMED / EMSAR S.R.L. / Filara BioMed SRL / Novaintermed S.R.L. / TUNIC PROD S.R.L. / WATT DISTRIBUTOR,170335,2025-03-03,autoritate non-spital
157085-2025,MUNICIPIUL PLOIESTI,NICONSULTING TECHNICS SRL / VERSA SYSTEM SRL,6072962,2025-03-04,autoritate non-spital
178466-2025,Municipiul Craiova,ALMED INVESTMENTS,24890,2025-03-05,autoritate non-spital
148990-2025,SPITALUL CLINIC JUDETEAN DE URGENTA CLUJ,,,2025-03-06,procedura anulata / fara castigator (confirmat in XML TED)
150550-2025,JUDEȚUL SUCEAVA,,,2025-03-07,autoritate non-spital
164349-2025,JUDETUL SIBIU,GLOBAL MEDICAL SOLUTIONS SRL / Integra Medical Business / SMGELECTRONICA S.R.L. / VICI EVOLUTION S.R.L.,19165110,2025-03-07,autoritate non-spital
363107-2025,JUDETUL SIBIU,GLOBAL MEDICAL SOLUTIONS SRL / Integra Medical Business / SMGELECTRONICA S.R.L. / VICI EVOLUTION S.R.L.,19165110,2025-03-07,autoritate non-spital
161628-2025,Institutul Regional de Oncologie Iasi,,,2025-03-12,procedura anulata / fara castigator (confirmat in XML TED)
206828-2025,Directia Sanitara Veterinara si pentru Siguranta Alimentelor Botosani,DIALAB SOLUTIONS,840000,2025-03-12,autoritate non-spital
164362-2025,Spital Clinic Judetean de Urgenta Arad,,,2025-03-13,procedura anulata / fara castigator (confirmat in XML TED)
210454-2025,JUDETUL CARAS-SEVERIN,Sof Medica,734000,2025-03-13,autoritate non-spital
167386-2025,SPITALUL UNIVERSITAR DE URGENTA ELIAS,,,2025-03-14,procedura anulata / fara castigator (confirmat in XML TED)
168064-2025,SPITALUL UNIVERSITAR DE URGENTA ELIAS,,,2025-03-14,procedura anulata / fara castigator (confirmat in XML TED)
273367-2025,Unitatea Administrativ Teritoriala (UAT) Orasul Jibou,ARCMED NET SRL / BIOSYSTEMS DIAGNOSTIC S.R.L. / DIAPRO TOP / DIGI MEDICAL TEHNIC / Elta 90 Medical Research SRL / LIAMED / MECRO SYSTEM S.R.L. / NEWMEDICS COM S.R.L. / ROCHE ROMANIA / ROMGER GENERAL TRADE & CONSULTING S.R.L. / TIMBERSTAR S.R.L.,6500000,2025-03-14,autoritate non-spital
185730-2025,JUDETUL CLUJ (CONSILIUL JUDETEAN),Sof Medica,648753,2025-03-18,autoritate non-spital
190285-2025,Județul Brașov,SC TUNIC PROD SRL,189000,2025-03-18,autoritate non-spital
182200-2025,INSTITUTUL DE BOLI CARDIOVASCULARE TIMISOARA,,,2025-03-20,procedura anulata / fara castigator (confirmat in XML TED)
532760-2025,Ministerul Sanatatii,CATTUS / Novaintermed S.R.L. / ROCHE ROMANIA / X-Lab Solutions S.R.L.,5057250,2025-03-20,autoritate non-spital
194042-2025,"Universitatea de Medicina, Farmacie, Stiinte si Tehnologie "" George Emil Palade"" din Targu Mures",SIEMENS HEALTHCARE SRL,453000,2025-03-24,autoritate non-spital
203860-2025,OFICIUL NATIONAL PENTRU ACHIZITII CENTRALIZATE,ALMED INVESTMENTS / GLOBAL MEDICAL SOLUTIONS SRL / MEDIST IMAGING & P.O.C. S.R.L. / SUPERMEDICAL SRL / VICI EVOLUTION S.R.L.,353603147,2025-03-24,autoritate non-spital
352131-2025,JUDETUL MARAMURES (CONSILIUL JUDETEAN MARAMURES),NOVOMED INTERNATIONAL SRL / S.C. IRYO SYSTEMS S.R.L. S.R.L.,1002848,2025-03-24,autoritate non-spital
688322-2025,OFICIUL NATIONAL PENTRU ACHIZITII CENTRALIZATE,ALMED INVESTMENTS / GLOBAL MEDICAL SOLUTIONS SRL / MEDIST IMAGING & P.O.C. S.R.L. / SUPERMEDICAL SRL / VICI EVOLUTION S.R.L.,353603147,2025-03-24,autoritate non-spital
190176-2025,UM 0929 Bucuresti,,,2025-03-25,procedura anulata / fara castigator (confirmat in XML TED)
190883-2025,UM 0929 Bucuresti,,,2025-03-25,procedura anulata / fara castigator (confirmat in XML TED)
195346-2025,MUNICIPIUL VULCAN,,,2025-03-26,autoritate non-spital
202380-2025,Consiliul Judetean Buzau,PRIMERA MED TECHNOLOGY,434207,2025-03-26,autoritate non-spital
253224-2025,Directia Sanitara Veterinara si pentru Siguranta Alimentelor Suceava,A.M.S. 2000 TRADING IMPEX S.R.L. / ANTISEL RO SRL / C.D.M. GALVAN / DIALAB SOLUTIONS / DIAMEDIX IMPEX / Filara BioMed SRL / LABORSISTEM S.R.L. / MEDICLIM S.R.L. / MERC INTERNATIONAL IMPEX S.R.L. / Noack Romania S.R.L. / PARTNERS MEDICAL SOLUTION S.R.L. / S.C. NOVACHIM TRADING S.R.L. / S.C. REDOX RESEARCH & ANALYTIC S.R.L. S.R.L. / Shimadzu Handelsgesellschaft mbH / TOPOMEV OPTOSCIENCE / TUNIC PROD S.R.L.,309110,2025-03-27,autoritate non-spital
254266-2025,SERVICIUL JUDETEAN DE AMBULANTA ARGES,ALPHA BRIO MEDICAL S.R.L. / DELTAMED / LIME MEDICALS S.R.L. / LUAN VISION / MANUFARM S.R.L. / MEDCLAS TRADING S.R.L. / MEDICAL GRUP / ROSALVAMED PLUS / TMS - TOP MEDICAL SUPPLIER / VETRO DESIGN / X-Lab Solutions S.R.L.,882642,2025-03-27,autoritate non-spital
523872-2025,Directia Sanitara Veterinara si pentru Siguranta Alimentelor Suceava,A.M.S. 2000 TRADING IMPEX S.R.L. / ANTISEL RO SRL / C.D.M. GALVAN / DIALAB SOLUTIONS / DIAMEDIX IMPEX / Filara BioMed SRL / LABORSISTEM S.R.L. / MEDICLIM S.R.L. / MERC INTERNATIONAL IMPEX S.R.L. / Noack Romania S.R.L. / PARTNERS MEDICAL SOLUTION S.R.L. / S.C. NOVACHIM TRADING S.R.L. / S.C. REDOX RESEARCH & ANALYTIC S.R.L. S.R.L. / Shimadzu Handelsgesellschaft mbH / TOPOMEV OPTOSCIENCE / TUNIC PROD S.R.L.,321780,2025-03-27,autoritate non-spital
203388-2025,MUNICIPIUL ORADEA,,,2025-03-31,autoritate non-spital
217670-2025,Municipiul Craiova,Eldiro Medical,436690,2025-03-31,autoritate non-spital
208172-2025,SPITALUL CLINIC DE URGENTA SF.IOAN,,,2025-04-01,procedura anulata / fara castigator (confirmat in XML TED)
209208-2025,SPITALUL CLINIC DE URGENTA SF.IOAN,,,2025-04-01,procedura anulata / fara castigator (confirmat in XML TED)
249661-2025,DIRECTIA SANITARA VETERINARA SI PENTRU SIGURANTA ALIMENTELOR BRASOV,A.M.S. 2000 TRADING IMPEX / ANTISEL RO / AVENA MEDICA S.R.L. / DIALAB SOLUTIONS / DIAMEDIX IMPEX / EUROVET LAB / Filara BioMed SRL / MEDICAMED MARKET S.R.L. / MEDICLIM S.R.L. / MEDVET DIAGNOSTIC / NOACK ROMANIA SRL / NOVA GROUP INVESTMENT / NOVACHIM TRADING / TODY LABORATORIES MED / TUNIC PROD,339614,2025-04-01,autoritate non-spital
258161-2025,"BAZA DE APROVIZIONARE, GOSPODARIRE SI REPARATII",HALMADENT SRL / Medical Corp S.R.L.,766910,2025-04-01,autoritate non-spital
279981-2025,CONSILIUL JUDETEAN GORJ,ALTEX ROMANIA / CLEANING LOGISTIC DISTRIBUTION / HELLIMED SRL / Medist / NOVA GROUP INVESTMENT / SIGNAL SPECTRUM / UNIVERSAL MEDICAL S.R.L.,3589485,2025-04-02,autoritate non-spital
622491-2025,"Centrul Medical de Diagnostic, Tratament Ambulatoriu si Medicina Preventiva",B. BRAUN AVITUM / EVO HEALTHCARE CONSULTING,1871506,2025-04-02,centru medical ambulatoriu (fara paturi)
815451-2025,"Centrul Medical de Diagnostic, Tratament Ambulatoriu si Medicina Preventiva",B. BRAUN AVITUM / EVO HEALTHCARE CONSULTING,1920622,2025-04-02,centru medical ambulatoriu (fara paturi)
216522-2025,SPITALUL CLINIC DE URGENTA SF.IOAN,,,2025-04-03,procedura anulata / fara castigator (confirmat in XML TED)
219925-2025,Spital Clinic Judetean de Urgenta Arad,,,2025-04-04,procedura anulata / fara castigator (confirmat in XML TED)
230679-2025,Spitalul Clinic Judetean de Urgenta Targu.Mures,,,2025-04-09,procedura anulata / fara castigator (confirmat in XML TED)
306193-2025,ORASUL VALENII DE MUNTE(Primaria Valenii de Munte),Integra Medical Business,97900,2025-04-09,autoritate non-spital
312398-2025,ORASUL VALENII DE MUNTE(Primaria Valenii de Munte),Integra Medical Business / PAPAPOSTOLOU S.R.L,818100,2025-04-09,autoritate non-spital
831997-2025,ORASUL VALENII DE MUNTE(Primaria Valenii de Munte),Dyomedica CND SRL / Integra Medical Business / PAPAPOSTOLOU S.R.L,4779273,2025-04-09,autoritate non-spital
243830-2025,JUDETUL SALAJ,S.C. Abb Neopuls S.R.L.,53799,2025-04-10,autoritate non-spital
235639-2025,Spital Clinic Judetean de Urgenta Arad,,,2025-04-11,procedura anulata / fara castigator (confirmat in XML TED)
579140-2025,MUNICIPIUL ARAD,COGNITROM / D&D CONSULTANTS GRUP,543841,2025-04-11,autoritate non-spital
307491-2025,Universitatea Stefan cel Mare Suceava,HYPO TECH & CONSULTING / LIVARTIX / RONEXPRIM / Russi Scientific Instruments,854350,2025-04-14,autoritate non-spital
245633-2025,Spitalul Clinic Judetean de Urgenta Targu.Mures,,,2025-04-15,procedura anulata / fara castigator (confirmat in XML TED)
247036-2025,SPITALUL UNIVERSITAR DE URGENTA ELIAS,,,2025-04-16,procedura anulata / fara castigator (confirmat in XML TED)
250361-2025,"INSTITUTUL DE PSIHIATRIE ""SOCOLA"" IASI",,,2025-04-16,procedura anulata / fara castigator (confirmat in XML TED)
252219-2025,MUNICIPIUL GHERLA,,,2025-04-17,autoritate non-spital
393455-2025,LABORATOR DE CONTROL DOPING,ANTISEL RO SRL / BIO AQUA GROUP / S.C. MUSO S.R.L.,226167,2025-04-17,autoritate non-spital
284933-2025,CONSILIUL JUDETEAN GORJ,ALTEX ROMANIA / CLEANING LOGISTIC DISTRIBUTION / HELLIMED SRL / Medist / NOVA GROUP INVESTMENT / SIGNAL SPECTRUM / UNIVERSAL MEDICAL S.R.L.,5487145,2025-04-23,autoritate non-spital
269936-2025,Ministerul Sanatatii,KARL STORZ ENDOSCOPIA ROMANIA / MED TEHNICA / MEDIST IMAGING & P.O.C. / PRIMERA MED TECHNOLOGY / ROMBIOMEDICA / ROMGER GENERAL TRADE & CONSULTING S.R.L.,16974395,2025-04-24,autoritate non-spital
267106-2025,"Spital Clinic Judetean de Urgenta ""Pius Brinzeu"" Timisoara",,,2025-04-25,procedura anulata / fara castigator (confirmat in XML TED)
308288-2025,Judetul Neamt,Medist / RENAMED FARMA S.R.L.,754375,2025-04-28,autoritate non-spital
345708-2025,"Universitatea de Medicina si Farmacie ""Iuliu Hatieganu"" Cluj-Napoca",LABO SHOP SRL / S.C. Laptop Aid SRL S.R.L.,310753,2025-04-29,autoritate non-spital
454416-2025,Municipiul Craiova,ALMED INVESTMENTS / BTL ROMANIA APARATURA MEDICALA S.R.L. / Eldiro Medical / MEDIZIN TECHNOLOGIES,1988852,2025-04-30,autoritate non-spital
316122-2025,Municipiul Craiova,ALMED INVESTMENTS / BTL ROMANIA APARATURA MEDICALA S.R.L. / Eldiro Medical / MEDIZIN TECHNOLOGIES,1891952,2025-05-05,autoritate non-spital
346228-2025,Municipiul Craiova,ALMED INVESTMENTS / BTL ROMANIA APARATURA MEDICALA S.R.L. / Eldiro Medical / MEDIZIN TECHNOLOGIES,1891952,2025-05-05,autoritate non-spital
352246-2025,"Universitatea de Medicina si Farmacie ""Iuliu Hatieganu"" Cluj-Napoca",LABO SHOP SRL,923377,2025-05-05,autoritate non-spital
435814-2025,"Universitatea de Medicina si Farmacie ""Iuliu Hatieganu"" Cluj-Napoca",Nastimed Serv / TEHNICAL DENT / TEHNODENT POKA S.R.L.,219171,2025-05-05,autoritate non-spital
289253-2025,SERVICIUL DE AMBULANTA AL JUDETULUI CLUJ,,,2025-05-06,autoritate non-spital
290875-2025,MUNICIPIUL ORADEA,,,2025-05-06,autoritate non-spital
364316-2025,MUNICIPIUL MANGALIA,MEDIZIN TECHNOLOGIES / PRIMERA MED TECHNOLOGY,1549347,2025-05-09,autoritate non-spital
355440-2025,JUDETUL MARAMURES (CONSILIUL JUDETEAN MARAMURES),MEDICLIM S.R.L.,1461136,2025-05-12,autoritate non-spital
301632-2025,SPITALUL CLINIC JUDETEAN DE URGENTA BRASOV,,,2025-05-13,procedura anulata / fara castigator (confirmat in XML TED)
302269-2025,SPITALUL CLINIC DR. C. I. PARHON,,,2025-05-13,procedura anulata / fara castigator (confirmat in XML TED)
340889-2025,ORASUL ABRUD,ACVAROM INTERNATIONAL / BIVARIA GRUP S.R.L. / CORTECH MED S.R.L. / LIAMED / MEDICAL DEVICE STORE SRL / Medical Corp S.R.L. / S.C. EDITRONIC INTERNATIONAL S.R.L. / SC CARTO PLAST SRL / SOUL MEDICAL,3035262,2025-05-13,autoritate non-spital
356788-2025,Universitatea Nationala de Stiinta si Tehnologie Politehnica Bucuresti,NITECH,41207,2025-05-13,autoritate non-spital
310856-2025,JUDETUL GALATI,,,2025-05-14,autoritate non-spital
313765-2025,Municipiul Galati,BTL ROMANIA APARATURA MEDICALA S.R.L. / MEDICAL DEVICE STORE SRL,742000,2025-05-14,autoritate non-spital
334883-2025,JUDETUL SIBIU,Altium International SRL / LABORATORIUM LIFE SCIENCE SRL / MEDIST LIFE SCIENCE S.R.L. / TUNIC PROD S.R.L. / Visa Meding S.R.L.,6666054,2025-05-14,autoritate non-spital
435367-2025,"Universitatea de Medicina si Farmacie ""Iuliu Hatieganu"" Cluj-Napoca",ALTIUM INTERNATIONAL / ANTISEL RO / BIO AQUA GROUP / CHROMAKTIV S.R.L. / DELTAMED / EMSAR S.R.L. / Filara BioMed SRL / Novaintermed S.R.L. / TUNIC PROD S.R.L. / WATT DISTRIBUTOR,389294,2025-05-14,autoritate non-spital
555333-2025,"Universitatea de Medicina si Farmacie ""Iuliu Hatieganu"" Cluj-Napoca",ALTIUM INTERNATIONAL / ANTISEL RO / BIO AQUA GROUP / CHROMAKTIV S.R.L. / DELTAMED / EMSAR S.R.L. / Filara BioMed SRL / Novaintermed S.R.L. / TUNIC PROD S.R.L. / WATT DISTRIBUTOR,360432,2025-05-14,autoritate non-spital
315629-2025,JUDETUL IASI,,,2025-05-16,autoritate non-spital
320497-2025,"Universitatea de Medicina, Farmacie, Stiinte si Tehnologie "" George Emil Palade"" din Targu Mures",THREE PHARM,1881282,2025-05-16,autoritate non-spital
332147-2025,"Universitatea de Medicina, Farmacie, Stiinte si Tehnologie "" George Emil Palade"" din Targu Mures",BTL ROMANIA APARATURA MEDICALA S.R.L. / LIAMED,819174,2025-05-19,autoritate non-spital
404142-2025,Institutul National de Cercetare Dezvoltare Medico Militara Cantacuzino,NOVA FIT 2000,1200000,2025-05-19,institut de cercetare / fara paturi de spital
325852-2025,INSTITUTUL DE BOLI CARDIOVASCULARE TIMISOARA,,,2025-05-21,procedura anulata / fara castigator (confirmat in XML TED)
328165-2025,SPITALUL MUNICIPAL SIGHISOARA,,,2025-05-21,procedura anulata / fara castigator (confirmat in XML TED)
336319-2025,ORASUL BALS,,,2025-05-26,autoritate non-spital
339647-2025,"Universitatea de Medicina si Farmacie ""Carol Davila""",,,2025-05-27,autoritate non-spital
433385-2025,"Universitatea de Medicina si Farmacie ""Iuliu Hatieganu"" Cluj-Napoca",DENTAL PARTNER'S GRUP / Nastimed Serv / TEHNICAL DENT / TEHNODENT POKA S.R.L.,1094512,2025-05-27,autoritate non-spital
434342-2025,"Universitatea de Medicina si Farmacie ""Iuliu Hatieganu"" Cluj-Napoca",MEDICA M3 APARATURĂ SERVICE S.R.L. / Nastimed Serv / TEHNICAL DENT,571128,2025-05-27,autoritate non-spital
486270-2025,"Universitatea de Medicina si Farmacie ""Iuliu Hatieganu"" Cluj-Napoca",DENTAL PARTNER'S GRUP / Nastimed Serv / TEHNICAL DENT / TEHNODENT POKA S.R.L.,1097047,2025-05-27,autoritate non-spital
344769-2025,JUDETUL SALAJ,,,2025-05-28,autoritate non-spital
387685-2025,MUNICIPIUL ROMAN,LUAN VISION SRL / SC BELFIX DISTRIBUTIE SRL,138006,2025-05-28,autoritate non-spital
361999-2025,JUDETUL GALATI,MED TEHNICA,64500,2025-05-29,autoritate non-spital
384144-2025,JUDETUL GALATI,CLINI-LAB / DIAMEDIX IMPEX / Elta 90 Medical Research SRL / SUPERMEDICAL,10756656,2025-05-29,autoritate non-spital
349706-2025,MUNICIPIUL PASCANI,,,2025-05-30,autoritate non-spital
140195-2026,MINISTERUL APARARII - UNITATEA MILITARA 02464 BUCURESTI,DIAMEDIX IMPEX / Dyomedica CND SRL / MEDIQ INNOVATIVE TECHNOLOGIES SRL / PAPAPOSTOLOU S.R.L,49570000,2025-06-02,unitate militara fara profil de spital
350766-2025,Spitalul Municipal Targu Secuiesc,,,2025-06-02,procedura anulata / fara castigator (confirmat in XML TED)
353553-2025,Spitalul Clinic de Urgenta Bagdasar-Arseni,,,2025-06-02,procedura anulata / fara castigator (confirmat in XML TED)
380316-2025,DIRECTIA DE ASISTENTA SOCIALA SI MEDICALA,D.S. DENTISTRY S.R.L. / HELIOS DENTAL,3352140,2025-06-02,autoritate non-spital
427371-2025,DIRECTIA GENERALA DE ASISTENTA SOCIALA A MUNICIPIULUI BUCURESTI,NOVA TECH MED,511878,2025-06-03,autoritate non-spital
430743-2025,JUDETUL HUNEDOARA,GENERAL ELECTRIC MEDICAL SYSTEMS ROMANIA,7487000,2025-06-05,autoritate non-spital
657978-2025,LABORATOR DE CONTROL DOPING,ANTISEL RO SRL / BIO AQUA GROUP / S.C. MUSO S.R.L.,1552,2025-06-05,autoritate non-spital
366315-2025,MUNICIPIUL BARLAD,,,2025-06-06,autoritate non-spital
405779-2025,"Universitatea de Medicina si Farmacie ""Iuliu Hatieganu"" Cluj-Napoca",BIO AQUA GROUP / MUSO,41713,2025-06-10,autoritate non-spital
377085-2025,SPITALUL CLINIC JUDETEAN DE URGENTA SIBIU,,,2025-06-11,procedura anulata / fara castigator (confirmat in XML TED)
381348-2025,SPITALUL CLINIC DE URGENTA SF.IOAN,,,2025-06-13,procedura anulata / fara castigator (confirmat in XML TED)
387149-2025,"UNIVERSITATEA DE MEDICINA SI FARMACIE ""VICTOR BABES"" DIN TIMISOARA",,,2025-06-16,autoritate non-spital
388112-2025,"Spitalul Clinic de Urgenta pentru Copii ""Sf. Ioan"" Galati",,,2025-06-16,procedura anulata / fara castigator (confirmat in XML TED)
401978-2025,JUDETUL SALAJ,MEDIST IMAGING & P.O.C. S.R.L.,586380,2025-06-16,autoritate non-spital
463648-2025,"Universitatea de Medicina si Farmacie ""Iuliu Hatieganu"" Cluj-Napoca",Megagen Dental Implant / S.C. SC DEXELLENCE PROJECT SRL S.R.L.,343300,2025-06-16,autoritate non-spital
389212-2025,Universitatea de Stiinte Agricole si Medicina Veterinara Cluj Napoca,,,2025-06-17,autoritate non-spital
389306-2025,UNIVERSITATEA DUNAREA DE JOS,,,2025-06-17,autoritate non-spital
412427-2025,SERVICIUL DE AMBULANTA JUDETEAN VRANCEA,DELUXE MEDICRAFTS SRL / HELLIMED SRL / Rosalvamed Plus S.R.L. / S.C. D&G GROUP S.R.L. S.R.L. / X-Lab Solutions S.R.L.,2464433,2025-06-17,autoritate non-spital
436418-2025,"Universitatea de Medicina si Farmacie ""Iuliu Hatieganu"" Cluj-Napoca",TEHNODENT POKA S.R.L.,696037,2025-06-17,autoritate non-spital
396489-2025,JUDETUL SATU MARE,,,2025-06-19,autoritate non-spital
398048-2025,Municipiul Galati,,,2025-06-19,autoritate non-spital
404556-2025,Orasul Segarcea,UNIVERSAL MEDICAL S.R.L.,4732400,2025-06-19,autoritate non-spital
417765-2025,"Universitatea de Medicina, Farmacie, Stiinte si Tehnologie "" George Emil Palade"" din Targu Mures",B.BRAUN MEDICAL SRL / THREE PHARM,5485259,2025-06-19,autoritate non-spital
434458-2025,Universitatea din Oradea,OPEN MIND LABORATORY S.R.L. / PHYSIOMED APARATURA MEDICALA / S.C. MED TEHNICA SRL S.R.L.,55450,2025-06-19,autoritate non-spital
481133-2025,"UNIVERSITATEA PENTRU STIINTELE VIETII "" ION IONESCU DE LA BRAD"" DIN IASI",DTL Medical SRL,3236000,2025-06-19,autoritate non-spital
433923-2025,Judetul Brasov,A.M.S. 2000 TRADING IMPEX / BIO HYGIENE / DELTAMED / NANO BIO MEDICAL S.R.L.,542484,2025-06-20,autoritate non-spital
453083-2025,Municipiul Craiova,Eldiro Medical,2364890,2025-06-20,autoritate non-spital
405449-2025,SPITALUL CLINIC JUDETEAN DE URGENTA CLUJ,,,2025-06-25,procedura anulata / fara castigator (confirmat in XML TED)
410654-2025,"Universitatea de Medicina, Farmacie, Stiinte si Tehnologie "" George Emil Palade"" din Targu Mures",,,2025-06-25,autoritate non-spital
422549-2025,MUNICIPIUL MOTRU,CATTUS,31200,2025-06-25,autoritate non-spital
412329-2025,Spital Clinic Judetean de Urgenta Arad,,,2025-06-26,procedura anulata / fara castigator (confirmat in XML TED)
439136-2025,"Universitatea de Medicina si Farmacie ""Carol Davila""",Gursk Medica / Megagen Dental Implant / TEHNICAL DENT,600144,2025-06-26,autoritate non-spital
471931-2025,Universitatea Stefan cel Mare Suceava,SOLUTION PLUS S.R.L.,12600,2025-06-26,autoritate non-spital
423511-2025,"Universitatea de Medicina, Farmacie, Stiinte si Tehnologie "" George Emil Palade"" din Targu Mures",PHARMICS,3535000,2025-06-27,autoritate non-spital
426612-2025,Universitatea de Stiinte Agricole si Medicina Veterinara Cluj Napoca,MEDICAL SIMULATOR PROJECTS,880000,2025-06-27,autoritate non-spital
427375-2025,"Universitatea de Medicina, Farmacie, Stiinte si Tehnologie "" George Emil Palade"" din Targu Mures",MEDIMAX MEDICAL SRL / THREE PHARM,643736,2025-06-30,autoritate non-spital
422649-2025,Spitalul Clinic Dr. I. Cantacuzino,,,2025-07-01,procedura anulata / fara castigator (confirmat in XML TED)
434932-2025,Orasul Segarcea,CLEANING LOGISTIC DISTRIBUTION S.R.L. / UNIVERSAL MEDICAL S.R.L.,5162717,2025-07-01,autoritate non-spital
444690-2025,"UNIVERSITATEA DE MEDICINA SI FARMACIE ""VICTOR BABES"" DIN TIMISOARA",KARL STORZ ENDOSCOPIA ROMANIA,129000,2025-07-02,autoritate non-spital
435404-2025,"Universitatea de Medicina, Farmacie, Stiinte si Tehnologie "" George Emil Palade"" din Targu Mures",DELTAMED / MEDIQ INNOVATIVE TECHNOLOGIES SRL / NUTRICOR BUSINESS / accela s.r.o.,2497960,2025-07-03,autoritate non-spital
433409-2025,"UNIVERSITATEA DE MEDICINA SI FARMACIE ""VICTOR BABES"" DIN TIMISOARA",,,2025-07-04,autoritate non-spital
434688-2025,MUNICIPIUL CARACAL,,,2025-07-04,autoritate non-spital
437039-2025,SPITALUL UNIVERSITAR DE URGENTA BUCURESTI,,,2025-07-04,procedura anulata / fara castigator (confirmat in XML TED)
459253-2025,PRIMARIA MUNICIPIULUI RAMNICU SARAT,PRIMERA MED TECHNOLOGY,602204,2025-07-04,autoritate non-spital
438192-2025,JUDETUL SALAJ,,,2025-07-07,autoritate non-spital
461359-2025,JUDETUL GALATI,DTL Medical SRL / MEDIZIN TECHNOLOGIES / OMEGA MEDICAL S.R.L.,3275000,2025-07-07,autoritate non-spital
446281-2025,MUNICIPIUL MOTRU,BTL ROMANIA APARATURA MEDICALA S.R.L. / CATTUS,139200,2025-07-08,autoritate non-spital
521345-2025,JUDETUL MARAMURES (CONSILIUL JUDETEAN MARAMURES),CLEANING LOGISTIC DISTRIBUTION S.R.L. / HELLIMED SRL / KONE Ascensorul / MEDIQ INNOVATIVE TECHNOLOGIES SRL / PHM COMSERV S.R.L. / S.C. KOMODER INTERACTIVE S.R.L.,2320180,2025-07-08,autoritate non-spital
808424-2025,JUDETUL MARAMURES (CONSILIUL JUDETEAN MARAMURES),CLEANING LOGISTIC DISTRIBUTION S.R.L. / HELLIMED SRL / KONE Ascensorul / MEDIQ INNOVATIVE TECHNOLOGIES SRL / PHM COMSERV S.R.L. / S.C. KOMODER INTERACTIVE S.R.L.,2320180,2025-07-08,autoritate non-spital
540475-2025,JUDETUL SIBIU,AKESO MEDICAL INNOVATIONS S.R.L. / DUTCHMED S.R.L. / KARL STORZ ENDOSCOPIA ROMANIA / Medical Corp S.R.L. / Medical Gazplus / NOVOMED INTERNATIONAL SRL,985430,2025-07-10,autoritate non-spital
687759-2025,"Universitatea de Medicina si Farmacie ""Iuliu Hatieganu"" Cluj-Napoca",MEDICA M3 APARATURĂ SERVICE S.R.L. / Nastimed Serv / TEHNICAL DENT,669222,2025-07-10,autoritate non-spital
688298-2025,"Universitatea de Medicina si Farmacie ""Iuliu Hatieganu"" Cluj-Napoca",DENTSTORE / MEDICA M3 APARATURĂ SERVICE S.R.L. / TEHNODENT POKA S.R.L.,1249765,2025-07-10,autoritate non-spital
689232-2025,"Universitatea de Medicina si Farmacie ""Iuliu Hatieganu"" Cluj-Napoca",Nastimed Serv / TEHNICAL DENT / TEHNODENT POKA S.R.L.,386069,2025-07-10,autoritate non-spital
690323-2025,"Universitatea de Medicina si Farmacie ""Iuliu Hatieganu"" Cluj-Napoca",DENTAL PARTNER'S GRUP / Nastimed Serv / TEHNICAL DENT / TEHNODENT POKA S.R.L.,1397350,2025-07-10,autoritate non-spital
485515-2025,SERVICIUL DE AMBULANTA JUDETEAN PRAHOVA,BIZMED / CO&CO Consumer 2002 S.R.L. / CRIO - 2 S.R.L. / LUAN VISION SRL / MEDIST IMAGING & P.O.C. S.R.L. / NAFKA GRUP S.R.L. / PAUL HARTMANN SRL / PRODCONFARM S.R.L. / Power Medical / ROVAL MED SRL / S.C. DANCRI MEDICAL S.R.L. / S.C. DELTAMED S.R.L. / S.C. Filtre Aer Curat S.R.L. S.R.L. / S.C. MEDCLAS TRADING S.R.L. S.R.L. / S.C. Medplaza Health S.R.L. / S.C. Natural Es-medical S.R.L / S.C.MEDICAL GRUP S.R.L. / SALVAMED GLOBAL TECHNOLOGIES S.R.L. / SANROTEX TRADING SRL / SANTOMED / TMS - TOP MEDICAL SUPPLIER SRL / TZMO ROMANIA SRL / VALDOMEDICA TRADING SRL / VETRO DESIGN S.R.L. / X-Lab Solutions S.R.L. / ZARYS INTERNATIONAL GROUP MEDICAL EQUIPMENT S.R.L.,1547672,2025-07-14,autoritate non-spital
512729-2025,Municipiul Timisoara,CATTUS / KARL STORZ ENDOSCOPIA ROMANIA,2808574,2025-07-14,autoritate non-spital
461944-2025,JUDETUL GALATI,,,2025-07-15,autoritate non-spital
102097-2026,MINISTERUL APARARII - UNITATEA MILITARA 02464 BUCURESTI,BROKMED S.R.L. / CATTUS S.R.L. / LIAMED / MEDIMPACT SRL / MEDISENS HEALTH CARE / MLM MEDICAL S.R.L. / OVAVINCI SRL / PAUL HARTMANN / RICOMED SRL / S.C. NERAMO DISTRIBUTION S.R.L. / S.C.MEDICAL GRUP S.R.L.,221867,2025-07-17,unitate militara fara profil de spital
467604-2025,INSTITUTUL DE BOLI CARDIOVASCULARE TIMISOARA,,,2025-07-17,procedura anulata / fara castigator (confirmat in XML TED)
467754-2025,SPITALUL UNIVERSITAR DE URGENTA ELIAS,,,2025-07-17,procedura anulata / fara castigator (confirmat in XML TED)
476710-2025,Universitatea din Oradea,G.D. ESCAPADE S.R.L. / OPEN MIND LABORATORY S.R.L. / PHYSIOMED APARATURA MEDICALA / S.C. MED TEHNICA SRL S.R.L.,123850,2025-07-21,autoritate non-spital
504396-2025,SERVICIUL DE AMBULANTA JUDETEAN SATU MARE,Biolife Systems / DELUXE MEDICRAFTS / DRAEGER ROMANIA / MEDICAL GRUP / MEDIMPACT / SANROTEX TRADING SRL / TZMO ROMANIA,1926695,2025-07-21,autoritate non-spital
456132-2026,JUDETUL HUNEDOARA,DIGI MEDICAL TEHNIC / DUTCHMED S.R.L. / KARL STORZ ENDOSCOPIA ROMANIA / LIAMED / MEDIST IMAGING & P.O.C. / MEDIZIN TECHNOLOGIES / TEHNOPLUS MEDICAL,9158250,2025-07-22,autoritate non-spital
497088-2025,Directia Sanitara Veterinara si pentru Siguranta Alimentelor Suceava,ANTISEL RO SRL / DIALAB SOLUTIONS / Filara BioMed SRL / MEDICLIM S.R.L. / MERC INTERNATIONAL IMPEX S.R.L. / Noack Romania S.R.L. / Omnivet Impex S.R.L. / PARTNERS MEDICAL SOLUTION S.R.L. / S.C. REDOX RESEARCH & ANALYTIC S.R.L. S.R.L. / TUNIC PROD S.R.L.,1987848,2025-07-22,autoritate non-spital
517619-2025,JUDETUL HUNEDOARA,DIGI MEDICAL TEHNIC / DUTCHMED S.R.L. / KARL STORZ ENDOSCOPIA ROMANIA / MEDIZIN TECHNOLOGIES / TEHNOPLUS MEDICAL,5408250,2025-07-22,autoritate non-spital
518015-2025,"Universitatea de Medicina, Farmacie, Stiinte si Tehnologie "" George Emil Palade"" din Targu Mures",HELLIMED / MICROMAT GRUP SRL / THREE PHARM,10519595,2025-07-22,autoritate non-spital
524629-2025,Directia Sanitara Veterinara si pentru Siguranta Alimentelor Suceava,ANTISEL RO SRL / DIALAB SOLUTIONS / Filara BioMed SRL / MEDICLIM S.R.L. / MERC INTERNATIONAL IMPEX S.R.L. / Noack Romania S.R.L. / Omnivet Impex S.R.L. / PARTNERS MEDICAL SOLUTION S.R.L. / S.C. REDOX RESEARCH & ANALYTIC S.R.L. S.R.L. / TUNIC PROD S.R.L.,393986,2025-07-22,autoritate non-spital
609018-2025,MUNICIPIUL GHERLA,MEDIST IMAGING & P.O.C. / NICONSULTING TECHNICS SRL / Sante International,3903010,2025-07-22,autoritate non-spital
870149-2025,Directia Sanitara Veterinara si pentru Siguranta Alimentelor Suceava,ANTISEL RO SRL / DIALAB SOLUTIONS / Filara BioMed SRL / MEDICLIM S.R.L. / MERC INTERNATIONAL IMPEX S.R.L. / Noack Romania S.R.L. / Omnivet Impex S.R.L. / PARTNERS MEDICAL SOLUTION S.R.L. / S.C. REDOX RESEARCH & ANALYTIC S.R.L. S.R.L. / TUNIC PROD S.R.L.,620416,2025-07-22,autoritate non-spital
487127-2025,"UNIVERSITATEA DE MEDICINA SI FARMACIE ""VICTOR BABES"" DIN TIMISOARA",Sof Medica,1238625,2025-07-23,autoritate non-spital
483769-2025,INSTITUTUL DE BOLI CARDIOVASCULARE TIMISOARA,,,2025-07-24,procedura anulata / fara castigator (confirmat in XML TED)
484334-2025,MUNICIPIUL GHERLA,,,2025-07-24,autoritate non-spital
486188-2025,SERVICIUL DE AMBULANTA BUCURESTI-ILFOV,,,2025-07-24,autoritate non-spital
514440-2025,"Universitatea de Medicina, Farmacie, Stiinte si Tehnologie "" George Emil Palade"" din Targu Mures",DACORUM GRUP / HS MEDICAL SRL / SPORTMED SYSTEMS / STRYKER ROMANIA S.R.L.,1683916,2025-07-24,autoritate non-spital
568921-2025,JUDETUL SATU MARE,ANDCOR / B.BRAUN MEDICAL / CATTUS / CLASSIMED / DIALAB SOLUTIONS / Dental Vladmed V&M SRL / Dyomedica CND / GLOBAL MEDICAL SOLUTIONS / INNOVA INTEGRATION S.R.L. / KARL STORZ ENDOSCOPIA ROMANIA / LIAMED / MEDIQ INNOVATIVE TECHNOLOGIES SRL / MEDIST IMAGING & P.O.C. / MEDIST LIFE SCIENCE S.R.L. / MEDIXFARM TEHNOPLUS / MEDIZIN TECHNOLOGIES / NANO BIO MEDICAL S.R.L. / NITECH / NOVA GROUP INVESTMENT / NOVOMED INTERNATIONAL SRL / RAFI MEDICAL / RIDA S SRL / Sof Medica / TEHNO ELECTRO MEDICAL COMPANY S.R.L. / VLADI MED DISTRIBUTION S.R.L.,21466180,2025-07-24,autoritate non-spital
491112-2025,Municipiul Galati,AVENA MEDICA S.R.L. / MEDICLIM S.R.L. / Novaintermed S.R.L.,242781,2025-07-25,autoritate non-spital
549618-2025,"UNIVERSITATEA DE MEDICINA SI FARMACIE ""VICTOR BABES"" DIN TIMISOARA",KARL STORZ ENDOSCOPIA ROMANIA / LIAMED,1647900,2025-07-28,autoritate non-spital
501494-2025,"BAZA DE APROVIZIONARE, GOSPODARIRE SI REPARATII",HALMADENT SRL / Medical Corp S.R.L.,284200,2025-07-30,autoritate non-spital
511130-2025,JUDETUL MARAMURES (CONSILIUL JUDETEAN MARAMURES),DRAEGER ROMANIA / HELLIMED / MEDIST IMAGING & P.O.C.,2307900,2025-07-30,autoritate non-spital
518367-2025,"UNIVERSITATEA DE MEDICINA SI FARMACIE ""VICTOR BABES"" DIN TIMISOARA",MEDIST IMAGING & P.O.C. S.R.L. / MEDTRONIC ROMANIA SRL,631390,2025-07-31,autoritate non-spital
565041-2025,Judetul Brasov,Abb Neopuls / DRAEGER ROMANIA / FRESENIUS KABI ROMANIA / Kembli-Med / MEDICARE GREEN / MEDIST IMAGING & P.O.C. / SPECTRA VISION SRL / Sof Medica,9956761,2025-07-31,autoritate non-spital
543449-2025,MUNICIPIUL ORADEA,Abb Neopuls / DACORUM GRUP / DRAEGER ROMANIA / Dyomedica CND / FRESENIUS KABI ROMANIA / GISCO MED / INFOMED FLUIDS S.R.L. / KARL STORZ ENDOSCOPIA ROMANIA / Kembli-Med / MEDIST IMAGING & P.O.C. / Medical Corp S.R.L. / PAPAPOSTOLOU S.R.L / Sof Medica,11625921,2025-08-01,autoritate non-spital
516042-2025,MINISTERUL APARARII - UNITATEA MILITARA 02464 BUCURESTI,ALPHA NED 2000 EXIM SRL / BIZMED SRL / CO&CO Consumer 2002 S.R.L. / CRAD RO SRL / CRIO - 2 S.R.L. / DELUXE MEDICRAFTS SRL / LUAN VISION SRL / MERCATOR MEDICAL / ROVAL MED SRL / SANROTEX TRADING SRL / SH MEDICAL SRL / STERIL ROMANIA SRL / TODY LABORATORIES MED / TZMO ROMANIA SRL / VALDOMEDICA TRADING SRL / VETRO DESIGN S.R.L. / ZARYS INTERNATIONAL GROUP MEDICAL EQUIPMENT S.R.L.,27347984,2025-08-05,unitate militara fara profil de spital
528190-2025,MUNICIPIUL PLOIESTI,MEDICAMED MARKET S.R.L.,350674,2025-08-05,autoritate non-spital
36416-2026,Directia Sanitara Veterinara si pentru Siguranta Alimentelor Suceava,A.M.S. 2000 TRADING IMPEX S.R.L. / ANTISEL RO SRL / C.D.M. GALVAN / DIALAB SOLUTIONS / DIAMEDIX IMPEX / Filara BioMed SRL / LABORSISTEM S.R.L. / MEDICLIM S.R.L. / MERC INTERNATIONAL IMPEX S.R.L. / Noack Romania S.R.L. / PARTNERS MEDICAL SOLUTION S.R.L. / S.C. NOVACHIM TRADING S.R.L. / S.C. REDOX RESEARCH & ANALYTIC S.R.L. S.R.L. / Shimadzu Handelsgesellschaft mbH / TOPOMEV OPTOSCIENCE / TUNIC PROD S.R.L.,467758,2025-08-06,autoritate non-spital
513595-2025,SPITAL CLINIC JUDETEAN DE URGENTA BIHOR,,,2025-08-06,procedura anulata / fara castigator (confirmat in XML TED)
513705-2025,SPITALUL CLINIC DE URGENTA SF.IOAN,,,2025-08-06,procedura anulata / fara castigator (confirmat in XML TED)
566382-2025,Ministerul Apararii U.M. 02412 Bucuresti,HALMADENT SRL / LIAMED / NICONSULTING TECHNICS SRL / SC DEXELLENCE PROJECT SRL / TEHNICAL DENT / TEHNOPLUS MEDICAL / TIMBERSTAR,1539625,2025-08-06,unitate militara fara profil de spital
723004-2025,JUDETUL GIURGIU,NICONSULTING TECHNICS SRL,119950,2025-08-07,autoritate non-spital
530268-2025,SERVICIUL JUDETEAN DE AMBULANTA ARGES,ALPHA BRIO MEDICAL S.R.L. / CARTO PLAST SRL / DELTAMED / DELUXE MEDICRAFTS / MEDCLAS TRADING S.R.L. / MEDIMPACT / MEDIST IMAGING & P.O.C. / SARAH DSF MEDICAL S.R.L. / TAISSIS CONCEPT / VALDOMEDICA TRADING / VETRO DESIGN / X-Lab Solutions S.R.L.,3492450,2025-08-08,autoritate non-spital
540068-2025,JUDETUL SALAJ,Abb Neopuls,120400,2025-08-08,autoritate non-spital
541863-2025,JUDETUL ARGES,TUNIC PROD S.R.L.,65000,2025-08-08,autoritate non-spital
569591-2025,SERVICIUL JUDETEAN DE AMBULANTA ARGES,ALPHA BRIO MEDICAL S.R.L. / CARTO PLAST SRL / DELTAMED / DELUXE MEDICRAFTS / MEDCLAS TRADING S.R.L. / MEDIMPACT / MEDIST IMAGING & P.O.C. / SARAH DSF MEDICAL S.R.L. / TAISSIS CONCEPT / VALDOMEDICA TRADING / VETRO DESIGN / X-Lab Solutions S.R.L.,98820,2025-08-08,autoritate non-spital
574273-2025,JUDETUL ARGES,LABORATORIUM / TUNIC PROD S.R.L.,93114,2025-08-08,autoritate non-spital
135912-2026,MINISTERUL APARARII - UNITATEA MILITARA 02464 BUCURESTI,DRAEGER ROMANIA / DUTCHMED S.R.L. / MEDITECH / Medical Corp S.R.L.,1151700,2025-08-11,unitate militara fara profil de spital
532085-2025,"Universitatea de Medicina si Farmacie ""Iuliu Hatieganu"" Cluj-Napoca",DENTAL PARTNER'S GRUP / DENTSTORE / MEDIDENT EXIM S.R.L. / TEHNICAL DENT / TEHNODENT POKA S.R.L.,3931559,2025-08-11,autoritate non-spital
540358-2025,UNIVERSITATEA DUNAREA DE JOS,Altium International SRL / Dyomedica CND SRL / ELECTRONIC APRIL APARATURA ELECTRONICA SPECIALA S.R.L. / Elta 90 Medical Research SRL / HALMADENT SRL / NITECH / Novaintermed S.R.L. / PHANOS TECHNOLOGY S.R.L.,1248034,2025-08-11,autoritate non-spital
541064-2025,SECTORUL 6 AL MUNICIPIULUI BUCURESTI,BPM TEHNOLOGICA / DEKADENT CONSTRUCT S.R.L. / TONY STANESCU,23611613,2025-08-11,autoritate non-spital
559981-2025,Directia Generala de Asistenta Sociala si Protectia Copilului Bacau,PHYSIOMED APARATURA MEDICALA,1633000,2025-08-12,autoritate non-spital
561151-2025,MUNICIPIUL ORADEA,DIAMEDIX IMPEX,577830,2025-08-12,autoritate non-spital
530784-2025,MINISTERUL APARARII - UNITATEA MILITARA 02497 PITESTI,,,2025-08-13,procedura anulata / fara castigator (confirmat in XML TED)
532110-2025,Spitalul Clinic de Urgenta pentru Copii Brasov,,,2025-08-14,procedura anulata / fara castigator (confirmat in XML TED)
586809-2025,MUNICIPIUL ARAD,ANA INVEST & RESEARCH,298850,2025-08-14,autoritate non-spital
543105-2025,SPITALUL MUNICIPAL MEDIAS,,,2025-08-20,procedura anulata / fara castigator (confirmat in XML TED)
569335-2025,"Ministerul Dezvoltării, Lucrărilor Publice și Administrației",CHROME COMPUTERS,26960,2025-08-20,autoritate non-spital
595552-2025,JUDETUL BACAU,EVA MOBIAND SRL / Elta 90 Medical Research SRL / HA & SZ SRL / HYPO TECH & CONSULTING / MEDIST LIFE SCIENCE S.R.L. / NITECH / Novaintermed S.R.L. / ROCHE ROMANIA / TUNIC PROD,5393862,2025-08-20,autoritate non-spital
134330-2026,MINISTERUL APARARII - UNITATEA MILITARA 02464 BUCURESTI,DVC MEDICAL VISION SRL / KRAL MEDICAL SOLUTIONS / MEDFARM TRADING / PRIMERA MED TECHNOLOGY / RAFI MEDICAL,18411000,2025-08-21,unitate militara fara profil de spital
545576-2025,SPITALUL MUNICIPAL MEDIAS,,,2025-08-21,procedura anulata / fara castigator (confirmat in XML TED)
549240-2025,Spitalul Judetean de Urgenta Miercurea Ciuc,,,2025-08-22,procedura anulata / fara castigator (confirmat in XML TED)
550112-2025,Institutul de Fonoaudiologie si Chirurgie Functionala - O.R.L. Prof. Dr. D. Hociota,,,2025-08-22,procedura anulata / fara castigator (confirmat in XML TED)
550405-2025,JUDETUL SATU MARE,,,2025-08-22,autoritate non-spital
550869-2025,Spitalul Municipal Dej,,,2025-08-22,procedura anulata / fara castigator (confirmat in XML TED)
561613-2025,"UNIVERSITATEA DE MEDICINA SI FARMACIE ""VICTOR BABES"" DIN TIMISOARA",BEAUTY MED SOLUTION / MEDIST IMAGING & P.O.C. S.R.L. / MEDTRONIC ROMANIA SRL,1055340,2025-08-25,autoritate non-spital
568974-2025,ORASUL ORAVITA,BPM TEHNOLOGICA / UNIMIXSERV,3149100,2025-08-25,autoritate non-spital
583867-2025,SERVICIUL DE AMBULANTA AL JUDETULUI CLUJ,ALCA DUO MEDICAL S.R.L. / ALPHA BRIO MEDICAL S.R.L. / ALPHA NED 2000 EXIM SRL / AVMED PLUS / BIZMED SRL / CO&CO Consumer 2002 S.R.L. / HELLIMED SRL / MEDIMPACT SRL / MERCATOR MEDICAL / NAFKA GRUP S.R.L. / Novaintermed S.R.L. / PAUL HARTMANN SRL / RICOMED SRL / ROVAL MED SRL / S.C. MEDCLAS TRADING S.R.L. S.R.L. / S.C. Natural Es-medical S.R.L / S.C.MEDICAL GRUP S.R.L. / SANROTEX TRADING SRL / SC Nova Fit 2000 S.R.L. / SH MEDICAL SRL / SPD STAR S.R.L. / TEHNO ELECTRO MEDICAL COMPANY S.R.L. / TMS - TOP MEDICAL SUPPLIER SRL / X-Lab Solutions S.R.L. / ZARYS INTERNATIONAL GROUP MEDICAL EQUIPMENT S.R.L.,2048442,2025-08-25,autoritate non-spital
587916-2025,JUDETUL ARGES,LABORATORIUM / Novaintermed S.R.L. / TUNIC PROD S.R.L.,316564,2025-08-25,autoritate non-spital
622919-2025,ORASUL ORAVITA,BPM TEHNOLOGICA / CARTO PLAST SRL / MEDICAL DEVICE STORE SRL / MEDIST IMAGING & P.O.C. / MEDTRONIC ROMANIA / RAFI MEDICAL / SUPERMEDICAL / TEHNOPLUS MEDICAL / UNIMIXSERV / VODIMEDICOR,6774753,2025-08-25,autoritate non-spital
729620-2025,SERVICIUL DE AMBULANTA AL JUDETULUI CLUJ,ALCA DUO MEDICAL S.R.L. / ALPHA BRIO MEDICAL S.R.L. / ALPHA NED 2000 EXIM SRL / AVMED PLUS / BIZMED SRL / CO&CO Consumer 2002 S.R.L. / HELLIMED SRL / MEDIMPACT SRL / MERCATOR MEDICAL / NAFKA GRUP S.R.L. / Novaintermed S.R.L. / PAUL HARTMANN SRL / RICOMED SRL / ROVAL MED SRL / S.C. MEDCLAS TRADING S.R.L. S.R.L. / S.C. Natural Es-medical S.R.L / S.C.MEDICAL GRUP S.R.L. / SANROTEX TRADING SRL / SC Nova Fit 2000 S.R.L. / SH MEDICAL SRL / SPD STAR S.R.L. / TEHNO ELECTRO MEDICAL COMPANY S.R.L. / TMS - TOP MEDICAL SUPPLIER SRL / TZMO ROMANIA SRL / X-Lab Solutions S.R.L. / ZARYS INTERNATIONAL GROUP MEDICAL EQUIPMENT S.R.L.,2218442,2025-08-25,autoritate non-spital
579676-2025,JUDETUL ARGES,LABORATORIUM / TUNIC PROD S.R.L.,264114,2025-08-28,autoritate non-spital
683713-2025,"Universitatea de Medicina si Farmacie ""Iuliu Hatieganu"" Cluj-Napoca",DENTAL PARTNER'S GRUP / DENTSTORE / MEDIDENT EXIM S.R.L. / TEHNICAL DENT / TEHNODENT POKA S.R.L.,568,2025-08-28,autoritate non-spital
566119-2025,SPITALUL JUDETEAN DE URGENTA PITESTI,,,2025-08-29,procedura anulata / fara castigator (confirmat in XML TED)
604071-2025,JUDETUL CARAS-SEVERIN,MEDIST LIFE SCIENCE S.R.L. / MGA CONCEPT TECHNOLOGY S.R.L. / Novaintermed S.R.L.,3001475,2025-08-29,autoritate non-spital
641851-2025,Serviciul de Telecomunicatii Speciale,PHILIPS ROMANIA,1500000,2025-08-29,autoritate non-spital
694676-2025,JUDETUL CARAS-SEVERIN,MEDIST LIFE SCIENCE S.R.L. / MGA CONCEPT TECHNOLOGY S.R.L. / Novaintermed S.R.L.,3170435,2025-08-29,autoritate non-spital
827326-2025,JUDETUL CARAS-SEVERIN,MEDIST LIFE SCIENCE S.R.L. / MGA CONCEPT TECHNOLOGY S.R.L. / Novaintermed S.R.L.,3170435,2025-08-29,autoritate non-spital
567290-2025,Spitalul Judetean de Urgenta Miercurea Ciuc,,,2025-09-01,procedura anulata / fara castigator (confirmat in XML TED)
603040-2025,JUDETUL GALATI,MEDICAL DEVICE STORE SRL,59280,2025-09-01,autoritate non-spital
644488-2025,ORASUL COMANESTI,Medist / Novaintermed S.R.L. / X-Lab Solutions S.R.L.,1985457,2025-09-02,autoritate non-spital
577293-2025,SPITAL CLINIC JUDETEAN DE URGENTA BIHOR,,,2025-09-04,procedura anulata / fara castigator (confirmat in XML TED)
578881-2025,Institutul Oncologic Prof. Dr. I. Chiricuta Cluj-Napoca,,,2025-09-04,procedura anulata / fara castigator (confirmat in XML TED)
579733-2025,Spital Clinic Judetean de Urgenta Arad,,,2025-09-05,procedura anulata / fara castigator (confirmat in XML TED)
580822-2025,"Universitatea de Medicina si Farmacie ""Carol Davila""",,,2025-09-05,autoritate non-spital
582433-2025,SPITALUL CLINIC JUDETEAN DE URGENTA BISTRITA,,,2025-09-08,procedura anulata / fara castigator (confirmat in XML TED)
629301-2025,MUNICIPIUL CARACAL,Novaintermed,1799135,2025-09-08,autoritate non-spital
835161-2025,MUNICIPIUL CARACAL,Novaintermed,1799135,2025-09-08,autoritate non-spital
608184-2025,JUDETUL CARAS-SEVERIN,SUPERMEDICAL,14049600,2025-09-09,autoritate non-spital
590523-2025,SPITALUL DE OBSTETRICA-GINECOLOGIE BUFTEA,,,2025-09-10,procedura anulata / fara castigator (confirmat in XML TED)
620225-2025,JUDETUL HUNEDOARA,BIVARIA GRUP S.R.L.,988888,2025-09-10,autoritate non-spital
623451-2025,MUNICIPIUL ROMAN,S.C. WATT DISTRIBUTOR S.R.L. S.R.L. / SC BELFIX DISTRIBUTIE SRL,490955,2025-09-10,autoritate non-spital
691411-2025,"Universitatea de Medicina si Farmacie ""Iuliu Hatieganu"" Cluj-Napoca",ALTIUM INTERNATIONAL / ANTISEL RO / BIO AQUA GROUP / CHROMAKTIV S.R.L. / DELTAMED / EMSAR S.R.L. / Filara BioMed SRL / Novaintermed S.R.L. / TUNIC PROD S.R.L. / WATT DISTRIBUTOR,415400,2025-09-10,autoritate non-spital
715354-2025,Institutul National de Cercetare Dezvoltare Medico Militara Cantacuzino,BALMED S.R.L. / BIOMEDICA MEDIZINPRODUKTE ROMANIA SRL / DDS Diagnostic / DEXTER COM S.R.L. / DIALAB SOLUTIONS / Elta 90 Medical Research SRL / MEDICLIM S.R.L. / NOVA GROUP INVESTMENT / Novaintermed S.R.L. / Proton Impex 2000 S.R.L. / ROM TECH S.R.L.,11564825,2025-09-10,institut de cercetare / fara paturi de spital
613123-2025,JUDETUL ARGES,LABORATORIUM / Novaintermed S.R.L. / TUNIC PROD,561264,2025-09-11,autoritate non-spital
642562-2025,JUDETUL ARGES,LABORATORIUM / Novaintermed S.R.L. / TUNIC PROD,883830,2025-09-11,autoritate non-spital
595820-2025,INSTITUTUL DE BOLI CARDIOVASCULARE TIMISOARA,,,2025-09-12,procedura anulata / fara castigator (confirmat in XML TED)
598128-2025,MINISTERUL APARARII - UNITATEA MILITARA 02497 PITESTI,,,2025-09-12,procedura anulata / fara castigator (confirmat in XML TED)
599276-2025,"UNIVERSITATEA DE MEDICINA SI FARMACIE ""VICTOR BABES"" DIN TIMISOARA",,,2025-09-15,autoritate non-spital
616777-2025,Judetul Brasov,S.C. GENERAL ELECTRIC MEDICAL SYSTEMS ROMANIA S.R.L.,10950000,2025-09-15,autoritate non-spital
672256-2025,Judetul Brasov,MEDIST LIFE SCIENCE S.R.L. / S.C. GENERAL ELECTRIC MEDICAL SYSTEMS ROMANIA S.R.L.,11632471,2025-09-15,autoritate non-spital
603585-2025,Spitalul Clinic de Urgenta pentru Copii Brasov,,,2025-09-16,procedura anulata / fara castigator (confirmat in XML TED)
605297-2025,SPITALUL JUDETEAN DE URGENTA BACAU,,,2025-09-16,procedura anulata / fara castigator (confirmat in XML TED)
605391-2025,SPITALUL CLINIC DE PEDIATRIE SIBIU,,,2025-09-16,procedura anulata / fara castigator (confirmat in XML TED)
615219-2025,DIRECTIA SANITARA VETERINARA SI PENTRU SIGURANTA ALIMENTELOR BRASOV,A.M.S. 2000 TRADING IMPEX / ANTISEL RO / AVENA MEDICA S.R.L. / DIALAB SOLUTIONS / DIAMEDIX IMPEX / EUROVET LAB / Filara BioMed SRL / MEDICAMED MARKET S.R.L. / MEDICLIM S.R.L. / MEDVET DIAGNOSTIC / NOACK ROMANIA SRL / NOVA GROUP INVESTMENT / NOVACHIM TRADING / TODY LABORATORIES MED / TUNIC PROD,341314,2025-09-16,autoritate non-spital
608030-2025,JUDETUL MARAMURES (CONSILIUL JUDETEAN MARAMURES),,,2025-09-17,autoritate non-spital
622512-2025,SERVICIUL DE AMBULANTA JUDETEAN VRANCEA,DELUXE MEDICRAFTS SRL / HELLIMED SRL / Rosalvamed Plus S.R.L. / S.C. D&G GROUP S.R.L. S.R.L. / X-Lab Solutions S.R.L.,2593880,2025-09-17,autoritate non-spital
625825-2025,Institutul National de Cercetare Dezvoltare Medico Militara Cantacuzino,NOVA FIT 2000,192000,2025-09-17,institut de cercetare / fara paturi de spital
645324-2025,JUDEȚUL SUCEAVA,PHYSIOMED APARATURA MEDICALA,1622000,2025-09-17,autoritate non-spital
612660-2025,"UNIVERSITATEA DE MEDICINA SI FARMACIE ""VICTOR BABES"" DIN TIMISOARA",S.C. ELMED MEDICALS.R.L. / SEE.TRY.BUY.COMPANY SRL,409764,2025-09-18,autoritate non-spital
634600-2025,SECTOR 4 (PRIMARIA SECTORULUI 4 BUCURESTI),NEWMEDICS COM S.R.L. / ROMGER GENERAL TRADE & CONSULTING S.R.L. / SMGELECTRONICA S.R.L. / SYNTTERGY CONSULT S.R.L.,14748721,2025-09-19,autoritate non-spital
618624-2025,SPITALUL JUDETEAN DE URGENTA PITESTI,,,2025-09-22,procedura anulata / fara castigator (confirmat in XML TED)
620504-2025,JUDETUL GALATI,,,2025-09-23,autoritate non-spital
621851-2025,JUDETUL GALATI,,,2025-09-23,autoritate non-spital
664449-2025,SERVICIUL JUDETEAN DE AMBULANTA ARGES,ALPHA BRIO MEDICAL S.R.L. / CARTO PLAST SRL / DELTAMED / DELUXE MEDICRAFTS / MEDCLAS TRADING S.R.L. / MEDIMPACT / MEDIST IMAGING & P.O.C. / SARAH DSF MEDICAL S.R.L. / TAISSIS CONCEPT / VALDOMEDICA TRADING / VETRO DESIGN / X-Lab Solutions S.R.L.,210526,2025-09-23,autoritate non-spital
855213-2025,SERVICIUL JUDETEAN DE AMBULANTA ARGES,ALPHA BRIO MEDICAL S.R.L. / CARTO PLAST SRL / DELTAMED / DELUXE MEDICRAFTS / MEDCLAS TRADING S.R.L. / MEDIMPACT / MEDIST IMAGING & P.O.C. / SARAH DSF MEDICAL S.R.L. / TAISSIS CONCEPT / VALDOMEDICA TRADING / VETRO DESIGN / X-Lab Solutions S.R.L.,235495,2025-09-23,autoritate non-spital
9701-2026,SERVICIUL JUDETEAN DE AMBULANTA ARGES,ALPHA BRIO MEDICAL S.R.L. / CARTO PLAST SRL / DELTAMED / DELUXE MEDICRAFTS / MEDCLAS TRADING S.R.L. / MEDIMPACT / MEDIST IMAGING & P.O.C. / SARAH DSF MEDICAL S.R.L. / TAISSIS CONCEPT / VALDOMEDICA TRADING / VETRO DESIGN / X-Lab Solutions S.R.L.,239219,2025-09-23,autoritate non-spital
624196-2025,Institutul de Boli Cardiovasculare Prof. Dr. I. M. Georgescu,,,2025-09-24,procedura anulata / fara castigator (confirmat in XML TED)
625650-2025,Spitalul Profesor Dr. Eduard Apetrei Buhuși,,,2025-09-24,procedura anulata / fara castigator (confirmat in XML TED)
629027-2025,JUDETUL SALAJ,TEHNOPLUS MEDICAL,991800,2025-09-24,autoritate non-spital
630335-2025,INSTITUTUL NATIONAL DE HEMATOLOGIE TRANSFUZIONALA Prof.Dr.C.T.Nicolau,CHRONOS TRADE MEDICAL,116054100,2025-09-24,institut de cercetare / fara paturi de spital
666278-2025,CONSILIUL JUDETEAN GORJ,A.M.S. 2000 TRADING IMPEX S.R.L. / ELECTRONIC APRIL APARATURA ELECTRONICA SPECIALA S.R.L. / PROTON IMPEX 2000 / S.C. BIOCOMP S.R.L.,271995,2025-09-24,autoritate non-spital
702627-2025,Serviciul de Ambulanta Judetean Bacau,ALPHA NED 2000 EXIM / ARTISANA MEDICAL S.R.L. / ATLAS MEDICAL / B.BRAUN MEDICAL / BEST ACHIZITII / BIZMED / CO&CO Consumer 2002 S.R.L. / COMPANIA NATIONALA UNIFARM / CORAMED MEDIZINISCHE PRODUKTE / CRAD RO / DRAEGER ROMANIA / FRESENIUS KABI ROMANIA / Filtre Aer Curat S.R.L. / GRAZY PRICE MEDICAL IMPORT EXPORT S.R.L. / HDL Union / HELLIMED / LUAN VISION / MEDCLAS TRADING S.R.L. / MEDI -TECH BUSINESS / MEDIST IMAGING & P.O.C. / MERCATOR MEDICAL / Medplaza Health / NAFKA GRUP / NOVA FIT 2000 SRL / PAUL HARTMANN / PRODCONFARM S.R.L. / ROVAL MED / TAISSIS CONCEPT / TMS - TOP MEDICAL SUPPLIER / VALDOMEDICA TRADING,914304,2025-09-24,autoritate non-spital
642434-2025,Ministerul Apararii U.M. 02412 Bucuresti,HALMADENT SRL / LIAMED / NICONSULTING TECHNICS SRL / SC DEXELLENCE PROJECT SRL / TEHNICAL DENT / TEHNOPLUS MEDICAL / TIMBERSTAR,1754590,2025-09-26,unitate militara fara profil de spital
699228-2025,"Universitatea de Medicina si Farmacie ""Carol Davila""",MEDIDENT EXIM S.R.L. / TEHNICAL DENT,914244,2025-09-26,autoritate non-spital
720092-2025,"Universitatea de Medicina si Farmacie ""Carol Davila""",MEDIDENT EXIM S.R.L. / TEHNICAL DENT,457122,2025-09-26,autoritate non-spital
654426-2025,"UNIVERSITATEA DE MEDICINA SI FARMACIE ""GRIGORE T.POPA"" DIN IASI",EURO PHARMAMED,123800,2025-09-29,autoritate non-spital
362426-2026,LABORATOR DE CONTROL DOPING,ANTISEL RO SRL / BIO AQUA GROUP / S.C. MUSO S.R.L.,6614,2025-09-30,autoritate non-spital
62729-2026,LABORATOR DE CONTROL DOPING,ANTISEL RO SRL / BIO AQUA GROUP / S.C. MUSO S.R.L.,7146,2025-09-30,autoritate non-spital
637188-2025,"UNIVERSITATEA DE MEDICINA SI FARMACIE ""GRIGORE T.POPA"" DIN IASI",,,2025-09-30,autoritate non-spital
749209-2025,LABORATOR DE CONTROL DOPING,ANTISEL RO SRL / BIO AQUA GROUP / S.C. MUSO S.R.L.,4076,2025-09-30,autoritate non-spital
736292-2025,MUNICIPIUL CAMPULUNG,CATTUS S.R.L. / DTL Medical SRL / MEDICAL DEVICE STORE SRL / PHILIPS ROMANIA / S.C. MOBILCONF ADRIANA S.R.L.,888405,2025-10-03,autoritate non-spital
20946-2026,"Universitatea de Medicina si Farmacie ""Iuliu Hatieganu"" Cluj-Napoca",DENTAL PARTNER'S GRUP / DENTSTORE / MEDIDENT EXIM S.R.L. / TEHNICAL DENT / TEHNODENT POKA S.R.L.,28016,2025-10-06,autoritate non-spital
26185-2026,Municipiul Galati,NITECH / SPECTRUM POINT,1640775,2025-10-06,autoritate non-spital
663566-2025,Municipiul Timisoara,IRYO SYSTEMS / PRO CARDIA / REO MEDICAL APARATURA MEDICALA,4194445,2025-10-06,autoritate non-spital
674425-2025,Municipiul Galati,SPECTRUM POINT,1200180,2025-10-06,autoritate non-spital
669535-2025,Municipiul Galati,DIAMEDIX IMPEX,4156175,2025-10-07,autoritate non-spital
712244-2025,JUDETUL SATU MARE,ANDCOR / B.BRAUN MEDICAL / CATTUS / CLASSIMED / DIALAB SOLUTIONS / Dental Vladmed V&M SRL / Dyomedica CND / GLOBAL MEDICAL SOLUTIONS / INNOVA INTEGRATION S.R.L. / KARL STORZ ENDOSCOPIA ROMANIA / LIAMED / MEDIQ INNOVATIVE TECHNOLOGIES SRL / MEDIST IMAGING & P.O.C. / MEDIST LIFE SCIENCE S.R.L. / MEDIXFARM TEHNOPLUS / MEDIZIN TECHNOLOGIES / NANO BIO MEDICAL S.R.L. / NITECH / NOVA GROUP INVESTMENT / NOVOMED INTERNATIONAL SRL / RAFI MEDICAL / RIDA S SRL / Sof Medica / TEHNO ELECTRO MEDICAL COMPANY S.R.L. / VLADI MED DISTRIBUTION S.R.L.,22163866,2025-10-07,autoritate non-spital
713917-2025,JUDETUL SATU MARE,ANDCOR / B.BRAUN MEDICAL / CATTUS / CLASSIMED / DIALAB SOLUTIONS / Dental Vladmed V&M SRL / Dyomedica CND / GLOBAL MEDICAL SOLUTIONS / INNOVA INTEGRATION S.R.L. / KARL STORZ ENDOSCOPIA ROMANIA / LIAMED / MEDIQ INNOVATIVE TECHNOLOGIES SRL / MEDIST IMAGING & P.O.C. / MEDIST LIFE SCIENCE S.R.L. / MEDIXFARM TEHNOPLUS / MEDIZIN TECHNOLOGIES / NANO BIO MEDICAL S.R.L. / NITECH / NOVA GROUP INVESTMENT / NOVOMED INTERNATIONAL SRL / RAFI MEDICAL / RIDA S SRL / Sof Medica / TEHNO ELECTRO MEDICAL COMPANY S.R.L. / VLADI MED DISTRIBUTION S.R.L.,22154866,2025-10-07,autoritate non-spital
657694-2025,UM 0929 Bucuresti,,,2025-10-08,procedura anulata / fara castigator (confirmat in XML TED)
665350-2025,JUDETUL IASI,DIAMEDIX IMPEX / MEDICLIM S.R.L.,1786000,2025-10-08,autoritate non-spital
661399-2025,SPITALUL CLINIC JUDETEAN DE URGENTA SF. APOSTOL ANDREI,,,2025-10-09,procedura anulata / fara castigator (confirmat in XML TED)
662870-2025,"Universitatea de Stiintele Vietii ""Regele Mihai I""din Timisoara",,,2025-10-09,autoritate non-spital
683376-2025,UNIVERSITATEA TEHNICA DIN CLUJ NAPOCA,COBOTWARE,395900,2025-10-09,autoritate non-spital
665574-2025,MUNICIPIUL GHERLA,,,2025-10-10,autoritate non-spital
666921-2025,UM 0929 Bucuresti,,,2025-10-10,procedura anulata / fara castigator (confirmat in XML TED)
695495-2025,Oras Zlatna,BASIC POINT SRL,135200,2025-10-13,autoritate non-spital
712240-2025,MUNICIPIUL CARACAL,LIAMED,182900,2025-10-13,autoritate non-spital
730016-2025,Oras Zlatna,ANA INVEST & RESEARCH / BASIC POINT SRL,188800,2025-10-13,autoritate non-spital
674311-2025,JUDETUL SIBIU,,,2025-10-14,autoritate non-spital
698105-2025,"Universitatea de Medicina, Farmacie, Stiinte si Tehnologie "" George Emil Palade"" din Targu Mures",DTL Medical SRL,925000,2025-10-15,autoritate non-spital
718976-2025,"Universitatea de Medicina, Farmacie, Stiinte si Tehnologie "" George Emil Palade"" din Targu Mures",SIEMENS HEALTHCARE SRL,635000,2025-10-15,autoritate non-spital
728088-2025,JUDETUL GALATI,DUTCHMED S.R.L. / KRAL MEDICAL SOLUTIONS / MEDICAL DEVICE STORE SRL / MINIMED SOLUTIONS S.R.L. / OVAVINCI / SANPRODMED S.R.L. / Sante International,10045837,2025-10-15,autoritate non-spital
811431-2025,Directia Sanitar Veterinara si pentru Siguranta Alimentelor Braila,DIALAB SOLUTIONS / DIAMEDIX IMPEX / Filara BioMed SRL / MEDICLIM S.R.L. / NOVA GROUP INVESTMENT / Noack Romania S.R.L. / Omnivet Impex S.R.L. / ROMVAC COMPANY,1260763,2025-10-15,autoritate non-spital
705996-2025,MUNICIPIUL BARLAD,BPM TEHNOLOGICA / GREENBERG & COHEN CONSULT / RAFI MEDICAL,1563805,2025-10-16,autoritate non-spital
151465-2026,MUNICIPIUL CARACAL,BPM TEHNOLOGICA / BRAVA MEDICAL / UNIMIX MEDICAL,11939042,2025-10-17,autoritate non-spital
686096-2025,MINISTERUL APARARII UM 02534 IASI,,,2025-10-17,procedura anulata / fara castigator (confirmat in XML TED)
712534-2025,MUNICIPIUL CARACAL,BPM TEHNOLOGICA / BRAVA MEDICAL / UNIMIX MEDICAL,11939042,2025-10-17,autoritate non-spital
719555-2025,"Universitatea de Medicina, Farmacie, Stiinte si Tehnologie "" George Emil Palade"" din Targu Mures",TEHNOPLUS MEDICAL,4140000,2025-10-17,autoritate non-spital
691574-2025,JUDETUL SALAJ,,,2025-10-21,autoritate non-spital
693050-2025,Ministerul Apararii - U.M 02175 Constanta,,,2025-10-21,procedura anulata / fara castigator (confirmat in XML TED)
694638-2025,SPITALUL CLINIC DE URGENTA SF.IOAN,,,2025-10-22,procedura anulata / fara castigator (confirmat in XML TED)
730038-2025,Municipiul Iasi,COGNITROM S.R.L. / D&D CONSULTANTS GRUP S.R.L.,1139975,2025-10-22,autoritate non-spital
780380-2025,Institutul National de Cercetare Dezvoltare Medico Militara Cantacuzino,A.M.S. 2000 TRADING IMPEX S.R.L. / S.C. RONEXPRIM S.R.L. / S.C. SAPACO 2000 S.A. S.C.S.,777932,2025-10-22,institut de cercetare / fara paturi de spital
698892-2025,"SPITAL CLINIC DE BOLI INFECTIOASE ""SF. PARASCHEVA"", IASI",,,2025-10-23,procedura anulata / fara castigator (confirmat in XML TED)
701134-2025,Spital Pneumoftiziologie Constantin Anastasatu,,,2025-10-23,procedura anulata / fara castigator (confirmat in XML TED)
754994-2025,"Universitatea de Stiintele Vietii ""Regele Mihai I""din Timisoara",SIEMENS HEALTHCARE SRL,2489000,2025-10-24,autoritate non-spital
714417-2025,"UNIVERSITATEA DE MEDICINA SI FARMACIE ""VICTOR BABES"" DIN TIMISOARA",ANTISEL RO / Elta 90 Medical Research SRL / INMAACRO,2769831,2025-10-27,autoritate non-spital
728955-2025,JUDETUL TELEORMAN,A.M.S. 2000 TRADING IMPEX / CLINI-LAB / Elta 90 Medical Research SRL / Proton Impex 2000 S.R.L.,1537396,2025-10-27,autoritate non-spital
737491-2025,JUDETUL CLUJ (CONSILIUL JUDETEAN),A.M.S. 2000 TRADING IMPEX / BIOPRIME TECHNOLOGY S.R.L. / Novaintermed / Sof Medica,599743,2025-10-27,autoritate non-spital
738034-2025,Oras Zlatna,OVAVINCI,185600,2025-10-28,autoritate non-spital
771141-2025,MUNICIPIUL VULCAN,BTL ROMANIA APARATURA MEDICALA S.R.L. / TEHNO ELECTRO MEDICAL COMPANY S.R.L.,753270,2025-10-28,autoritate non-spital
810184-2025,SERVICIUL DE AMBULANTA BUCURESTI-ILFOV,ALCA DUO MEDICAL S.R.L. / ALPHA BRIO MEDICAL S.R.L. / ALPHA MEDICAL S.R.L. / ARTISANA MEDICAL S.R.L. / BIZMED SRL / CO&CO Consumer 2002 S.R.L. / CRAD RO / CRIO - 2 / DELTAMED / DELUXE MEDICRAFTS / HELLIMED / INPOINT MEDICARE / MEDCLAS TRADING S.R.L. / MEDICAL GRUP / MEDIMPACT / MERCATOR MEDICAL / NAFKA GRUP / Natural Es-medical S.R.L / ONE MED LOGISTIC S.R.L. / PAUL HARTMANN SRL / PRIME HEALTHCARE S.R.L. / PRODCONFARM S.R.L. / ROVAL MED SRL / S.C. ADAR UNIC SOLUTIONS S.R.L. / SANROTEX TRADING SRL / STERIL ROMANIA SRL / TAISSIS CONCEPT / TMS - TOP MEDICAL SUPPLIER SRL / TZMO ROMANIA / VALDOMEDICA TRADING / VETRO DESIGN / X-Lab Solutions S.R.L. / ZARYS INTERNATIONAL GROUP,2309097,2025-10-28,autoritate non-spital
734627-2025,Consiliul Judetean Arad,MEDIST IMAGING & P.O.C. S.R.L.,434275,2025-10-29,autoritate non-spital
758803-2025,SC. SANADOR SRL,MEDICAL ORTOVIT,8761100,2025-10-29,entitate privata (SRL/SA)
772069-2025,JUDETUL HUNEDOARA,BIO HYGIENE / BIVARIA GRUP S.R.L. / Novaintermed,1485888,2025-10-29,autoritate non-spital
780247-2025,Consiliul Judetean Arad,MEDIST IMAGING & P.O.C. S.R.L. / MEDIXFARM TEHNOPLUS,2036677,2025-10-29,autoritate non-spital
786906-2025,DIRECTIA SANITARA VETERINARA SI PENTRU SIGURANTA ALIMENTELOR BRASOV,A.M.S. 2000 TRADING IMPEX / ANTISEL RO / AVENA MEDICA S.R.L. / DIALAB SOLUTIONS / DIAMEDIX IMPEX / EUROVET LAB / Filara BioMed SRL / MEDICAMED MARKET S.R.L. / MEDICLIM S.R.L. / MEDVET DIAGNOSTIC / NOACK ROMANIA SRL / NOVA GROUP INVESTMENT / NOVACHIM TRADING / TODY LABORATORIES MED / TUNIC PROD,344474,2025-10-29,autoritate non-spital
827489-2025,Consiliul Judetean Arad,MEDIST IMAGING & P.O.C. S.R.L. / MEDIXFARM TEHNOPLUS,2036677,2025-10-29,autoritate non-spital
716945-2025,"Spitalul de REcuperare Cardiovasculara "" Dr. Benedek Geza"" Covasna",,,2025-10-30,procedura anulata / fara castigator (confirmat in XML TED)
719798-2025,JUDETUL IASI,,,2025-10-30,autoritate non-spital
734298-2025,Directia Sanitara Veterinara si pentru Siguranta Alimentelor Botosani,EUROVET LAB,2239200,2025-10-30,autoritate non-spital
824058-2025,Judetul Brasov,LABORATORIUM LIFE SCIENCE SRL / MEDIST LIFE SCIENCE S.R.L.,5358751,2025-10-30,autoritate non-spital
99027-2026,Serviciul Judetean de Ambulanta Botosani,ALCA DUO MEDICAL S.R.L. / B.BRAUN MEDICAL / FARMACIA OMNIA / LUAN VISION / MEDCLAS TRADING S.R.L. / MEDICAL GRUP / PRODCONFARM S.R.L. / RICOMED / ROVAL MED / TAISSIS CONCEPT / TZMO ROMANIA / VALDOMEDICA TRADING / VETRO DESIGN / X-Lab Solutions S.R.L.,355110,2025-10-30,autoritate non-spital
721354-2025,U.A.T JUDETUL CONSTANTA - CONSILIUL JUDETEAN CONSTANTA,,,2025-10-31,autoritate non-spital
762537-2025,Institutul National de Medicina Legala Mina Minovici,ANTISEL RO SRL / Shimadzu Handelsgesellschaft mbH / TUNIC PROD S.R.L.,698638,2025-11-03,autoritate non-spital
728607-2025,SPITALUL CLINIC JUDETEAN MURES,,,2025-11-04,procedura anulata / fara castigator (confirmat in XML TED)
730070-2025,Directia Sanitara Veterinara si pentru Siguranta Alimentelor Botosani,,,2025-11-04,autoritate non-spital
761178-2025,Judetul Brasov,MEDIST LIFE SCIENCE S.R.L. / NOVOMED INTERNATIONAL SRL / S.C. GENERAL ELECTRIC MEDICAL SYSTEMS ROMANIA S.R.L.,12330471,2025-11-04,autoritate non-spital
736312-2025,SPITALUL CLINIC DE URGENTA SF.IOAN,,,2025-11-06,procedura anulata / fara castigator (confirmat in XML TED)
783899-2025,SERVICIUL DE AMBULANTA JUDETEAN CONSTANTA,ALCA DUO MEDICAL S.R.L. / AVMED PLUS / CO&CO Consumer 2002 S.R.L. / CRAD RO / DEMOPHORIUS HEALTHCARE SRL / HELLIMED / MEDIST IMAGING & P.O.C. S.R.L. / PRODCONFARM S.R.L. / ROVAL MED / Rosalvamed Plus S.R.L. / S.C. Medplaza Health S.R.L. / S.C.MEDICAL GRUP S.R.L. / SANTOMED S.R.L. / TMS - TOP MEDICAL SUPPLIER / TZMO ROMANIA / VALDOMEDICA TRADING / VETRO DESIGN S.R.L.,618799,2025-11-06,autoritate non-spital
753468-2025,Universitatea de Stiinte Agricole si Medicina Veterinara Cluj Napoca,CARTO PLAST SRL / IRYO SYSTEMS,157236,2025-11-07,autoritate non-spital
108116-2026,JUDETUL MARAMURES (CONSILIUL JUDETEAN MARAMURES),S.C. IRYO SYSTEMS S.R.L. S.R.L. / SIEMENS HEALTHCARE SRL,2453089,2025-11-10,autoritate non-spital
742357-2025,SPITALUL MUNICIPAL SIGHISOARA,,,2025-11-10,procedura anulata / fara castigator (confirmat in XML TED)
791656-2025,"UNIVERSITATEA DE MEDICINA SI FARMACIE ""VICTOR BABES"" DIN TIMISOARA",Carl Zeiss Instruments / TEHNO ELECTRO MEDICAL COMPANY S.R.L. / VLADI MED DISTRIBUTION S.R.L.,1123778,2025-11-10,autoritate non-spital
745335-2025,SPITALUL CLINIC JUDETEAN DE URGENTA CLUJ,,,2025-11-11,procedura anulata / fara castigator (confirmat in XML TED)
746244-2025,SPITALUL CLINIC JUDETEAN DE URGENTA CLUJ,,,2025-11-11,procedura anulata / fara castigator (confirmat in XML TED)
748031-2025,SPITALUL CLINIC JUDETEAN DE URGENTA CLUJ,,,2025-11-11,procedura anulata / fara castigator (confirmat in XML TED)
748133-2025,Directia Generala de Asistenta Sociala si Protectia Copilului Bacau,,,2025-11-11,autoritate non-spital
774522-2025,Consiliul Judetean Arad,MEDIST IMAGING & P.O.C.,2085000,2025-11-11,autoritate non-spital
748804-2025,MUNICIPIUL ORADEA,,,2025-11-12,autoritate non-spital
793181-2025,Scoala Nationala de Studii Politice si Administrative,Russi Scientific Instruments,956000,2025-11-12,autoritate non-spital
753781-2025,SPITAL MUNICIPAL GHEORGHENI,,,2025-11-13,procedura anulata / fara castigator (confirmat in XML TED)
768963-2025,JUDETUL SALAJ,ARHITECTURA & MOBILI / Garzon Novum KFT,71649,2025-11-13,autoritate non-spital
809506-2025,"UNIVERSITATEA DE MEDICINA SI FARMACIE ""GRIGORE T.POPA"" DIN IASI",AMIA INVEST / ANTISEL RO SRL / AQUATOR S.R.L. / Altium International SRL / BIO AQUA GROUP / BIOMEDICA MEDIZINPRODUKTE ROMANIA SRL / BIOSYSTEMS DIAGNOSTIC S.R.L. / DEXTER COM S.R.L. / Elta 90 Medical Research SRL / Filara BioMed SRL / LABORATORIUM LIFE SCIENCE SRL / MEDIST LIFE SCIENCE S.R.L. / NITECH / ROM TECH S.R.L. / S.C. Ac Rad Medical Consult&Service S.R.L. / S.C. Bio Zyme S.R.L. / S.C. Decorias S.R.L. / S.C. Giros Company S.R.L. S.R.L. / S.C. MUSO S.R.L. / S.C. REDOX RESEARCH & ANALYTIC S.R.L. S.R.L. / S.C. SHATTER S.R.L.,694631,2025-11-13,autoritate non-spital
757084-2025,Directia Generala de Asistenta Sociala si Protectia Copilului Bacau,,,2025-11-14,autoritate non-spital
770111-2025,JUDETUL ARGES,ALTIUM INTERNATIONAL,2982332,2025-11-14,autoritate non-spital
803929-2025,MUNICIPIUL GHERLA,VAVIAN TRADING,840000,2025-11-14,autoritate non-spital
762491-2025,Directia Sanitar Veterinara si pentru Siguranta Alimentelor Braila,DIAMEDIX IMPEX / EUROVET LAB S.R.L. / Filara BioMed SRL / MEDICLIM S.R.L. / NOVA GROUP INVESTMENT / Noack Romania S.R.L. / Omnivet Impex S.R.L. / Top Diagnostics S.R.L.,5402337,2025-11-17,autoritate non-spital
23377-2026,"Universitatea de Medicina si Farmacie ""Iuliu Hatieganu"" Cluj-Napoca",ALTIUM INTERNATIONAL / ANTISEL RO / BIO AQUA GROUP / CHROMAKTIV S.R.L. / DELTAMED / EMSAR S.R.L. / Filara BioMed SRL / Novaintermed S.R.L. / TUNIC PROD S.R.L. / WATT DISTRIBUTOR,483781,2025-11-19,autoritate non-spital
772263-2025,JUDETUL SALAJ,,,2025-11-20,autoritate non-spital
780528-2025,MUNICIPIUL MOTRU,BTL ROMANIA APARATURA MEDICALA S.R.L.,58300,2025-11-21,autoritate non-spital
829096-2025,Judetul Brasov,AXIOMED SOLUTIONS SRL / BIO HYGIENE,11580,2025-11-21,autoritate non-spital
790510-2025,ORASUL CORABIA,Integra Medical Business / ROMGER GENERAL TRADE & CONSULTING S.R.L. / SMGELECTRONICA S.R.L.,6505341,2025-11-24,autoritate non-spital
779777-2025,Spitalul Clinic de Urgenta pentru Copii Brasov,,,2025-11-25,procedura anulata / fara castigator (confirmat in XML TED)
781464-2025,"UNIVERSITATEA DE MEDICINA SI FARMACIE ""VICTOR BABES"" DIN TIMISOARA",,,2025-11-25,autoritate non-spital
840855-2025,"Universitatea de Medicina si Farmacie ""Iuliu Hatieganu"" Cluj-Napoca",LIVMED IMPULS,141200,2025-11-25,autoritate non-spital
820479-2025,ORASUL ABRUD,MEDIWIZ HEALTH S.R.L.,570450,2025-11-26,autoritate non-spital
833402-2025,CENTRUL MEDICAL DE DIAGNOSTIC SI TRATAMENT AMBULATORIU PLOIESTI,BIVARIA GRUP S.R.L. / BTL ROMANIA APARATURA MEDICALA S.R.L. / CARTO PLAST SRL / GLOBAL MEDICAL SOLUTIONS / Kembli-Med / LIAMED / Novaintermed / PRIMERA MED TECHNOLOGY,682855,2025-11-26,centru medical ambulatoriu (fara paturi)
835730-2025,CENTRUL MEDICAL DE DIAGNOSTIC SI TRATAMENT AMBULATORIU PLOIESTI,BTL ROMANIA APARATURA MEDICALA S.R.L. / Kembli-Med / LIAMED,628393,2025-11-26,centru medical ambulatoriu (fara paturi)
841244-2025,INSTITUTUL NATIONAL DE HEMATOLOGIE TRANSFUZIONALA Prof.Dr.C.T.Nicolau,HEMAROM,3961076,2025-11-26,institut de cercetare / fara paturi de spital
862145-2025,JUDETUL BACAU,BEAUTY MED SOLUTION / LC RHEA MEDICAL CARE S.R.L. / MEDIST IMAGING & P.O.C. S.R.L. / PHILIPS ROMANIA / PRION POCT / S.C. ELMED MEDICALS.R.L. / S.C. LINDE GAZ ROMANIA S.R.L. S.R.L. / SC CARTO PLAST SRL / TEHNO ELECTRO MEDICAL COMPANY S.R.L. / TEHNOPLUS MEDICAL / TRANS-MENTOR S.R.L. / VIVAS INTERNATIONAL,18590151,2025-11-26,autoritate non-spital
19233-2026,JUDETUL HUNEDOARA,A.M.S. 2000 TRADING IMPEX S.R.L. / MECRO SYSTEM S.R.L. / Novaintermed S.R.L.,3760000,2025-12-02,autoritate non-spital
809619-2025,JUDETUL SALAJ,ARHITECTURA & MOBILI / Garzon Novum KFT,85111,2025-12-02,autoritate non-spital
815149-2025,"Universitatea de Medicina, Farmacie, Stiinte si Tehnologie "" George Emil Palade"" din Targu Mures",PAPAPOSTOLOU S.R.L,1029470,2025-12-02,autoritate non-spital
92350-2026,JUDETUL SALAJ,ARHITECTURA & MOBILI / Garzon Novum KFT,85111,2025-12-02,autoritate non-spital
801130-2025,SPITALUL CLINIC DE URGENTA SF.IOAN,,,2025-12-03,procedura anulata / fara castigator (confirmat in XML TED)
828014-2025,JUDETUL HUNEDOARA,SolviaMed,2150000,2025-12-03,autoritate non-spital
823093-2025,"UNIVERSITATEA DE MEDICINA SI FARMACIE ""VICTOR BABES"" DIN TIMISOARA",APEL LASER / ELMED MEDICAL / Gursk Medica,975000,2025-12-04,autoritate non-spital
809171-2025,SERVICIUL DE AMBULANTA JUDETEAN BRASOV,,,2025-12-05,autoritate non-spital
818146-2025,DIRECTIA SANITARA VETERINARA SI PENTRU SIGURANTA ALIMENTELOR BRASOV,A.M.S. 2000 TRADING IMPEX / ANTISEL RO / AVENA MEDICA S.R.L. / DIALAB SOLUTIONS / DIAMEDIX IMPEX / EUROVET LAB / Filara BioMed SRL / MEDICAMED MARKET S.R.L. / MEDICLIM S.R.L. / MEDVET DIAGNOSTIC / NOACK ROMANIA SRL / NOVA GROUP INVESTMENT / NOVACHIM TRADING / TODY LABORATORIES MED / TUNIC PROD,359805,2025-12-08,autoritate non-spital
832835-2025,"Universitatea de Medicina si Farmacie ""Carol Davila""",MEDIST IMAGING & P.O.C.,4516000,2025-12-08,autoritate non-spital
841350-2025,"Universitatea de Medicina si Farmacie ""Iuliu Hatieganu"" Cluj-Napoca",ANTISEL RO / BIO AQUA GROUP / DEXTER COM S.R.L. / Filara BioMed SRL,197904,2025-12-08,autoritate non-spital
816801-2025,Spital Clinic Judetean de Urgenta Arad,,,2025-12-09,procedura anulata / fara castigator (confirmat in XML TED)
818821-2025,SPITALUL CLINIC JUDETEAN DE URGENTA BISTRITA,,,2025-12-10,procedura anulata / fara castigator (confirmat in XML TED)
140373-2026,MINISTERUL APARARII - UNITATEA MILITARA 02464 BUCURESTI,CATTUS S.R.L. / DACORUM GRUP / Danson S.R.L. / Dental Vladmed V&M SRL / GREENBERG & COHEN CONSULT SRL / HELLIMED SRL / HISTRIA INTERNATIONAL S.R.L. / MEDIST IMAGING & P.O.C. S.R.L. / NICONSULTING TECHNICS SRL / NOVOMED INTERNATIONAL SRL / PRIMERA MED TECHNOLOGY / S.C. EDITRONIC INTERNATIONAL S.R.L. / S.C. NEOMED S..R.L. / TEHNO ELECTRO MEDICAL COMPANY S.R.L.,124008795,2025-12-12,unitate militara fara profil de spital
828079-2025,Spitalul Municipal Dej,,,2025-12-12,procedura anulata / fara castigator (confirmat in XML TED)
828669-2025,SPITAL DR. KARL DIEL JIMBOLIA,,,2025-12-12,procedura anulata / fara castigator (confirmat in XML TED)
142849-2026,MINISTERUL APARARII - UNITATEA MILITARA 02464 BUCURESTI,DVC MEDICAL VISION SRL / KRAL MEDICAL SOLUTIONS / MEDFARM TRADING / PRIMERA MED TECHNOLOGY / RAFI MEDICAL,21511154,2025-12-15,unitate militara fara profil de spital
831885-2025,UM 0929 Bucuresti,,,2025-12-15,procedura anulata / fara castigator (confirmat in XML TED)
849704-2025,Municipiul Carei,Elta 90 Medical Research SRL / MEDICLIM S.R.L. / SMGELECTRONICA,3128555,2025-12-15,autoritate non-spital
29820-2026,U.A.T JUDETUL CONSTANTA - CONSILIUL JUDETEAN CONSTANTA,Integra Medical Business / KRAL MEDICAL SOLUTIONS / NEOMED,10335700,2025-12-16,autoritate non-spital
53092-2026,U.A.T JUDETUL CONSTANTA - CONSILIUL JUDETEAN CONSTANTA,ALMED INVESTMENTS / Integra Medical Business / KRAL MEDICAL SOLUTIONS / NEOMED,18233001,2025-12-16,autoritate non-spital
67310-2026,U.A.T JUDETUL CONSTANTA - CONSILIUL JUDETEAN CONSTANTA,ALMED INVESTMENTS / Integra Medical Business / KRAL MEDICAL SOLUTIONS / MEDIST IMAGING & P.O.C. S.R.L. / NEOMED / VICI EVOLUTION,46157283,2025-12-16,autoritate non-spital
866911-2025,Universitatea Stefan cel Mare Suceava,BROKMED / LIFE IS HARD,88692,2025-12-16,autoritate non-spital
837158-2025,Institutul Oncologic Prof. Dr. I. Chiricuta Cluj-Napoca,,,2025-12-17,procedura anulata / fara castigator (confirmat in XML TED)
849351-2025,SERVICIUL DE AMBULANTA JUDETEAN VRANCEA,DELUXE MEDICRAFTS SRL / HELLIMED SRL / Rosalvamed Plus S.R.L. / S.C. D&G GROUP S.R.L. S.R.L. / X-Lab Solutions S.R.L.,2723328,2025-12-17,autoritate non-spital
860498-2025,JUDETUL SIBIU,BIOPRIME TECHNOLOGY S.R.L. / DACORUM GRUP / MEDIQ INNOVATIVE TECHNOLOGIES SRL / MEDIST IMAGING & P.O.C. S.R.L. / Medical Corp S.R.L. / S.C. ELMED MEDICALS.R.L. / VAVIAN TRADING S.R.L.,6521342,2025-12-17,autoritate non-spital
868995-2025,INSTITUTUL NATIONAL DE HEMATOLOGIE TRANSFUZIONALA Prof.Dr.C.T.Nicolau,FRESENIUS KABI ROMANIA / HEMAROM / X-Lab Solutions S.R.L.,37982710,2025-12-18,institut de cercetare / fara paturi de spital
847897-2025,"SPITALUL JUDETEAN DE URGENTA ""SF. PANTELIMON"" FOCSANI",,,2025-12-19,procedura anulata / fara castigator (confirmat in XML TED)
860182-2025,ADMINISTRATIA SPITALELOR SI SERVICIILOR MEDICALE BUCURESTI,,,2025-12-24,procedura anulata / fara castigator (confirmat in XML TED)
861099-2025,MINISTERUL APARARII UM 02534 IASI,,,2025-12-24,procedura anulata / fara castigator (confirmat in XML TED)
861679-2025,"Spitalul de REcuperare Cardiovasculara "" Dr. Benedek Geza"" Covasna",,,2025-12-24,procedura anulata / fara castigator (confirmat in XML TED)
870081-2025,UNITATEA MILITARA 02379 BUCURESTI,AVENA MEDICA S.R.L. / CHRONOS TRADE MEDICAL / CRIO - 2 S.R.L. / DIALAB SOLUTIONS / DIAMEDIX IMPEX / HEMAROM / INFINITY MEDTECH S.R.L. / MLM MEDICAL S.R.L. / Novaintermed S.R.L. / PARTNERS MEDICAL SOLUTION S.R.L. / SANROTEX TRADING SRL / SC Nova Fit 2000 S.R.L. / TZMO ROMANIA SRL / Top Diagnostics S.R.L.,692116,2025-12-24,unitate militara fara profil de spital
867710-2025,"Spitalul de REcuperare Cardiovasculara "" Dr. Benedek Geza"" Covasna",,,2025-12-30,procedura anulata / fara castigator (confirmat in XML TED)
868824-2025,JUDETUL IASI,,,2025-12-31,autoritate non-spital
166977-2026,JUDETUL IASI,A.M.S. 2000 TRADING IMPEX / Novaintermed,294887,2026-01-05,autoritate non-spital
24189-2026,JUDETUL IASI,A.M.S. 2000 TRADING IMPEX / Novaintermed,294887,2026-01-05,autoritate non-spital
3513-2026,JUDETUL SIBIU,,,2026-01-06,autoritate non-spital
3906-2026,INSTITUTUL DE BOLI CARDIOVASCULARE TIMISOARA,,,2026-01-06,procedura anulata / fara castigator (confirmat in XML TED)
4145-2026,SPITALUL CLINIC JUDETEAN DE URGENTA SF. APOSTOL ANDREI,,,2026-01-06,procedura anulata / fara castigator (confirmat in XML TED)
4259-2026,SERVICIUL DE AMBULANTA BUCURESTI-ILFOV,,,2026-01-06,autoritate non-spital
23894-2026,Judetul Neamt,Elta 90 Medical Research SRL / HALMADENT SRL / MEDIZIN TECHNOLOGIES / PRIMERA MED TECHNOLOGY / RAFI MEDICAL,1036382,2026-01-08,autoritate non-spital
26826-2026,COMUNA VIDRA,SMGELECTRONICA S.R.L. / ULTRASONIC S.R.L.,113132,2026-01-08,autoritate non-spital
12649-2026,Universitatea de Medicină și Farmacie din Craiova,,,2026-01-09,autoritate non-spital
207228-2026,SERVICIUL JUDETEAN DE AMBULANTA ARGES,ALPHA BRIO MEDICAL S.R.L. / CARTO PLAST SRL / DELTAMED / DELUXE MEDICRAFTS / MEDCLAS TRADING S.R.L. / MEDIMPACT / MEDIST IMAGING & P.O.C. / SARAH DSF MEDICAL S.R.L. / TAISSIS CONCEPT / VALDOMEDICA TRADING / VETRO DESIGN / X-Lab Solutions S.R.L.,1202634,2026-01-12,autoritate non-spital
37904-2026,"UNIVERSITATEA DE MEDICINA SI FARMACIE ""GRIGORE T.POPA"" DIN IASI",MEDIQ INNOVATIVE TECHNOLOGIES SRL,1480000,2026-01-12,autoritate non-spital
22540-2026,SERVICIUL DE AMBULANTA JUDETEAN BRASOV,,,2026-01-13,autoritate non-spital
60788-2026,JUDETUL GALATI,BTL ROMANIA APARATURA MEDICALA / Elta 90 Medical Research SRL / Novaintermed,893485,2026-01-13,autoritate non-spital
315220-2026,U.A.T JUDETUL CONSTANTA - CONSILIUL JUDETEAN CONSTANTA,ALMED INVESTMENTS / ARCA PERFORMANCE SOLUTIONS / ARCMED NET SRL / Abb Neopuls / BPM TEHNOLOGICA / BTL ROMANIA APARATURA MEDICALA / ELMED MEDICAL / GENERAL ELECTRIC MEDICAL SYSTEMS ROMANIA / HELLIMED / Integra Medical Business / KRAL MEDICAL SOLUTIONS / LIAMED / Logaritm / MEDIST IMAGING & P.O.C. / NEOMED / OPEN MIND LABORATORY S.R.L. / PHYSIOMED APARATURA MEDICALA / SMGELECTRONICA / SUPERMEDICAL / TEHNOPLUS MEDICAL / VICI EVOLUTION / VIVAS INTERNATIONAL / ZIMMER BIOMET ROMANIA,160969325,2026-01-14,autoritate non-spital
28194-2026,MINISTERUL APARARII - UNITATEA MILITARA 02497 PITESTI,,,2026-01-15,procedura anulata / fara castigator (confirmat in XML TED)
30434-2026,SPITALUL CLINIC DE URGENTA SF.IOAN,,,2026-01-15,procedura anulata / fara castigator (confirmat in XML TED)
34115-2026,Directia Sanitar Veterinara si pentru Siguranta Alimentelor Braila,DIALAB SOLUTIONS / MEDICLIM S.R.L. / Omnivet Impex S.R.L.,954340,2026-01-15,autoritate non-spital
105072-2026,U.A.T JUDETUL CONSTANTA - CONSILIUL JUDETEAN CONSTANTA,ALMED INVESTMENTS / Integra Medical Business / KRAL MEDICAL SOLUTIONS / MEDIST IMAGING & P.O.C. S.R.L. / NEOMED / SUPERMEDICAL / VICI EVOLUTION S.R.L.,55422056,2026-01-19,autoritate non-spital
173221-2026,U.A.T JUDETUL CONSTANTA - CONSILIUL JUDETEAN CONSTANTA,ALMED INVESTMENTS / ARCA PERFORMANCE SOLUTIONS / ARCMED NET SRL / Abb Neopuls / ELMED MEDICAL / GENERAL ELECTRIC MEDICAL SYSTEMS ROMANIA / HELLIMED / Integra Medical Business / KRAL MEDICAL SOLUTIONS / MEDIST IMAGING & P.O.C. / NEOMED / SUPERMEDICAL / VICI EVOLUTION / VIVAS INTERNATIONAL,132390777,2026-01-19,autoritate non-spital
303204-2026,"BAZA DE APROVIZIONARE, GOSPODARIRE SI REPARATII",HALMADENT SRL / Medical Corp S.R.L.,566710,2026-01-21,autoritate non-spital
42856-2026,SPITALUL CLINIC JUDETEAN DE URGENTA SIBIU,,,2026-01-21,procedura anulata / fara castigator (confirmat in XML TED)
49127-2026,"BAZA DE APROVIZIONARE, GOSPODARIRE SI REPARATII",HALMADENT SRL / Medical Corp S.R.L.,511020,2026-01-21,autoritate non-spital
530080-2026,Directia Sanitar Veterinara si pentru Siguranta Alimentelor Braila,DIALAB SOLUTIONS / MEDICLIM S.R.L. / Omnivet Impex S.R.L.,133259,2026-01-21,autoritate non-spital
69188-2026,"BAZA DE APROVIZIONARE, GOSPODARIRE SI REPARATII",HALMADENT SRL / Medical Corp S.R.L.,520820,2026-01-21,autoritate non-spital
66949-2026,SERVICIUL DE AMBULANTA JUDETEAN CONSTANTA,ALCA DUO MEDICAL S.R.L. / AVMED PLUS / CO&CO Consumer 2002 S.R.L. / CRAD RO / DEMOPHORIUS HEALTHCARE SRL / HELLIMED / MEDIST IMAGING & P.O.C. S.R.L. / PRODCONFARM S.R.L. / ROVAL MED / Rosalvamed Plus S.R.L. / S.C. Medplaza Health S.R.L. / S.C.MEDICAL GRUP S.R.L. / SANTOMED S.R.L. / TMS - TOP MEDICAL SUPPLIER / TZMO ROMANIA / VALDOMEDICA TRADING / VETRO DESIGN S.R.L.,629319,2026-01-22,autoritate non-spital
53304-2026,U.A.T JUDETUL CONSTANTA - CONSILIUL JUDETEAN CONSTANTA,,,2026-01-23,autoritate non-spital
58947-2026,UM 0929 Bucuresti,,,2026-01-27,procedura anulata / fara castigator (confirmat in XML TED)
59933-2026,SPITALUL JUDETEAN DE URGENTA PITESTI,,,2026-01-27,procedura anulata / fara castigator (confirmat in XML TED)
78769-2026,JUDETUL BACAU,B.BRAUN MEDICAL / BEAUTY MED SOLUTION / LC RHEA MEDICAL CARE S.R.L. / MEDIST IMAGING & P.O.C. S.R.L. / PHILIPS ROMANIA / PRION POCT / S.C. ELMED MEDICALS.R.L. / S.C. LINDE GAZ ROMANIA S.R.L. S.R.L. / SC CARTO PLAST SRL / SUPERMEDICAL SRL / TEHNO ELECTRO MEDICAL COMPANY S.R.L. / TEHNOPLUS MEDICAL / TRANS-MENTOR S.R.L. / VIVAS INTERNATIONAL,18675151,2026-01-27,autoritate non-spital
101941-2026,COMPANIA NATIONALA DE INVESTITII SA,ZEUS,925420,2026-01-30,entitate privata (SRL/SA)
68830-2026,MUNICIPIUL ORADEA,,,2026-01-30,autoritate non-spital
69357-2026,MUNICIPIUL ORADEA,,,2026-01-30,autoritate non-spital
71298-2026,MUNICIPIUL ORADEA,,,2026-01-30,autoritate non-spital
92538-2026,Consiliul Judetean Arad,Sof Medica,1145000,2026-01-30,autoritate non-spital
71770-2026,Municipiul Galati,,,2026-02-02,autoritate non-spital
74252-2026,SPITALUL CLINIC JUDETEAN DE URGENTA SF. APOSTOL ANDREI,,,2026-02-02,procedura anulata / fara castigator (confirmat in XML TED)
130124-2026,U.A.T JUDETUL CONSTANTA - CONSILIUL JUDETEAN CONSTANTA,ALMED INVESTMENTS / GENERAL ELECTRIC MEDICAL SYSTEMS ROMANIA / HELLIMED / Integra Medical Business / KRAL MEDICAL SOLUTIONS / MEDIST IMAGING & P.O.C. S.R.L. / NEOMED / SUPERMEDICAL / VICI EVOLUTION / VIVAS INTERNATIONAL,90473863,2026-02-03,autoritate non-spital
100802-2026,CONSILIUL JUDETEAN GORJ,ALTEX ROMANIA S.R.L. / BIOPRIME TECHNOLOGY S.R.L. / LIAMED / MULTI CLEANING SYSTEM / RAFI MEDICAL / S.C. SAPACO 2000 S.A. S.C.S.,4116824,2026-02-04,autoritate non-spital
121072-2026,JUDETUL SIBIU,IXODRON / PHARMICS S.R.L.,10091280,2026-02-04,autoritate non-spital
130329-2026,Medusa Laboratories,BIO AQUA GROUP / COMERCIAL QUIMICA MASSO SA BARCELONA SUCURSALA BUCURESTI / IRYO SYSTEMS,479506,2026-02-04,autoritate non-spital
87490-2026,"UNIVERSITATEA DE MEDICINA SI FARMACIE ""GRIGORE T.POPA"" DIN IASI",HALMADENT SRL,165000,2026-02-04,autoritate non-spital
85301-2026,SPITALUL CLINIC DE URGENTA SF.IOAN,,,2026-02-05,procedura anulata / fara castigator (confirmat in XML TED)
96048-2026,JUDETUL SALAJ,S.C. ELMED MEDICALS.R.L.,146000,2026-02-05,autoritate non-spital
93114-2026,SPITALUL UNIVERSITAR DE URGENTA BUCURESTI,,,2026-02-09,procedura anulata / fara castigator (confirmat in XML TED)
98705-2026,SECTOR 4 (PRIMARIA SECTORULUI 4 BUCURESTI),ARCMED NET SRL / BIVARIA GRUP S.R.L. / Carl Zeiss Instruments / DIALAB SOLUTIONS / ELMED MEDICAL / ESMED GROUP / FRESENIUS KABI ROMANIA / HELLIMED / Integra Medical Business / Logaritm / MEDI -TECH BUSINESS / MEDICLIM S.R.L. / MEDIST IMAGING & P.O.C. / Medist / Novaintermed / ROMGER GENERAL TRADE & CONSULTING S.R.L. / SAPACO 2000 / SIRAMED / SMART MEDICAL SOLUTIONS / SMGELECTRONICA / SYNTTERGY CONSULT / TEHNO ELECTRO MEDICAL COMPANY S.R.L. / TUNIC PROD / Top Diagnostics S.R.L. / X-Lab Solutions S.R.L.,71661157,2026-02-09,autoritate non-spital
100427-2026,MUNICIPIUL ODORHEIU SECUIESC (PRIMARIA MUNICIPIULUI ODORHEIU SECUIESC),ARCA PERFORMANCE SOLUTIONS / B.BRAUN MEDICAL SRL / Medist / Novaintermed S.R.L.,1220408,2026-02-10,autoritate non-spital
245969-2026,MINISTERUL APARARII - UNITATEA MILITARA 02464 BUCURESTI,ALPHA NED 2000 EXIM SRL / BIZMED SRL / CO&CO Consumer 2002 S.R.L. / CRAD RO SRL / CRIO - 2 S.R.L. / DELUXE MEDICRAFTS SRL / LUAN VISION SRL / MERCATOR MEDICAL / ROVAL MED SRL / SANROTEX TRADING SRL / SH MEDICAL SRL / STERIL ROMANIA SRL / TODY LABORATORIES MED / TZMO ROMANIA SRL / VALDOMEDICA TRADING SRL / VETRO DESIGN S.R.L. / ZARYS INTERNATIONAL GROUP MEDICAL EQUIPMENT S.R.L.,86185312,2026-02-10,unitate militara fara profil de spital
100049-2026,SPITALUL JUDETEAN DE URGENTA PIATRA NEAMT,,,2026-02-11,procedura anulata / fara castigator (confirmat in XML TED)
97158-2026,SPITALUL JUDETEAN DE URGENTA PIATRA NEAMT,,,2026-02-11,procedura anulata / fara castigator (confirmat in XML TED)
98777-2026,SPITALUL JUDETEAN DE URGENTA PIATRA NEAMT,,,2026-02-11,procedura anulata / fara castigator (confirmat in XML TED)
485408-2026,U.A.T JUDETUL CONSTANTA - CONSILIUL JUDETEAN CONSTANTA,ALMED INVESTMENTS / ARCA PERFORMANCE SOLUTIONS / ARCMED NET SRL / Abb Neopuls / BPM TEHNOLOGICA / BTL ROMANIA APARATURA MEDICALA / ELMED MEDICAL / GENERAL ELECTRIC MEDICAL SYSTEMS ROMANIA / GISCO MED / HELLIMED / HISTRIA INTERNATIONAL S.R.L. / Integra Medical Business / KRAL MEDICAL SOLUTIONS / LABORATORIUM LIFE SCIENCE SRL / LIAMED / Logaritm / MEDICARE GREEN / MEDIST IMAGING & P.O.C. S.R.L. / MEDIZIN TECHNOLOGIES / Medist / NEOMED / OPEN MIND LABORATORY S.R.L. / PHYSIOMED APARATURA MEDICALA / SMGELECTRONICA / SUPERMEDICAL / TEHNOPLUS MEDICAL / VICI EVOLUTION / VIVAS INTERNATIONAL / ZIMMER BIOMET ROMANIA,180032894,2026-02-12,autoritate non-spital
127653-2026,JUDETUL GIURGIU,UNIVERSAL MED CLEANING,4615500,2026-02-17,autoritate non-spital
153760-2026,U.A.T JUDETUL CONSTANTA - CONSILIUL JUDETEAN CONSTANTA,ALMED INVESTMENTS / GENERAL ELECTRIC MEDICAL SYSTEMS ROMANIA / HELLIMED / Integra Medical Business / KRAL MEDICAL SOLUTIONS / MEDIST IMAGING & P.O.C. S.R.L. / NEOMED / SUPERMEDICAL / VICI EVOLUTION / VIVAS INTERNATIONAL,111354301,2026-02-17,autoritate non-spital
136142-2026,JUDETUL BACAU,LABORATORIUM LIFE SCIENCE SRL,456200,2026-02-18,autoritate non-spital
149348-2026,"Universitatea de Medicina, Farmacie, Stiinte si Tehnologie "" George Emil Palade"" din Targu Mures",4MEDICAL CARE 4YOU / HDL Union / HELLIMED SRL / MST SOLUTIONS SRL / TEHNO INDUSTRIAL,2803480,2026-02-19,autoritate non-spital
155222-2026,SERVICIUL DE AMBULANTA JUDETEAN SATU MARE,ALPHA MEDICAL / DELTAMED / DELTAMED PRO / HELLIMED / MEDIMPACT / NOVA FIT 2000 / ROSALVAMED PLUS / TZMO ROMANIA / VALDOMEDICA TRADING,986578,2026-02-23,autoritate non-spital
170228-2026,JUDETUL GIURGIU,Elta 90 Medical Research SRL / Medist / S.C. IRYO SYSTEMS S.R.L. S.R.L. / S.C. MEDITECH S.R.L. S.R.L.,1377360,2026-02-23,autoritate non-spital
129473-2026,OFICIUL NATIONAL PENTRU ACHIZITII CENTRALIZATE,,,2026-02-24,autoritate non-spital
135902-2026,SPITALUL CLINIC DE URGENTA SF.IOAN,,,2026-02-26,procedura anulata / fara castigator (confirmat in XML TED)
314606-2026,INSTITUTUL NATIONAL DE HEMATOLOGIE TRANSFUZIONALA Prof.Dr.C.T.Nicolau,FRESENIUS KABI ROMANIA / HEMAROM / X-Lab Solutions S.R.L.,103667460,2026-02-27,institut de cercetare / fara paturi de spital
142998-2026,Serviciul de Ambulanta Judetean Timis,,,2026-03-02,autoritate non-spital
148832-2026,Universitatea de Medicină și Farmacie din Craiova,TEHNO ELECTRO MEDICAL COMPANY S.R.L.,1940000,2026-03-02,autoritate non-spital
182722-2026,JUDETUL SIBIU,OPEN MIND LABORATORY S.R.L. / TEHNO ELECTRO MEDICAL COMPANY S.R.L.,164850,2026-03-03,autoritate non-spital
151625-2026,SPITALUL CLINIC DE PEDIATRIE SIBIU,,,2026-03-04,procedura anulata / fara castigator (confirmat in XML TED)
164181-2026,Directia Sanitara Veterinara si pentru Siguranta Alimentelor Botosani,DIALAB SOLUTIONS,960000,2026-03-04,autoritate non-spital
177569-2026,JUDETUL IASI,A.M.S. 2000 TRADING IMPEX / BIOMEDICA MEDIZINPRODUKTE ROMANIA / DIAMEDIX IMPEX / Elta 90 Medical Research SRL / Novaintermed,3204214,2026-03-04,autoritate non-spital
194665-2026,U.A.T JUDETUL CONSTANTA - CONSILIUL JUDETEAN CONSTANTA,ALMED INVESTMENTS / ARCA PERFORMANCE SOLUTIONS / ARCMED NET SRL / Abb Neopuls / BPM TEHNOLOGICA / ELMED MEDICAL / GENERAL ELECTRIC MEDICAL SYSTEMS ROMANIA / HELLIMED / Integra Medical Business / KRAL MEDICAL SOLUTIONS / MEDIST IMAGING & P.O.C. S.R.L. / NEOMED / SUPERMEDICAL / VICI EVOLUTION / VIVAS INTERNATIONAL / ZIMMER BIOMET ROMANIA,134734177,2026-03-05,autoritate non-spital
169793-2026,JUDETUL GALATI,MEDIZIN TECHNOLOGIES,222005,2026-03-06,autoritate non-spital
164356-2026,SERVICIUL DE AMBULANTA JUDETEAN BRASOV,,,2026-03-10,autoritate non-spital
624721-2026,JUDETUL HUNEDOARA,ANTISEL RO SRL / CIRCUITRA S.R.L. / NITECH / Novaintermed S.R.L. / SolviaMed,3375580,2026-03-10,autoritate non-spital
169916-2026,PENITENCIARUL SPITAL DEJ,,,2026-03-11,procedura anulata / fara castigator (confirmat in XML TED)
219473-2026,JUDETUL MARAMURES (CONSILIUL JUDETEAN MARAMURES),IRYO SYSTEMS,185271,2026-03-11,autoritate non-spital
413165-2026,U.A.T JUDETUL CONSTANTA - CONSILIUL JUDETEAN CONSTANTA,ALMED INVESTMENTS / ARCA PERFORMANCE SOLUTIONS / ARCMED NET SRL / Abb Neopuls / BPM TEHNOLOGICA / BTL ROMANIA APARATURA MEDICALA / ELMED MEDICAL / GENERAL ELECTRIC MEDICAL SYSTEMS ROMANIA / GISCO MED / HELLIMED / Integra Medical Business / KRAL MEDICAL SOLUTIONS / LABORATORIUM LIFE SCIENCE SRL / LIAMED / Logaritm / MEDIST IMAGING & P.O.C. S.R.L. / MEDIZIN TECHNOLOGIES / NEOMED / OPEN MIND LABORATORY S.R.L. / PHYSIOMED APARATURA MEDICALA / SMGELECTRONICA / SUPERMEDICAL / TEHNOPLUS MEDICAL / VICI EVOLUTION / VIVAS INTERNATIONAL / ZIMMER BIOMET ROMANIA,173783276,2026-03-11,autoritate non-spital
172273-2026,"SPITALUL MUNICIPAL DE URGENTA ""ELENA BELDIMAN"" BARLAD",,,2026-03-12,procedura anulata / fara castigator (confirmat in XML TED)
172686-2026,SPITALUL CLINIC JUDETEAN DE URGENTA SF.SPIRIDON IASI,,,2026-03-12,procedura anulata / fara castigator (confirmat in XML TED)
173030-2026,UM 0929 Bucuresti,,,2026-03-12,procedura anulata / fara castigator (confirmat in XML TED)
177083-2026,SPITALUL MUNICIPAL MEDIAS,,,2026-03-13,procedura anulata / fara castigator (confirmat in XML TED)
189212-2026,ORASUL PUCIOASA,Integra Medical Business / LIAMED / NITECH / ROMGER GENERAL TRADE & CONSULTING S.R.L. / RONDA MEDICAL / WINPHARMAMED,3592863,2026-03-16,autoritate non-spital
232908-2026,CONSILIUL JUDETEAN GORJ,ALTEX ROMANIA S.R.L. / AXIOMED SOLUTIONS SRL / BIOPRIME TECHNOLOGY S.R.L. / LIAMED / MULTI CLEANING SYSTEM / NICONSULTING TECHNICS SRL / RAFI MEDICAL / S.C. SAPACO 2000 S.A. S.C.S.,4434146,2026-03-16,autoritate non-spital
199405-2026,JUDETUL HUNEDOARA,DIGI MEDICAL TEHNIC / GENERAL ELECTRIC MEDICAL SYSTEMS ROMANIA,10792000,2026-03-17,autoritate non-spital
211540-2026,"UNIVERSITATEA DE MEDICINA SI FARMACIE ""GRIGORE T.POPA"" DIN IASI",ALTIUM INTERNATIONAL / ANTISEL RO / Altius / Decorias / GIROS COMPANY / NITECH / REDOX RESEARCH & ANALYTIC S.R.L.,2697480,2026-03-17,autoritate non-spital
191807-2026,"Universitatea de Medicina si Farmacie ""Carol Davila""",,189413,2026-03-19,autoritate non-spital
192324-2026,SPITALUL CLINIC DE URGENTA SF.IOAN,,,2026-03-19,procedura anulata / fara castigator (confirmat in XML TED)
218831-2026,JUDETUL MARAMURES (CONSILIUL JUDETEAN MARAMURES),LIAMED / S.C. IRYO SYSTEMS S.R.L. S.R.L. / SIEMENS HEALTHCARE SRL,2519107,2026-03-19,autoritate non-spital
230185-2026,JUDETUL MARAMURES (CONSILIUL JUDETEAN MARAMURES),FRESENIUS KABI ROMANIA / HELLIMED / MEDITECH,1263200,2026-03-19,autoritate non-spital
194681-2026,MUNICIPIUL GHERLA,,305092,2026-03-20,autoritate non-spital
207593-2026,Universitatea din Oradea,MEDIMPACT,770750,2026-03-20,autoritate non-spital
281561-2026,"Universitatea de Medicina si Farmacie ""Iuliu Hatieganu"" Cluj-Napoca",ALTIUM INTERNATIONAL / ANTISEL RO / BIO AQUA GROUP / CHROMAKTIV S.R.L. / DELTAMED / EMSAR S.R.L. / Filara BioMed SRL / Novaintermed S.R.L. / TUNIC PROD S.R.L. / WATT DISTRIBUTOR,491831,2026-03-20,autoritate non-spital
205311-2026,Universitatea de Stiinte Agricole si Medicina Veterinara Cluj Napoca,HYPO TECH & CONSULTING / PROTON IMPEX 2000,319627,2026-03-23,autoritate non-spital
294312-2026,Serviciul de Ambulanta Judetean Timis,BIZMED / CRAD RO / CREATIVE & INNOVATIVE MANAGEMENT / CRIO - 2 / DELUXE MEDICRAFTS / HELLIMED / LUAN VISION / MEDCLAS TRADING S.R.L. / MEDICAL GRUP / MERCATOR MEDICAL / NAFKA GRUP / NOVA FIT 2000 / Natural Es-medical / ROSALVAMED PLUS / ROVAL MED / SANROTEX TRADING SRL / SANTOMED / TODAY SOLUTION / TODY LABORATORIES MED / VALDOMEDICA TRADING / VETRO DESIGN,612265,2026-03-24,autoritate non-spital
210243-2026,"UNIVERSITATEA DE MEDICINA SI FARMACIE ""GRIGORE T.POPA"" DIN IASI",TEHNO ELECTRO MEDICAL COMPANY S.R.L.,358863,2026-03-25,autoritate non-spital
240189-2026,MINISTERUL APARARII - UNITATEA MILITARA 02464 BUCURESTI,ARTISANA MEDICAL S.R.L. / AVENA MEDICA S.R.L. / CRIO - 2 S.R.L. / DELUXE MEDICRAFTS SRL / ESTIMA MEDICAL GROUP S.R.L. / PARTNERS MEDICAL SOLUTION S.R.L. / PAUL HARTMANN SRL / ROVAL MED SRL / S.C. NERAMO DISTRIBUTION S.R.L. / S.C. TRIDENT PHARMA S.R.L. / SANROTEX TRADING SRL / VETRO DESIGN S.R.L. / ZARYS INTERNATIONAL GROUP MEDICAL EQUIPMENT S.R.L.,1717346,2026-03-25,unitate militara fara profil de spital
414205-2026,SERVICIUL JUDETEAN DE AMBULANTA ARGES,ALPHA BRIO MEDICAL S.R.L. / CARTO PLAST SRL / DELTAMED / DELUXE MEDICRAFTS / MEDCLAS TRADING S.R.L. / MEDIMPACT / MEDIST IMAGING & P.O.C. / SARAH DSF MEDICAL S.R.L. / TAISSIS CONCEPT / VALDOMEDICA TRADING / VETRO DESIGN / X-Lab Solutions S.R.L.,1559210,2026-03-25,autoritate non-spital
482395-2026,MINISTERUL APARARII - UNITATEA MILITARA 02464 BUCURESTI,ARTISANA MEDICAL S.R.L. / AVENA MEDICA S.R.L. / CRIO - 2 S.R.L. / DELUXE MEDICRAFTS SRL / ESTIMA MEDICAL GROUP S.R.L. / PARTNERS MEDICAL SOLUTION S.R.L. / PAUL HARTMANN SRL / ROVAL MED SRL / S.C. NERAMO DISTRIBUTION S.R.L. / S.C. TRIDENT PHARMA S.R.L. / SANROTEX TRADING SRL / VETRO DESIGN S.R.L. / ZARYS INTERNATIONAL GROUP MEDICAL EQUIPMENT S.R.L.,90131,2026-03-25,unitate militara fara profil de spital
233646-2026,JUDETUL CLUJ (CONSILIUL JUDETEAN),BTL ROMANIA APARATURA MEDICALA,2484535,2026-03-26,autoritate non-spital
260358-2026,Universitatea Stefan cel Mare Suceava,FRAMINOR SERV SRL,362329,2026-03-27,autoritate non-spital
215030-2026,Judetul Brasov,,828122,2026-03-30,autoritate non-spital
215052-2026,Spitalul Judetean de Urgenta Miercurea Ciuc,,7438017,2026-03-30,procedura anulata / fara castigator (confirmat in XML TED)
217426-2026,SPITALUL CLINIC JUDETEAN DE URGENTA SF. APOSTOL ANDREI,,1066000,2026-03-30,procedura anulata / fara castigator (confirmat in XML TED)
275287-2026,SERVICIUL DE AMBULANTA JUDETEAN BRASOV,BIZMED SRL / CRAD RO / CRIO - 2 S.R.L. / DELUXE MEDICRAFTS SRL / ENGLOBER S.R.L. / HDL Union / LUAN VISION SRL / NAFKA GRUP S.R.L. / PRO RSQ / S.C. D&G GROUP S.R.L. S.R.L. / S.C. IOANA N & M SRL S.R.L. / S.C. MEDCLAS TRADING S.R.L. S.R.L. / S.C. Natural Es-medical S.R.L / S.C.MEDICAL GRUP S.R.L. / SANROTEX TRADING SRL / SANTOMED S.R.L. / TMS - TOP MEDICAL SUPPLIER SRL / VALDOMEDICA TRADING SRL,178560,2026-03-30,autoritate non-spital
219770-2026,"Spital Clinic Judetean de Urgenta ""Pius Brinzeu"" Timisoara",,27463982,2026-03-31,procedura anulata / fara castigator (confirmat in XML TED)
262895-2026,U.A.T JUDETUL CONSTANTA - CONSILIUL JUDETEAN CONSTANTA,ALMED INVESTMENTS / ARCA PERFORMANCE SOLUTIONS / ARCMED NET SRL / Abb Neopuls / BPM TEHNOLOGICA / ELMED MEDICAL / GENERAL ELECTRIC MEDICAL SYSTEMS ROMANIA / HELLIMED / Integra Medical Business / KRAL MEDICAL SOLUTIONS / Logaritm / MEDIST IMAGING & P.O.C. S.R.L. / NEOMED / SUPERMEDICAL / VICI EVOLUTION / VIVAS INTERNATIONAL / ZIMMER BIOMET ROMANIA,144036516,2026-03-31,autoritate non-spital
223575-2026,SPITALUL ORASENESC INEU,,8010350,2026-04-01,procedura anulata / fara castigator (confirmat in XML TED)
245433-2026,JUDETUL SIBIU,BIOPRIME TECHNOLOGY S.R.L. / DACORUM GRUP / MEDIQ INNOVATIVE TECHNOLOGIES SRL / MEDIST IMAGING & P.O.C. S.R.L. / Medical Corp S.R.L. / S.C. ELMED MEDICALS.R.L. / VAVIAN TRADING S.R.L.,6890342,2026-04-01,autoritate non-spital
246380-2026,Serviciul Judetean de Ambulanta Botosani,ALCA DUO MEDICAL S.R.L. / ALPHA BRIO MEDICAL S.R.L. / BIZMED / Esomed Solution / MEDCLAS TRADING S.R.L. / NOVA FIT 2000 / ROSALVAMED PLUS / SANROTEX TRADING SRL / TAISSIS CONCEPT / TMS - TOP MEDICAL SUPPLIER / VALDOMEDICA TRADING / VETRO DESIGN / X-Lab Solutions S.R.L. / ZARYS INTERNATIONAL GROUP,830685,2026-04-01,autoritate non-spital
496739-2026,Serviciul Judetean de Ambulanta Botosani,ALCA DUO MEDICAL S.R.L. / ALPHA BRIO MEDICAL S.R.L. / BIZMED / Esomed Solution / MEDCLAS TRADING S.R.L. / NOVA FIT 2000 / ROSALVAMED PLUS / SANROTEX TRADING SRL / TAISSIS CONCEPT / TMS - TOP MEDICAL SUPPLIER / VALDOMEDICA TRADING / VETRO DESIGN / X-Lab Solutions S.R.L. / ZARYS INTERNATIONAL GROUP,54313,2026-04-01,autoritate non-spital
246872-2026,"UNIVERSITATEA DE MEDICINA SI FARMACIE ""GRIGORE T.POPA"" DIN IASI",PRIMERA MED TECHNOLOGY,270300,2026-04-02,autoritate non-spital
256189-2026,U.A.T JUDETUL CONSTANTA - CONSILIUL JUDETEAN CONSTANTA,ALMED INVESTMENTS / ARCA PERFORMANCE SOLUTIONS / ARCMED NET SRL / Abb Neopuls / BPM TEHNOLOGICA / ELMED MEDICAL / GENERAL ELECTRIC MEDICAL SYSTEMS ROMANIA / HELLIMED / Integra Medical Business / KRAL MEDICAL SOLUTIONS / Logaritm / MEDIST IMAGING & P.O.C. S.R.L. / NEOMED / SUPERMEDICAL / VICI EVOLUTION / VIVAS INTERNATIONAL / ZIMMER BIOMET ROMANIA,140959477,2026-04-02,autoritate non-spital
232295-2026,Universitatea de Medicină și Farmacie din Craiova,,283689,2026-04-03,autoritate non-spital
270224-2026,U.A.T JUDETUL CONSTANTA - CONSILIUL JUDETEAN CONSTANTA,ALMED INVESTMENTS / ARCA PERFORMANCE SOLUTIONS / ARCMED NET SRL / Abb Neopuls / BPM TEHNOLOGICA / BTL ROMANIA APARATURA MEDICALA / ELMED MEDICAL / GENERAL ELECTRIC MEDICAL SYSTEMS ROMANIA / HELLIMED / Integra Medical Business / KRAL MEDICAL SOLUTIONS / Logaritm / MEDIST IMAGING & P.O.C. S.R.L. / NEOMED / OPEN MIND LABORATORY S.R.L. / PHYSIOMED APARATURA MEDICALA / SMGELECTRONICA / SUPERMEDICAL / TEHNOPLUS MEDICAL / VICI EVOLUTION S.R.L. / VIVAS INTERNATIONAL / ZIMMER BIOMET ROMANIA,156609791,2026-04-03,autoritate non-spital
268701-2026,OFICIUL NATIONAL PENTRU ACHIZITII CENTRALIZATE,HDL Union / Novaintermed / SINOFARM ROMANIA S.R.L.,21677319,2026-04-06,autoritate non-spital
287646-2026,Municipiul Lupeni,ELMED MEDICAL / Integra Medical Business / KRAL MEDICAL SOLUTIONS / LIAMED / SMGELECTRONICA / SolviaMed / TETRA MED INSPIRE,11078641,2026-04-06,autoritate non-spital
238044-2026,Spital Clinic Judetean de Urgenta Arad,,127757746,2026-04-08,procedura anulata / fara castigator (confirmat in XML TED)
238377-2026,MUNICIPIUL GHERLA,,479688,2026-04-08,autoritate non-spital
242047-2026,"Universitatea de Medicina, Farmacie, Stiinte si Tehnologie "" George Emil Palade"" din Targu Mures",TECHNO VOLT,493800,2026-04-08,autoritate non-spital
283150-2026,Orasul Targu Neamt,ALMED INVESTMENTS / HEALTH SUPPLY / MEDIPLUS SOLUTIONS / SMGELECTRONICA,7918242,2026-04-15,autoritate non-spital
289254-2026,JUDETUL TELEORMAN,A.M.S. 2000 TRADING IMPEX / Elta 90 Medical Research SRL / NITECH,197101,2026-04-15,autoritate non-spital
258181-2026,SPITALUL CLINIC JUDETEAN DE URGENTA SF.SPIRIDON IASI,,548664,2026-04-16,procedura anulata / fara castigator (confirmat in XML TED)
266260-2026,JUDETUL IASI,MEDIZIN TECHNOLOGIES,121000,2026-04-16,autoritate non-spital
286372-2026,JUDETUL HUNEDOARA,A.M.S. 2000 TRADING IMPEX S.R.L. / MECRO SYSTEM S.R.L. / NITECH / Novaintermed S.R.L.,4060900,2026-04-16,autoritate non-spital
282156-2026,JUDETUL ARGES,MEDIST LIFE SCIENCE S.R.L.,681700,2026-04-17,autoritate non-spital
354344-2026,JUDETUL ARGES,MEDIST LIFE SCIENCE S.R.L.,760300,2026-04-17,autoritate non-spital
304171-2026,"Universitatea de Medicina, Farmacie, Stiinte si Tehnologie "" George Emil Palade"" din Targu Mures",THREE PHARM,1748366,2026-04-20,autoritate non-spital
324438-2026,Serviciul de Ambulanta Judetean Timis,BIZMED / CRAD RO / CREATIVE & INNOVATIVE MANAGEMENT / CRIO - 2 / DELUXE MEDICRAFTS / HELLIMED / LUAN VISION / MEDCLAS TRADING S.R.L. / MEDICAL GRUP / MERCATOR MEDICAL / NAFKA GRUP / NOVA FIT 2000 / Natural Es-medical / ROSALVAMED PLUS / ROVAL MED / SANROTEX TRADING SRL / SANTOMED / TODAY SOLUTION / TODY LABORATORIES MED / TZMO ROMANIA / VALDOMEDICA TRADING / VETRO DESIGN,721945,2026-04-20,autoritate non-spital
361696-2026,"Universitatea de Medicina, Farmacie, Stiinte si Tehnologie "" George Emil Palade"" din Targu Mures",AXIA MEDICAL SRL / DIAMEDIX IMPEX / THREE PHARM,4098366,2026-04-20,autoritate non-spital
293432-2026,"UNIVERSITATEA DE MEDICINA SI FARMACIE ""GRIGORE T.POPA"" DIN IASI",TEHNO ELECTRO MEDICAL COMPANY S.R.L.,671847,2026-04-21,autoritate non-spital
320211-2026,Judetul Brasov,CLEANING LOGISTIC DISTRIBUTION / SAPACO 2000,474539,2026-04-21,autoritate non-spital
276721-2026,OFICIUL NATIONAL PENTRU ACHIZITII CENTRALIZATE,,9423000,2026-04-22,autoritate non-spital
294018-2026,MUNICIPIUL GHERLA,LIAMED,305000,2026-04-22,autoritate non-spital
362110-2026,SERVICIUL DE AMBULANTA BUCURESTI-ILFOV,BIZMED / DANCRI MEDICAL / DELTAMED / DELTAMED PRO / DR COLOS MEDICAL / HELLIMED / INEDITGRUP.RO / MEDICAL GRUP / MLM MEDICAL S.R.L. / NAFKA GRUP / PRIME HEALTHCARE S.R.L. / ROSALVAMED PLUS / SANROTEX TRADING SRL / SANTOMED / TEHNO ELECTRO MEDICAL COMPANY S.R.L. / VALDOMEDICA TRADING / VETRO DESIGN,554116,2026-04-22,autoritate non-spital
305068-2026,U.A.T JUDETUL CONSTANTA - CONSILIUL JUDETEAN CONSTANTA,Kembli Med,1041720,2026-04-23,autoritate non-spital
395242-2026,JUDETUL MARAMURES (CONSILIUL JUDETEAN MARAMURES),CATTUS / LIAMED / S.C. IRYO SYSTEMS S.R.L. S.R.L. / SIEMENS HEALTHCARE SRL,2739907,2026-04-23,autoritate non-spital
327970-2026,Ministerul Sanatatii,ELMED MEDICAL,267000,2026-04-24,autoritate non-spital
315558-2026,CONSILIUL JUDETEAN GORJ,BIOPRIME TECHNOLOGY S.R.L. / MEDIZIN TECHNOLOGIES / MULTI CLEANING SYSTEM / RAFI MEDICAL / UNIVERSAL MEDICAL S.R.L.,3711105,2026-04-27,autoritate non-spital
388100-2026,Medusa Laboratories,ALTEX ROMANIA / BIO AQUA GROUP / Elta 90 Medical Research SRL / IRYO SYSTEMS,752370,2026-04-27,autoritate non-spital
294188-2026,MUNICIPIUL PASCANI,PHM COMSERV S.R.L. / S.C. EDITRONIC INTERNATIONAL S.R.L.,2904870,2026-04-28,autoritate non-spital
305985-2026,U.A.T JUDETUL CONSTANTA - CONSILIUL JUDETEAN CONSTANTA,ALMED INVESTMENTS / ARCA PERFORMANCE SOLUTIONS / ARCMED NET SRL / Abb Neopuls / BPM TEHNOLOGICA / BTL ROMANIA APARATURA MEDICALA / ELMED MEDICAL / GENERAL ELECTRIC MEDICAL SYSTEMS ROMANIA / HELLIMED / Integra Medical Business / KRAL MEDICAL SOLUTIONS / Logaritm / MEDIST IMAGING & P.O.C. S.R.L. / NEOMED / OPEN MIND LABORATORY S.R.L. / PHYSIOMED APARATURA MEDICALA / SMGELECTRONICA / SUPERMEDICAL / TEHNOPLUS MEDICAL / VICI EVOLUTION S.R.L. / VIVAS INTERNATIONAL / ZIMMER BIOMET ROMANIA,158834825,2026-04-28,autoritate non-spital
358982-2026,DIRECTIA SANITARA VETERINARA SI PENTRU SIGURANTA ALIMENTELOR BRASOV,A.M.S. 2000 TRADING IMPEX / ANTISEL RO / AVENA MEDICA S.R.L. / DIALAB SOLUTIONS / DIAMEDIX IMPEX / EUROVET LAB / Filara BioMed SRL / MEDICAMED MARKET S.R.L. / MEDICLIM S.R.L. / MEDVET DIAGNOSTIC / NOACK ROMANIA SRL / NOVA GROUP INVESTMENT / NOVACHIM TRADING / TODY LABORATORIES MED / TUNIC PROD,660422,2026-04-28,autoritate non-spital
321958-2026,U.A.T JUDETUL CONSTANTA - CONSILIUL JUDETEAN CONSTANTA,ALMED INVESTMENTS / ARCA PERFORMANCE SOLUTIONS / ARCMED NET SRL / Abb Neopuls / BPM TEHNOLOGICA / BTL ROMANIA APARATURA MEDICALA / ELMED MEDICAL / GENERAL ELECTRIC MEDICAL SYSTEMS ROMANIA / GISCO MED / HELLIMED / Integra Medical Business / KRAL MEDICAL SOLUTIONS / LIAMED / Logaritm / MEDIST IMAGING & P.O.C. S.R.L. / NEOMED / OPEN MIND LABORATORY S.R.L. / PHYSIOMED APARATURA MEDICALA / SMGELECTRONICA / SUPERMEDICAL / TEHNOPLUS MEDICAL / VICI EVOLUTION / VIVAS INTERNATIONAL / ZIMMER BIOMET ROMANIA,161469475,2026-04-29,autoritate non-spital
326933-2026,Ministerul Sanatatii,ELMED MEDICAL SRL,1099000,2026-05-04,autoritate non-spital
309039-2026,INSTITUTUL DE BOLI CARDIOVASCULARE TIMISOARA,,11473874,2026-05-06,procedura anulata / fara castigator (confirmat in XML TED)
310500-2026,MUNICIPIUL MEDGIDIA,,1067963,2026-05-06,autoritate non-spital
334939-2026,U.A.T JUDETUL CONSTANTA - CONSILIUL JUDETEAN CONSTANTA,ALMED INVESTMENTS / ARCA PERFORMANCE SOLUTIONS / ARCMED NET SRL / Abb Neopuls / BPM TEHNOLOGICA / BTL ROMANIA APARATURA MEDICALA / ELMED MEDICAL / GENERAL ELECTRIC MEDICAL SYSTEMS ROMANIA / GISCO MED / HELLIMED / Integra Medical Business / KRAL MEDICAL SOLUTIONS / LIAMED / Logaritm / MEDIST IMAGING & P.O.C. S.R.L. / NEOMED / OPEN MIND LABORATORY S.R.L. / PHYSIOMED APARATURA MEDICALA / SMGELECTRONICA / SUPERMEDICAL / TEHNOPLUS MEDICAL / VICI EVOLUTION / VIVAS INTERNATIONAL / ZIMMER BIOMET ROMANIA,170732075,2026-05-06,autoritate non-spital
342573-2026,Directia Generala de Asistenta Sociala si Protectia Copilului Bacau,ARTIS IT SOLUTIONS,34870,2026-05-07,autoritate non-spital
373858-2026,Serviciul de Ambulanta Judetean Timis,BIZMED / CRAD RO / CREATIVE & INNOVATIVE MANAGEMENT / CRIO - 2 / DELUXE MEDICRAFTS / HELLIMED / LUAN VISION / MEDCLAS TRADING S.R.L. / MEDICAL GRUP / MERCATOR MEDICAL / NAFKA GRUP / NOVA FIT 2000 / Natural Es-medical / ROSALVAMED PLUS / ROVAL MED / SANROTEX TRADING SRL / SANTOMED / TODAY SOLUTION / TODY LABORATORIES MED / TZMO ROMANIA / VALDOMEDICA TRADING / VETRO DESIGN,63358,2026-05-11,autoritate non-spital
323750-2026,MINISTERUL APARARII - UNITATEA MILITARA 02497 PITESTI,,1968334,2026-05-12,procedura anulata / fara castigator (confirmat in XML TED)
368864-2026,Universitatea Stefan cel Mare Suceava,FRAMINOR SERV SRL,357121,2026-05-12,autoritate non-spital
327483-2026,JUDETUL IASI,,705988,2026-05-13,autoritate non-spital
355793-2026,"UNIVERSITATEA DE MEDICINA SI FARMACIE ""GRIGORE T.POPA"" DIN IASI",AQUATOR S.R.L. / BIO AQUA GROUP / Filara BioMed SRL / NITECH / S.C. Decorias S.R.L. / S.C. Giros Company S.R.L. S.R.L. / S.C. MUSO S.R.L. / S.C. REDOX RESEARCH & ANALYTIC S.R.L. S.R.L.,564914,2026-05-13,autoritate non-spital
548128-2026,Directia Sanitar Veterinara si pentru Siguranta Alimentelor Braila,ANTISEL RO SRL / DIAMEDIX IMPEX / EUROVET LAB S.R.L. / Filara BioMed SRL / MEDICLIM S.R.L. / NOVA GROUP INVESTMENT / Noack Romania S.R.L. / Omnivet Impex S.R.L. / Top Diagnostics S.R.L.,237896,2026-05-13,autoritate non-spital
341062-2026,Universitatea de Stiinte Agricole si Medicina Veterinara Cluj Napoca,DIGI MEDICAL TEHNIC / SERVITECH EXPRES,727596,2026-05-14,autoritate non-spital
351234-2026,Judetul Neamt,GLOBAL MEDICAL SOLUTIONS SRL,293000,2026-05-15,autoritate non-spital
367449-2026,MINISTERUL APARARII - UNITATEA MILITARA 02464 BUCURESTI,CRIO - 2 S.R.L. / Dental Vladmed V&M SRL / S.C. TEHNICAL DENT S.R.L. / VETRO DESIGN S.R.L.,1657182,2026-05-15,unitate militara fara profil de spital
338339-2026,"Universitatea de Medicina si Farmacie ""Carol Davila""",,281969,2026-05-18,autoritate non-spital
352285-2026,"Universitatea de Medicina si Farmacie ""Iuliu Hatieganu"" Cluj-Napoca",DENTAL PARTNER'S GRUP / DENTSTORE / Nastimed Serv / TEHNODENT POKA S.R.L.,4612644,2026-05-20,autoritate non-spital
367049-2026,"UNIVERSITATEA DE MEDICINA SI FARMACIE ""GRIGORE T.POPA"" DIN IASI",ANTISEL RO SRL / BIO AQUA GROUP / DEXTER COM S.R.L. / Filara BioMed SRL / NITECH / S.C. ABL&E JASCO ROMANIA COMERT SI SERVICII S.R.L. / S.C. Decorias S.R.L. / S.C. Giros Company S.R.L. S.R.L. / S.C. REDOX RESEARCH & ANALYTIC S.R.L. S.R.L. / SEPADIN S.R.L. / VETRO DESIGN S.R.L.,242610,2026-05-21,autoritate non-spital
368334-2026,U.A.T JUDETUL CONSTANTA - CONSILIUL JUDETEAN CONSTANTA,ALMED INVESTMENTS / ARCA PERFORMANCE SOLUTIONS / ARCMED NET SRL / Abb Neopuls / BPM TEHNOLOGICA / BTL ROMANIA APARATURA MEDICALA / ELMED MEDICAL / GENERAL ELECTRIC MEDICAL SYSTEMS ROMANIA / GISCO MED / HELLIMED / Integra Medical Business / KRAL MEDICAL SOLUTIONS / LABORATORIUM LIFE SCIENCE SRL / LIAMED / Logaritm / MEDIST IMAGING & P.O.C. S.R.L. / MEDIZIN TECHNOLOGIES / NEOMED / OPEN MIND LABORATORY S.R.L. / PHYSIOMED APARATURA MEDICALA / SMGELECTRONICA / SUPERMEDICAL / TEHNOPLUS MEDICAL / VICI EVOLUTION / VIVAS INTERNATIONAL / ZIMMER BIOMET ROMANIA,173136630,2026-05-21,autoritate non-spital
398557-2026,ONCOMED SRL,ANTISEL RO / BIOGENETIX S.R.L. / Elta 90 Medical Research SRL,420254,2026-05-21,entitate privata (SRL/SA)
355253-2026,MINISTERUL APARARII - UNITATEA MILITARA 02464 BUCURESTI,ADION PRODIMPEXTRANS / BROKMED / LIAMED / MEDIMPACT / PAUL HARTMANN / SIGNAL SPECTRUM,1331083,2026-05-22,unitate militara fara profil de spital
373760-2026,MUNICIPIUL MANGALIA,MED TEHNICA / MEDIZIN TECHNOLOGIES / PAPAPOSTOLOU S.R.L,2331815,2026-05-22,autoritate non-spital
417495-2026,U.A.T JUDETUL CONSTANTA - CONSILIUL JUDETEAN CONSTANTA,ALMED INVESTMENTS / ARCA PERFORMANCE SOLUTIONS / ARCMED NET SRL / Abb Neopuls / BPM TEHNOLOGICA / BTL ROMANIA APARATURA MEDICALA / ELMED MEDICAL / GENERAL ELECTRIC MEDICAL SYSTEMS ROMANIA / GISCO MED / HELLIMED / Integra Medical Business / KRAL MEDICAL SOLUTIONS / LABORATORIUM LIFE SCIENCE SRL / LIAMED / Logaritm / MEDICARE GREEN / MEDIST IMAGING & P.O.C. S.R.L. / MEDIZIN TECHNOLOGIES / NEOMED / OPEN MIND LABORATORY S.R.L. / PHYSIOMED APARATURA MEDICALA / SMGELECTRONICA / SUPERMEDICAL / TEHNOPLUS MEDICAL / VICI EVOLUTION / VIVAS INTERNATIONAL / ZIMMER BIOMET ROMANIA,174403076,2026-05-22,autoritate non-spital
382053-2026,Universitatea de Medicină și Farmacie din Craiova,SUPERMEDICAL,3871000,2026-05-25,autoritate non-spital
503748-2026,"Universitatea de Medicina si Farmacie ""Iuliu Hatieganu"" Cluj-Napoca",DENTSTORE / MEDICA M3 APARATURĂ SERVICE S.R.L. / TEHNODENT POKA S.R.L.,1672157,2026-05-25,autoritate non-spital
504044-2026,"Universitatea de Medicina si Farmacie ""Iuliu Hatieganu"" Cluj-Napoca",Nastimed Serv / TEHNICAL DENT / TEHNODENT POKA S.R.L.,519932,2026-05-25,autoritate non-spital
356287-2026,SPITALUL UNIVERSITAR DE URGENTA BUCURESTI,,31693655,2026-05-26,procedura anulata / fara castigator (confirmat in XML TED)
358068-2026,JUDETUL GALATI,,2808321,2026-05-27,autoritate non-spital
362959-2026,SPITALUL CLINIC JUDETEAN DE URGENTA SF. APOSTOL ANDREI,,2430720,2026-05-27,procedura anulata / fara castigator (confirmat in XML TED)
367721-2026,JUDEȚUL SUCEAVA,MEDIST IMAGING & P.O.C. S.R.L.,2751500,2026-05-27,autoritate non-spital
398265-2026,JUDETUL VALCEA,Aegeria Business Consulting SRL,2370000,2026-05-27,autoritate non-spital
398691-2026,JUDETUL VALCEA,Aegeria Business Consulting SRL,2370000,2026-05-27,autoritate non-spital
367344-2026,JUDETUL IASI,Mebelissimo,106981,2026-05-28,autoritate non-spital
382558-2026,Universitatea de Medicină și Farmacie din Craiova,TEHNO ELECTRO MEDICAL COMPANY S.R.L.,821500,2026-05-28,autoritate non-spital
383074-2026,Universitatea de Medicină și Farmacie din Craiova,TEHNO ELECTRO MEDICAL COMPANY S.R.L.,821500,2026-05-28,autoritate non-spital
500569-2026,"Universitatea de Medicina si Farmacie ""Iuliu Hatieganu"" Cluj-Napoca",DENTAL PARTNER'S GRUP / DENTSTORE / MEDIDENT EXIM S.R.L. / TEHNICAL DENT / TEHNODENT POKA S.R.L.,677854,2026-05-28,autoritate non-spital
379015-2026,Universitatea de Medicină și Farmacie din Craiova,MED TEHNICA,629900,2026-05-29,autoritate non-spital
379901-2026,Universitatea de Medicină și Farmacie din Craiova,MED TEHNICA,629900,2026-05-29,autoritate non-spital
495740-2026,JUDETUL SATU MARE,ANDCOR / B.BRAUN MEDICAL / CATTUS / CLASSIMED / DIALAB SOLUTIONS / Dental Vladmed V&M SRL / Dyomedica CND / GLOBAL MEDICAL SOLUTIONS / INNOVA INTEGRATION S.R.L. / KARL STORZ ENDOSCOPIA ROMANIA / LIAMED / MEDIQ INNOVATIVE TECHNOLOGIES SRL / MEDIST IMAGING & P.O.C. / MEDIST LIFE SCIENCE S.R.L. / MEDIXFARM TEHNOPLUS / MEDIZIN TECHNOLOGIES / NANO BIO MEDICAL S.R.L. / NITECH / NOVA GROUP INVESTMENT / NOVOMED INTERNATIONAL SRL / RAFI MEDICAL / RIDA S SRL / Sof Medica / TEHNO ELECTRO MEDICAL COMPANY S.R.L. / VLADI MED DISTRIBUTION S.R.L.,24163618,2026-05-29,autoritate non-spital
404023-2026,"UNIVERSITATEA DE MEDICINA SI FARMACIE ""GRIGORE T.POPA"" DIN IASI",ALLIGATOR S.R.L. / DEROM DENTAL INTERNATIONAL / LABO SHOP SRL,306890,2026-06-02,autoritate non-spital
428005-2026,"Universitatea de Medicina si Farmacie ""Iuliu Hatieganu"" Cluj-Napoca",BIO AQUA GROUP / CARDIOTECH / LIVMED IMPULS,285548,2026-06-02,autoritate non-spital
425947-2026,JUDETUL GALATI,DTL Medical SRL / HEALTHEXPERT / HELLIMED / TRANSLIMA,9709360,2026-06-03,autoritate non-spital
405210-2026,"Universitatea de Medicina si Farmacie ""Carol Davila""",HELLIMED,242350,2026-06-05,autoritate non-spital
410439-2026,JUDETUL SIBIU,PHARMICS S.R.L.,2081820,2026-06-05,autoritate non-spital
415273-2026,Institutul de Biologie si Patologie Celulara '' Nicolae Simionescu'',BIO AQUA GROUP / DEXTER COM S.R.L. / LABORATORIUM LIFE SCIENCE SRL,101891,2026-06-05,institut de cercetare / fara paturi de spital
417168-2026,COMUNA MANASTIREA CASIN (CONSILIUL LOCAL MANASTIREA CASIN),EVA MOBIAND SRL,169840,2026-06-05,autoritate non-spital
420863-2026,"UNIVERSITATEA DE MEDICINA SI FARMACIE ""GRIGORE T.POPA"" DIN IASI",ANTISEL RO SRL / DEXTER COM S.R.L. / Elta 90 Medical Research SRL / LABORATORIUM LIFE SCIENCE SRL / S.C. REDOX RESEARCH & ANALYTIC S.R.L. S.R.L.,159337,2026-06-05,autoritate non-spital
426805-2026,"UNIVERSITATEA DE MEDICINA SI FARMACIE ""GRIGORE T.POPA"" DIN IASI",ANTISEL RO SRL / BIOSYSTEMS DIAGNOSTIC S.R.L. / DEXTER COM S.R.L. / Filara BioMed SRL / LABORATORIUM LIFE SCIENCE SRL / S.C. Bio Zyme S.R.L. / S.C. Decorias S.R.L. / S.C. REDOX RESEARCH & ANALYTIC S.R.L. S.R.L.,298945,2026-06-05,autoritate non-spital
622017-2026,JUDETUL SIBIU,MEDICAL DEVICE STORE SRL / PHARMICS S.R.L.,2951220,2026-06-05,autoritate non-spital
415386-2026,"Universitatea de Medicina, Farmacie, Stiinte si Tehnologie "" George Emil Palade"" din Targu Mures",AIM VIDEO SOLUTIONS / MEDIST IMAGING & P.O.C. / SUPERMEDICAL / TREBER-TECH,685350,2026-06-08,autoritate non-spital
421229-2026,MUNICIPIUL MEDGIDIA,BPM TEHNOLOGICA / MEDIST IMAGING & P.O.C. S.R.L. / PRIMERA MED TECHNOLOGY,1611570,2026-06-08,autoritate non-spital
497892-2026,"Universitatea de Medicina si Farmacie ""Iuliu Hatieganu"" Cluj-Napoca",ALTIUM INTERNATIONAL / ANTISEL RO / BIO AQUA GROUP / CHROMAKTIV S.R.L. / DELTAMED / EMSAR S.R.L. / Filara BioMed SRL / Novaintermed S.R.L. / TUNIC PROD S.R.L. / WATT DISTRIBUTOR,681776,2026-06-08,autoritate non-spital
482509-2026,JUDETUL SATU MARE,ANDCOR / B.BRAUN MEDICAL / CATTUS / CLASSIMED / DIALAB SOLUTIONS / Dental Vladmed V&M SRL / Dyomedica CND / GLOBAL MEDICAL SOLUTIONS / INNOVA INTEGRATION S.R.L. / KARL STORZ ENDOSCOPIA ROMANIA / LIAMED / MEDIQ INNOVATIVE TECHNOLOGIES SRL / MEDIST IMAGING & P.O.C. / MEDIST LIFE SCIENCE S.R.L. / MEDIXFARM TEHNOPLUS / MEDIZIN TECHNOLOGIES / NANO BIO MEDICAL S.R.L. / NITECH / NOVA GROUP INVESTMENT / NOVOMED INTERNATIONAL SRL / RAFI MEDICAL / RIDA S SRL / Sof Medica / TEHNO ELECTRO MEDICAL COMPANY S.R.L. / VLADI MED DISTRIBUTION S.R.L.,24163618,2026-06-09,autoritate non-spital
456247-2026,Universitatea Nationala de Stiinta si Tehnologie Politehnica Bucuresti,FRAMINOR SERV SRL,1062175,2026-06-12,autoritate non-spital
476249-2026,JUDETUL VASLUI,BPM TEHNOLOGICA / BRAVA MEDICAL / HISTRIA INTERNATIONAL S.R.L. / MEDIZIN TECHNOLOGIES / OVAVINCI / S.C. IRYO SYSTEMS S.R.L. S.R.L. / SC BELFIX DISTRIBUTIE SRL / UNIMIX MEDICAL,11288176,2026-06-12,autoritate non-spital
483787-2026,MINISTERUL APARARII - UNITATEA MILITARA 02464 BUCURESTI,ALCA DUO MEDICAL S.R.L. / ALPHA BRIO MEDICAL S.R.L. / ALPHA MEDICAL S.R.L. / AVENA MEDICA S.R.L. / BIZMED SRL / CRIO - 2 S.R.L. / DELUXE MEDICRAFTS / HELLIMED SRL / MEDIMPACT SRL / MERCATOR MEDICAL / NAFKA GRUP S.R.L. / NOVA FIT 2000 / NOVOMED INTERNATIONAL SRL / PAUL HARTMANN SRL / Rosalvamed Plus S.R.L. / S.C.MEDICAL GRUP S.R.L. / STERIL ROMANIA SRL / TMS - TOP MEDICAL SUPPLIER SRL / TZMO ROMANIA SRL / VALDOMEDICA TRADING SRL / VETRO DESIGN S.R.L. / ZARYS INTERNATIONAL GROUP,122182642,2026-06-12,unitate militara fara profil de spital
407265-2026,"Institutul de Pneumoftiziologie ""Marius Nasta""",,5317440,2026-06-15,procedura anulata / fara castigator (confirmat in XML TED)
425276-2026,MEDGIN SRL,MEDIST IMAGING & P.O.C.,1548500,2026-06-15,entitate privata (SRL/SA)
431038-2026,Universitatea de Medicină și Farmacie din Craiova,MEDIST IMAGING & P.O.C.,5791700,2026-06-15,autoritate non-spital
411149-2026,Spitalul Clinic Judetean de Urgenta Targu.Mures,,2050000,2026-06-16,procedura anulata / fara castigator (confirmat in XML TED)
411249-2026,SPITALUL CLINIC DE URGENTA SF.IOAN,,4166400,2026-06-16,procedura anulata / fara castigator (confirmat in XML TED)
417384-2026,SERVICIUL DE AMBULANTA JUDETEAN PRAHOVA,ALCA DUO MEDICAL S.R.L. / ALPHA BRIO MEDICAL S.R.L. / BIZMED SRL / CO&CO Consumer 2002 S.R.L. / CRAD RO SRL / CRIO - 2 S.R.L. / DEMOPHORIUS HEALTHCARE SRL / DUTCHMED S.R.L. / HELLIMED SRL / MEDIMPACT SRL / MEDIST IMAGING & P.O.C. S.R.L. / NAFKA GRUP / PRO RSQ / PRODCONFARM S.R.L. / S.C. DANCRI MEDICAL S.R.L. / S.C. Filtre Aer Curat S.R.L. S.R.L. / S.C. IOANA N & M SRL S.R.L. / S.C. MEDCLAS TRADING S.R.L. S.R.L. / S.C. Medplaza Health S.R.L. / S.C.MEDICAL GRUP S.R.L. / SANROTEX TRADING SRL / SANTOMED S.R.L. / TMS - TOP MEDICAL SUPPLIER SRL / TZMO ROMANIA SRL / VALDOMEDICA TRADING / VETRO DESIGN S.R.L. / X-Lab Solutions S.R.L. / ZARYS INTERNATIONAL GROUP MEDICAL EQUIPMENT S.R.L.,1903427,2026-06-16,autoritate non-spital
416597-2026,Universitatea de Stiinte Agricole si Medicina Veterinara din Cluj-Napoca,S.C. MONTERO VET S.R.L,370641,2026-06-17,autoritate non-spital
418927-2026,Ministerul Sanatatii,KARL STORZ ENDOSCOPIA ROMANIA / ROMBIOMEDICA / ROMGER GENERAL TRADE & CONSULTING S.R.L.,5862554,2026-06-17,autoritate non-spital
428753-2026,SERVICIUL DE AMBULANTA JUDETEAN VRANCEA,DELUXE MEDICRAFTS SRL / HELLIMED SRL / Rosalvamed Plus S.R.L. / S.C. D&G GROUP S.R.L. S.R.L. / X-Lab Solutions S.R.L.,2895953,2026-06-17,autoritate non-spital
454023-2026,COMUNA BALCANI (CONSILIUL LOCAL),ACVASHOP TRADE / LM MOB SRL / MATRIX ONLINE / S.C. ENERGO-METR S.R.L. / S.C. QUARTZ MATRIX S.R.L. / S.C. TRANSLIMA SRL S.R.L. / WOODART,491564,2026-06-17,autoritate non-spital
509667-2026,SERVICIUL DE AMBULANTA JUDETEAN VRANCEA,DELUXE MEDICRAFTS SRL / HELLIMED SRL / Rosalvamed Plus S.R.L. / S.C. D&G GROUP S.R.L. S.R.L. / X-Lab Solutions S.R.L.,2925816,2026-06-17,autoritate non-spital
420660-2026,MINISTERUL APARARII - UNITATEA MILITARA 02497 PITESTI,,1188440,2026-06-18,procedura anulata / fara castigator (confirmat in XML TED)
433363-2026,"UNIVERSITATEA DE MEDICINA SI FARMACIE ""GRIGORE T.POPA"" DIN IASI",LIAMED,335000,2026-06-18,autoritate non-spital
436004-2026,U.A.T JUDETUL CONSTANTA - CONSILIUL JUDETEAN CONSTANTA,ALMED INVESTMENTS / ARCA PERFORMANCE SOLUTIONS / ARCMED NET SRL / Abb Neopuls / BPM TEHNOLOGICA / BTL ROMANIA APARATURA MEDICALA / ELMED MEDICAL / GENERAL ELECTRIC MEDICAL SYSTEMS ROMANIA / GISCO MED / HELLIMED / HISTRIA INTERNATIONAL S.R.L. / Integra Medical Business / KRAL MEDICAL SOLUTIONS / LABORATORIUM LIFE SCIENCE SRL / LIAMED / Logaritm / MEDICARE GREEN / MEDIST IMAGING & P.O.C. S.R.L. / MEDIZIN TECHNOLOGIES / Medist / NEOMED / OPEN MIND LABORATORY S.R.L. / PHYSIOMED APARATURA MEDICALA / SMGELECTRONICA / SUPERMEDICAL / TEHNOPLUS MEDICAL / VICI EVOLUTION / VIVAS INTERNATIONAL / ZIMMER BIOMET ROMANIA,175959924,2026-06-19,autoritate non-spital
481455-2026,MINISTERUL APARARII - UNITATEA MILITARA 02464 BUCURESTI,ALPHA MEDICAL S.R.L. / AVENA MEDICA S.R.L. / AXIOMED SOLUTIONS SRL / B.BRAUN MEDICAL SRL / CO&CO Consumer 2002 S.R.L. / CRIO - 2 S.R.L. / DDS Diagnostic / DELUXE MEDICRAFTS SRL / Elta 90 Medical Research SRL / INPOINT MEDICARE / LUAN VISION SRL / Limas Group S.R.L. / MEDICLIM S.R.L. / MEDIMPACT SRL / MLM MEDICAL S.R.L. / NANO BIO MEDICAL S.R.L. / PARTNERS MEDICAL SOLUTION S.R.L. / PAUL HARTMANN SRL / PRIMEX MEDICAL SRL / PRODCONFARM S.R.L. / ROVAL MED SRL / S.C. IOANA N & M SRL S.R.L. / S.C. NERAMO DISTRIBUTION S.R.L. / S.C.MEDICAL GRUP S.R.L. / SANROTEX TRADING SRL / SC Nova Fit 2000 S.R.L. / SC Tody Laboratories Int SRL / TZMO ROMANIA SRL / VETRO DESIGN S.R.L. / ZARYS INTERNATIONAL GROUP MEDICAL EQUIPMENT S.R.L.,835671,2026-06-19,unitate militara fara profil de spital
487798-2026,MUNICIPIUL TARGU SECUIESC,HISTRIA INTERNATIONAL S.R.L.,75000,2026-06-19,autoritate non-spital
426382-2026,"INSTITUTUL NATIONAL DE RECUPERARE, MEDICINA FIZICA SI BALNEOCLIMATOLOGIE",,50868300,2026-06-22,procedura anulata / fara castigator (confirmat in XML TED)
437202-2026,"Universitatea de Medicina si Farmacie ""Iuliu Hatieganu"" Cluj-Napoca",ALTIUM INTERNATIONAL / ANTISEL RO / BIO AQUA GROUP / MUSO / REDOX RESEARCH & ANALYTIC S.R.L.,116906,2026-06-22,autoritate non-spital
486816-2026,ORASUL VICTORIA,KRAL MEDICAL SOLUTIONS / Medical Logistic Mall,3084363,2026-06-23,autoritate non-spital
433931-2026,JUDETUL IASI,LEMINGS,4095,2026-06-24,autoritate non-spital
432515-2026,SPITALUL JUDETEAN DE URGENTA RESITA,,11557122,2026-06-25,procedura anulata / fara castigator (confirmat in XML TED)
441883-2026,SPITALUL CLINIC DE URGENTA SF.IOAN,,14013240,2026-06-26,procedura anulata / fara castigator (confirmat in XML TED)
478482-2026,U.A.T JUDETUL CONSTANTA - CONSILIUL JUDETEAN CONSTANTA,ALMED INVESTMENTS / ARCA PERFORMANCE SOLUTIONS / ARCMED NET SRL / Abb Neopuls / BPM TEHNOLOGICA / BTL ROMANIA APARATURA MEDICALA / ELMED MEDICAL / GENERAL ELECTRIC MEDICAL SYSTEMS ROMANIA / GISCO MED / HELLIMED / HISTRIA INTERNATIONAL S.R.L. / Integra Medical Business / KRAL MEDICAL SOLUTIONS / LABORATORIUM LIFE SCIENCE SRL / LIAMED / Logaritm / MEDICARE GREEN / MEDIST IMAGING & P.O.C. / MEDIZIN TECHNOLOGIES / Medist / NEOMED / OPEN MIND LABORATORY S.R.L. / PHYSIOMED APARATURA MEDICALA / SMGELECTRONICA / SUPERMEDICAL / TEHNOPLUS MEDICAL / VICI EVOLUTION / VIVAS INTERNATIONAL / ZIMMER BIOMET ROMANIA,178842184,2026-06-29,autoritate non-spital
481583-2026,"Universitatea de Medicina, Farmacie, Stiinte si Tehnologie "" George Emil Palade"" din Targu Mures",ANTISEL RO SRL / Altium International SRL / BIO AQUA GROUP / Elta 90 Medical Research SRL / Novaintermed S.R.L. / Omnivet Impex S.R.L. / Sante International S.A.,657086,2026-07-01,autoritate non-spital
454687-2026,SPITAL CLINIC JUDETEAN DE URGENTA BIHOR,,13400211,2026-07-02,procedura anulata / fara castigator (confirmat in XML TED)
467895-2026,JUDETUL SATU MARE,,1613654,2026-07-07,autoritate non-spital
504615-2026,JUDETUL ARGES,MEDIST LIFE SCIENCE S.R.L.,829100,2026-07-08,autoritate non-spital
525141-2026,Consiliul Judetean Arad,Sof Medica / TEHNO ELECTRO MEDICAL COMPANY S.R.L.,683165,2026-07-08,autoritate non-spital
510316-2026,JUDETUL CLUJ (CONSILIUL JUDETEAN),ICEMED / PHYSIOMED APARATURA MEDICALA,253500,2026-07-09,autoritate non-spital
534270-2026,Ministerul Sanatatii,E-LABORATOR FEERIA S.R.L. / HACH LANGE / NITECH,701010,2026-07-09,autoritate non-spital
539437-2026,OFICIUL NATIONAL PENTRU ACHIZITII CENTRALIZATE,MTM BEST SUPPLY / SET MEDİKAL SANAYİ VE TİCARET ANONİM ŞİRKETİ,50647006,2026-07-09,autoritate non-spital
553268-2026,ORASUL PUCIOASA,Logaritm / SMGELECTRONICA,7888250,2026-07-10,autoritate non-spital
514387-2026,JUDETUL SIBIU,PHARMICS,9095000,2026-07-13,autoritate non-spital
561543-2026,Serviciul de Ambulanta Judetean Timis,BIZMED / CRAD RO / CREATIVE & INNOVATIVE MANAGEMENT / CRIO - 2 / DELUXE MEDICRAFTS / HELLIMED / LUAN VISION / MEDCLAS TRADING S.R.L. / MEDICAL GRUP / MERCATOR MEDICAL / NAFKA GRUP / NOVA FIT 2000 / Natural Es-medical / ROSALVAMED PLUS / ROVAL MED / SANROTEX TRADING SRL / SANTOMED / TODAY SOLUTION / TODY LABORATORIES MED / TZMO ROMANIA / VALDOMEDICA TRADING / VETRO DESIGN,96556,2026-07-13,autoritate non-spital
486810-2026,SPITALUL JUDETEAN DE URGENTA PITESTI,,687871,2026-07-14,procedura anulata / fara castigator (confirmat in XML TED)
514433-2026,COMUNA VIDRA,SMGELECTRONICA,248299,2026-07-14,autoritate non-spital
509498-2026,JUDETUL BACAU,HELLIMED SRL / RATEHNO SIST / TRANSFER PHARMA SOLUTIONS SRL,97549,2026-07-15,autoritate non-spital
491141-2026,INSTITUTUL NATIONAL DE CERCETARE-DEZVOLTARE PENTRU TEHNOLOGII CRIOGENICE SI IZOTOPICE - ICSI RM. VALCEA,,4000000,2026-07-16,institut de cercetare / fara paturi de spital
505871-2026,"UNIVERSITATEA DE MEDICINA SI FARMACIE ""GRIGORE T.POPA"" DIN IASI",MEDIKA H & S IMPEX S.R.L. / NANO BIO MEDICAL S.R.L. / Sof Medica,288897,2026-07-16,autoritate non-spital
521850-2026,Universitatea de Medicină și Farmacie din Craiova,DIGI MEDICAL TEHNIC / MEDTRONIC ROMANIA / RAFI MEDICAL / STRYKER ROMANIA,1561813,2026-07-16,autoritate non-spital
540689-2026,OFICIUL NATIONAL PENTRU ACHIZITII CENTRALIZATE,DELUXE MEDICRAFTS,16387978,2026-07-16,autoritate non-spital
629711-2026,Universitatea de Medicină și Farmacie din Craiova,DIGI MEDICAL TEHNIC / MEDTRONIC ROMANIA / RAFI MEDICAL / STRYKER ROMANIA,1561813,2026-07-16,autoritate non-spital
661103-2026,"Universitatea de Medicina si Farmacie ""Iuliu Hatieganu"" Cluj-Napoca",DENTAL PARTNER'S GRUP / DENTSTORE / Nastimed Serv / TEHNODENT POKA S.R.L.,257426,2026-07-20,autoritate non-spital
507930-2026,"Universitatea de Medicina, Farmacie, Stiinte si Tehnologie "" George Emil Palade"" din Targu Mures",ANTISEL RO SRL / Altium International SRL / BIO AQUA GROUP / Elta 90 Medical Research SRL / Novaintermed S.R.L. / Omnivet Impex S.R.L. / ROCHE ROMANIA / Sante International S.A.,712761,2026-07-21,autoritate non-spital
506142-2026,SPITALUL JUDETEAN DE URGENTA PITESTI,,1913523,2026-07-22,procedura anulata / fara castigator (confirmat in XML TED)
537615-2026,U.A.T JUDETUL CONSTANTA - CONSILIUL JUDETEAN CONSTANTA,SMGELECTRONICA S.R.L.,7170300,2026-07-22,autoritate non-spital
660529-2026,"Universitatea de Medicina si Farmacie ""Iuliu Hatieganu"" Cluj-Napoca",DENTAL PARTNER'S GRUP / DENTSTORE / MEDIDENT EXIM S.R.L. / TEHNICAL DENT / TEHNODENT POKA S.R.L.,684670,2026-07-22,autoritate non-spital
523007-2026,"UNIVERSITATEA DE MEDICINA SI FARMACIE ""GRIGORE T.POPA"" DIN IASI",MEDIKA H & S IMPEX S.R.L.,8000,2026-07-23,autoritate non-spital
530009-2026,"UNIVERSITATEA DE MEDICINA SI FARMACIE ""GRIGORE T.POPA"" DIN IASI",MEDIST IMAGING & P.O.C.,428300,2026-07-27,autoritate non-spital
553078-2026,SERVICIUL DE AMBULANTA JUDETEAN VRANCEA,D&G GROUP / MEDIST IMAGING & P.O.C. / ROSALVAMED PLUS / X-Lab Solutions S.R.L.,632324,2026-07-27,autoritate non-spital
555740-2026,SERVICIUL DE AMBULANTA JUDETEAN VRANCEA,D&G GROUP / MEDIST IMAGING & P.O.C. / ROSALVAMED PLUS / X-Lab Solutions S.R.L.,78671,2026-07-27,autoritate non-spital
520532-2026,OFICIUL NATIONAL PENTRU ACHIZITII CENTRALIZATE,,491550000,2026-07-28,autoritate non-spital
553972-2026,U.A.T JUDETUL CONSTANTA - CONSILIUL JUDETEAN CONSTANTA,ALMED INVESTMENTS / ARCA PERFORMANCE SOLUTIONS / ARCMED NET SRL / Abb Neopuls / BPM TEHNOLOGICA / BTL ROMANIA APARATURA MEDICALA / ELMED MEDICAL / GENERAL ELECTRIC MEDICAL SYSTEMS ROMANIA / GISCO MED / HELLIMED / HISTRIA INTERNATIONAL S.R.L. / Integra Medical Business / KRAL MEDICAL SOLUTIONS / LABORATORIUM LIFE SCIENCE SRL / LIAMED / Logaritm / MEDICARE GREEN / MEDIST IMAGING & P.O.C. S.R.L. / MEDIZIN TECHNOLOGIES / Medist / NEOMED / OPEN MIND LABORATORY S.R.L. / PHYSIOMED APARATURA MEDICALA / SMGELECTRONICA / SUPERMEDICAL / TEHNOPLUS MEDICAL / VICI EVOLUTION / VIVAS INTERNATIONAL / ZIMMER BIOMET ROMANIA,181255394,2026-07-28,autoritate non-spital
587140-2026,U.A.T JUDETUL CONSTANTA - CONSILIUL JUDETEAN CONSTANTA,ALMED INVESTMENTS / ARCA PERFORMANCE SOLUTIONS / ARCMED NET SRL / Abb Neopuls / BPM TEHNOLOGICA / BTL ROMANIA APARATURA MEDICALA / ELMED MEDICAL / GENERAL ELECTRIC MEDICAL SYSTEMS ROMANIA / GISCO MED / HELLIMED / HISTRIA INTERNATIONAL S.R.L. / Integra Medical Business / KRAL MEDICAL SOLUTIONS / LABORATORIUM LIFE SCIENCE SRL / LIAMED / Logaritm / MEDICARE GREEN / MEDIST IMAGING & P.O.C. S.R.L. / MEDIZIN TECHNOLOGIES / Medist / NEOMED / OPEN MIND LABORATORY S.R.L. / PHYSIOMED APARATURA MEDICALA / SMGELECTRONICA / STERISACO / SUPERMEDICAL / TEHNOPLUS MEDICAL / VICI EVOLUTION / VIVAS INTERNATIONAL / ZIMMER BIOMET ROMANIA,182011144,2026-07-28,autoritate non-spital
529523-2026,"BAZA DE APROVIZIONARE, GOSPODARIRE SI REPARATII",HALMADENT SRL / Medical Corp S.R.L.,580100,2026-07-29,autoritate non-spital
532392-2026,SPITALUL CLINIC JUDETEAN DE URGENTA SF. APOSTOL ANDREI,,2430720,2026-07-31,procedura anulata / fara castigator (confirmat in XML TED)
566823-2026,Universitatea de Medicină și Farmacie din Craiova,Dental Vladmed V&M SRL / KARL STORZ ENDOSCOPIA ROMANIA / PRIMERA MED TECHNOLOGY,901354,2026-07-31,autoritate non-spital
536242-2026,Sectorul 2 al Municipiului Bucuresti,,8105700,2026-08-03,autoritate non-spital
567826-2026,OFICIUL NATIONAL PENTRU ACHIZITII CENTRALIZATE,DELUXE MEDICRAFTS / NAFKA GRUP,6379668,2026-08-03,autoritate non-spital
591498-2026,"Universitatea de Medicina si Farmacie ""Carol Davila""",AVENA MEDICA / Novaintermed,222831,2026-08-03,autoritate non-spital
539107-2026,Spital Clinic Judetean de Urgenta Arad,,3996212,2026-08-04,procedura anulata / fara castigator (confirmat in XML TED)
539830-2026,MUNICIPIUL ORADEA,,6099005,2026-08-04,autoritate non-spital
539916-2026,MINISTERUL APARARII - UNITATEA MILITARA 02489 GALATI,,2878240,2026-08-04,procedura anulata / fara castigator (confirmat in XML TED)
541162-2026,JUDETUL IASI,,153219,2026-08-05,autoritate non-spital
605391-2026,Comitetul Olimpic si Sportiv Roman,NEOTECH,663000,2026-08-05,autoritate non-spital
544079-2026,JUDETUL GALATI,,2409550,2026-08-06,autoritate non-spital
573151-2026,Directia Generala de Asistenta Sociala si Protectia Copilului Bacau,GEONET S.R.L. / SALOFARM,2803314,2026-08-06,autoritate non-spital
576465-2026,JUDETUL GALATI,CARO INTERNATIONAL S.R.L. / KRAL MEDICAL SOLUTIONS / NICONSULTING TECHNICS SRL,1176969,2026-08-06,autoritate non-spital
553062-2026,JUDETUL GALATI,,1625797,2026-08-10,autoritate non-spital
553254-2026,MINISTERUL APARARII - UNITATEA MILITARA 02497 PITESTI,,1188440,2026-08-10,procedura anulata / fara castigator (confirmat in XML TED)
554461-2026,SPITALUL MUNICIPAL AIUD,,750000,2026-08-11,procedura anulata / fara castigator (confirmat in XML TED)
554811-2026,MINISTERUL APARARII UM 02534 IASI,,9622283,2026-08-11,procedura anulata / fara castigator (confirmat in XML TED)
590935-2026,PANDORA TECH,BEAUTY MED SOLUTION,4440442,2026-08-11,autoritate non-spital
564660-2026,Spital Clinic Judetean de Urgenta Arad,,3570872,2026-08-14,procedura anulata / fara castigator (confirmat in XML TED)
565741-2026,SPITALUL MUNICIPAL MEDIAS,,11971218,2026-08-14,procedura anulata / fara castigator (confirmat in XML TED)
574940-2026,Orasul Targu Neamt,CLASSIMED / HEALTH SUPPLY,3718410,2026-08-17,autoritate non-spital
572121-2026,UM 0929 Bucuresti,,14539200,2026-08-18,procedura anulata / fara castigator (confirmat in XML TED)
587233-2026,Consiliul Judetean Dambovita,BPM TEHNOLOGICA,1172170,2026-08-19,autoritate non-spital
606469-2026,JUDETUL SATU MARE,B.N.BUSINESS S.R.L. / WOODART,427720,2026-08-21,autoritate non-spital
588895-2026,SPITALUL CLINIC SFANTA MARIA,,10121376,2026-08-26,procedura anulata / fara castigator (confirmat in XML TED)
589287-2026,PANDORA TECH,,9064472,2026-08-26,autoritate non-spital
612753-2026,Unitatea de Logistică și Achiziții Centralizate a Poliției Penitenciare,NERAMO DISTRIBUTION,1638240,2026-08-26,autoritate non-spital
608136-2026,Serviciul de Ambulanta Judetean Timis,BIZMED / CRAD RO / CREATIVE & INNOVATIVE MANAGEMENT / CRIO - 2 / DELUXE MEDICRAFTS / HELLIMED / LUAN VISION / MEDCLAS TRADING S.R.L. / MEDICAL GRUP / MERCATOR MEDICAL / NAFKA GRUP / NOVA FIT 2000 / Natural Es-medical / ROSALVAMED PLUS / ROVAL MED / SANROTEX TRADING SRL / SANTOMED / TODAY SOLUTION / TODY LABORATORIES MED / TZMO ROMANIA / VALDOMEDICA TRADING / VETRO DESIGN,96666,2026-08-27,autoritate non-spital
599997-2026,U.A.T JUDETUL CONSTANTA - CONSILIUL JUDETEAN CONSTANTA,,6334110,2026-09-01,autoritate non-spital
607954-2026,"UNIVERSITATEA DE MEDICINA SI FARMACIE ""GRIGORE T.POPA"" DIN IASI",Sof Medica,2333272,2026-09-01,autoritate non-spital
625402-2026,Judetul Brasov,C.C.M. IMPORT EXPORT SRL / EDITRONIC INTERNATIONAL / SAPACO 2000 / TRANSFER PHARMA SOLUTIONS,6480000,2026-09-01,autoritate non-spital
612091-2026,"UNIVERSITATEA DE MEDICINA SI FARMACIE ""GRIGORE T.POPA"" DIN IASI",NUTRICOR BUSINESS,1277700,2026-09-03,autoritate non-spital
636229-2026,Judetul Neamt,MEDICLIM S.R.L. / NITECH,1228000,2026-09-03,autoritate non-spital
611976-2026,SPITALUL UNIVERSITAR DE URGENTA ELIAS,,570387,2026-09-04,procedura anulata / fara castigator (confirmat in XML TED)
612081-2026,Spitalul Clinic Judetean de Urgenta Targu.Mures,,2059000,2026-09-04,procedura anulata / fara castigator (confirmat in XML TED)
618067-2026,Spitalul Județean de Urgență Dr.Constantin Andreoiu Ploiești,,3918600,2026-09-08,procedura anulata / fara castigator (confirmat in XML TED)
630945-2026,JUDETUL IASI,Medical Logistic Mall,345000,2026-09-10,autoritate non-spital
629520-2026,"UNIVERSITATEA DE MEDICINA SI FARMACIE ""VICTOR BABES"" DIN TIMISOARA",,597299,2026-09-14,autoritate non-spital
631588-2026,SPITAL CLINIC JUDETEAN DE URGENTA BIHOR,,4175377,2026-09-14,procedura anulata / fara castigator (confirmat in XML TED)
632914-2026,SPITALUL CLINIC DE URGENTA SF.IOAN,,3484800,2026-09-15,procedura anulata / fara castigator (confirmat in XML TED)
635577-2026,Spital Clinic Judetean de Urgenta Arad,,709336,2026-09-15,procedura anulata / fara castigator (confirmat in XML TED)
636501-2026,"Centrul Medical de Diagnostic, Tratament Ambulatoriu si Medicina Preventiva - Bucuresti",MEDIST IMAGING & P.O.C.,1449000,2026-09-15,centru medical ambulatoriu (fara paturi)
637241-2026,"Centrul Medical de Diagnostic, Tratament Ambulatoriu si Medicina Preventiva - Bucuresti",EDITRONIC INTERNATIONAL,1473870,2026-09-15,centru medical ambulatoriu (fara paturi)
643841-2026,MINISTERUL APARARII - UNITATEA MILITARA 02497 PITESTI,,1387670,2026-09-18,procedura anulata / fara castigator (confirmat in XML TED)
653926-2026,CENTRUL MEDICAL DE DIAGNOSTIC SI TRATAMENT AMBULATOR,PRIMERA MED TECHNOLOGY,3625000,2026-09-21,autoritate non-spital
650969-2026,Institutul Oncologic Prof. Dr. I. Chiricuta Cluj-Napoca,,94647586,2026-09-22,procedura anulata / fara castigator (confirmat in XML TED)
662227-2026,Institutul de Boli Cardiovasculare Prof. Dr. I. M. Georgescu,,52397680,2026-09-25,procedura anulata / fara castigator (confirmat in XML TED)
15797-2020,Spitalul de Urgenta Petrosani,,780000,2020-01-14,procedura fara anunt de atribuire cu castigator (doar anunt de participare / castigator neidentificat)
50540-2020,Spitalul Clinic de Urgenta Bagdasar-Arseni,,12180000,2020-02-03,procedura fara anunt de atribuire cu castigator (doar anunt de participare / castigator neidentificat)
56546-2020,"Institutul de Boli Cardiovasculare ""Prof.Dr.C.C. Iliescu""",,48765705,2020-02-05,procedura fara anunt de atribuire cu castigator (doar anunt de participare / castigator neidentificat)
58530-2020,SPITALUL MUNICIPAL DE URGENTA MOINESTI,,7127340,2020-02-06,procedura fara anunt de atribuire cu castigator (doar anunt de participare / castigator neidentificat)
66514-2020,"Institutul de Boli Cardiovasculare ""Prof.Dr.C.C. Iliescu""",,33610250,2020-02-11,procedura fara anunt de atribuire cu castigator (doar anunt de participare / castigator neidentificat)
79331-2020,SPITALUL CLINIC DE URGENTA SF.IOAN,,16829760,2020-02-18,procedura fara anunt de atribuire cu castigator (doar anunt de participare / castigator neidentificat)
87487-2020,Spitalul Clinic de Urgenta Bagdasar-Arseni,,153374392,2020-02-21,procedura fara anunt de atribuire cu castigator (doar anunt de participare / castigator neidentificat)
91967-2020,"Institutul de Boli Cardiovasculare ""Prof.Dr.C.C. Iliescu""",,1275240,2020-02-25,procedura fara anunt de atribuire cu castigator (doar anunt de participare / castigator neidentificat)
110404-2020,Spitalul Clinic Judetean de Urgenta Targu.Mures,,3226636,2020-03-06,procedura fara anunt de atribuire cu castigator (doar anunt de participare / castigator neidentificat)
41147-2020,Institutul Inimii de Urgență pentru Boli Cardiovasculare „Niculae Stăncioiu” Cluj-Napoca,,3855000,2020-03-12,procedura fara anunt de atribuire cu castigator (doar anunt de participare / castigator neidentificat)
138330-2020,Spitalul Clinic de Pneumoftiziologie Iasi,,12608297,2020-03-23,procedura fara anunt de atribuire cu castigator (doar anunt de participare / castigator neidentificat)
140872-2020,Spitalul Clinic Judetean de Urgenta Targu.Mures,,3645460,2020-03-24,procedura fara anunt de atribuire cu castigator (doar anunt de participare / castigator neidentificat)
156835-2020,"Institutul de Boli Cardiovasculare ""Prof.Dr.C.C. Iliescu""",,10030500,2020-04-02,procedura fara anunt de atribuire cu castigator (doar anunt de participare / castigator neidentificat)
156838-2020,Spitalul Clinic Judetean de Urgenta Targu.Mures,,3720000,2020-04-02,procedura fara anunt de atribuire cu castigator (doar anunt de participare / castigator neidentificat)
206438-2020,Institutul Clinic de Urologie si Transplant Renal Cluj,,1014030,2020-05-05,procedura fara anunt de atribuire cu castigator (doar anunt de participare / castigator neidentificat)
91917-2020,SPITALUL CLINIC DE URGENTA SF.IOAN,,7027000,2020-05-06,procedura fara anunt de atribuire cu castigator (doar anunt de participare / castigator neidentificat)
101087-2020,Spitalul Clinic de Obstetrică-Ginecologie „Dr. I. A. Sbârcea” Brașov,,1084210,2020-05-11,procedura fara anunt de atribuire cu castigator (doar anunt de participare / castigator neidentificat)
223951-2020,Spitalul Clinic Judetean de Urgenta Targu.Mures,,1144000,2020-05-14,procedura fara anunt de atribuire cu castigator (doar anunt de participare / castigator neidentificat)
244126-2020,Spitalul Județean de Urgență Ploiești,,7658824,2020-05-26,procedura fara anunt de atribuire cu castigator (doar anunt de participare / castigator neidentificat)
179343-2020,Spitalul Clinic Judetean de Urgenta Craiova,,1674534,2020-06-02,procedura fara anunt de atribuire cu castigator (doar anunt de participare / castigator neidentificat)
266412-2020,SPITALUL CLINIC JUDETEAN DE URGENTA SF. APOSTOL ANDREI,,1333294,2020-06-09,procedura fara anunt de atribuire cu castigator (doar anunt de participare / castigator neidentificat)
181523-2020,Spitalul Municipal Odorheiu Secuiesc,,1900000,2020-06-11,procedura fara anunt de atribuire cu castigator (doar anunt de participare / castigator neidentificat)
278495-2020,"Spitalul Universitar de Urgenta Militar Central ""Dr. Carol Davila""",,2328639,2020-06-16,procedura fara anunt de atribuire cu castigator (doar anunt de participare / castigator neidentificat)
285978-2020,Spitalul Clinic Judetean de Urgenta Targu.Mures,,745000,2020-06-19,procedura fara anunt de atribuire cu castigator (doar anunt de participare / castigator neidentificat)
96466-2020,INSTITUTUL DE BOLI CARDIOVASCULARE TIMISOARA,,4544462,2020-06-29,procedura fara anunt de atribuire cu castigator (doar anunt de participare / castigator neidentificat)
233320-2020,"Spital Clinic Judetean de Urgenta ""Pius Brinzeu"" Timisoara",,688500,2020-07-01,procedura fara anunt de atribuire cu castigator (doar anunt de participare / castigator neidentificat)
305889-2020,Spitalul Județean de Urgență Slobozia,,5913389,2020-07-01,procedura fara anunt de atribuire cu castigator (doar anunt de participare / castigator neidentificat)
323088-2020,"Institutul de Boli Cardiovasculare ""Prof.Dr.C.C. Iliescu""",,9452800,2020-07-10,procedura fara anunt de atribuire cu castigator (doar anunt de participare / castigator neidentificat)
211711-2020,"Spitalul Clinic de Urgenta pentru Copii ""Sf. Ioan"" Galati",,1097500,2020-07-13,procedura fara anunt de atribuire cu castigator (doar anunt de participare / castigator neidentificat)
334334-2020,Spitalul Clinic Judetean de Urgenta Targu.Mures,,6943104,2020-07-16,procedura fara anunt de atribuire cu castigator (doar anunt de participare / castigator neidentificat)
336359-2020,"SPITALUL JUDETEAN ""DR.FOGOLYAN KRISTOF""SFANTU GHEORGHE",,1426614,2020-07-17,procedura fara anunt de atribuire cu castigator (doar anunt de participare / castigator neidentificat)
338710-2020,Spitalul Județean de Urgență Ploiești,,720000,2020-07-20,procedura fara anunt de atribuire cu castigator (doar anunt de participare / castigator neidentificat)
338992-2020,SPITALUL JUDETEAN DE URGENTA PITESTI,,6408000,2020-07-20,procedura fara anunt de atribuire cu castigator (doar anunt de participare / castigator neidentificat)
195432-2020,"Spitalul Universitar de Urgenta Militar Central ""Dr. Carol Davila""",,1264200,2020-07-23,procedura fara anunt de atribuire cu castigator (doar anunt de participare / castigator neidentificat)
346242-2020,Spitalul Județean de Urgență Slobozia,,26853940,2020-07-23,procedura fara anunt de atribuire cu castigator (doar anunt de participare / castigator neidentificat)
346887-2020,"SPITALUL MUNICIPAL DE URGENTA ""ELENA BELDIMAN"" BARLAD",,2349930,2020-07-23,procedura fara anunt de atribuire cu castigator (doar anunt de participare / castigator neidentificat)
356608-2020,Spitalul Clinic Judetean de Urgenta Craiova,,1107730,2020-07-29,procedura fara anunt de atribuire cu castigator (doar anunt de participare / castigator neidentificat)
364759-2020,Spitalul Județean de Urgență Miercurea Ciuc,,3756303,2020-08-04,procedura fara anunt de atribuire cu castigator (doar anunt de participare / castigator neidentificat)
223874-2020,Spitalul Județean de Urgență Miercurea Ciuc,,2598319,2020-08-05,procedura fara anunt de atribuire cu castigator (doar anunt de participare / castigator neidentificat)
236899-2020,SPITALUL PROF. DR. CONSTANTIN ANGELESCU,,1253000,2020-08-06,procedura fara anunt de atribuire cu castigator (doar anunt de participare / castigator neidentificat)
171051-2020,Spitalul Clinic Municipal „Dr. Gavril Curteanu”,,3723454,2020-08-12,procedura fara anunt de atribuire cu castigator (doar anunt de participare / castigator neidentificat)
378753-2020,"SPITALUL ORASENESC ""DR. VALER RUSSU"" LUDUS",,964000,2020-08-12,procedura fara anunt de atribuire cu castigator (doar anunt de participare / castigator neidentificat)
381588-2020,Spitalul Municipal de Urgenta Roman,,1635300,2020-08-14,procedura fara anunt de atribuire cu castigator (doar anunt de participare / castigator neidentificat)
381611-2020,Spitalul Clinic de Psihiatrie „Prof. Dr. Alexandru Obregia”,,1298398,2020-08-14,procedura fara anunt de atribuire cu castigator (doar anunt de participare / castigator neidentificat)
387447-2020,Spitalul Județean de Urgență Miercurea Ciuc,,13419600,2020-08-18,procedura fara anunt de atribuire cu castigator (doar anunt de participare / castigator neidentificat)
387458-2020,SPITALUL CLINIC JUDETEAN DE URGENTA SIBIU,,32514048,2020-08-18,procedura fara anunt de atribuire cu castigator (doar anunt de participare / castigator neidentificat)
387590-2020,Spitalul Municipal Sighetu Marmației,,2420066,2020-08-18,procedura fara anunt de atribuire cu castigator (doar anunt de participare / castigator neidentificat)
247845-2020,Spitalul Clinic Colentina,,775000,2020-08-19,procedura fara anunt de atribuire cu castigator (doar anunt de participare / castigator neidentificat)
397999-2020,Spitalul Județean de Urgență Piatra Neamț,,3389076,2020-08-25,procedura fara anunt de atribuire cu castigator (doar anunt de participare / castigator neidentificat)
398059-2020,Spitalul Judetean de Urgenta Tulcea,,1176470,2020-08-25,procedura fara anunt de atribuire cu castigator (doar anunt de participare / castigator neidentificat)
239746-2020,"Spitalul Clinic Judetean de Urgenta""Sfantul Apostol Andrei""",,5899600,2020-08-26,procedura fara anunt de atribuire cu castigator (doar anunt de participare / castigator neidentificat)
402988-2020,Spitalul Clinic Municipal de Urgenta Timisoara,,7663866,2020-08-28,procedura fara anunt de atribuire cu castigator (doar anunt de participare / castigator neidentificat)
253784-2020,Spitalul Clinic de Urgenta pentru Copii Brasov,,1190867,2020-08-31,procedura fara anunt de atribuire cu castigator (doar anunt de participare / castigator neidentificat)
315623-2020,SPITALUL JUDETEAN DE URGENTA BACAU,,1263500,2020-08-31,procedura fara anunt de atribuire cu castigator (doar anunt de participare / castigator neidentificat)
312878-2020,Ministerul Apararii Nationale - Unitatea Militara 02474 -Spitalul Militar de Urgenta Regina Maria,,3168067,2020-09-04,procedura fara anunt de atribuire cu castigator (doar anunt de participare / castigator neidentificat)
346248-2020,SPITAL CLINIC JUDETEAN DE URGENTA ORADEA,,3709244,2020-09-07,procedura fara anunt de atribuire cu castigator (doar anunt de participare / castigator neidentificat)
374229-2020,Ministerul Apărării – UM 02460,,1804000,2020-09-08,procedura fara anunt de atribuire cu castigator (doar anunt de participare / castigator neidentificat)
419892-2020,"Institutul de Boli Cardiovasculare ""Prof.Dr.C.C. Iliescu""",,46632960,2020-09-08,procedura fara anunt de atribuire cu castigator (doar anunt de participare / castigator neidentificat)
425217-2020,Spitalul Municipal de Urgenta Roman,,1459950,2020-09-11,procedura fara anunt de atribuire cu castigator (doar anunt de participare / castigator neidentificat)
429380-2020,Spitalul Județean de Urgență Piatra Neamț,,1144538,2020-09-14,procedura fara anunt de atribuire cu castigator (doar anunt de participare / castigator neidentificat)
429387-2020,Spitalul Clinic Judetean de Urgenta Targu.Mures,,804480,2020-09-14,procedura fara anunt de atribuire cu castigator (doar anunt de participare / castigator neidentificat)
431566-2020,Spitalul Județean de Urgență Ploiești,,2309220,2020-09-15,procedura fara anunt de atribuire cu castigator (doar anunt de participare / castigator neidentificat)
433930-2020,Spitalul Universitar de Urgență Elias,,3116550,2020-09-16,procedura fara anunt de atribuire cu castigator (doar anunt de participare / castigator neidentificat)
445880-2020,Spitalul Judetean de Urgenta Tulcea,,795200,2020-09-23,procedura fara anunt de atribuire cu castigator (doar anunt de participare / castigator neidentificat)
223956-2020,SPITALUL JUDETEAN DE URGENTA VASLUI,,8476902,2020-09-25,procedura fara anunt de atribuire cu castigator (doar anunt de participare / castigator neidentificat)
294570-2020,Spitalul Clinic Municipal „Dr. Gavril Curteanu”,,984705,2020-09-25,procedura fara anunt de atribuire cu castigator (doar anunt de participare / castigator neidentificat)
310091-2020,Institutul de Diagnostic si Sanatate Animala,,1721849,2020-09-25,procedura fara anunt de atribuire cu castigator (doar anunt de participare / castigator neidentificat)
334291-2020,Spitalul Clinic de Urgență pentru Copii „Maria Sklodowska Curie”,,2501681,2020-09-25,procedura fara anunt de atribuire cu castigator (doar anunt de participare / castigator neidentificat)
448965-2020,Spitalul Județean de Urgență Bistrița,,6640500,2020-09-25,procedura fara anunt de atribuire cu castigator (doar anunt de participare / castigator neidentificat)
449004-2020,"Institutul de Boli Cardiovasculare ""Prof.Dr.C.C. Iliescu""",,1635000,2020-09-25,procedura fara anunt de atribuire cu castigator (doar anunt de participare / castigator neidentificat)
458102-2020,Institutul de Boli Cardiovasculare Prof. Dr. I. M. Georgescu,,78538220,2020-09-30,procedura fara anunt de atribuire cu castigator (doar anunt de participare / castigator neidentificat)
458110-2020,Spitalul Municipal de Urgenta Roman,,6059541,2020-09-30,procedura fara anunt de atribuire cu castigator (doar anunt de participare / castigator neidentificat)
460235-2020,Spitalul Clinic Municipal de Urgenta Timisoara,,11270030,2020-10-01,procedura fara anunt de atribuire cu castigator (doar anunt de participare / castigator neidentificat)
315738-2020,Spitalul Clinic de Urgență pentru Copii „Maria Sklodowska Curie”,,2059664,2020-10-02,procedura fara anunt de atribuire cu castigator (doar anunt de participare / castigator neidentificat)
491874-2020,Spitalul Clinic de Boli Infecțioase Cluj,,,2020-10-05,procedura fara anunt de atribuire cu castigator (doar anunt de participare / castigator neidentificat)
318708-2020,Spitalul Municipal Sighetu Marmației,,1818444,2020-10-08,procedura fara anunt de atribuire cu castigator (doar anunt de participare / castigator neidentificat)
294391-2020,"Spitalul Clinic Judetean de Urgenta""Sfantul Apostol Andrei""",,993980,2020-10-09,procedura fara anunt de atribuire cu castigator (doar anunt de participare / castigator neidentificat)
484575-2020,Spitalul Clinic Judetean de Urgenta Targu.Mures,,754083,2020-10-14,procedura fara anunt de atribuire cu castigator (doar anunt de participare / castigator neidentificat)
323094-2020,"Spitalul Clinic Judetean de Urgenta""Sfantul Apostol Andrei""",,966250,2020-10-15,procedura fara anunt de atribuire cu castigator (doar anunt de participare / castigator neidentificat)
370339-2020,Spitalul Clinic de Urgență pentru Copii Cluj-Napoca,,1111765,2020-10-15,procedura fara anunt de atribuire cu castigator (doar anunt de participare / castigator neidentificat)
488161-2020,Spitalul Clinic de Urgenta Bagdasar-Arseni,,2232000,2020-10-16,procedura fara anunt de atribuire cu castigator (doar anunt de participare / castigator neidentificat)
498161-2020,"Spital Clinic Judetean de Urgenta ""Pius Brinzeu"" Timisoara",,4400000,2020-10-21,procedura fara anunt de atribuire cu castigator (doar anunt de participare / castigator neidentificat)
501908-2020,Spitalul Universitar de Urgenta Bucuresti,,204032000,2020-10-23,procedura fara anunt de atribuire cu castigator (doar anunt de participare / castigator neidentificat)
502064-2020,Spitalul Clinic Judetean de Urgenta Targu.Mures,,2716000,2020-10-23,procedura fara anunt de atribuire cu castigator (doar anunt de participare / castigator neidentificat)
406672-2020,"SPITALUL JUDETEAN ""DR.FOGOLYAN KRISTOF""SFANTU GHEORGHE",,1857000,2020-10-29,procedura fara anunt de atribuire cu castigator (doar anunt de participare / castigator neidentificat)
413727-2020,Spitalul Clinic de Boli Infecțioase Cluj,,6985264,2020-11-03,procedura fara anunt de atribuire cu castigator (doar anunt de participare / castigator neidentificat)
523638-2020,Spitalul Județean de Urgență Ploiești,,7994050,2020-11-03,procedura fara anunt de atribuire cu castigator (doar anunt de participare / castigator neidentificat)
385241-2020,SPITALUL JUDETEAN DE URGENTA DROBETA TURNU SEVERIN,,2888476,2020-11-04,procedura fara anunt de atribuire cu castigator (doar anunt de participare / castigator neidentificat)
537119-2020,"Spitalul Clinic de Urgenta pentru Copii ""Grigore Alexandrescu""",,3414900,2020-11-10,procedura fara anunt de atribuire cu castigator (doar anunt de participare / castigator neidentificat)
392217-2020,SPITALUL CLINIC JUDETEAN DE URGENTA SF.SPIRIDON IASI,,1423716,2020-11-11,procedura fara anunt de atribuire cu castigator (doar anunt de participare / castigator neidentificat)
425008-2020,Spitalul Clinic Colțea,,5966385,2020-11-11,procedura fara anunt de atribuire cu castigator (doar anunt de participare / castigator neidentificat)
543038-2020,"Spitalul Clinic de Recuperare, Medicină Fizică şi Balneologie Eforie Nord",,3206940,2020-11-13,procedura fara anunt de atribuire cu castigator (doar anunt de participare / castigator neidentificat)
548031-2020,Spitalul Judetean de Urgenta „Dr. Constantin Opris” Baia Mare,,3286164,2020-11-16,procedura fara anunt de atribuire cu castigator (doar anunt de participare / castigator neidentificat)
549949-2020,Spitalul Clinic Județean de Urgență Brașov,,12197143,2020-11-17,procedura fara anunt de atribuire cu castigator (doar anunt de participare / castigator neidentificat)
461053-2020,Spitalul Județean de Urgență Zalău,,2436973,2020-11-18,procedura fara anunt de atribuire cu castigator (doar anunt de participare / castigator neidentificat)
484379-2020,"Spitalul Orasenesc ""dr. George Trifon"" Nasaud",,1428571,2020-11-18,procedura fara anunt de atribuire cu castigator (doar anunt de participare / castigator neidentificat)
437031-2020,Institutul Inimii de Urgență pentru Boli Cardiovasculare „Niculae Stăncioiu” Cluj-Napoca,,2095675,2020-11-23,procedura fara anunt de atribuire cu castigator (doar anunt de participare / castigator neidentificat)
465832-2020,Spitalul Judetean Giurgiu,,2052095,2020-11-23,procedura fara anunt de atribuire cu castigator (doar anunt de participare / castigator neidentificat)
474692-2020,Institutul Inimii de Urgență pentru Boli Cardiovasculare „Niculae Stăncioiu” Cluj-Napoca,,4878489,2020-11-24,procedura fara anunt de atribuire cu castigator (doar anunt de participare / castigator neidentificat)
461201-2020,MINISTERUL APARARII - UNITATEA MILITARA 02497 PITESTI,,926249,2020-11-25,procedura fara anunt de atribuire cu castigator (doar anunt de participare / castigator neidentificat)
577148-2020,Institutul Inimii de Urgență pentru Boli Cardiovasculare „Niculae Stăncioiu” Cluj-Napoca,,1820000,2020-12-01,procedura fara anunt de atribuire cu castigator (doar anunt de participare / castigator neidentificat)
449254-2020,"Ministerul Apararii - Spitalul Militar de Urgenta ""Dr. Constantin Papilian""Cluj-Napoca (U.M 02454)",,1343445,2020-12-02,procedura fara anunt de atribuire cu castigator (doar anunt de participare / castigator neidentificat)
579629-2020,Spitalul Clinic de Urgenta Bagdasar-Arseni,,4485400,2020-12-02,procedura fara anunt de atribuire cu castigator (doar anunt de participare / castigator neidentificat)
461073-2020,MINISTERUL APARARII UM 02534 IASI,,1821007,2020-12-03,procedura fara anunt de atribuire cu castigator (doar anunt de participare / castigator neidentificat)
471052-2020,Spitalul Clinic Filantropia,,1058824,2020-12-03,procedura fara anunt de atribuire cu castigator (doar anunt de participare / castigator neidentificat)
581593-2020,Spitalul Clinic Judetean de Urgenta Targu.Mures,,4902800,2020-12-03,procedura fara anunt de atribuire cu castigator (doar anunt de participare / castigator neidentificat)
458101-2020,Spitalul Clinic de Neuropsihiatrie Craiova,,2577023,2020-12-08,procedura fara anunt de atribuire cu castigator (doar anunt de participare / castigator neidentificat)
507031-2020,SPITALUL CLINIC DE URGENTA SF. PANTELIMON,,672269,2020-12-09,procedura fara anunt de atribuire cu castigator (doar anunt de participare / castigator neidentificat)
601037-2020,Spitalul Clinic de Urgenta Bagdasar-Arseni,,5755625,2020-12-14,procedura fara anunt de atribuire cu castigator (doar anunt de participare / castigator neidentificat)
521167-2020,Ministerul Apărării – UM 02460,,1362750,2020-12-15,procedura fara anunt de atribuire cu castigator (doar anunt de participare / castigator neidentificat)
609202-2020,Institutul Inimii de Urgență pentru Boli Cardiovasculare „Niculae Stăncioiu” Cluj-Napoca,,4166940,2020-12-17,procedura fara anunt de atribuire cu castigator (doar anunt de participare / castigator neidentificat)
413716-2020,Spitalul de Urgenta Petrosani,,4014140,2020-12-18,procedura fara anunt de atribuire cu castigator (doar anunt de participare / castigator neidentificat)
610792-2020,Institutul Inimii de Urgență pentru Boli Cardiovasculare „Niculae Stăncioiu” Cluj-Napoca,,2000000,2020-12-18,procedura fara anunt de atribuire cu castigator (doar anunt de participare / castigator neidentificat)
479946-2020,SPITALUL ORASENESC STEI,,1501870,2020-12-21,procedura fara anunt de atribuire cu castigator (doar anunt de participare / castigator neidentificat)
557552-2020,SPITALUL CLINIC JUDETEAN DE URGENTA SIBIU,,12397732,2020-12-21,procedura fara anunt de atribuire cu castigator (doar anunt de participare / castigator neidentificat)
353633-2020,Spitalul Județean de Urgență Bistrița,,6361000,2020-12-30,procedura fara anunt de atribuire cu castigator (doar anunt de participare / castigator neidentificat)
239511-2020,Spitalul Universitar de Urgență Elias,,3393349,2021-01-06,procedura fara anunt de atribuire cu castigator (doar anunt de participare / castigator neidentificat)
4547-2021,Spitalul Județean de Urgență Miercurea Ciuc,,22597062,2021-01-08,procedura fara anunt de atribuire cu castigator (doar anunt de participare / castigator neidentificat)
11529-2021,SPITALUL CLINIC JUDETEAN DE URGENTA CLUJ,,745512,2021-01-12,procedura fara anunt de atribuire cu castigator (doar anunt de participare / castigator neidentificat)
529997-2020,Spitalul Municipal Orăștie,,9707344,2021-01-18,procedura fara anunt de atribuire cu castigator (doar anunt de participare / castigator neidentificat)
579600-2020,Spitalul Clinic de Pneumoftiziologie „Leon Daniello”,,1307750,2021-01-18,procedura fara anunt de atribuire cu castigator (doar anunt de participare / castigator neidentificat)
529981-2020,Spitalul Clinic Colțea,,4285714,2021-01-21,procedura fara anunt de atribuire cu castigator (doar anunt de participare / castigator neidentificat)
51864-2021,Spitalul Județean de Urgență „Sfântul Ioan cel Nou” Suceava,,5438500,2021-02-02,procedura fara anunt de atribuire cu castigator (doar anunt de participare / castigator neidentificat)
492826-2020,Institutul Clinic Fundeni,,950976,2021-02-12,procedura fara anunt de atribuire cu castigator (doar anunt de participare / castigator neidentificat)
610588-2020,SPITALUL JUDETEAN DE URGENTA DROBETA TURNU SEVERIN,,1415000,2021-02-15,procedura fara anunt de atribuire cu castigator (doar anunt de participare / castigator neidentificat)
76649-2021,Spitalul Clinic Filantropia,,2765156,2021-02-15,procedura fara anunt de atribuire cu castigator (doar anunt de participare / castigator neidentificat)
583886-2020,"Institutul de Boli Infectioase ""Prof. Dr. Matei Bals""",,6400000,2021-02-16,procedura fara anunt de atribuire cu castigator (doar anunt de participare / castigator neidentificat)
590181-2020,Spital Orasenesc Urlati,,5190796,2021-02-22,procedura fara anunt de atribuire cu castigator (doar anunt de participare / castigator neidentificat)
619888-2020,Spitalul Clinic de Nefrologie „Dr. Carol Davila”,,2284877,2021-02-22,procedura fara anunt de atribuire cu castigator (doar anunt de participare / castigator neidentificat)
574590-2020,"SPITALUL DE URGENTA AL MAI ""PROF. DR. DIMITRIE GEROTA""BUCURESTI",,8704097,2021-02-25,procedura fara anunt de atribuire cu castigator (doar anunt de participare / castigator neidentificat)
539660-2020,Institutul Regional de Gastroenterologie-Hepatologie „Prof. Dr. Octavian Fodor” Cluj,,2915291,2021-03-03,procedura fara anunt de atribuire cu castigator (doar anunt de participare / castigator neidentificat)
1694-2020,SPITALUL MUNICIPAL DE URGENTA MOINESTI,,7160681,2021-03-04,procedura fara anunt de atribuire cu castigator (doar anunt de participare / castigator neidentificat)
628201-2020,Spitalul Clinic Căi Ferate Iași,,1150316,2021-03-05,procedura fara anunt de atribuire cu castigator (doar anunt de participare / castigator neidentificat)
620004-2020,Spitalul Clinic de Urgență pentru Copii „Maria Sklodowska Curie”,,1983420,2021-03-12,procedura fara anunt de atribuire cu castigator (doar anunt de participare / castigator neidentificat)
233-2021,Institutul Oncologic Prof. Dr. I. Chiricuta Cluj-Napoca,,2048219,2021-03-15,procedura fara anunt de atribuire cu castigator (doar anunt de participare / castigator neidentificat)
29467-2021,Spitalul Municipal Câmpulung Muscel,,788710,2021-03-15,procedura fara anunt de atribuire cu castigator (doar anunt de participare / castigator neidentificat)
130297-2021,SPITALUL JUDETEAN DE URGENTA VASLUI,,960000,2021-03-16,procedura fara anunt de atribuire cu castigator (doar anunt de participare / castigator neidentificat)
596433-2020,"Institutul de Boli Cardiovasculare ""Prof.Dr.C.C. Iliescu""",,1366162,2021-03-23,procedura fara anunt de atribuire cu castigator (doar anunt de participare / castigator neidentificat)
4397-2021,Spitalul Clinic Căi Ferate Iași,,11803600,2021-03-29,procedura fara anunt de atribuire cu castigator (doar anunt de participare / castigator neidentificat)
638311-2020,Institutul National de Gerontologie si Geriatrie ANA ASLAN,,3172362,2021-03-31,procedura fara anunt de atribuire cu castigator (doar anunt de participare / castigator neidentificat)
159367-2021,Institutul Inimii de Urgență pentru Boli Cardiovasculare „Niculae Stăncioiu” Cluj-Napoca,,2517278,2021-03-31,procedura fara anunt de atribuire cu castigator (doar anunt de participare / castigator neidentificat)
596483-2020,"Institutul de Boli Cardiovasculare ""Prof.Dr.C.C. Iliescu""",,1550649,2021-04-08,procedura fara anunt de atribuire cu castigator (doar anunt de participare / castigator neidentificat)
523636-2020,"Spitalul Clinic Judetean de Urgenta""Sfantul Apostol Andrei""",,7363306,2021-04-12,procedura fara anunt de atribuire cu castigator (doar anunt de participare / castigator neidentificat)
187519-2021,UM 0929 Bucuresti,,2959224,2021-04-16,procedura fara anunt de atribuire cu castigator (doar anunt de participare / castigator neidentificat)
590232-2020,"Spitalul Clinic de Boli Infectioase ""Sf. Cuv. Parascheva"" Galati",,1250455,2021-04-27,procedura fara anunt de atribuire cu castigator (doar anunt de participare / castigator neidentificat)
52645-2021,SPITALUL CLINIC JUDETEAN DE URGENTA SF. APOSTOL ANDREI,,10478070,2021-05-17,procedura fara anunt de atribuire cu castigator (doar anunt de participare / castigator neidentificat)
196581-2021,Institutul National de Gerontologie si Geriatrie ANA ASLAN,,1374088,2021-07-26,procedura fara anunt de atribuire cu castigator (doar anunt de participare / castigator neidentificat)
291441-2021,Spitalul de Boli Cronice Smeeni,,3015079,2021-08-02,procedura fara anunt de atribuire cu castigator (doar anunt de participare / castigator neidentificat)
180239-2021,"SPITALUL JUDETEAN DE URGENTA""SFANTUL IOAN CEL NOU""SUCEAVA",,3982500,2021-08-30,procedura fara anunt de atribuire cu castigator (doar anunt de participare / castigator neidentificat)
522140-2021,"Spitalul Universitar de Urgenta Militar Central ""Dr. Carol Davila""",,44115000,2021-10-15,procedura fara anunt de atribuire cu castigator (doar anunt de participare / castigator neidentificat)
366598-2021,Spitalul Municipal Săcele,,1831722,2021-11-01,procedura fara anunt de atribuire cu castigator (doar anunt de participare / castigator neidentificat)
444171-2021,"SPITALUL JUDETEAN DE URGENTA""SFANTUL IOAN CEL NOU""SUCEAVA",,2379513,2021-11-16,procedura fara anunt de atribuire cu castigator (doar anunt de participare / castigator neidentificat)
415547-2021,SPITALUL CLINIC C.F. TIMISOARA,,863068,2021-12-07,procedura fara anunt de atribuire cu castigator (doar anunt de participare / castigator neidentificat)
159554-2023,"Spitalul de Boli Infectioase si Tropicale ""Dr. Victor Babes""",,748490,2021-12-22,procedura fara anunt de atribuire cu castigator (doar anunt de participare / castigator neidentificat)
448630-2021,SPITALUL CLINIC JUDETEAN DE URGENTA SF.SPIRIDON IASI,,1509519,2021-12-29,procedura fara anunt de atribuire cu castigator (doar anunt de participare / castigator neidentificat)
39980-2022,SPITALUL JUDETEAN DE URGENTA DEVA,,16660560,2022-01-25,procedura fara anunt de atribuire cu castigator (doar anunt de participare / castigator neidentificat)
631448-2021,SPITALUL ORASANESC REGELE CAROL I COSTESTI,,1903866,2022-05-04,procedura fara anunt de atribuire cu castigator (doar anunt de participare / castigator neidentificat)
324433-2022,"Spitalul Universitar de Urgenta Militar Central ""Dr. Carol Davila""",,21326500,2022-06-17,procedura fara anunt de atribuire cu castigator (doar anunt de participare / castigator neidentificat)
352326-2022,SPITAL MUNICIPAL GHEORGHENI,,3078818,2022-07-01,procedura fara anunt de atribuire cu castigator (doar anunt de participare / castigator neidentificat)
540198-2022,Spitalul Clinic Judetean de Urgenta Craiova,,30973316,2022-10-04,procedura fara anunt de atribuire cu castigator (doar anunt de participare / castigator neidentificat)
648957-2022,"Spitalul Universitar de Urgenta Militar Central ""Dr. Carol Davila""",,763968,2022-11-22,procedura fara anunt de atribuire cu castigator (doar anunt de participare / castigator neidentificat)
578152-2022,ADMINISTRATIA SPITALELOR SI SERVICIILOR MEDICALE BUCURESTI,,961105,2022-12-23,procedura fara anunt de atribuire cu castigator (doar anunt de participare / castigator neidentificat)
367901-2022,"Spitalul Municipal ""Dr. Teodor Andrei"" Lugoj",,3203646,2023-04-27,procedura fara anunt de atribuire cu castigator (doar anunt de participare / castigator neidentificat)
148030-2023,SPITALUL CLINIC JUDETEAN DE URGENTA SF. APOSTOL ANDREI,,1442300,2023-07-18,procedura fara anunt de atribuire cu castigator (doar anunt de participare / castigator neidentificat)
69311-2023,Spitalul Județean de Urgență Târgoviște,,2295302,2023-11-07,procedura fara anunt de atribuire cu castigator (doar anunt de participare / castigator neidentificat)
573614-2023,Spitalul Județean de Urgență Târgoviște,,5143365,2023-11-22,procedura fara anunt de atribuire cu castigator (doar anunt de participare / castigator neidentificat)
767954-2023,"SPITALUL CLINIC JUDETEAN DE URGENTA""SFANTUL IOAN CEL NOU""SUCEAVA",,,2023-12-19,procedura fara anunt de atribuire cu castigator (doar anunt de participare / castigator neidentificat)
118056-2024,Spitalul Județean de Urgență Ploiești,,,2024-02-26,procedura fara anunt de atribuire cu castigator (doar anunt de participare / castigator neidentificat)
135382-2024,SPITALUL JUDETEAN RESITA,,,2024-03-05,procedura fara anunt de atribuire cu castigator (doar anunt de participare / castigator neidentificat)
146849-2024,"Spitalul Universitar de Urgenta Militar Central ""Dr. Carol Davila""",,,2024-03-11,procedura fara anunt de atribuire cu castigator (doar anunt de participare / castigator neidentificat)
184804-2024,Spitalul Clinic Judetean de Urgenta Targu.Mures,,,2024-03-27,procedura fara anunt de atribuire cu castigator (doar anunt de participare / castigator neidentificat)
225400-2024,SPITAL CLINIC JUDETEAN DE URGENTA ORADEA,,1326086,2024-04-17,procedura fara anunt de atribuire cu castigator (doar anunt de participare / castigator neidentificat)
233553-2024,SPITAL CLINIC JUDETEAN DE URGENTA ORADEA,,1629450,2024-04-19,procedura fara anunt de atribuire cu castigator (doar anunt de participare / castigator neidentificat)
312358-2024,ADMINISTRATIA SPITALELOR SI SERVICIILOR MEDICALE BUCURESTI,,4941737,2024-05-28,procedura fara anunt de atribuire cu castigator (doar anunt de participare / castigator neidentificat)
380942-2024,SPITALUL DE PSIHIATRIE SI PENTRU MASURI DE SIGURANTA,,1311758,2024-06-27,procedura fara anunt de atribuire cu castigator (doar anunt de participare / castigator neidentificat)
416028-2024,Spitalul Universitar de Urgenta Bucuresti,,7217902,2024-07-11,procedura fara anunt de atribuire cu castigator (doar anunt de participare / castigator neidentificat)
469576-2024,SPITALUL MUNICIPAL TOPLITA,,2373414,2024-08-05,procedura fara anunt de atribuire cu castigator (doar anunt de participare / castigator neidentificat)
540420-2024,SPITALUL MUNICIPAL PROF DR IRINEL POPESCU BAILESTI,,2297334,2024-09-09,procedura fara anunt de atribuire cu castigator (doar anunt de participare / castigator neidentificat)
540982-2024,SPITALUL ORASENESC MOLDOVA NOUA,,1166614,2024-09-09,procedura fara anunt de atribuire cu castigator (doar anunt de participare / castigator neidentificat)
570523-2024,SPITALUL JUDETEAN DE URGENTA DEVA,,975303,2024-09-23,procedura fara anunt de atribuire cu castigator (doar anunt de participare / castigator neidentificat)
589302-2024,Spital CF Oradea,,941995,2024-10-01,procedura fara anunt de atribuire cu castigator (doar anunt de participare / castigator neidentificat)
